sample_id,split,kind,class,empty_mask,mask_area,image_path,mask_path,source_dataset,source_path,source_mask,provenance,license,pixel_sha256
wseg_44609586,train,positive,wound_unspecified,False,0.072288,data/datasets/unet_public_real/images/wseg_44609586.png,data/datasets/unet_public_real/masks/wseg_44609586.png,hf_wseg_dataset,data/datasets/external/hf_wseg_dataset/extracted/wseg_dataset/sample/44609586.jpg,data/datasets/external/hf_wseg_dataset/extracted/wseg_dataset/mask/44609586.jpg,PUBLIC_REAL_PHOTOS,CC-BY-NC-4.0,257cd1f5ccb2f1aa36313a15848a11d38d2b4bf409b9db71a258ec225bd37cd6
wseg_44804368,train,positive,wound_unspecified,False,0.026287,data/datasets/unet_public_real/images/wseg_44804368.png,data/datasets/unet_public_real/masks/wseg_44804368.png,hf_wseg_dataset,data/datasets/external/hf_wseg_dataset/extracted/wseg_dataset/sample/44804368.jpg,data/datasets/external/hf_wseg_dataset/extracted/wseg_dataset/mask/44804368.jpg,PUBLIC_REAL_PHOTOS,CC-BY-NC-4.0,ed83b47361cb89ee1fdc052ee798232cf24451821da2f2b493a600612caa1507
wseg_45062861,train,positive,wound_unspecified,False,0.147927,data/datasets/unet_public_real/images/wseg_45062861.png,data/datasets/unet_public_real/masks/wseg_45062861.png,hf_wseg_dataset,data/datasets/external/hf_wseg_dataset/extracted/wseg_dataset/sample/45062861.jpg,data/datasets/external/hf_wseg_dataset/extracted/wseg_dataset/mask/45062861.jpg,PUBLIC_REAL_PHOTOS,CC-BY-NC-4.0,6d909e922f40aecf93bc354b2ffd1b4a7cb19bf06b5d1450ab8e95d2c372707b
wseg_45277581,test,positive,wound_unspecified,False,0.092798,data/datasets/unet_public_real/images/wseg_45277581.png,data/datasets/unet_public_real/masks/wseg_45277581.png,hf_wseg_dataset,data/datasets/external/hf_wseg_dataset/extracted/wseg_dataset/sample/45277581.jpg,data/datasets/external/hf_wseg_dataset/extracted/wseg_dataset/mask/45277581.jpg,PUBLIC_REAL_PHOTOS,CC-BY-NC-4.0,13ffd486492297c43b2636cce2228e30dbb95cb65792e95fbdd532dea2a6a24b
wseg_45640751,val,positive,wound_unspecified,False,0.073302,data/datasets/unet_public_real/images/wseg_45640751.png,data/datasets/unet_public_real/masks/wseg_45640751.png,hf_wseg_dataset,data/datasets/external/hf_wseg_dataset/extracted/wseg_dataset/sample/45640751.jpg,data/datasets/external/hf_wseg_dataset/extracted/wseg_dataset/mask/45640751.jpg,PUBLIC_REAL_PHOTOS,CC-BY-NC-4.0,57f030d778701c3c5a053c3b9dc43420d3c8f21859771d2771c1afc063fd7f26
wseg_45981305,train,positive,wound_unspecified,False,0.082958,data/datasets/unet_public_real/images/wseg_45981305.png,data/datasets/unet_public_real/masks/wseg_45981305.png,hf_wseg_dataset,data/datasets/external/hf_wseg_dataset/extracted/wseg_dataset/sample/45981305.jpg,data/datasets/external/hf_wseg_dataset/extracted/wseg_dataset/mask/45981305.jpg,PUBLIC_REAL_PHOTOS,CC-BY-NC-4.0,f9874a67e7c5477b2fb983b443e87c8d395661bb847340acc4ee392a534d5390
wseg_46438480,train,positive,wound_unspecified,False,0.319,data/datasets/unet_public_real/images/wseg_46438480.png,data/datasets/unet_public_real/masks/wseg_46438480.png,hf_wseg_dataset,data/datasets/external/hf_wseg_dataset/extracted/wseg_dataset/sample/46438480.jpg,data/datasets/external/hf_wseg_dataset/extracted/wseg_dataset/mask/46438480.jpg,PUBLIC_REAL_PHOTOS,CC-BY-NC-4.0,879a3535c697e91ecf7821706880c5dcac943fa6968249c6b3f2ba599ab61603
wseg_46845498,val,positive,wound_unspecified,False,0.199953,data/datasets/unet_public_real/images/wseg_46845498.png,data/datasets/unet_public_real/masks/wseg_46845498.png,hf_wseg_dataset,data/datasets/external/hf_wseg_dataset/extracted/wseg_dataset/sample/46845498.jpg,data/datasets/external/hf_wseg_dataset/extracted/wseg_dataset/mask/46845498.jpg,PUBLIC_REAL_PHOTOS,CC-BY-NC-4.0,52204f5acda2172669d38ea1fb5701aa9962fba55824a5e713376be2c45a6ec1
wseg_47125498,test,positive,wound_unspecified,False,0.379113,data/datasets/unet_public_real/images/wseg_47125498.png,data/datasets/unet_public_real/masks/wseg_47125498.png,hf_wseg_dataset,data/datasets/external/hf_wseg_dataset/extracted/wseg_dataset/sample/47125498.jpg,data/datasets/external/hf_wseg_dataset/extracted/wseg_dataset/mask/47125498.jpg,PUBLIC_REAL_PHOTOS,CC-BY-NC-4.0,79a9adb3a610252673a229303f2ba696df316b84003818c5163723d6914bd9c9
wseg_47344019,train,positive,wound_unspecified,False,0.196156,data/datasets/unet_public_real/images/wseg_47344019.png,data/datasets/unet_public_real/masks/wseg_47344019.png,hf_wseg_dataset,data/datasets/external/hf_wseg_dataset/extracted/wseg_dataset/sample/47344019.jpg,data/datasets/external/hf_wseg_dataset/extracted/wseg_dataset/mask/47344019.jpg,PUBLIC_REAL_PHOTOS,CC-BY-NC-4.0,e9b46a5ef5347d23090551da9d5cce2fecd7ee89d5124652e1ed11f97be1ce07
wseg_47429345,train,positive,wound_unspecified,False,0.19506,data/datasets/unet_public_real/images/wseg_47429345.png,data/datasets/unet_public_real/masks/wseg_47429345.png,hf_wseg_dataset,data/datasets/external/hf_wseg_dataset/extracted/wseg_dataset/sample/47429345.jpg,data/datasets/external/hf_wseg_dataset/extracted/wseg_dataset/mask/47429345.jpg,PUBLIC_REAL_PHOTOS,CC-BY-NC-4.0,30b1f4f52d1ed1367e4ff325eba18ef8402a3908804f960090d4f6eb028186a5
wseg_47539401,val,positive,wound_unspecified,False,0.200336,data/datasets/unet_public_real/images/wseg_47539401.png,data/datasets/unet_public_real/masks/wseg_47539401.png,hf_wseg_dataset,data/datasets/external/hf_wseg_dataset/extracted/wseg_dataset/sample/47539401.jpg,data/datasets/external/hf_wseg_dataset/extracted/wseg_dataset/mask/47539401.jpg,PUBLIC_REAL_PHOTOS,CC-BY-NC-4.0,ced1c3f3d9a4a0febc2356065071f637084e2e29c7a109e6d9121f788c3463a1
wseg_47741107,test,positive,wound_unspecified,False,0.212831,data/datasets/unet_public_real/images/wseg_47741107.png,data/datasets/unet_public_real/masks/wseg_47741107.png,hf_wseg_dataset,data/datasets/external/hf_wseg_dataset/extracted/wseg_dataset/sample/47741107.jpg,data/datasets/external/hf_wseg_dataset/extracted/wseg_dataset/mask/47741107.jpg,PUBLIC_REAL_PHOTOS,CC-BY-NC-4.0,606d617f7540533e3ce31a39b32d1d6cccc9aca967a90ed973363127e7f2d02c
wseg_47825088,train,positive,wound_unspecified,False,0.133095,data/datasets/unet_public_real/images/wseg_47825088.png,data/datasets/unet_public_real/masks/wseg_47825088.png,hf_wseg_dataset,data/datasets/external/hf_wseg_dataset/extracted/wseg_dataset/sample/47825088.jpg,data/datasets/external/hf_wseg_dataset/extracted/wseg_dataset/mask/47825088.jpg,PUBLIC_REAL_PHOTOS,CC-BY-NC-4.0,4b89c452fefa17e0d25c1d1cf1cb9598ebf24f6f573b5ccdc35bdd6120468d7d
wseg_48014696,train,positive,wound_unspecified,False,0.10919,data/datasets/unet_public_real/images/wseg_48014696.png,data/datasets/unet_public_real/masks/wseg_48014696.png,hf_wseg_dataset,data/datasets/external/hf_wseg_dataset/extracted/wseg_dataset/sample/48014696.jpg,data/datasets/external/hf_wseg_dataset/extracted/wseg_dataset/mask/48014696.jpg,PUBLIC_REAL_PHOTOS,CC-BY-NC-4.0,9d8034e9c3eb08a19f969be2e927d04334a564459256885985b85ae9892e4cd7
wseg_48150917,train,positive,wound_unspecified,False,0.123931,data/datasets/unet_public_real/images/wseg_48150917.png,data/datasets/unet_public_real/masks/wseg_48150917.png,hf_wseg_dataset,data/datasets/external/hf_wseg_dataset/extracted/wseg_dataset/sample/48150917.jpg,data/datasets/external/hf_wseg_dataset/extracted/wseg_dataset/mask/48150917.jpg,PUBLIC_REAL_PHOTOS,CC-BY-NC-4.0,de550383d35935641ae3e2f81ab2da4513020358061b644a7509dcb2524d2f6c
wseg_48329859,train,positive,wound_unspecified,False,0.343763,data/datasets/unet_public_real/images/wseg_48329859.png,data/datasets/unet_public_real/masks/wseg_48329859.png,hf_wseg_dataset,data/datasets/external/hf_wseg_dataset/extracted/wseg_dataset/sample/48329859.jpg,data/datasets/external/hf_wseg_dataset/extracted/wseg_dataset/mask/48329859.jpg,PUBLIC_REAL_PHOTOS,CC-BY-NC-4.0,03f55395843d44331d158dee43f70ba3e3061b306445cb3bf9ecea6d1faba270
wseg_48480354,train,positive,wound_unspecified,False,0.071933,data/datasets/unet_public_real/images/wseg_48480354.png,data/datasets/unet_public_real/masks/wseg_48480354.png,hf_wseg_dataset,data/datasets/external/hf_wseg_dataset/extracted/wseg_dataset/sample/48480354.jpg,data/datasets/external/hf_wseg_dataset/extracted/wseg_dataset/mask/48480354.jpg,PUBLIC_REAL_PHOTOS,CC-BY-NC-4.0,f7894849225d18d6df1bd281cc47ebdbb334f67dbc496b412a97bc07ef36df75
wseg_48840892,train,positive,wound_unspecified,False,0.22466,data/datasets/unet_public_real/images/wseg_48840892.png,data/datasets/unet_public_real/masks/wseg_48840892.png,hf_wseg_dataset,data/datasets/external/hf_wseg_dataset/extracted/wseg_dataset/sample/48840892.jpg,data/datasets/external/hf_wseg_dataset/extracted/wseg_dataset/mask/48840892.jpg,PUBLIC_REAL_PHOTOS,CC-BY-NC-4.0,72b459e33b43cb177ccd2e4bf30f5811b86bc1afd4a9ca6dcfa7970ec9958613
wseg_48959561,val,positive,wound_unspecified,False,0.192924,data/datasets/unet_public_real/images/wseg_48959561.png,data/datasets/unet_public_real/masks/wseg_48959561.png,hf_wseg_dataset,data/datasets/external/hf_wseg_dataset/extracted/wseg_dataset/sample/48959561.jpg,data/datasets/external/hf_wseg_dataset/extracted/wseg_dataset/mask/48959561.jpg,PUBLIC_REAL_PHOTOS,CC-BY-NC-4.0,44049e233bfe26f9f53040f8013ea3cf29156c93793aa2c2f8bb76c06539d690
wseg_49153350,test,positive,wound_unspecified,False,0.46899,data/datasets/unet_public_real/images/wseg_49153350.png,data/datasets/unet_public_real/masks/wseg_49153350.png,hf_wseg_dataset,data/datasets/external/hf_wseg_dataset/extracted/wseg_dataset/sample/49153350.jpg,data/datasets/external/hf_wseg_dataset/extracted/wseg_dataset/mask/49153350.jpg,PUBLIC_REAL_PHOTOS,CC-BY-NC-4.0,e8bba4029219cdd9a04e00a00f8e17e29734b079e198e886283b94e95b56efef
wseg_49366010,train,positive,wound_unspecified,False,0.40278,data/datasets/unet_public_real/images/wseg_49366010.png,data/datasets/unet_public_real/masks/wseg_49366010.png,hf_wseg_dataset,data/datasets/external/hf_wseg_dataset/extracted/wseg_dataset/sample/49366010.jpg,data/datasets/external/hf_wseg_dataset/extracted/wseg_dataset/mask/49366010.jpg,PUBLIC_REAL_PHOTOS,CC-BY-NC-4.0,2c55a04b0cf64a0d291e4c1c0378b87154f8f4f5147b299567ad7704fdf48792
wseg_49438944,train,positive,wound_unspecified,False,0.178184,data/datasets/unet_public_real/images/wseg_49438944.png,data/datasets/unet_public_real/masks/wseg_49438944.png,hf_wseg_dataset,data/datasets/external/hf_wseg_dataset/extracted/wseg_dataset/sample/49438944.jpg,data/datasets/external/hf_wseg_dataset/extracted/wseg_dataset/mask/49438944.jpg,PUBLIC_REAL_PHOTOS,CC-BY-NC-4.0,6658268b5b11b7c2e2abe79c1439151d594d8ca1609b4809a4039b8af3e4d1a8
wseg_49606069,train,positive,wound_unspecified,False,0.026944,data/datasets/unet_public_real/images/wseg_49606069.png,data/datasets/unet_public_real/masks/wseg_49606069.png,hf_wseg_dataset,data/datasets/external/hf_wseg_dataset/extracted/wseg_dataset/sample/49606069.jpg,data/datasets/external/hf_wseg_dataset/extracted/wseg_dataset/mask/49606069.jpg,PUBLIC_REAL_PHOTOS,CC-BY-NC-4.0,73925a67b8e21651b88face8d62524670be66d24f749ccabbe55a924bb95de05
wseg_49668471,train,positive,wound_unspecified,False,0.06736,data/datasets/unet_public_real/images/wseg_49668471.png,data/datasets/unet_public_real/masks/wseg_49668471.png,hf_wseg_dataset,data/datasets/external/hf_wseg_dataset/extracted/wseg_dataset/sample/49668471.jpg,data/datasets/external/hf_wseg_dataset/extracted/wseg_dataset/mask/49668471.jpg,PUBLIC_REAL_PHOTOS,CC-BY-NC-4.0,098759a01fa3fc4c51c5bab5d0af696c0317c475655a0cbefa86de1bd66b73cf
wseg_49828017,train,positive,wound_unspecified,False,0.176486,data/datasets/unet_public_real/images/wseg_49828017.png,data/datasets/unet_public_real/masks/wseg_49828017.png,hf_wseg_dataset,data/datasets/external/hf_wseg_dataset/extracted/wseg_dataset/sample/49828017.jpg,data/datasets/external/hf_wseg_dataset/extracted/wseg_dataset/mask/49828017.jpg,PUBLIC_REAL_PHOTOS,CC-BY-NC-4.0,140725aed97676d5a9ccd42d7443fe90ac8675b1334f9f03873ddc8d031a2f71
wseg_49982541,train,positive,wound_unspecified,False,0.064731,data/datasets/unet_public_real/images/wseg_49982541.png,data/datasets/unet_public_real/masks/wseg_49982541.png,hf_wseg_dataset,data/datasets/external/hf_wseg_dataset/extracted/wseg_dataset/sample/49982541.jpg,data/datasets/external/hf_wseg_dataset/extracted/wseg_dataset/mask/49982541.jpg,PUBLIC_REAL_PHOTOS,CC-BY-NC-4.0,bffaa925d2450161c2df5dde9072f55b271e44c8ae9a4e419c5cfcae1c805e44
wseg_50100662,train,positive,wound_unspecified,False,0.223008,data/datasets/unet_public_real/images/wseg_50100662.png,data/datasets/unet_public_real/masks/wseg_50100662.png,hf_wseg_dataset,data/datasets/external/hf_wseg_dataset/extracted/wseg_dataset/sample/50100662.jpg,data/datasets/external/hf_wseg_dataset/extracted/wseg_dataset/mask/50100662.jpg,PUBLIC_REAL_PHOTOS,CC-BY-NC-4.0,dbde83f96501217614a54c5c1afa27cc3e7083d9bc79a91b50d48ed6835c4ecb
wseg_50211691,train,positive,wound_unspecified,False,0.229279,data/datasets/unet_public_real/images/wseg_50211691.png,data/datasets/unet_public_real/masks/wseg_50211691.png,hf_wseg_dataset,data/datasets/external/hf_wseg_dataset/extracted/wseg_dataset/sample/50211691.jpg,data/datasets/external/hf_wseg_dataset/extracted/wseg_dataset/mask/50211691.jpg,PUBLIC_REAL_PHOTOS,CC-BY-NC-4.0,fe312cb117ad514de09d403bb8ed27bb0b681e81345819bb0bba8356a3606949
wseg_50459613,val,positive,wound_unspecified,False,0.147178,data/datasets/unet_public_real/images/wseg_50459613.png,data/datasets/unet_public_real/masks/wseg_50459613.png,hf_wseg_dataset,data/datasets/external/hf_wseg_dataset/extracted/wseg_dataset/sample/50459613.jpg,data/datasets/external/hf_wseg_dataset/extracted/wseg_dataset/mask/50459613.jpg,PUBLIC_REAL_PHOTOS,CC-BY-NC-4.0,5bf4ed67bba5a7bde4160446198fb92c998f892be6c51a4ae547418e0841c105
wseg_50685239,train,positive,wound_unspecified,False,0.127847,data/datasets/unet_public_real/images/wseg_50685239.png,data/datasets/unet_public_real/masks/wseg_50685239.png,hf_wseg_dataset,data/datasets/external/hf_wseg_dataset/extracted/wseg_dataset/sample/50685239.jpg,data/datasets/external/hf_wseg_dataset/extracted/wseg_dataset/mask/50685239.jpg,PUBLIC_REAL_PHOTOS,CC-BY-NC-4.0,6aa6b4a80e5fa7f7bfc1c23690b96062b9c9ecf108ecfca81c44a57795b481b0
wseg_50750226,train,positive,wound_unspecified,False,0.094212,data/datasets/unet_public_real/images/wseg_50750226.png,data/datasets/unet_public_real/masks/wseg_50750226.png,hf_wseg_dataset,data/datasets/external/hf_wseg_dataset/extracted/wseg_dataset/sample/50750226.jpg,data/datasets/external/hf_wseg_dataset/extracted/wseg_dataset/mask/50750226.jpg,PUBLIC_REAL_PHOTOS,CC-BY-NC-4.0,bb165bcac51d5e439206b969e844f29dcccfbc1a2c635ec7fee26d72dd65296e
wseg_50989831,train,positive,wound_unspecified,False,0.226175,data/datasets/unet_public_real/images/wseg_50989831.png,data/datasets/unet_public_real/masks/wseg_50989831.png,hf_wseg_dataset,data/datasets/external/hf_wseg_dataset/extracted/wseg_dataset/sample/50989831.jpg,data/datasets/external/hf_wseg_dataset/extracted/wseg_dataset/mask/50989831.jpg,PUBLIC_REAL_PHOTOS,CC-BY-NC-4.0,bbe359c7ac6c6e0491d6851732c040644870707fee7553adb867045af479e7c8
wseg_51161737,train,positive,wound_unspecified,False,0.025602,data/datasets/unet_public_real/images/wseg_51161737.png,data/datasets/unet_public_real/masks/wseg_51161737.png,hf_wseg_dataset,data/datasets/external/hf_wseg_dataset/extracted/wseg_dataset/sample/51161737.jpg,data/datasets/external/hf_wseg_dataset/extracted/wseg_dataset/mask/51161737.jpg,PUBLIC_REAL_PHOTOS,CC-BY-NC-4.0,9ba312829368b5edcfc8d32bc076b606642a4fd1ada7af3d507061b57139a0a9
wseg_51247698,train,positive,wound_unspecified,False,0.163252,data/datasets/unet_public_real/images/wseg_51247698.png,data/datasets/unet_public_real/masks/wseg_51247698.png,hf_wseg_dataset,data/datasets/external/hf_wseg_dataset/extracted/wseg_dataset/sample/51247698.jpg,data/datasets/external/hf_wseg_dataset/extracted/wseg_dataset/mask/51247698.jpg,PUBLIC_REAL_PHOTOS,CC-BY-NC-4.0,d26f578e17672573c5cce56f6cc8bf84f47c96c29b26c9b92a412df7b5e7f54f
wseg_51353932,train,positive,wound_unspecified,False,0.128705,data/datasets/unet_public_real/images/wseg_51353932.png,data/datasets/unet_public_real/masks/wseg_51353932.png,hf_wseg_dataset,data/datasets/external/hf_wseg_dataset/extracted/wseg_dataset/sample/51353932.jpg,data/datasets/external/hf_wseg_dataset/extracted/wseg_dataset/mask/51353932.jpg,PUBLIC_REAL_PHOTOS,CC-BY-NC-4.0,06dce80cb81f46126fa8e44d3435aa8f74c8059eb0fe0aca263d2b7fc39e0610
wseg_51430499,train,positive,wound_unspecified,False,0.06757,data/datasets/unet_public_real/images/wseg_51430499.png,data/datasets/unet_public_real/masks/wseg_51430499.png,hf_wseg_dataset,data/datasets/external/hf_wseg_dataset/extracted/wseg_dataset/sample/51430499.jpg,data/datasets/external/hf_wseg_dataset/extracted/wseg_dataset/mask/51430499.jpg,PUBLIC_REAL_PHOTOS,CC-BY-NC-4.0,1c5840ecfbf0779a369ce6774809af9cd7db77557328824106dbef86d7f5e74d
wseg_51500874,train,positive,wound_unspecified,False,0.184445,data/datasets/unet_public_real/images/wseg_51500874.png,data/datasets/unet_public_real/masks/wseg_51500874.png,hf_wseg_dataset,data/datasets/external/hf_wseg_dataset/extracted/wseg_dataset/sample/51500874.jpg,data/datasets/external/hf_wseg_dataset/extracted/wseg_dataset/mask/51500874.jpg,PUBLIC_REAL_PHOTOS,CC-BY-NC-4.0,ed9050010951d31c0dc0ebd2f30f41205ce929d94910bc7a8599f84d990c6552
wseg_51557371,test,positive,wound_unspecified,False,0.207437,data/datasets/unet_public_real/images/wseg_51557371.png,data/datasets/unet_public_real/masks/wseg_51557371.png,hf_wseg_dataset,data/datasets/external/hf_wseg_dataset/extracted/wseg_dataset/sample/51557371.jpg,data/datasets/external/hf_wseg_dataset/extracted/wseg_dataset/mask/51557371.jpg,PUBLIC_REAL_PHOTOS,CC-BY-NC-4.0,3070956ff8e7c70338e12796eeffd3864d7005427d3ab181ae67c8fb43b88318
wseg_51699935,val,positive,wound_unspecified,False,0.08576,data/datasets/unet_public_real/images/wseg_51699935.png,data/datasets/unet_public_real/masks/wseg_51699935.png,hf_wseg_dataset,data/datasets/external/hf_wseg_dataset/extracted/wseg_dataset/sample/51699935.jpg,data/datasets/external/hf_wseg_dataset/extracted/wseg_dataset/mask/51699935.jpg,PUBLIC_REAL_PHOTOS,CC-BY-NC-4.0,d66fe736489a132a457f7c79003252f31fe2797abd79ecc3bb45e6e3ec0f1044
wseg_51782743,train,positive,wound_unspecified,False,0.071166,data/datasets/unet_public_real/images/wseg_51782743.png,data/datasets/unet_public_real/masks/wseg_51782743.png,hf_wseg_dataset,data/datasets/external/hf_wseg_dataset/extracted/wseg_dataset/sample/51782743.jpg,data/datasets/external/hf_wseg_dataset/extracted/wseg_dataset/mask/51782743.jpg,PUBLIC_REAL_PHOTOS,CC-BY-NC-4.0,11d2776b3c2db1e423e8a21725efcbdf023c246633c24c01d8b5048a9c9e0f45
wseg_51843446,train,positive,wound_unspecified,False,0.176395,data/datasets/unet_public_real/images/wseg_51843446.png,data/datasets/unet_public_real/masks/wseg_51843446.png,hf_wseg_dataset,data/datasets/external/hf_wseg_dataset/extracted/wseg_dataset/sample/51843446.jpg,data/datasets/external/hf_wseg_dataset/extracted/wseg_dataset/mask/51843446.jpg,PUBLIC_REAL_PHOTOS,CC-BY-NC-4.0,e8f12c04459f1f3fb60534a5478e0ef5529098f22ccbc4dd7157f5cd4d2ec2e7
wseg_51917953,train,positive,wound_unspecified,False,0.086135,data/datasets/unet_public_real/images/wseg_51917953.png,data/datasets/unet_public_real/masks/wseg_51917953.png,hf_wseg_dataset,data/datasets/external/hf_wseg_dataset/extracted/wseg_dataset/sample/51917953.jpg,data/datasets/external/hf_wseg_dataset/extracted/wseg_dataset/mask/51917953.jpg,PUBLIC_REAL_PHOTOS,CC-BY-NC-4.0,4577116d0ac428dc91a1b35b736b2db5d265b2c8ba8b6f0dbc03c0b3b593693b
wseg_52027939,test,positive,wound_unspecified,False,0.11516,data/datasets/unet_public_real/images/wseg_52027939.png,data/datasets/unet_public_real/masks/wseg_52027939.png,hf_wseg_dataset,data/datasets/external/hf_wseg_dataset/extracted/wseg_dataset/sample/52027939.jpg,data/datasets/external/hf_wseg_dataset/extracted/wseg_dataset/mask/52027939.jpg,PUBLIC_REAL_PHOTOS,CC-BY-NC-4.0,16cedec86c03809c757dcc6ecd8606e33f52a67dce572c78865ed49398ba1b13
wseg_52103288,train,positive,wound_unspecified,False,0.013381,data/datasets/unet_public_real/images/wseg_52103288.png,data/datasets/unet_public_real/masks/wseg_52103288.png,hf_wseg_dataset,data/datasets/external/hf_wseg_dataset/extracted/wseg_dataset/sample/52103288.jpg,data/datasets/external/hf_wseg_dataset/extracted/wseg_dataset/mask/52103288.jpg,PUBLIC_REAL_PHOTOS,CC-BY-NC-4.0,ce6512ed82cce246b43ccdce2fd1ec3c1828e542df7876f0c5674be3dbf62e4d
wseg_52122470,train,positive,wound_unspecified,False,0.211252,data/datasets/unet_public_real/images/wseg_52122470.png,data/datasets/unet_public_real/masks/wseg_52122470.png,hf_wseg_dataset,data/datasets/external/hf_wseg_dataset/extracted/wseg_dataset/sample/52122470.jpg,data/datasets/external/hf_wseg_dataset/extracted/wseg_dataset/mask/52122470.jpg,PUBLIC_REAL_PHOTOS,CC-BY-NC-4.0,8c85200e181f1fe25b02ef006ac59ffab5e372c1e7297826ba5168c5c543033e
wseg_52216726,train,positive,wound_unspecified,False,0.133779,data/datasets/unet_public_real/images/wseg_52216726.png,data/datasets/unet_public_real/masks/wseg_52216726.png,hf_wseg_dataset,data/datasets/external/hf_wseg_dataset/extracted/wseg_dataset/sample/52216726.jpg,data/datasets/external/hf_wseg_dataset/extracted/wseg_dataset/mask/52216726.jpg,PUBLIC_REAL_PHOTOS,CC-BY-NC-4.0,68a743c07ca660f2735a96186b8349c955750a1d27f4b693e5623c9da5eb4bec
wseg_52239175,train,positive,wound_unspecified,False,0.07541,data/datasets/unet_public_real/images/wseg_52239175.png,data/datasets/unet_public_real/masks/wseg_52239175.png,hf_wseg_dataset,data/datasets/external/hf_wseg_dataset/extracted/wseg_dataset/sample/52239175.jpg,data/datasets/external/hf_wseg_dataset/extracted/wseg_dataset/mask/52239175.jpg,PUBLIC_REAL_PHOTOS,CC-BY-NC-4.0,0f100eec7d38b5ec1739faab4ec739364345436061559df95c354e16ad2a358b
wseg_52313037,train,positive,wound_unspecified,False,0.045883,data/datasets/unet_public_real/images/wseg_52313037.png,data/datasets/unet_public_real/masks/wseg_52313037.png,hf_wseg_dataset,data/datasets/external/hf_wseg_dataset/extracted/wseg_dataset/sample/52313037.jpg,data/datasets/external/hf_wseg_dataset/extracted/wseg_dataset/mask/52313037.jpg,PUBLIC_REAL_PHOTOS,CC-BY-NC-4.0,d5707eae4574a3cc2dc7ca9bbdd407f120480d9d879e8ef7f5be380478df469c
wseg_52332887,train,positive,wound_unspecified,False,0.377963,data/datasets/unet_public_real/images/wseg_52332887.png,data/datasets/unet_public_real/masks/wseg_52332887.png,hf_wseg_dataset,data/datasets/external/hf_wseg_dataset/extracted/wseg_dataset/sample/52332887.jpg,data/datasets/external/hf_wseg_dataset/extracted/wseg_dataset/mask/52332887.jpg,PUBLIC_REAL_PHOTOS,CC-BY-NC-4.0,e885dd39646b7b9bf3752638c6f70c76a0d40735a73079c69e9bd083ecf3d495
wseg_52385862,train,positive,wound_unspecified,False,0.044578,data/datasets/unet_public_real/images/wseg_52385862.png,data/datasets/unet_public_real/masks/wseg_52385862.png,hf_wseg_dataset,data/datasets/external/hf_wseg_dataset/extracted/wseg_dataset/sample/52385862.jpg,data/datasets/external/hf_wseg_dataset/extracted/wseg_dataset/mask/52385862.jpg,PUBLIC_REAL_PHOTOS,CC-BY-NC-4.0,144278ad859b7b3fd65f80d789ea1b8fd3e2e02cb066683e51b531feb82210a8
wseg_52476180,train,positive,wound_unspecified,False,0.299057,data/datasets/unet_public_real/images/wseg_52476180.png,data/datasets/unet_public_real/masks/wseg_52476180.png,hf_wseg_dataset,data/datasets/external/hf_wseg_dataset/extracted/wseg_dataset/sample/52476180.jpg,data/datasets/external/hf_wseg_dataset/extracted/wseg_dataset/mask/52476180.jpg,PUBLIC_REAL_PHOTOS,CC-BY-NC-4.0,1f6c3f4227538c2ac383525272be399672d42d975ddbc7e719813b8be4650684
wseg_52537453,val,positive,wound_unspecified,False,0.06746,data/datasets/unet_public_real/images/wseg_52537453.png,data/datasets/unet_public_real/masks/wseg_52537453.png,hf_wseg_dataset,data/datasets/external/hf_wseg_dataset/extracted/wseg_dataset/sample/52537453.jpg,data/datasets/external/hf_wseg_dataset/extracted/wseg_dataset/mask/52537453.jpg,PUBLIC_REAL_PHOTOS,CC-BY-NC-4.0,565295566a2a226d181d082a8a5c3c438e7c075822c50d4e63b1c4f10aac46e4
wseg_52569537,train,positive,wound_unspecified,False,0.125912,data/datasets/unet_public_real/images/wseg_52569537.png,data/datasets/unet_public_real/masks/wseg_52569537.png,hf_wseg_dataset,data/datasets/external/hf_wseg_dataset/extracted/wseg_dataset/sample/52569537.jpg,data/datasets/external/hf_wseg_dataset/extracted/wseg_dataset/mask/52569537.jpg,PUBLIC_REAL_PHOTOS,CC-BY-NC-4.0,7ee6f932824c3bf95e3e2d63ecc6f0a531f8a368e675651096a1b732be191faa
wseg_52611088,test,positive,wound_unspecified,False,0.052236,data/datasets/unet_public_real/images/wseg_52611088.png,data/datasets/unet_public_real/masks/wseg_52611088.png,hf_wseg_dataset,data/datasets/external/hf_wseg_dataset/extracted/wseg_dataset/sample/52611088.jpg,data/datasets/external/hf_wseg_dataset/extracted/wseg_dataset/mask/52611088.jpg,PUBLIC_REAL_PHOTOS,CC-BY-NC-4.0,b63b58e5bf9528e780d2eae7675d6b48033e08b198cb6054e764ebc26e96f620
wseg_52701993,test,positive,wound_unspecified,False,0.092067,data/datasets/unet_public_real/images/wseg_52701993.png,data/datasets/unet_public_real/masks/wseg_52701993.png,hf_wseg_dataset,data/datasets/external/hf_wseg_dataset/extracted/wseg_dataset/sample/52701993.jpg,data/datasets/external/hf_wseg_dataset/extracted/wseg_dataset/mask/52701993.jpg,PUBLIC_REAL_PHOTOS,CC-BY-NC-4.0,14aea0998a996c4e1c7fe331d9d72105aa27dd9d4c7a64d7eb6ef10ef03164a5
wseg_52752556,val,positive,wound_unspecified,False,0.101423,data/datasets/unet_public_real/images/wseg_52752556.png,data/datasets/unet_public_real/masks/wseg_52752556.png,hf_wseg_dataset,data/datasets/external/hf_wseg_dataset/extracted/wseg_dataset/sample/52752556.jpg,data/datasets/external/hf_wseg_dataset/extracted/wseg_dataset/mask/52752556.jpg,PUBLIC_REAL_PHOTOS,CC-BY-NC-4.0,68f2615c776774b90d1cb7ce56ae2014c7b362327846ef637fa31e45eb41e221
wseg_52845853,train,positive,wound_unspecified,False,0.091136,data/datasets/unet_public_real/images/wseg_52845853.png,data/datasets/unet_public_real/masks/wseg_52845853.png,hf_wseg_dataset,data/datasets/external/hf_wseg_dataset/extracted/wseg_dataset/sample/52845853.jpg,data/datasets/external/hf_wseg_dataset/extracted/wseg_dataset/mask/52845853.jpg,PUBLIC_REAL_PHOTOS,CC-BY-NC-4.0,f763312ab2887da5f8f2c474473be739764cf70714077e5d8b6f261e824648d5
wseg_52878046,train,positive,wound_unspecified,False,0.046422,data/datasets/unet_public_real/images/wseg_52878046.png,data/datasets/unet_public_real/masks/wseg_52878046.png,hf_wseg_dataset,data/datasets/external/hf_wseg_dataset/extracted/wseg_dataset/sample/52878046.jpg,data/datasets/external/hf_wseg_dataset/extracted/wseg_dataset/mask/52878046.jpg,PUBLIC_REAL_PHOTOS,CC-BY-NC-4.0,dc1bde3e20122a8b06cdbeeb0bf7616f5880c57288653a49fcf8fa1010b186a2
wseg_52981689,train,positive,wound_unspecified,False,0.207291,data/datasets/unet_public_real/images/wseg_52981689.png,data/datasets/unet_public_real/masks/wseg_52981689.png,hf_wseg_dataset,data/datasets/external/hf_wseg_dataset/extracted/wseg_dataset/sample/52981689.jpg,data/datasets/external/hf_wseg_dataset/extracted/wseg_dataset/mask/52981689.jpg,PUBLIC_REAL_PHOTOS,CC-BY-NC-4.0,7242a8bbe475194b447f80223b8aae356aa763c91077b4b73efeb8f8e85ee2d8
wseg_53073628,train,positive,wound_unspecified,False,0.036865,data/datasets/unet_public_real/images/wseg_53073628.png,data/datasets/unet_public_real/masks/wseg_53073628.png,hf_wseg_dataset,data/datasets/external/hf_wseg_dataset/extracted/wseg_dataset/sample/53073628.jpg,data/datasets/external/hf_wseg_dataset/extracted/wseg_dataset/mask/53073628.jpg,PUBLIC_REAL_PHOTOS,CC-BY-NC-4.0,a670972eee591452677b7add5c5b5864d753afce565fbcd4ffe06259b27ff6a9
wseg_53185031,train,positive,wound_unspecified,False,0.042725,data/datasets/unet_public_real/images/wseg_53185031.png,data/datasets/unet_public_real/masks/wseg_53185031.png,hf_wseg_dataset,data/datasets/external/hf_wseg_dataset/extracted/wseg_dataset/sample/53185031.jpg,data/datasets/external/hf_wseg_dataset/extracted/wseg_dataset/mask/53185031.jpg,PUBLIC_REAL_PHOTOS,CC-BY-NC-4.0,313d60ea5f4f8dfb1b82c15fd8eb50afb470d0b5118457fd8aa479bd36939a06
wseg_53333892,train,positive,wound_unspecified,False,0.024708,data/datasets/unet_public_real/images/wseg_53333892.png,data/datasets/unet_public_real/masks/wseg_53333892.png,hf_wseg_dataset,data/datasets/external/hf_wseg_dataset/extracted/wseg_dataset/sample/53333892.jpg,data/datasets/external/hf_wseg_dataset/extracted/wseg_dataset/mask/53333892.jpg,PUBLIC_REAL_PHOTOS,CC-BY-NC-4.0,42813ccef845dbaead5a70d16aea8e5d59f3e5eb5c813614963a17585d6e6f7b
wseg_53464631,train,positive,wound_unspecified,False,0.032475,data/datasets/unet_public_real/images/wseg_53464631.png,data/datasets/unet_public_real/masks/wseg_53464631.png,hf_wseg_dataset,data/datasets/external/hf_wseg_dataset/extracted/wseg_dataset/sample/53464631.jpg,data/datasets/external/hf_wseg_dataset/extracted/wseg_dataset/mask/53464631.jpg,PUBLIC_REAL_PHOTOS,CC-BY-NC-4.0,2d1a2256c2ad31592d4bfae951bc05f13dcc815be2ff6e0cfddcc57908893a54
wseg_53589651,train,positive,wound_unspecified,False,0.092515,data/datasets/unet_public_real/images/wseg_53589651.png,data/datasets/unet_public_real/masks/wseg_53589651.png,hf_wseg_dataset,data/datasets/external/hf_wseg_dataset/extracted/wseg_dataset/sample/53589651.jpg,data/datasets/external/hf_wseg_dataset/extracted/wseg_dataset/mask/53589651.jpg,PUBLIC_REAL_PHOTOS,CC-BY-NC-4.0,71c595e7afbcc7253f2d0bfc41b628aed950a8e65384ba86f9a86629b7991532
wseg_53708811,test,positive,wound_unspecified,False,0.06003,data/datasets/unet_public_real/images/wseg_53708811.png,data/datasets/unet_public_real/masks/wseg_53708811.png,hf_wseg_dataset,data/datasets/external/hf_wseg_dataset/extracted/wseg_dataset/sample/53708811.jpg,data/datasets/external/hf_wseg_dataset/extracted/wseg_dataset/mask/53708811.jpg,PUBLIC_REAL_PHOTOS,CC-BY-NC-4.0,f899f72d669a27512698c2a042b09bd3554fb70c3022ad6a974c2510d67bf905
wseg_53762706,test,positive,wound_unspecified,False,0.047718,data/datasets/unet_public_real/images/wseg_53762706.png,data/datasets/unet_public_real/masks/wseg_53762706.png,hf_wseg_dataset,data/datasets/external/hf_wseg_dataset/extracted/wseg_dataset/sample/53762706.jpg,data/datasets/external/hf_wseg_dataset/extracted/wseg_dataset/mask/53762706.jpg,PUBLIC_REAL_PHOTOS,CC-BY-NC-4.0,94fcbab97cc03c51082dbddc56ec78688576a09201b42c75f038787e4629dd31
wseg_53842937,train,positive,wound_unspecified,False,0.042077,data/datasets/unet_public_real/images/wseg_53842937.png,data/datasets/unet_public_real/masks/wseg_53842937.png,hf_wseg_dataset,data/datasets/external/hf_wseg_dataset/extracted/wseg_dataset/sample/53842937.jpg,data/datasets/external/hf_wseg_dataset/extracted/wseg_dataset/mask/53842937.jpg,PUBLIC_REAL_PHOTOS,CC-BY-NC-4.0,c2e0357cb4a92ae5b6bc4fa5ed5f8572ea12220b488e8cec092c9df8c51fce34
wseg_53888174,test,positive,wound_unspecified,False,0.041748,data/datasets/unet_public_real/images/wseg_53888174.png,data/datasets/unet_public_real/masks/wseg_53888174.png,hf_wseg_dataset,data/datasets/external/hf_wseg_dataset/extracted/wseg_dataset/sample/53888174.jpg,data/datasets/external/hf_wseg_dataset/extracted/wseg_dataset/mask/53888174.jpg,PUBLIC_REAL_PHOTOS,CC-BY-NC-4.0,b6f1e5ebee8cf3e12e727dfd9e957dcbb65faada3627007ce88fa16550670248
wseg_53951679,train,positive,wound_unspecified,False,0.215788,data/datasets/unet_public_real/images/wseg_53951679.png,data/datasets/unet_public_real/masks/wseg_53951679.png,hf_wseg_dataset,data/datasets/external/hf_wseg_dataset/extracted/wseg_dataset/sample/53951679.jpg,data/datasets/external/hf_wseg_dataset/extracted/wseg_dataset/mask/53951679.jpg,PUBLIC_REAL_PHOTOS,CC-BY-NC-4.0,be7765588a1546560211dbbd70cfd38f3bd9d549e047db9cc6bd55063b08159b
wseg_54023289,train,positive,wound_unspecified,False,0.280428,data/datasets/unet_public_real/images/wseg_54023289.png,data/datasets/unet_public_real/masks/wseg_54023289.png,hf_wseg_dataset,data/datasets/external/hf_wseg_dataset/extracted/wseg_dataset/sample/54023289.jpg,data/datasets/external/hf_wseg_dataset/extracted/wseg_dataset/mask/54023289.jpg,PUBLIC_REAL_PHOTOS,CC-BY-NC-4.0,5f5fc961a41ecd4de88c2c550000ab9015ec804752446411675ab98ff4f757e1
wseg_54105574,val,positive,wound_unspecified,False,0.120271,data/datasets/unet_public_real/images/wseg_54105574.png,data/datasets/unet_public_real/masks/wseg_54105574.png,hf_wseg_dataset,data/datasets/external/hf_wseg_dataset/extracted/wseg_dataset/sample/54105574.jpg,data/datasets/external/hf_wseg_dataset/extracted/wseg_dataset/mask/54105574.jpg,PUBLIC_REAL_PHOTOS,CC-BY-NC-4.0,cf6c809726b65d2567d4ced23eed37a145c0bb718a1ee77a160b7ab072def802
wseg_54148638,train,positive,wound_unspecified,False,0.064567,data/datasets/unet_public_real/images/wseg_54148638.png,data/datasets/unet_public_real/masks/wseg_54148638.png,hf_wseg_dataset,data/datasets/external/hf_wseg_dataset/extracted/wseg_dataset/sample/54148638.jpg,data/datasets/external/hf_wseg_dataset/extracted/wseg_dataset/mask/54148638.jpg,PUBLIC_REAL_PHOTOS,CC-BY-NC-4.0,878b90014ddb72731c2751fcb247b00121714c63f911e048d1171253b4d14b46
wseg_54214012,train,positive,wound_unspecified,False,0.164721,data/datasets/unet_public_real/images/wseg_54214012.png,data/datasets/unet_public_real/masks/wseg_54214012.png,hf_wseg_dataset,data/datasets/external/hf_wseg_dataset/extracted/wseg_dataset/sample/54214012.jpg,data/datasets/external/hf_wseg_dataset/extracted/wseg_dataset/mask/54214012.jpg,PUBLIC_REAL_PHOTOS,CC-BY-NC-4.0,9793acc6624205848e462c0b70a4c57f42ca3976b3ead0e1356acd9ead3761df
wseg_54246973,train,positive,wound_unspecified,False,0.015051,data/datasets/unet_public_real/images/wseg_54246973.png,data/datasets/unet_public_real/masks/wseg_54246973.png,hf_wseg_dataset,data/datasets/external/hf_wseg_dataset/extracted/wseg_dataset/sample/54246973.jpg,data/datasets/external/hf_wseg_dataset/extracted/wseg_dataset/mask/54246973.jpg,PUBLIC_REAL_PHOTOS,CC-BY-NC-4.0,c91839c2aff34de136787407ffeec1ba44da88199b65bcf8e11fe7683773be9a
wseg_54270050,train,positive,wound_unspecified,False,0.053504,data/datasets/unet_public_real/images/wseg_54270050.png,data/datasets/unet_public_real/masks/wseg_54270050.png,hf_wseg_dataset,data/datasets/external/hf_wseg_dataset/extracted/wseg_dataset/sample/54270050.jpg,data/datasets/external/hf_wseg_dataset/extracted/wseg_dataset/mask/54270050.jpg,PUBLIC_REAL_PHOTOS,CC-BY-NC-4.0,54f97845d30ff556ef8f57b51eca117250aba9fddea967865c1e7ab193ba13a2
wseg_54350062,train,positive,wound_unspecified,False,0.064174,data/datasets/unet_public_real/images/wseg_54350062.png,data/datasets/unet_public_real/masks/wseg_54350062.png,hf_wseg_dataset,data/datasets/external/hf_wseg_dataset/extracted/wseg_dataset/sample/54350062.jpg,data/datasets/external/hf_wseg_dataset/extracted/wseg_dataset/mask/54350062.jpg,PUBLIC_REAL_PHOTOS,CC-BY-NC-4.0,e2094a8e6dcb3c461146ce82f409bdd628f588cdf90c796dca581723d0104c76
wseg_54424783,val,positive,wound_unspecified,False,0.023129,data/datasets/unet_public_real/images/wseg_54424783.png,data/datasets/unet_public_real/masks/wseg_54424783.png,hf_wseg_dataset,data/datasets/external/hf_wseg_dataset/extracted/wseg_dataset/sample/54424783.jpg,data/datasets/external/hf_wseg_dataset/extracted/wseg_dataset/mask/54424783.jpg,PUBLIC_REAL_PHOTOS,CC-BY-NC-4.0,4bd4fc5d8588f3ee43ab7d803770d0f87f56ced05289787c009a69ce97cfb438
wseg_54492616,train,positive,wound_unspecified,False,0.268727,data/datasets/unet_public_real/images/wseg_54492616.png,data/datasets/unet_public_real/masks/wseg_54492616.png,hf_wseg_dataset,data/datasets/external/hf_wseg_dataset/extracted/wseg_dataset/sample/54492616.jpg,data/datasets/external/hf_wseg_dataset/extracted/wseg_dataset/mask/54492616.jpg,PUBLIC_REAL_PHOTOS,CC-BY-NC-4.0,9a2c244c851e58982c1aa020d2da0aa916751c25ec7b7456a7f187a24d164876
wseg_54518511,test,positive,wound_unspecified,False,0.087038,data/datasets/unet_public_real/images/wseg_54518511.png,data/datasets/unet_public_real/masks/wseg_54518511.png,hf_wseg_dataset,data/datasets/external/hf_wseg_dataset/extracted/wseg_dataset/sample/54518511.jpg,data/datasets/external/hf_wseg_dataset/extracted/wseg_dataset/mask/54518511.jpg,PUBLIC_REAL_PHOTOS,CC-BY-NC-4.0,2c842bfbcb965a96df5c806925891a89194d902e1647e3716f59522a4156d3de
wseg_54546435,test,positive,wound_unspecified,False,0.067004,data/datasets/unet_public_real/images/wseg_54546435.png,data/datasets/unet_public_real/masks/wseg_54546435.png,hf_wseg_dataset,data/datasets/external/hf_wseg_dataset/extracted/wseg_dataset/sample/54546435.jpg,data/datasets/external/hf_wseg_dataset/extracted/wseg_dataset/mask/54546435.jpg,PUBLIC_REAL_PHOTOS,CC-BY-NC-4.0,f58822f9fca000186111e89922a944d1c80dd3a8af75de18bf14a806d29cccf4
wseg_54622348,train,positive,wound_unspecified,False,0.156598,data/datasets/unet_public_real/images/wseg_54622348.png,data/datasets/unet_public_real/masks/wseg_54622348.png,hf_wseg_dataset,data/datasets/external/hf_wseg_dataset/extracted/wseg_dataset/sample/54622348.jpg,data/datasets/external/hf_wseg_dataset/extracted/wseg_dataset/mask/54622348.jpg,PUBLIC_REAL_PHOTOS,CC-BY-NC-4.0,163f17f05382553d24b5b064ecc6eb6831229265894c04b2b30c2aa75835f744
wseg_54678897,test,positive,wound_unspecified,False,0.032676,data/datasets/unet_public_real/images/wseg_54678897.png,data/datasets/unet_public_real/masks/wseg_54678897.png,hf_wseg_dataset,data/datasets/external/hf_wseg_dataset/extracted/wseg_dataset/sample/54678897.jpg,data/datasets/external/hf_wseg_dataset/extracted/wseg_dataset/mask/54678897.jpg,PUBLIC_REAL_PHOTOS,CC-BY-NC-4.0,dd95970295201d7f4774b4597847b357fdbc224bedf7c3b10992f62acc82400f
wseg_54757137,val,positive,wound_unspecified,False,0.031115,data/datasets/unet_public_real/images/wseg_54757137.png,data/datasets/unet_public_real/masks/wseg_54757137.png,hf_wseg_dataset,data/datasets/external/hf_wseg_dataset/extracted/wseg_dataset/sample/54757137.jpg,data/datasets/external/hf_wseg_dataset/extracted/wseg_dataset/mask/54757137.jpg,PUBLIC_REAL_PHOTOS,CC-BY-NC-4.0,b90a66d042129481138f856c694192ef35bf23684c2a6c1cef275d7d68110843
wseg_54782432,train,positive,wound_unspecified,False,0.123694,data/datasets/unet_public_real/images/wseg_54782432.png,data/datasets/unet_public_real/masks/wseg_54782432.png,hf_wseg_dataset,data/datasets/external/hf_wseg_dataset/extracted/wseg_dataset/sample/54782432.jpg,data/datasets/external/hf_wseg_dataset/extracted/wseg_dataset/mask/54782432.jpg,PUBLIC_REAL_PHOTOS,CC-BY-NC-4.0,fc5d9fa568246faf8cacb0e94cb9fbd8a9f5283062359bc774099a729fc6f376
wseg_54838598,train,positive,wound_unspecified,False,0.042971,data/datasets/unet_public_real/images/wseg_54838598.png,data/datasets/unet_public_real/masks/wseg_54838598.png,hf_wseg_dataset,data/datasets/external/hf_wseg_dataset/extracted/wseg_dataset/sample/54838598.jpg,data/datasets/external/hf_wseg_dataset/extracted/wseg_dataset/mask/54838598.jpg,PUBLIC_REAL_PHOTOS,CC-BY-NC-4.0,639d62c090dfb075d93c42e5bda89b0bb2fd40037157532a6cefc2dcbd62b524
wseg_54902152,train,positive,wound_unspecified,False,0.174268,data/datasets/unet_public_real/images/wseg_54902152.png,data/datasets/unet_public_real/masks/wseg_54902152.png,hf_wseg_dataset,data/datasets/external/hf_wseg_dataset/extracted/wseg_dataset/sample/54902152.jpg,data/datasets/external/hf_wseg_dataset/extracted/wseg_dataset/mask/54902152.jpg,PUBLIC_REAL_PHOTOS,CC-BY-NC-4.0,017c44c25e8aa838d373e6fb029ef9c8c073a8ccd857d415bd5bf4df70bc8d47
wseg_55009323,train,positive,wound_unspecified,False,0.118646,data/datasets/unet_public_real/images/wseg_55009323.png,data/datasets/unet_public_real/masks/wseg_55009323.png,hf_wseg_dataset,data/datasets/external/hf_wseg_dataset/extracted/wseg_dataset/sample/55009323.jpg,data/datasets/external/hf_wseg_dataset/extracted/wseg_dataset/mask/55009323.jpg,PUBLIC_REAL_PHOTOS,CC-BY-NC-4.0,41f2aead8ca2d0b841e17c326e1844bb91186dc69c07def2f6d1b9a68a3d2557
wseg_55021118,train,positive,wound_unspecified,False,0.313497,data/datasets/unet_public_real/images/wseg_55021118.png,data/datasets/unet_public_real/masks/wseg_55021118.png,hf_wseg_dataset,data/datasets/external/hf_wseg_dataset/extracted/wseg_dataset/sample/55021118.jpg,data/datasets/external/hf_wseg_dataset/extracted/wseg_dataset/mask/55021118.jpg,PUBLIC_REAL_PHOTOS,CC-BY-NC-4.0,e1060805121d410ed93f91d12634719f41fc3d927fa169e0d82a54d42124f0f3
wseg_55105027,train,positive,wound_unspecified,False,0.07552,data/datasets/unet_public_real/images/wseg_55105027.png,data/datasets/unet_public_real/masks/wseg_55105027.png,hf_wseg_dataset,data/datasets/external/hf_wseg_dataset/extracted/wseg_dataset/sample/55105027.jpg,data/datasets/external/hf_wseg_dataset/extracted/wseg_dataset/mask/55105027.jpg,PUBLIC_REAL_PHOTOS,CC-BY-NC-4.0,43bce125baa25d4677f5c753898bd27a83250b746d76c64b6b0db182924639da
wseg_55137721,val,positive,wound_unspecified,False,0.006371,data/datasets/unet_public_real/images/wseg_55137721.png,data/datasets/unet_public_real/masks/wseg_55137721.png,hf_wseg_dataset,data/datasets/external/hf_wseg_dataset/extracted/wseg_dataset/sample/55137721.jpg,data/datasets/external/hf_wseg_dataset/extracted/wseg_dataset/mask/55137721.jpg,PUBLIC_REAL_PHOTOS,CC-BY-NC-4.0,6e86fc31cd3ce40ca4a64355ae8be577272a1f2efddbeccb7262b571d08422a3
wseg_55213172,train,positive,wound_unspecified,False,0.03682,data/datasets/unet_public_real/images/wseg_55213172.png,data/datasets/unet_public_real/masks/wseg_55213172.png,hf_wseg_dataset,data/datasets/external/hf_wseg_dataset/extracted/wseg_dataset/sample/55213172.jpg,data/datasets/external/hf_wseg_dataset/extracted/wseg_dataset/mask/55213172.jpg,PUBLIC_REAL_PHOTOS,CC-BY-NC-4.0,2401d3ff2d49b40c55924d1d045f0e6e12dc0ac93cb4d36d09acb188a8d807e9
wseg_55253282,val,positive,wound_unspecified,False,0.032411,data/datasets/unet_public_real/images/wseg_55253282.png,data/datasets/unet_public_real/masks/wseg_55253282.png,hf_wseg_dataset,data/datasets/external/hf_wseg_dataset/extracted/wseg_dataset/sample/55253282.jpg,data/datasets/external/hf_wseg_dataset/extracted/wseg_dataset/mask/55253282.jpg,PUBLIC_REAL_PHOTOS,CC-BY-NC-4.0,54cf7f1499cb3b3b6aae75b7c9390c0fab4b00c715f7dffa8dcee05c851af8c1
wseg_55334854,train,positive,wound_unspecified,False,0.204918,data/datasets/unet_public_real/images/wseg_55334854.png,data/datasets/unet_public_real/masks/wseg_55334854.png,hf_wseg_dataset,data/datasets/external/hf_wseg_dataset/extracted/wseg_dataset/sample/55334854.jpg,data/datasets/external/hf_wseg_dataset/extracted/wseg_dataset/mask/55334854.jpg,PUBLIC_REAL_PHOTOS,CC-BY-NC-4.0,04a8e246340b158f4283a8bf8310fcc24fd8287c796d10d4a61cfab4c5372170
wseg_55436675,val,positive,wound_unspecified,False,0.153431,data/datasets/unet_public_real/images/wseg_55436675.png,data/datasets/unet_public_real/masks/wseg_55436675.png,hf_wseg_dataset,data/datasets/external/hf_wseg_dataset/extracted/wseg_dataset/sample/55436675.jpg,data/datasets/external/hf_wseg_dataset/extracted/wseg_dataset/mask/55436675.jpg,PUBLIC_REAL_PHOTOS,CC-BY-NC-4.0,c43d3c79c784204152f1b4ad9b9dd4c907db4ade211fe52e9e6c06a04f3d6de5
wseg_55457290,train,positive,wound_unspecified,False,0.096887,data/datasets/unet_public_real/images/wseg_55457290.png,data/datasets/unet_public_real/masks/wseg_55457290.png,hf_wseg_dataset,data/datasets/external/hf_wseg_dataset/extracted/wseg_dataset/sample/55457290.jpg,data/datasets/external/hf_wseg_dataset/extracted/wseg_dataset/mask/55457290.jpg,PUBLIC_REAL_PHOTOS,CC-BY-NC-4.0,7c2e96c98b1901063d94699caed12a5ee10db6e1cd30bb4392c4f77b2b2bfe67
wseg_55588287,test,positive,wound_unspecified,False,0.136937,data/datasets/unet_public_real/images/wseg_55588287.png,data/datasets/unet_public_real/masks/wseg_55588287.png,hf_wseg_dataset,data/datasets/external/hf_wseg_dataset/extracted/wseg_dataset/sample/55588287.jpg,data/datasets/external/hf_wseg_dataset/extracted/wseg_dataset/mask/55588287.jpg,PUBLIC_REAL_PHOTOS,CC-BY-NC-4.0,bb5bc71d0df100aeba18a00fadd58102b1f47f9a2d3d5ff312bf91ffe1a95ace
wseg_55673802,val,positive,wound_unspecified,False,0.139311,data/datasets/unet_public_real/images/wseg_55673802.png,data/datasets/unet_public_real/masks/wseg_55673802.png,hf_wseg_dataset,data/datasets/external/hf_wseg_dataset/extracted/wseg_dataset/sample/55673802.jpg,data/datasets/external/hf_wseg_dataset/extracted/wseg_dataset/mask/55673802.jpg,PUBLIC_REAL_PHOTOS,CC-BY-NC-4.0,1af4a178b0e253c39b589b18dabf34451f137b4a7c43dc73786a2bf50ef5dd4f
wseg_55697243,val,positive,wound_unspecified,False,0.219814,data/datasets/unet_public_real/images/wseg_55697243.png,data/datasets/unet_public_real/masks/wseg_55697243.png,hf_wseg_dataset,data/datasets/external/hf_wseg_dataset/extracted/wseg_dataset/sample/55697243.jpg,data/datasets/external/hf_wseg_dataset/extracted/wseg_dataset/mask/55697243.jpg,PUBLIC_REAL_PHOTOS,CC-BY-NC-4.0,7f606489ea243996ed88d9c9d5871a34985841a71bac53d53aaa43eab74d8eed
wseg_55755884,train,positive,wound_unspecified,False,0.051816,data/datasets/unet_public_real/images/wseg_55755884.png,data/datasets/unet_public_real/masks/wseg_55755884.png,hf_wseg_dataset,data/datasets/external/hf_wseg_dataset/extracted/wseg_dataset/sample/55755884.jpg,data/datasets/external/hf_wseg_dataset/extracted/wseg_dataset/mask/55755884.jpg,PUBLIC_REAL_PHOTOS,CC-BY-NC-4.0,7e6bcc61cab89d569cffa717fe3fb71a3c9720a15cee3547da33f148bf9e090e
wseg_55848186,train,positive,wound_unspecified,False,0.224386,data/datasets/unet_public_real/images/wseg_55848186.png,data/datasets/unet_public_real/masks/wseg_55848186.png,hf_wseg_dataset,data/datasets/external/hf_wseg_dataset/extracted/wseg_dataset/sample/55848186.jpg,data/datasets/external/hf_wseg_dataset/extracted/wseg_dataset/mask/55848186.jpg,PUBLIC_REAL_PHOTOS,CC-BY-NC-4.0,0b07fd9fb3d9af3eca6e88079368c188ad2d57db86a14a688b250e3b45be2271
wseg_55883398,train,positive,wound_unspecified,False,0.150638,data/datasets/unet_public_real/images/wseg_55883398.png,data/datasets/unet_public_real/masks/wseg_55883398.png,hf_wseg_dataset,data/datasets/external/hf_wseg_dataset/extracted/wseg_dataset/sample/55883398.jpg,data/datasets/external/hf_wseg_dataset/extracted/wseg_dataset/mask/55883398.jpg,PUBLIC_REAL_PHOTOS,CC-BY-NC-4.0,0a25b894b16caacba5b804890481be58dfe738f2aa59cc259c40f96d2b856e61
wseg_55934943,train,positive,wound_unspecified,False,0.03462,data/datasets/unet_public_real/images/wseg_55934943.png,data/datasets/unet_public_real/masks/wseg_55934943.png,hf_wseg_dataset,data/datasets/external/hf_wseg_dataset/extracted/wseg_dataset/sample/55934943.jpg,data/datasets/external/hf_wseg_dataset/extracted/wseg_dataset/mask/55934943.jpg,PUBLIC_REAL_PHOTOS,CC-BY-NC-4.0,c450871652a931c3168c85f11d9587e6e5018fad28f198694125822216f22dce
wseg_55990393,train,positive,wound_unspecified,False,0.149579,data/datasets/unet_public_real/images/wseg_55990393.png,data/datasets/unet_public_real/masks/wseg_55990393.png,hf_wseg_dataset,data/datasets/external/hf_wseg_dataset/extracted/wseg_dataset/sample/55990393.jpg,data/datasets/external/hf_wseg_dataset/extracted/wseg_dataset/mask/55990393.jpg,PUBLIC_REAL_PHOTOS,CC-BY-NC-4.0,f06e9a26f62b974215df7ac51bbe7c5a5308a3f19cf3b79b590a1f1a9dd99b82
wseg_56141946,train,positive,wound_unspecified,False,0.187996,data/datasets/unet_public_real/images/wseg_56141946.png,data/datasets/unet_public_real/masks/wseg_56141946.png,hf_wseg_dataset,data/datasets/external/hf_wseg_dataset/extracted/wseg_dataset/sample/56141946.jpg,data/datasets/external/hf_wseg_dataset/extracted/wseg_dataset/mask/56141946.jpg,PUBLIC_REAL_PHOTOS,CC-BY-NC-4.0,a2cf7e832f825171a31d1f42806010248849b1fa3dd8c65f28f993147fd0ebcc
wseg_56230123,train,positive,wound_unspecified,False,0.091903,data/datasets/unet_public_real/images/wseg_56230123.png,data/datasets/unet_public_real/masks/wseg_56230123.png,hf_wseg_dataset,data/datasets/external/hf_wseg_dataset/extracted/wseg_dataset/sample/56230123.jpg,data/datasets/external/hf_wseg_dataset/extracted/wseg_dataset/mask/56230123.jpg,PUBLIC_REAL_PHOTOS,CC-BY-NC-4.0,4ec52360d5836a652af1bfabd6c92464b41bbdc3c2a684b5d841b9d61c088a91
wseg_56342820,train,positive,wound_unspecified,False,0.072635,data/datasets/unet_public_real/images/wseg_56342820.png,data/datasets/unet_public_real/masks/wseg_56342820.png,hf_wseg_dataset,data/datasets/external/hf_wseg_dataset/extracted/wseg_dataset/sample/56342820.jpg,data/datasets/external/hf_wseg_dataset/extracted/wseg_dataset/mask/56342820.jpg,PUBLIC_REAL_PHOTOS,CC-BY-NC-4.0,5f2d07c73d191e447829abfb49aaf694669b19cc58484e415960b35c66e9e393
wseg_56436113,train,positive,wound_unspecified,False,0.038828,data/datasets/unet_public_real/images/wseg_56436113.png,data/datasets/unet_public_real/masks/wseg_56436113.png,hf_wseg_dataset,data/datasets/external/hf_wseg_dataset/extracted/wseg_dataset/sample/56436113.jpg,data/datasets/external/hf_wseg_dataset/extracted/wseg_dataset/mask/56436113.jpg,PUBLIC_REAL_PHOTOS,CC-BY-NC-4.0,7e4ee70a328b9dbc8fbc028d130a75f6e4ebe7e4fce487215d9c32b3977efcab
wseg_56544268,train,positive,wound_unspecified,False,0.018145,data/datasets/unet_public_real/images/wseg_56544268.png,data/datasets/unet_public_real/masks/wseg_56544268.png,hf_wseg_dataset,data/datasets/external/hf_wseg_dataset/extracted/wseg_dataset/sample/56544268.jpg,data/datasets/external/hf_wseg_dataset/extracted/wseg_dataset/mask/56544268.jpg,PUBLIC_REAL_PHOTOS,CC-BY-NC-4.0,4c77c28861c0504bb9645cde823a6efe4720755034359c0f53f4cdcbe3abbfa8
wseg_56582685,train,positive,wound_unspecified,False,0.178887,data/datasets/unet_public_real/images/wseg_56582685.png,data/datasets/unet_public_real/masks/wseg_56582685.png,hf_wseg_dataset,data/datasets/external/hf_wseg_dataset/extracted/wseg_dataset/sample/56582685.jpg,data/datasets/external/hf_wseg_dataset/extracted/wseg_dataset/mask/56582685.jpg,PUBLIC_REAL_PHOTOS,CC-BY-NC-4.0,443c5e8843b1cd3295f92e469321f14a9e450711cc5228a2d4e0f0ee45625156
wseg_56644316,test,positive,wound_unspecified,False,0.142003,data/datasets/unet_public_real/images/wseg_56644316.png,data/datasets/unet_public_real/masks/wseg_56644316.png,hf_wseg_dataset,data/datasets/external/hf_wseg_dataset/extracted/wseg_dataset/sample/56644316.jpg,data/datasets/external/hf_wseg_dataset/extracted/wseg_dataset/mask/56644316.jpg,PUBLIC_REAL_PHOTOS,CC-BY-NC-4.0,4cba81860864bf9b259cf555b58e8596f0716854002fcc1931a4443a4d9ff3ce
wseg_56705739,test,positive,wound_unspecified,False,0.01464,data/datasets/unet_public_real/images/wseg_56705739.png,data/datasets/unet_public_real/masks/wseg_56705739.png,hf_wseg_dataset,data/datasets/external/hf_wseg_dataset/extracted/wseg_dataset/sample/56705739.jpg,data/datasets/external/hf_wseg_dataset/extracted/wseg_dataset/mask/56705739.jpg,PUBLIC_REAL_PHOTOS,CC-BY-NC-4.0,473b12199d2b9c3a1f3b418fba7845c18c578d96739e2f8e27467da21116b16b
wseg_56765199,test,positive,wound_unspecified,False,0.191984,data/datasets/unet_public_real/images/wseg_56765199.png,data/datasets/unet_public_real/masks/wseg_56765199.png,hf_wseg_dataset,data/datasets/external/hf_wseg_dataset/extracted/wseg_dataset/sample/56765199.jpg,data/datasets/external/hf_wseg_dataset/extracted/wseg_dataset/mask/56765199.jpg,PUBLIC_REAL_PHOTOS,CC-BY-NC-4.0,6897ec2065512231c834be1333c1e9a54f438f147381abc5583f98878c61001d
wseg_56865614,train,positive,wound_unspecified,False,0.045482,data/datasets/unet_public_real/images/wseg_56865614.png,data/datasets/unet_public_real/masks/wseg_56865614.png,hf_wseg_dataset,data/datasets/external/hf_wseg_dataset/extracted/wseg_dataset/sample/56865614.jpg,data/datasets/external/hf_wseg_dataset/extracted/wseg_dataset/mask/56865614.jpg,PUBLIC_REAL_PHOTOS,CC-BY-NC-4.0,ee1aadc79feb19700a6be40bb1d140d075616c902ba35042bb741512ae2cf788
wseg_56940766,test,positive,wound_unspecified,False,0.201185,data/datasets/unet_public_real/images/wseg_56940766.png,data/datasets/unet_public_real/masks/wseg_56940766.png,hf_wseg_dataset,data/datasets/external/hf_wseg_dataset/extracted/wseg_dataset/sample/56940766.jpg,data/datasets/external/hf_wseg_dataset/extracted/wseg_dataset/mask/56940766.jpg,PUBLIC_REAL_PHOTOS,CC-BY-NC-4.0,e7e32b11bb5b39445af1cc68efc55c26bdcdc8bc203d894e9853c4fa70284f51
wseg_57019262,test,positive,wound_unspecified,False,0.03953,data/datasets/unet_public_real/images/wseg_57019262.png,data/datasets/unet_public_real/masks/wseg_57019262.png,hf_wseg_dataset,data/datasets/external/hf_wseg_dataset/extracted/wseg_dataset/sample/57019262.jpg,data/datasets/external/hf_wseg_dataset/extracted/wseg_dataset/mask/57019262.jpg,PUBLIC_REAL_PHOTOS,CC-BY-NC-4.0,5785fad59e9183dda917a817f483e9bcf013fa070ad011011c7654909a32dc9f
wseg_57106596,train,positive,wound_unspecified,False,0.016621,data/datasets/unet_public_real/images/wseg_57106596.png,data/datasets/unet_public_real/masks/wseg_57106596.png,hf_wseg_dataset,data/datasets/external/hf_wseg_dataset/extracted/wseg_dataset/sample/57106596.jpg,data/datasets/external/hf_wseg_dataset/extracted/wseg_dataset/mask/57106596.jpg,PUBLIC_REAL_PHOTOS,CC-BY-NC-4.0,c67bf5fa7c3d3886452063dafe81820c0735ce13ef2577e298d634af73058168
wseg_57190118,train,positive,wound_unspecified,False,0.046285,data/datasets/unet_public_real/images/wseg_57190118.png,data/datasets/unet_public_real/masks/wseg_57190118.png,hf_wseg_dataset,data/datasets/external/hf_wseg_dataset/extracted/wseg_dataset/sample/57190118.jpg,data/datasets/external/hf_wseg_dataset/extracted/wseg_dataset/mask/57190118.jpg,PUBLIC_REAL_PHOTOS,CC-BY-NC-4.0,6b73c2dc4fb6f330a5885ad0d2c6ea0e5e11d56e2f840fc98073c5b86340a1db
wseg_57234753,train,positive,wound_unspecified,False,0.044404,data/datasets/unet_public_real/images/wseg_57234753.png,data/datasets/unet_public_real/masks/wseg_57234753.png,hf_wseg_dataset,data/datasets/external/hf_wseg_dataset/extracted/wseg_dataset/sample/57234753.jpg,data/datasets/external/hf_wseg_dataset/extracted/wseg_dataset/mask/57234753.jpg,PUBLIC_REAL_PHOTOS,CC-BY-NC-4.0,c1e526e79b5313e8f267dd7e48ca4910e3486ba6d1bbfe5134512ff58c2cd424
wseg_57325327,train,positive,wound_unspecified,False,0.018583,data/datasets/unet_public_real/images/wseg_57325327.png,data/datasets/unet_public_real/masks/wseg_57325327.png,hf_wseg_dataset,data/datasets/external/hf_wseg_dataset/extracted/wseg_dataset/sample/57325327.jpg,data/datasets/external/hf_wseg_dataset/extracted/wseg_dataset/mask/57325327.jpg,PUBLIC_REAL_PHOTOS,CC-BY-NC-4.0,031bc58e3f160c9eff168acbf5ece00b6ae222624b029f8fca4ac761eaf91f86
wseg_57370736,test,positive,wound_unspecified,False,0.052583,data/datasets/unet_public_real/images/wseg_57370736.png,data/datasets/unet_public_real/masks/wseg_57370736.png,hf_wseg_dataset,data/datasets/external/hf_wseg_dataset/extracted/wseg_dataset/sample/57370736.jpg,data/datasets/external/hf_wseg_dataset/extracted/wseg_dataset/mask/57370736.jpg,PUBLIC_REAL_PHOTOS,CC-BY-NC-4.0,1969f9bd0250b38926e373947c8bf2efa790a114542641f288d7948bef227141
wseg_57431870,train,positive,wound_unspecified,False,0.094468,data/datasets/unet_public_real/images/wseg_57431870.png,data/datasets/unet_public_real/masks/wseg_57431870.png,hf_wseg_dataset,data/datasets/external/hf_wseg_dataset/extracted/wseg_dataset/sample/57431870.jpg,data/datasets/external/hf_wseg_dataset/extracted/wseg_dataset/mask/57431870.jpg,PUBLIC_REAL_PHOTOS,CC-BY-NC-4.0,aaf9afd3a45196af2279916c3d5b14e359033f52d34be546ec9cf0e5d59600ba
wseg_57494528,test,positive,wound_unspecified,False,0.110651,data/datasets/unet_public_real/images/wseg_57494528.png,data/datasets/unet_public_real/masks/wseg_57494528.png,hf_wseg_dataset,data/datasets/external/hf_wseg_dataset/extracted/wseg_dataset/sample/57494528.jpg,data/datasets/external/hf_wseg_dataset/extracted/wseg_dataset/mask/57494528.jpg,PUBLIC_REAL_PHOTOS,CC-BY-NC-4.0,4e9e33e6365f20d9ed7d6aa8d59cb2cd4c531a61544a651b11e278b90518ce10
wseg_57592114,train,positive,wound_unspecified,False,0.148657,data/datasets/unet_public_real/images/wseg_57592114.png,data/datasets/unet_public_real/masks/wseg_57592114.png,hf_wseg_dataset,data/datasets/external/hf_wseg_dataset/extracted/wseg_dataset/sample/57592114.jpg,data/datasets/external/hf_wseg_dataset/extracted/wseg_dataset/mask/57592114.jpg,PUBLIC_REAL_PHOTOS,CC-BY-NC-4.0,05c3e7180b6d39711fc33d78c5ab0844c3623ee4ad5141fbb66822dba5570016
wseg_57627708,val,positive,wound_unspecified,False,0.01265,data/datasets/unet_public_real/images/wseg_57627708.png,data/datasets/unet_public_real/masks/wseg_57627708.png,hf_wseg_dataset,data/datasets/external/hf_wseg_dataset/extracted/wseg_dataset/sample/57627708.jpg,data/datasets/external/hf_wseg_dataset/extracted/wseg_dataset/mask/57627708.jpg,PUBLIC_REAL_PHOTOS,CC-BY-NC-4.0,50e42dbc622307993f4e507e60c39a636b867d508aa47e4aead53ca65530497c
wseg_57688526,train,positive,wound_unspecified,False,0.043875,data/datasets/unet_public_real/images/wseg_57688526.png,data/datasets/unet_public_real/masks/wseg_57688526.png,hf_wseg_dataset,data/datasets/external/hf_wseg_dataset/extracted/wseg_dataset/sample/57688526.jpg,data/datasets/external/hf_wseg_dataset/extracted/wseg_dataset/mask/57688526.jpg,PUBLIC_REAL_PHOTOS,CC-BY-NC-4.0,03c2908617ec3b03b40c81dbc7a4b67f9b5babf016b1f3d357145cc5110d3f48
wseg_57757632,train,positive,wound_unspecified,False,0.09068,data/datasets/unet_public_real/images/wseg_57757632.png,data/datasets/unet_public_real/masks/wseg_57757632.png,hf_wseg_dataset,data/datasets/external/hf_wseg_dataset/extracted/wseg_dataset/sample/57757632.jpg,data/datasets/external/hf_wseg_dataset/extracted/wseg_dataset/mask/57757632.jpg,PUBLIC_REAL_PHOTOS,CC-BY-NC-4.0,47a6090e6b18bd4659d2a59910236172cec0cd82f1dbf36be64e3a758b3ee738
wseg_57763015,train,positive,wound_unspecified,False,0.14726,data/datasets/unet_public_real/images/wseg_57763015.png,data/datasets/unet_public_real/masks/wseg_57763015.png,hf_wseg_dataset,data/datasets/external/hf_wseg_dataset/extracted/wseg_dataset/sample/57763015.jpg,data/datasets/external/hf_wseg_dataset/extracted/wseg_dataset/mask/57763015.jpg,PUBLIC_REAL_PHOTOS,CC-BY-NC-4.0,262be66410c28aa5c1f468fb72e73e7cc6290b56ceddaf2709d60077078c289e
wseg_57777600,test,positive,wound_unspecified,False,0.082146,data/datasets/unet_public_real/images/wseg_57777600.png,data/datasets/unet_public_real/masks/wseg_57777600.png,hf_wseg_dataset,data/datasets/external/hf_wseg_dataset/extracted/wseg_dataset/sample/57777600.jpg,data/datasets/external/hf_wseg_dataset/extracted/wseg_dataset/mask/57777600.jpg,PUBLIC_REAL_PHOTOS,CC-BY-NC-4.0,b8d06b8feacb7220b3df38d30e202aabc8a257aba6b3fac25fd15ed92bf0f98f
wseg_57808444,train,positive,wound_unspecified,False,0.048658,data/datasets/unet_public_real/images/wseg_57808444.png,data/datasets/unet_public_real/masks/wseg_57808444.png,hf_wseg_dataset,data/datasets/external/hf_wseg_dataset/extracted/wseg_dataset/sample/57808444.jpg,data/datasets/external/hf_wseg_dataset/extracted/wseg_dataset/mask/57808444.jpg,PUBLIC_REAL_PHOTOS,CC-BY-NC-4.0,3367850cbd50ccd5965483a5dec2583f435eebf2d258a8ee510aa3951a0516cf
wseg_57865192,train,positive,wound_unspecified,False,0.141912,data/datasets/unet_public_real/images/wseg_57865192.png,data/datasets/unet_public_real/masks/wseg_57865192.png,hf_wseg_dataset,data/datasets/external/hf_wseg_dataset/extracted/wseg_dataset/sample/57865192.jpg,data/datasets/external/hf_wseg_dataset/extracted/wseg_dataset/mask/57865192.jpg,PUBLIC_REAL_PHOTOS,CC-BY-NC-4.0,2192adbca530609aae550d2c10b2becf8870357b1716da676d77fdd3ba75686a
wseg_57931247,train,positive,wound_unspecified,False,0.154973,data/datasets/unet_public_real/images/wseg_57931247.png,data/datasets/unet_public_real/masks/wseg_57931247.png,hf_wseg_dataset,data/datasets/external/hf_wseg_dataset/extracted/wseg_dataset/sample/57931247.jpg,data/datasets/external/hf_wseg_dataset/extracted/wseg_dataset/mask/57931247.jpg,PUBLIC_REAL_PHOTOS,CC-BY-NC-4.0,08b2f3f29429607f9e75f6ded8486db8d99e9883fc0715a61b4d1a9e6628ae80
wseg_57941401,val,positive,wound_unspecified,False,0.04184,data/datasets/unet_public_real/images/wseg_57941401.png,data/datasets/unet_public_real/masks/wseg_57941401.png,hf_wseg_dataset,data/datasets/external/hf_wseg_dataset/extracted/wseg_dataset/sample/57941401.jpg,data/datasets/external/hf_wseg_dataset/extracted/wseg_dataset/mask/57941401.jpg,PUBLIC_REAL_PHOTOS,CC-BY-NC-4.0,f686f62ad516f27cc96efaafc03bdabda31fff0612b309e5e6b576216fdbdbb4
wseg_57980639,train,positive,wound_unspecified,False,0.031946,data/datasets/unet_public_real/images/wseg_57980639.png,data/datasets/unet_public_real/masks/wseg_57980639.png,hf_wseg_dataset,data/datasets/external/hf_wseg_dataset/extracted/wseg_dataset/sample/57980639.jpg,data/datasets/external/hf_wseg_dataset/extracted/wseg_dataset/mask/57980639.jpg,PUBLIC_REAL_PHOTOS,CC-BY-NC-4.0,d84d29a71461de9044b0191e91999e59094a8d8093955547d60f91b9152bafe0
wseg_57997203,train,positive,wound_unspecified,False,0.06715,data/datasets/unet_public_real/images/wseg_57997203.png,data/datasets/unet_public_real/masks/wseg_57997203.png,hf_wseg_dataset,data/datasets/external/hf_wseg_dataset/extracted/wseg_dataset/sample/57997203.jpg,data/datasets/external/hf_wseg_dataset/extracted/wseg_dataset/mask/57997203.jpg,PUBLIC_REAL_PHOTOS,CC-BY-NC-4.0,d20a684915d5e41d925fe19486d781e3d6c87b9c2e99205a35079a20f77c2819
wseg_58020628,train,positive,wound_unspecified,False,0.023311,data/datasets/unet_public_real/images/wseg_58020628.png,data/datasets/unet_public_real/masks/wseg_58020628.png,hf_wseg_dataset,data/datasets/external/hf_wseg_dataset/extracted/wseg_dataset/sample/58020628.jpg,data/datasets/external/hf_wseg_dataset/extracted/wseg_dataset/mask/58020628.jpg,PUBLIC_REAL_PHOTOS,CC-BY-NC-4.0,0ade31df8d349ebced7499370388d43202be1329d01a9201470865570853ea02
wseg_58049379,test,positive,wound_unspecified,False,0.012066,data/datasets/unet_public_real/images/wseg_58049379.png,data/datasets/unet_public_real/masks/wseg_58049379.png,hf_wseg_dataset,data/datasets/external/hf_wseg_dataset/extracted/wseg_dataset/sample/58049379.jpg,data/datasets/external/hf_wseg_dataset/extracted/wseg_dataset/mask/58049379.jpg,PUBLIC_REAL_PHOTOS,CC-BY-NC-4.0,06f319c26e2b7c34e13936184ed47a2e6327724c845e57ccaf0d208cd530e9ce
wseg_58094287,val,positive,wound_unspecified,False,0.177746,data/datasets/unet_public_real/images/wseg_58094287.png,data/datasets/unet_public_real/masks/wseg_58094287.png,hf_wseg_dataset,data/datasets/external/hf_wseg_dataset/extracted/wseg_dataset/sample/58094287.jpg,data/datasets/external/hf_wseg_dataset/extracted/wseg_dataset/mask/58094287.jpg,PUBLIC_REAL_PHOTOS,CC-BY-NC-4.0,55e052897d267bb40dc9174dd7cc033b010505d9071f8cf750ba4509e141beeb
wseg_58131630,train,positive,wound_unspecified,False,0.010423,data/datasets/unet_public_real/images/wseg_58131630.png,data/datasets/unet_public_real/masks/wseg_58131630.png,hf_wseg_dataset,data/datasets/external/hf_wseg_dataset/extracted/wseg_dataset/sample/58131630.jpg,data/datasets/external/hf_wseg_dataset/extracted/wseg_dataset/mask/58131630.jpg,PUBLIC_REAL_PHOTOS,CC-BY-NC-4.0,f965268797ce3d0e3aeaf76c86523089e7ae54ca491a116a05f4428d790b0831
wseg_58154024,train,positive,wound_unspecified,False,0.045445,data/datasets/unet_public_real/images/wseg_58154024.png,data/datasets/unet_public_real/masks/wseg_58154024.png,hf_wseg_dataset,data/datasets/external/hf_wseg_dataset/extracted/wseg_dataset/sample/58154024.jpg,data/datasets/external/hf_wseg_dataset/extracted/wseg_dataset/mask/58154024.jpg,PUBLIC_REAL_PHOTOS,CC-BY-NC-4.0,214bb81bb5f2c1665713f90c8c21557d5cece242929a379706dec08ed8074653
wseg_58242357,train,positive,wound_unspecified,False,0.007466,data/datasets/unet_public_real/images/wseg_58242357.png,data/datasets/unet_public_real/masks/wseg_58242357.png,hf_wseg_dataset,data/datasets/external/hf_wseg_dataset/extracted/wseg_dataset/sample/58242357.jpg,data/datasets/external/hf_wseg_dataset/extracted/wseg_dataset/mask/58242357.jpg,PUBLIC_REAL_PHOTOS,CC-BY-NC-4.0,3be6213ca20ce2afaffb4763cd0b027fdb2dbb2f49e9b89ff15af98a7df559e8
wseg_58280692,train,positive,wound_unspecified,False,0.026652,data/datasets/unet_public_real/images/wseg_58280692.png,data/datasets/unet_public_real/masks/wseg_58280692.png,hf_wseg_dataset,data/datasets/external/hf_wseg_dataset/extracted/wseg_dataset/sample/58280692.jpg,data/datasets/external/hf_wseg_dataset/extracted/wseg_dataset/mask/58280692.jpg,PUBLIC_REAL_PHOTOS,CC-BY-NC-4.0,6cf848f7fc2959659aa690969b06c15f2bc03072321cca043164394046b2a70b
wseg_58320252,val,positive,wound_unspecified,False,0.163607,data/datasets/unet_public_real/images/wseg_58320252.png,data/datasets/unet_public_real/masks/wseg_58320252.png,hf_wseg_dataset,data/datasets/external/hf_wseg_dataset/extracted/wseg_dataset/sample/58320252.jpg,data/datasets/external/hf_wseg_dataset/extracted/wseg_dataset/mask/58320252.jpg,PUBLIC_REAL_PHOTOS,CC-BY-NC-4.0,17ca060908fd43c6a7da6b5d467a42e6271c5e30d506a2c4c76b71a3f4ff467f
wseg_58363435,val,positive,wound_unspecified,False,0.138745,data/datasets/unet_public_real/images/wseg_58363435.png,data/datasets/unet_public_real/masks/wseg_58363435.png,hf_wseg_dataset,data/datasets/external/hf_wseg_dataset/extracted/wseg_dataset/sample/58363435.jpg,data/datasets/external/hf_wseg_dataset/extracted/wseg_dataset/mask/58363435.jpg,PUBLIC_REAL_PHOTOS,CC-BY-NC-4.0,4bfd8aadc08acfbd501d7d08054008025eae0d0652b6dbc60eb32f5be472d6c2
wseg_58379428,train,positive,wound_unspecified,False,0.015434,data/datasets/unet_public_real/images/wseg_58379428.png,data/datasets/unet_public_real/masks/wseg_58379428.png,hf_wseg_dataset,data/datasets/external/hf_wseg_dataset/extracted/wseg_dataset/sample/58379428.jpg,data/datasets/external/hf_wseg_dataset/extracted/wseg_dataset/mask/58379428.jpg,PUBLIC_REAL_PHOTOS,CC-BY-NC-4.0,5bd6c47ebd6af388537eeb3a01615a3a1702f796795e0bc5b0999fae7646cb0d
wseg_58430077,train,positive,wound_unspecified,False,0.039184,data/datasets/unet_public_real/images/wseg_58430077.png,data/datasets/unet_public_real/masks/wseg_58430077.png,hf_wseg_dataset,data/datasets/external/hf_wseg_dataset/extracted/wseg_dataset/sample/58430077.jpg,data/datasets/external/hf_wseg_dataset/extracted/wseg_dataset/mask/58430077.jpg,PUBLIC_REAL_PHOTOS,CC-BY-NC-4.0,8ebb6317d81ede77ff776b47902736381ffdb2088e31b797d5c10b01b8d3fef7
wseg_58435689,train,positive,wound_unspecified,False,0.092369,data/datasets/unet_public_real/images/wseg_58435689.png,data/datasets/unet_public_real/masks/wseg_58435689.png,hf_wseg_dataset,data/datasets/external/hf_wseg_dataset/extracted/wseg_dataset/sample/58435689.jpg,data/datasets/external/hf_wseg_dataset/extracted/wseg_dataset/mask/58435689.jpg,PUBLIC_REAL_PHOTOS,CC-BY-NC-4.0,8f56bbfb772178d665520a85e3e0f5ca6f3c9e7a56fda883e21dc46fc25386c9
wseg_58536344,train,positive,wound_unspecified,False,0.061847,data/datasets/unet_public_real/images/wseg_58536344.png,data/datasets/unet_public_real/masks/wseg_58536344.png,hf_wseg_dataset,data/datasets/external/hf_wseg_dataset/extracted/wseg_dataset/sample/58536344.jpg,data/datasets/external/hf_wseg_dataset/extracted/wseg_dataset/mask/58536344.jpg,PUBLIC_REAL_PHOTOS,CC-BY-NC-4.0,8e2d62f53ae1df0f529ec8cb1a24a48e3c5c517246254812f661abe92872b09c
wseg_58563825,val,positive,wound_unspecified,False,0.051569,data/datasets/unet_public_real/images/wseg_58563825.png,data/datasets/unet_public_real/masks/wseg_58563825.png,hf_wseg_dataset,data/datasets/external/hf_wseg_dataset/extracted/wseg_dataset/sample/58563825.jpg,data/datasets/external/hf_wseg_dataset/extracted/wseg_dataset/mask/58563825.jpg,PUBLIC_REAL_PHOTOS,CC-BY-NC-4.0,7f2d77a1394fffea44f368be4c32b63c391bc28e661e0114e99cbf79333f5fc7
wseg_58572448,train,positive,wound_unspecified,False,0.068911,data/datasets/unet_public_real/images/wseg_58572448.png,data/datasets/unet_public_real/masks/wseg_58572448.png,hf_wseg_dataset,data/datasets/external/hf_wseg_dataset/extracted/wseg_dataset/sample/58572448.jpg,data/datasets/external/hf_wseg_dataset/extracted/wseg_dataset/mask/58572448.jpg,PUBLIC_REAL_PHOTOS,CC-BY-NC-4.0,60c4d33b7066169921fdd25db24caaa8acf10f81666cb7b6c1fc7f09ce804996
wseg_58602622,train,positive,wound_unspecified,False,0.069039,data/datasets/unet_public_real/images/wseg_58602622.png,data/datasets/unet_public_real/masks/wseg_58602622.png,hf_wseg_dataset,data/datasets/external/hf_wseg_dataset/extracted/wseg_dataset/sample/58602622.jpg,data/datasets/external/hf_wseg_dataset/extracted/wseg_dataset/mask/58602622.jpg,PUBLIC_REAL_PHOTOS,CC-BY-NC-4.0,130cd3753bc569ae0df7bffa6572e5662aebb007616a4f30f9577560b25e4076
wseg_58652879,train,positive,wound_unspecified,False,0.185705,data/datasets/unet_public_real/images/wseg_58652879.png,data/datasets/unet_public_real/masks/wseg_58652879.png,hf_wseg_dataset,data/datasets/external/hf_wseg_dataset/extracted/wseg_dataset/sample/58652879.jpg,data/datasets/external/hf_wseg_dataset/extracted/wseg_dataset/mask/58652879.jpg,PUBLIC_REAL_PHOTOS,CC-BY-NC-4.0,6581ae2bd52b5f478520d5dbcbbeddad4472757a3ab1df61e0e007c8c14f4793
wseg_58690308,train,positive,wound_unspecified,False,0.008215,data/datasets/unet_public_real/images/wseg_58690308.png,data/datasets/unet_public_real/masks/wseg_58690308.png,hf_wseg_dataset,data/datasets/external/hf_wseg_dataset/extracted/wseg_dataset/sample/58690308.jpg,data/datasets/external/hf_wseg_dataset/extracted/wseg_dataset/mask/58690308.jpg,PUBLIC_REAL_PHOTOS,CC-BY-NC-4.0,e5c1583300a1aca47210c6b54c287df8ae2a89a011aacb201fa03a3977e7449b
wseg_58707810,train,positive,wound_unspecified,False,0.055403,data/datasets/unet_public_real/images/wseg_58707810.png,data/datasets/unet_public_real/masks/wseg_58707810.png,hf_wseg_dataset,data/datasets/external/hf_wseg_dataset/extracted/wseg_dataset/sample/58707810.jpg,data/datasets/external/hf_wseg_dataset/extracted/wseg_dataset/mask/58707810.jpg,PUBLIC_REAL_PHOTOS,CC-BY-NC-4.0,c98508af1961d5671f8a13dba200559e1453e4ad154f3a2b5b279f10c5783e64
wseg_58719321,val,positive,wound_unspecified,False,0.054399,data/datasets/unet_public_real/images/wseg_58719321.png,data/datasets/unet_public_real/masks/wseg_58719321.png,hf_wseg_dataset,data/datasets/external/hf_wseg_dataset/extracted/wseg_dataset/sample/58719321.jpg,data/datasets/external/hf_wseg_dataset/extracted/wseg_dataset/mask/58719321.jpg,PUBLIC_REAL_PHOTOS,CC-BY-NC-4.0,590b2399f87fc34db433263c621c70daa931fa37f89de0afe5a8811bc6225503
wseg_58737510,train,positive,wound_unspecified,False,0.076861,data/datasets/unet_public_real/images/wseg_58737510.png,data/datasets/unet_public_real/masks/wseg_58737510.png,hf_wseg_dataset,data/datasets/external/hf_wseg_dataset/extracted/wseg_dataset/sample/58737510.jpg,data/datasets/external/hf_wseg_dataset/extracted/wseg_dataset/mask/58737510.jpg,PUBLIC_REAL_PHOTOS,CC-BY-NC-4.0,a941d2420339d7ef71d97cbd03502b6bf96c2aa9a61ee2dd90d84f5171fcf9ad
wseg_58823088,train,positive,wound_unspecified,False,0.096741,data/datasets/unet_public_real/images/wseg_58823088.png,data/datasets/unet_public_real/masks/wseg_58823088.png,hf_wseg_dataset,data/datasets/external/hf_wseg_dataset/extracted/wseg_dataset/sample/58823088.jpg,data/datasets/external/hf_wseg_dataset/extracted/wseg_dataset/mask/58823088.jpg,PUBLIC_REAL_PHOTOS,CC-BY-NC-4.0,9f9ca97cde2ca26f0e9704e75715f05c7288cdc9115a88f8cfeb5021d1b1af02
wseg_58847566,train,positive,wound_unspecified,False,0.074479,data/datasets/unet_public_real/images/wseg_58847566.png,data/datasets/unet_public_real/masks/wseg_58847566.png,hf_wseg_dataset,data/datasets/external/hf_wseg_dataset/extracted/wseg_dataset/sample/58847566.jpg,data/datasets/external/hf_wseg_dataset/extracted/wseg_dataset/mask/58847566.jpg,PUBLIC_REAL_PHOTOS,CC-BY-NC-4.0,5e5b96d4dc177e1ddaf9e18cca7d00e7c919329559f5948d7dac6b9d63f24373
wseg_58876465,test,positive,wound_unspecified,False,0.029007,data/datasets/unet_public_real/images/wseg_58876465.png,data/datasets/unet_public_real/masks/wseg_58876465.png,hf_wseg_dataset,data/datasets/external/hf_wseg_dataset/extracted/wseg_dataset/sample/58876465.jpg,data/datasets/external/hf_wseg_dataset/extracted/wseg_dataset/mask/58876465.jpg,PUBLIC_REAL_PHOTOS,CC-BY-NC-4.0,160a812e4d2ddd34276615085a8e1300c906c82499176fd430acad81ea18b09f
wseg_58938971,test,positive,wound_unspecified,False,0.043483,data/datasets/unet_public_real/images/wseg_58938971.png,data/datasets/unet_public_real/masks/wseg_58938971.png,hf_wseg_dataset,data/datasets/external/hf_wseg_dataset/extracted/wseg_dataset/sample/58938971.jpg,data/datasets/external/hf_wseg_dataset/extracted/wseg_dataset/mask/58938971.jpg,PUBLIC_REAL_PHOTOS,CC-BY-NC-4.0,f2cd1f6aac723a6a0e07bf6e8b0d62471909a9328f5a3a52c646dbb35681ec17
wseg_58990945,test,positive,wound_unspecified,False,0.029865,data/datasets/unet_public_real/images/wseg_58990945.png,data/datasets/unet_public_real/masks/wseg_58990945.png,hf_wseg_dataset,data/datasets/external/hf_wseg_dataset/extracted/wseg_dataset/sample/58990945.jpg,data/datasets/external/hf_wseg_dataset/extracted/wseg_dataset/mask/58990945.jpg,PUBLIC_REAL_PHOTOS,CC-BY-NC-4.0,8d03f77b423049d3ee40525d19da0028c7ab56407cb364625581f5b73ff1df94
wseg_59002769,train,positive,wound_unspecified,False,0.01893,data/datasets/unet_public_real/images/wseg_59002769.png,data/datasets/unet_public_real/masks/wseg_59002769.png,hf_wseg_dataset,data/datasets/external/hf_wseg_dataset/extracted/wseg_dataset/sample/59002769.jpg,data/datasets/external/hf_wseg_dataset/extracted/wseg_dataset/mask/59002769.jpg,PUBLIC_REAL_PHOTOS,CC-BY-NC-4.0,cf0728711fd8529ddd9a0f6b4778b7fc7a3bf6199495b2160421a186f9f7c831
wseg_59057184,train,positive,wound_unspecified,False,0.051104,data/datasets/unet_public_real/images/wseg_59057184.png,data/datasets/unet_public_real/masks/wseg_59057184.png,hf_wseg_dataset,data/datasets/external/hf_wseg_dataset/extracted/wseg_dataset/sample/59057184.jpg,data/datasets/external/hf_wseg_dataset/extracted/wseg_dataset/mask/59057184.jpg,PUBLIC_REAL_PHOTOS,CC-BY-NC-4.0,ae4c49110ca972e95a97de3e48e4112b1f889c6c00f59f2a2fadde7fd9edff6a
wseg_59086531,val,positive,wound_unspecified,False,0.308823,data/datasets/unet_public_real/images/wseg_59086531.png,data/datasets/unet_public_real/masks/wseg_59086531.png,hf_wseg_dataset,data/datasets/external/hf_wseg_dataset/extracted/wseg_dataset/sample/59086531.jpg,data/datasets/external/hf_wseg_dataset/extracted/wseg_dataset/mask/59086531.jpg,PUBLIC_REAL_PHOTOS,CC-BY-NC-4.0,3b246af81a2ea6894392352f5c63e51a2310ea9c74884309ebe1ce3704d5a5a6
wseg_59102657,train,positive,wound_unspecified,False,0.169951,data/datasets/unet_public_real/images/wseg_59102657.png,data/datasets/unet_public_real/masks/wseg_59102657.png,hf_wseg_dataset,data/datasets/external/hf_wseg_dataset/extracted/wseg_dataset/sample/59102657.jpg,data/datasets/external/hf_wseg_dataset/extracted/wseg_dataset/mask/59102657.jpg,PUBLIC_REAL_PHOTOS,CC-BY-NC-4.0,424469b7f0478a1b589aef8a0c3fd0738e42d722d93040a42eedb5d4c9dec5c5
wseg_59121008,train,positive,wound_unspecified,False,0.015507,data/datasets/unet_public_real/images/wseg_59121008.png,data/datasets/unet_public_real/masks/wseg_59121008.png,hf_wseg_dataset,data/datasets/external/hf_wseg_dataset/extracted/wseg_dataset/sample/59121008.jpg,data/datasets/external/hf_wseg_dataset/extracted/wseg_dataset/mask/59121008.jpg,PUBLIC_REAL_PHOTOS,CC-BY-NC-4.0,53c9b9338f0adeb6c0acbb3b45c7d7db3b77bf6665401d2b0f46e551e32a70b6
wseg_59146784,test,positive,wound_unspecified,False,0.019222,data/datasets/unet_public_real/images/wseg_59146784.png,data/datasets/unet_public_real/masks/wseg_59146784.png,hf_wseg_dataset,data/datasets/external/hf_wseg_dataset/extracted/wseg_dataset/sample/59146784.jpg,data/datasets/external/hf_wseg_dataset/extracted/wseg_dataset/mask/59146784.jpg,PUBLIC_REAL_PHOTOS,CC-BY-NC-4.0,fc6ffe09a83575853f4e8347b3c17943325d95516331c7f6396c2fc3a2ab2261
wseg_59257493,test,positive,wound_unspecified,False,0.098913,data/datasets/unet_public_real/images/wseg_59257493.png,data/datasets/unet_public_real/masks/wseg_59257493.png,hf_wseg_dataset,data/datasets/external/hf_wseg_dataset/extracted/wseg_dataset/sample/59257493.jpg,data/datasets/external/hf_wseg_dataset/extracted/wseg_dataset/mask/59257493.jpg,PUBLIC_REAL_PHOTOS,CC-BY-NC-4.0,bdfe57fd3ccb15e6ec75eb07152e765664a6915aee33c3f911a29da867fa9700
wseg_59285149,val,positive,wound_unspecified,False,0.091264,data/datasets/unet_public_real/images/wseg_59285149.png,data/datasets/unet_public_real/masks/wseg_59285149.png,hf_wseg_dataset,data/datasets/external/hf_wseg_dataset/extracted/wseg_dataset/sample/59285149.jpg,data/datasets/external/hf_wseg_dataset/extracted/wseg_dataset/mask/59285149.jpg,PUBLIC_REAL_PHOTOS,CC-BY-NC-4.0,bcf21fb333fefafbcd2499968ef6f4cb68845ee5f5e5cb5efd0cdbc5af7d0d7b
wseg_59334966,train,positive,wound_unspecified,False,0.077957,data/datasets/unet_public_real/images/wseg_59334966.png,data/datasets/unet_public_real/masks/wseg_59334966.png,hf_wseg_dataset,data/datasets/external/hf_wseg_dataset/extracted/wseg_dataset/sample/59334966.jpg,data/datasets/external/hf_wseg_dataset/extracted/wseg_dataset/mask/59334966.jpg,PUBLIC_REAL_PHOTOS,CC-BY-NC-4.0,012679c198d28a1d890f84e9352c3bcc29f8e442c082f059dce24c47cd3b73d9
wseg_59367478,train,positive,wound_unspecified,False,0.06955,data/datasets/unet_public_real/images/wseg_59367478.png,data/datasets/unet_public_real/masks/wseg_59367478.png,hf_wseg_dataset,data/datasets/external/hf_wseg_dataset/extracted/wseg_dataset/sample/59367478.jpg,data/datasets/external/hf_wseg_dataset/extracted/wseg_dataset/mask/59367478.jpg,PUBLIC_REAL_PHOTOS,CC-BY-NC-4.0,4a64495f6cf4a24ad0fdfa1effb64eb77fb614975d9221a73afe0384833ad451
wseg_59408543,test,positive,wound_unspecified,False,0.037386,data/datasets/unet_public_real/images/wseg_59408543.png,data/datasets/unet_public_real/masks/wseg_59408543.png,hf_wseg_dataset,data/datasets/external/hf_wseg_dataset/extracted/wseg_dataset/sample/59408543.jpg,data/datasets/external/hf_wseg_dataset/extracted/wseg_dataset/mask/59408543.jpg,PUBLIC_REAL_PHOTOS,CC-BY-NC-4.0,fad01d670e8308e6e17074c67fbfd66915cad8869793eee4ed06026b3347b2e7
wseg_59429010,test,positive,wound_unspecified,False,0.052719,data/datasets/unet_public_real/images/wseg_59429010.png,data/datasets/unet_public_real/masks/wseg_59429010.png,hf_wseg_dataset,data/datasets/external/hf_wseg_dataset/extracted/wseg_dataset/sample/59429010.jpg,data/datasets/external/hf_wseg_dataset/extracted/wseg_dataset/mask/59429010.jpg,PUBLIC_REAL_PHOTOS,CC-BY-NC-4.0,f8972177ef0d168e0170ce7022cf638822ce1dc81f60fe6902a8c1efc95290ae
wseg_59445120,train,positive,wound_unspecified,False,0.281076,data/datasets/unet_public_real/images/wseg_59445120.png,data/datasets/unet_public_real/masks/wseg_59445120.png,hf_wseg_dataset,data/datasets/external/hf_wseg_dataset/extracted/wseg_dataset/sample/59445120.jpg,data/datasets/external/hf_wseg_dataset/extracted/wseg_dataset/mask/59445120.jpg,PUBLIC_REAL_PHOTOS,CC-BY-NC-4.0,fd80194a594eef7648ed4d7925d5702f1b46089067361f89375f0859f23cae0e
wseg_59515523,test,positive,wound_unspecified,False,0.068975,data/datasets/unet_public_real/images/wseg_59515523.png,data/datasets/unet_public_real/masks/wseg_59515523.png,hf_wseg_dataset,data/datasets/external/hf_wseg_dataset/extracted/wseg_dataset/sample/59515523.jpg,data/datasets/external/hf_wseg_dataset/extracted/wseg_dataset/mask/59515523.jpg,PUBLIC_REAL_PHOTOS,CC-BY-NC-4.0,540f4cd9e9809f02f0f3e13249490c5436859fa01219901132321095b38383e7
wseg_59555103,train,positive,wound_unspecified,False,0.150446,data/datasets/unet_public_real/images/wseg_59555103.png,data/datasets/unet_public_real/masks/wseg_59555103.png,hf_wseg_dataset,data/datasets/external/hf_wseg_dataset/extracted/wseg_dataset/sample/59555103.jpg,data/datasets/external/hf_wseg_dataset/extracted/wseg_dataset/mask/59555103.jpg,PUBLIC_REAL_PHOTOS,CC-BY-NC-4.0,8895daabc73ad4b59ea2aa7a3338e023880d1cc91ee21717184ccf0b3b96d636
wseg_59607291,train,positive,wound_unspecified,False,0.118738,data/datasets/unet_public_real/images/wseg_59607291.png,data/datasets/unet_public_real/masks/wseg_59607291.png,hf_wseg_dataset,data/datasets/external/hf_wseg_dataset/extracted/wseg_dataset/sample/59607291.jpg,data/datasets/external/hf_wseg_dataset/extracted/wseg_dataset/mask/59607291.jpg,PUBLIC_REAL_PHOTOS,CC-BY-NC-4.0,26669011660aa6c5b47106c1f5a954046410e1446da1d62538c410dee0fed51f
wseg_59656141,train,positive,wound_unspecified,False,0.056936,data/datasets/unet_public_real/images/wseg_59656141.png,data/datasets/unet_public_real/masks/wseg_59656141.png,hf_wseg_dataset,data/datasets/external/hf_wseg_dataset/extracted/wseg_dataset/sample/59656141.jpg,data/datasets/external/hf_wseg_dataset/extracted/wseg_dataset/mask/59656141.jpg,PUBLIC_REAL_PHOTOS,CC-BY-NC-4.0,d2528b4d0d14991ebcead4cd517d2a8316f94c7fb0a735cf44cb8d3c883a178a
wseg_59677978,val,positive,wound_unspecified,False,0.207766,data/datasets/unet_public_real/images/wseg_59677978.png,data/datasets/unet_public_real/masks/wseg_59677978.png,hf_wseg_dataset,data/datasets/external/hf_wseg_dataset/extracted/wseg_dataset/sample/59677978.jpg,data/datasets/external/hf_wseg_dataset/extracted/wseg_dataset/mask/59677978.jpg,PUBLIC_REAL_PHOTOS,CC-BY-NC-4.0,015d69c882415968c8a8db8ad0a767ee876bbed06cab436e2d9efa9835325c97
wseg_59716305,train,positive,wound_unspecified,False,0.25918,data/datasets/unet_public_real/images/wseg_59716305.png,data/datasets/unet_public_real/masks/wseg_59716305.png,hf_wseg_dataset,data/datasets/external/hf_wseg_dataset/extracted/wseg_dataset/sample/59716305.jpg,data/datasets/external/hf_wseg_dataset/extracted/wseg_dataset/mask/59716305.jpg,PUBLIC_REAL_PHOTOS,CC-BY-NC-4.0,8b33f2961f41a4ea6c89e742dfac826aa263fc23502ad44c3aa99b262cb7ca06
wseg_59728680,train,positive,wound_unspecified,False,0.060496,data/datasets/unet_public_real/images/wseg_59728680.png,data/datasets/unet_public_real/masks/wseg_59728680.png,hf_wseg_dataset,data/datasets/external/hf_wseg_dataset/extracted/wseg_dataset/sample/59728680.jpg,data/datasets/external/hf_wseg_dataset/extracted/wseg_dataset/mask/59728680.jpg,PUBLIC_REAL_PHOTOS,CC-BY-NC-4.0,9c9447d32bf1321a866aaae14f5eba414ce8463aad989e532269808dcb182d9f
wseg_59745165,train,positive,wound_unspecified,False,0.043446,data/datasets/unet_public_real/images/wseg_59745165.png,data/datasets/unet_public_real/masks/wseg_59745165.png,hf_wseg_dataset,data/datasets/external/hf_wseg_dataset/extracted/wseg_dataset/sample/59745165.jpg,data/datasets/external/hf_wseg_dataset/extracted/wseg_dataset/mask/59745165.jpg,PUBLIC_REAL_PHOTOS,CC-BY-NC-4.0,c185634cc8df072aeef764b710212b51cff756f9aaf47578c1796e02358444b4
wseg_59772018,train,positive,wound_unspecified,False,0.157876,data/datasets/unet_public_real/images/wseg_59772018.png,data/datasets/unet_public_real/masks/wseg_59772018.png,hf_wseg_dataset,data/datasets/external/hf_wseg_dataset/extracted/wseg_dataset/sample/59772018.jpg,data/datasets/external/hf_wseg_dataset/extracted/wseg_dataset/mask/59772018.jpg,PUBLIC_REAL_PHOTOS,CC-BY-NC-4.0,b8c087ad43e12158768c2f4c49c9e33abd602714b58e7500dfc376b5240b93a3
wseg_59821797,train,positive,wound_unspecified,False,0.114539,data/datasets/unet_public_real/images/wseg_59821797.png,data/datasets/unet_public_real/masks/wseg_59821797.png,hf_wseg_dataset,data/datasets/external/hf_wseg_dataset/extracted/wseg_dataset/sample/59821797.jpg,data/datasets/external/hf_wseg_dataset/extracted/wseg_dataset/mask/59821797.jpg,PUBLIC_REAL_PHOTOS,CC-BY-NC-4.0,8affd110e59313e2c28a555b3b0764ec6f37d371eecf1615b3bea941fd829a1a
wseg_59918694,train,positive,wound_unspecified,False,0.215889,data/datasets/unet_public_real/images/wseg_59918694.png,data/datasets/unet_public_real/masks/wseg_59918694.png,hf_wseg_dataset,data/datasets/external/hf_wseg_dataset/extracted/wseg_dataset/sample/59918694.jpg,data/datasets/external/hf_wseg_dataset/extracted/wseg_dataset/mask/59918694.jpg,PUBLIC_REAL_PHOTOS,CC-BY-NC-4.0,05030ce205e3f121d493c1ffe27769119c702019e23c095acb5c5c608303e83a
wseg_59957028,val,positive,wound_unspecified,False,0.243727,data/datasets/unet_public_real/images/wseg_59957028.png,data/datasets/unet_public_real/masks/wseg_59957028.png,hf_wseg_dataset,data/datasets/external/hf_wseg_dataset/extracted/wseg_dataset/sample/59957028.jpg,data/datasets/external/hf_wseg_dataset/extracted/wseg_dataset/mask/59957028.jpg,PUBLIC_REAL_PHOTOS,CC-BY-NC-4.0,af059a0047e64962914764a0651a3878108487faee31edf2a801dc1223c480fb
wseg_60010915,test,positive,wound_unspecified,False,0.217331,data/datasets/unet_public_real/images/wseg_60010915.png,data/datasets/unet_public_real/masks/wseg_60010915.png,hf_wseg_dataset,data/datasets/external/hf_wseg_dataset/extracted/wseg_dataset/sample/60010915.jpg,data/datasets/external/hf_wseg_dataset/extracted/wseg_dataset/mask/60010915.jpg,PUBLIC_REAL_PHOTOS,CC-BY-NC-4.0,25931ecb0b464dfc63f04e5e99a751a9159631ea856a8f0e43c5edc7bdcff153
wseg_60023498,train,positive,wound_unspecified,False,0.151915,data/datasets/unet_public_real/images/wseg_60023498.png,data/datasets/unet_public_real/masks/wseg_60023498.png,hf_wseg_dataset,data/datasets/external/hf_wseg_dataset/extracted/wseg_dataset/sample/60023498.jpg,data/datasets/external/hf_wseg_dataset/extracted/wseg_dataset/mask/60023498.jpg,PUBLIC_REAL_PHOTOS,CC-BY-NC-4.0,10b9211626eac461d1a7306f21b73c9352ac1ec5b76aff06ef7eab4542ebc1bf
wseg_60085581,train,positive,wound_unspecified,False,0.084501,data/datasets/unet_public_real/images/wseg_60085581.png,data/datasets/unet_public_real/masks/wseg_60085581.png,hf_wseg_dataset,data/datasets/external/hf_wseg_dataset/extracted/wseg_dataset/sample/60085581.jpg,data/datasets/external/hf_wseg_dataset/extracted/wseg_dataset/mask/60085581.jpg,PUBLIC_REAL_PHOTOS,CC-BY-NC-4.0,f914bb71e71e4c2e7520332a925a05afe214e2a3a1464f4b68ad70c46b2b91f3
wseg_60108110,train,positive,wound_unspecified,False,0.155402,data/datasets/unet_public_real/images/wseg_60108110.png,data/datasets/unet_public_real/masks/wseg_60108110.png,hf_wseg_dataset,data/datasets/external/hf_wseg_dataset/extracted/wseg_dataset/sample/60108110.jpg,data/datasets/external/hf_wseg_dataset/extracted/wseg_dataset/mask/60108110.jpg,PUBLIC_REAL_PHOTOS,CC-BY-NC-4.0,b634c5f2f12ef2e534f1b10990b0473ed7f211647a9482ea007c0d55bd6b992a
wseg_60147043,train,positive,wound_unspecified,False,0.014102,data/datasets/unet_public_real/images/wseg_60147043.png,data/datasets/unet_public_real/masks/wseg_60147043.png,hf_wseg_dataset,data/datasets/external/hf_wseg_dataset/extracted/wseg_dataset/sample/60147043.jpg,data/datasets/external/hf_wseg_dataset/extracted/wseg_dataset/mask/60147043.jpg,PUBLIC_REAL_PHOTOS,CC-BY-NC-4.0,061e3d0adc7ea70d1a9ec3b5f0ecfb8087f412b21061a9e442df9dec46df206d
wseg_60184576,val,positive,wound_unspecified,False,0.030549,data/datasets/unet_public_real/images/wseg_60184576.png,data/datasets/unet_public_real/masks/wseg_60184576.png,hf_wseg_dataset,data/datasets/external/hf_wseg_dataset/extracted/wseg_dataset/sample/60184576.jpg,data/datasets/external/hf_wseg_dataset/extracted/wseg_dataset/mask/60184576.jpg,PUBLIC_REAL_PHOTOS,CC-BY-NC-4.0,307f416b5199ece4c3b06e9cb8ac94ab9a889956d008de822fa77690225b39a5
wseg_60250371,val,positive,wound_unspecified,False,0.198739,data/datasets/unet_public_real/images/wseg_60250371.png,data/datasets/unet_public_real/masks/wseg_60250371.png,hf_wseg_dataset,data/datasets/external/hf_wseg_dataset/extracted/wseg_dataset/sample/60250371.jpg,data/datasets/external/hf_wseg_dataset/extracted/wseg_dataset/mask/60250371.jpg,PUBLIC_REAL_PHOTOS,CC-BY-NC-4.0,baf129556bb8b83ede13a0981117e642e2fbd35915eaa301fde2640b2cf1a317
wseg_60265384,train,positive,wound_unspecified,False,0.075319,data/datasets/unet_public_real/images/wseg_60265384.png,data/datasets/unet_public_real/masks/wseg_60265384.png,hf_wseg_dataset,data/datasets/external/hf_wseg_dataset/extracted/wseg_dataset/sample/60265384.jpg,data/datasets/external/hf_wseg_dataset/extracted/wseg_dataset/mask/60265384.jpg,PUBLIC_REAL_PHOTOS,CC-BY-NC-4.0,d6459deead6cb80f174d30dfcd271a3cefe94bf57e9367d1d2a9aa28744318c2
wseg_60322867,train,positive,wound_unspecified,False,0.013326,data/datasets/unet_public_real/images/wseg_60322867.png,data/datasets/unet_public_real/masks/wseg_60322867.png,hf_wseg_dataset,data/datasets/external/hf_wseg_dataset/extracted/wseg_dataset/sample/60322867.jpg,data/datasets/external/hf_wseg_dataset/extracted/wseg_dataset/mask/60322867.jpg,PUBLIC_REAL_PHOTOS,CC-BY-NC-4.0,06c94d2ac8c0bff6f5b7f008dc39cbcf98d57e890a6144acc084b9a39921d548
wseg_60336072,train,positive,wound_unspecified,False,0.008388,data/datasets/unet_public_real/images/wseg_60336072.png,data/datasets/unet_public_real/masks/wseg_60336072.png,hf_wseg_dataset,data/datasets/external/hf_wseg_dataset/extracted/wseg_dataset/sample/60336072.jpg,data/datasets/external/hf_wseg_dataset/extracted/wseg_dataset/mask/60336072.jpg,PUBLIC_REAL_PHOTOS,CC-BY-NC-4.0,988d050ca11c65748c02eada812f49c4b75909afa8c172236884b5bce6d395c0
wseg_60398265,train,positive,wound_unspecified,False,0.048749,data/datasets/unet_public_real/images/wseg_60398265.png,data/datasets/unet_public_real/masks/wseg_60398265.png,hf_wseg_dataset,data/datasets/external/hf_wseg_dataset/extracted/wseg_dataset/sample/60398265.jpg,data/datasets/external/hf_wseg_dataset/extracted/wseg_dataset/mask/60398265.jpg,PUBLIC_REAL_PHOTOS,CC-BY-NC-4.0,ae6543a897926fd7294cb56bdd5a9c0431355b310510640e50f24b8e9d2beb69
wseg_60402671,val,positive,wound_unspecified,False,0.143181,data/datasets/unet_public_real/images/wseg_60402671.png,data/datasets/unet_public_real/masks/wseg_60402671.png,hf_wseg_dataset,data/datasets/external/hf_wseg_dataset/extracted/wseg_dataset/sample/60402671.jpg,data/datasets/external/hf_wseg_dataset/extracted/wseg_dataset/mask/60402671.jpg,PUBLIC_REAL_PHOTOS,CC-BY-NC-4.0,21fd4c3ba6b19adab6bc0741736e0c6663389b0ca964f84a5c798baa8f238b42
wseg_60439613,val,positive,wound_unspecified,False,0.022061,data/datasets/unet_public_real/images/wseg_60439613.png,data/datasets/unet_public_real/masks/wseg_60439613.png,hf_wseg_dataset,data/datasets/external/hf_wseg_dataset/extracted/wseg_dataset/sample/60439613.jpg,data/datasets/external/hf_wseg_dataset/extracted/wseg_dataset/mask/60439613.jpg,PUBLIC_REAL_PHOTOS,CC-BY-NC-4.0,b5614bc4cf979c2b333592fd94b74fd12d5b234526533cf526ff8b04ff5feae4
wseg_60464058,train,positive,wound_unspecified,False,0.005321,data/datasets/unet_public_real/images/wseg_60464058.png,data/datasets/unet_public_real/masks/wseg_60464058.png,hf_wseg_dataset,data/datasets/external/hf_wseg_dataset/extracted/wseg_dataset/sample/60464058.jpg,data/datasets/external/hf_wseg_dataset/extracted/wseg_dataset/mask/60464058.jpg,PUBLIC_REAL_PHOTOS,CC-BY-NC-4.0,17692305f4027487fdd08b3baefee15480eadd67762ec2d5d665f1556ac4dc7d
wseg_60490157,val,positive,wound_unspecified,False,0.061829,data/datasets/unet_public_real/images/wseg_60490157.png,data/datasets/unet_public_real/masks/wseg_60490157.png,hf_wseg_dataset,data/datasets/external/hf_wseg_dataset/extracted/wseg_dataset/sample/60490157.jpg,data/datasets/external/hf_wseg_dataset/extracted/wseg_dataset/mask/60490157.jpg,PUBLIC_REAL_PHOTOS,CC-BY-NC-4.0,711caadeb1a3dbc5dba099a9f869391276b70d2e6f8f47097ef392406ac8c61b
wseg_60513144,train,positive,wound_unspecified,False,0.040252,data/datasets/unet_public_real/images/wseg_60513144.png,data/datasets/unet_public_real/masks/wseg_60513144.png,hf_wseg_dataset,data/datasets/external/hf_wseg_dataset/extracted/wseg_dataset/sample/60513144.jpg,data/datasets/external/hf_wseg_dataset/extracted/wseg_dataset/mask/60513144.jpg,PUBLIC_REAL_PHOTOS,CC-BY-NC-4.0,a4955be4f087ec7620a3700fa2eb72860270d5667e229c2f84a72233bf5ce309
wseg_60558114,train,positive,wound_unspecified,False,0.066356,data/datasets/unet_public_real/images/wseg_60558114.png,data/datasets/unet_public_real/masks/wseg_60558114.png,hf_wseg_dataset,data/datasets/external/hf_wseg_dataset/extracted/wseg_dataset/sample/60558114.jpg,data/datasets/external/hf_wseg_dataset/extracted/wseg_dataset/mask/60558114.jpg,PUBLIC_REAL_PHOTOS,CC-BY-NC-4.0,3ae11036bee450f9bf230bb9778e232dcc346f44a86931f4ae1cbe3b10fba4a6
wseg_60602306,train,positive,wound_unspecified,False,0.065078,data/datasets/unet_public_real/images/wseg_60602306.png,data/datasets/unet_public_real/masks/wseg_60602306.png,hf_wseg_dataset,data/datasets/external/hf_wseg_dataset/extracted/wseg_dataset/sample/60602306.jpg,data/datasets/external/hf_wseg_dataset/extracted/wseg_dataset/mask/60602306.jpg,PUBLIC_REAL_PHOTOS,CC-BY-NC-4.0,94e959bcfe3d2f816f9d73421a3bbe3c1fc30611da79af434cdb504321fa7440
wseg_60626168,train,positive,wound_unspecified,False,0.057502,data/datasets/unet_public_real/images/wseg_60626168.png,data/datasets/unet_public_real/masks/wseg_60626168.png,hf_wseg_dataset,data/datasets/external/hf_wseg_dataset/extracted/wseg_dataset/sample/60626168.jpg,data/datasets/external/hf_wseg_dataset/extracted/wseg_dataset/mask/60626168.jpg,PUBLIC_REAL_PHOTOS,CC-BY-NC-4.0,c58257d3b3fd739d78dd968387d72c6aca7974f988d5cd87bc136fbbbee73083
wseg_60652438,test,positive,wound_unspecified,False,0.090461,data/datasets/unet_public_real/images/wseg_60652438.png,data/datasets/unet_public_real/masks/wseg_60652438.png,hf_wseg_dataset,data/datasets/external/hf_wseg_dataset/extracted/wseg_dataset/sample/60652438.jpg,data/datasets/external/hf_wseg_dataset/extracted/wseg_dataset/mask/60652438.jpg,PUBLIC_REAL_PHOTOS,CC-BY-NC-4.0,43f9e2969f6f76e0a582500d63f800c4fc6f98b0caf871575b59a4634d0f6574
wseg_60672335,train,positive,wound_unspecified,False,0.012468,data/datasets/unet_public_real/images/wseg_60672335.png,data/datasets/unet_public_real/masks/wseg_60672335.png,hf_wseg_dataset,data/datasets/external/hf_wseg_dataset/extracted/wseg_dataset/sample/60672335.jpg,data/datasets/external/hf_wseg_dataset/extracted/wseg_dataset/mask/60672335.jpg,PUBLIC_REAL_PHOTOS,CC-BY-NC-4.0,976854da535af0c195cb91c88199495a11726c34e9e6b1ae32d2edf0671a913e
wseg_60693846,train,positive,wound_unspecified,False,0.014175,data/datasets/unet_public_real/images/wseg_60693846.png,data/datasets/unet_public_real/masks/wseg_60693846.png,hf_wseg_dataset,data/datasets/external/hf_wseg_dataset/extracted/wseg_dataset/sample/60693846.jpg,data/datasets/external/hf_wseg_dataset/extracted/wseg_dataset/mask/60693846.jpg,PUBLIC_REAL_PHOTOS,CC-BY-NC-4.0,aede81a60adc8d7864f6a8e08897e6b37348a1d2151caf3aa947f2eed5802193
wseg_60704087,train,positive,wound_unspecified,False,0.265231,data/datasets/unet_public_real/images/wseg_60704087.png,data/datasets/unet_public_real/masks/wseg_60704087.png,hf_wseg_dataset,data/datasets/external/hf_wseg_dataset/extracted/wseg_dataset/sample/60704087.jpg,data/datasets/external/hf_wseg_dataset/extracted/wseg_dataset/mask/60704087.jpg,PUBLIC_REAL_PHOTOS,CC-BY-NC-4.0,d400b1ea2beecc9b8499a3a421358bf00e6d84db306e688082b917ec6ba4a29b
wseg_60727235,train,positive,wound_unspecified,False,0.022462,data/datasets/unet_public_real/images/wseg_60727235.png,data/datasets/unet_public_real/masks/wseg_60727235.png,hf_wseg_dataset,data/datasets/external/hf_wseg_dataset/extracted/wseg_dataset/sample/60727235.jpg,data/datasets/external/hf_wseg_dataset/extracted/wseg_dataset/mask/60727235.jpg,PUBLIC_REAL_PHOTOS,CC-BY-NC-4.0,dfc0d746fa95b3a05051302dbcd1a002d3459efe58d6f655e6643dc1d6545306
wseg_60772868,test,positive,wound_unspecified,False,0.071613,data/datasets/unet_public_real/images/wseg_60772868.png,data/datasets/unet_public_real/masks/wseg_60772868.png,hf_wseg_dataset,data/datasets/external/hf_wseg_dataset/extracted/wseg_dataset/sample/60772868.jpg,data/datasets/external/hf_wseg_dataset/extracted/wseg_dataset/mask/60772868.jpg,PUBLIC_REAL_PHOTOS,CC-BY-NC-4.0,6d536e8cdb82a38ef284704838d1012cda157d80030a2fdcaae7200ab3654181
wseg_60811809,train,positive,wound_unspecified,False,0.026734,data/datasets/unet_public_real/images/wseg_60811809.png,data/datasets/unet_public_real/masks/wseg_60811809.png,hf_wseg_dataset,data/datasets/external/hf_wseg_dataset/extracted/wseg_dataset/sample/60811809.jpg,data/datasets/external/hf_wseg_dataset/extracted/wseg_dataset/mask/60811809.jpg,PUBLIC_REAL_PHOTOS,CC-BY-NC-4.0,a828ef59d23dd4009ce29fded67253d2bdd16e6a29a50c548e8eb8741e971620
wseg_60818550,train,positive,wound_unspecified,False,0.098238,data/datasets/unet_public_real/images/wseg_60818550.png,data/datasets/unet_public_real/masks/wseg_60818550.png,hf_wseg_dataset,data/datasets/external/hf_wseg_dataset/extracted/wseg_dataset/sample/60818550.jpg,data/datasets/external/hf_wseg_dataset/extracted/wseg_dataset/mask/60818550.jpg,PUBLIC_REAL_PHOTOS,CC-BY-NC-4.0,ba0cc35d25d4c3b5d290eb8238bbcfd42deee446a709bea7ea905c8db87f4b4e
wseg_60836295,train,positive,wound_unspecified,False,0.048703,data/datasets/unet_public_real/images/wseg_60836295.png,data/datasets/unet_public_real/masks/wseg_60836295.png,hf_wseg_dataset,data/datasets/external/hf_wseg_dataset/extracted/wseg_dataset/sample/60836295.jpg,data/datasets/external/hf_wseg_dataset/extracted/wseg_dataset/mask/60836295.jpg,PUBLIC_REAL_PHOTOS,CC-BY-NC-4.0,3645a1556a3108f9fbbf0d6e3a685faf72db0ab3235dc33296ae82108cc0f78b
wseg_60857683,train,positive,wound_unspecified,False,0.202873,data/datasets/unet_public_real/images/wseg_60857683.png,data/datasets/unet_public_real/masks/wseg_60857683.png,hf_wseg_dataset,data/datasets/external/hf_wseg_dataset/extracted/wseg_dataset/sample/60857683.jpg,data/datasets/external/hf_wseg_dataset/extracted/wseg_dataset/mask/60857683.jpg,PUBLIC_REAL_PHOTOS,CC-BY-NC-4.0,05264c177dc85baffa87f5652537061faada5bcbc8027b5b9a71254e7c2c208f
wseg_60873487,train,positive,wound_unspecified,False,0.034656,data/datasets/unet_public_real/images/wseg_60873487.png,data/datasets/unet_public_real/masks/wseg_60873487.png,hf_wseg_dataset,data/datasets/external/hf_wseg_dataset/extracted/wseg_dataset/sample/60873487.jpg,data/datasets/external/hf_wseg_dataset/extracted/wseg_dataset/mask/60873487.jpg,PUBLIC_REAL_PHOTOS,CC-BY-NC-4.0,8c59dc5f515d5367d87349da53f40a411f43a8d8a62e8f13a8faf0f5e5f32eb6
wseg_60880179,test,positive,wound_unspecified,False,0.116145,data/datasets/unet_public_real/images/wseg_60880179.png,data/datasets/unet_public_real/masks/wseg_60880179.png,hf_wseg_dataset,data/datasets/external/hf_wseg_dataset/extracted/wseg_dataset/sample/60880179.jpg,data/datasets/external/hf_wseg_dataset/extracted/wseg_dataset/mask/60880179.jpg,PUBLIC_REAL_PHOTOS,CC-BY-NC-4.0,dd48aeb099a85aced1e3e6f60c57a6d2dc88c74226e8adbedd12a31a89a56809
wseg_60912327,val,positive,wound_unspecified,False,0.198702,data/datasets/unet_public_real/images/wseg_60912327.png,data/datasets/unet_public_real/masks/wseg_60912327.png,hf_wseg_dataset,data/datasets/external/hf_wseg_dataset/extracted/wseg_dataset/sample/60912327.jpg,data/datasets/external/hf_wseg_dataset/extracted/wseg_dataset/mask/60912327.jpg,PUBLIC_REAL_PHOTOS,CC-BY-NC-4.0,5df007028a402a7581d0299c736d679abdc851c667dd52dfaa4a1cf35271b7ad
wseg_60964898,train,positive,wound_unspecified,False,0.013791,data/datasets/unet_public_real/images/wseg_60964898.png,data/datasets/unet_public_real/masks/wseg_60964898.png,hf_wseg_dataset,data/datasets/external/hf_wseg_dataset/extracted/wseg_dataset/sample/60964898.jpg,data/datasets/external/hf_wseg_dataset/extracted/wseg_dataset/mask/60964898.jpg,PUBLIC_REAL_PHOTOS,CC-BY-NC-4.0,7c8b2e6b8ff3dab6cf8e06e68a230da369317ff0efd7f0c2d395e755f7485732
wseg_60984756,test,positive,wound_unspecified,False,0.297314,data/datasets/unet_public_real/images/wseg_60984756.png,data/datasets/unet_public_real/masks/wseg_60984756.png,hf_wseg_dataset,data/datasets/external/hf_wseg_dataset/extracted/wseg_dataset/sample/60984756.jpg,data/datasets/external/hf_wseg_dataset/extracted/wseg_dataset/mask/60984756.jpg,PUBLIC_REAL_PHOTOS,CC-BY-NC-4.0,92bd99721804c5d90895fca9e51e69ec0578c9b664ae918004b14e74c291b44e
wseg_61013244,val,positive,wound_unspecified,False,0.056389,data/datasets/unet_public_real/images/wseg_61013244.png,data/datasets/unet_public_real/masks/wseg_61013244.png,hf_wseg_dataset,data/datasets/external/hf_wseg_dataset/extracted/wseg_dataset/sample/61013244.jpg,data/datasets/external/hf_wseg_dataset/extracted/wseg_dataset/mask/61013244.jpg,PUBLIC_REAL_PHOTOS,CC-BY-NC-4.0,8d5054b0677a65c54672fdeb80a00e6852d36d6e15e056dc98c73d4416c88634
wseg_61020192,train,positive,wound_unspecified,False,0.071221,data/datasets/unet_public_real/images/wseg_61020192.png,data/datasets/unet_public_real/masks/wseg_61020192.png,hf_wseg_dataset,data/datasets/external/hf_wseg_dataset/extracted/wseg_dataset/sample/61020192.jpg,data/datasets/external/hf_wseg_dataset/extracted/wseg_dataset/mask/61020192.jpg,PUBLIC_REAL_PHOTOS,CC-BY-NC-4.0,d46fe9873eb3d736b896eaf9d6b3ec7dbc28ea5f66bb14a2b5c1425d283f8a25
wseg_61032673,train,positive,wound_unspecified,False,0.205986,data/datasets/unet_public_real/images/wseg_61032673.png,data/datasets/unet_public_real/masks/wseg_61032673.png,hf_wseg_dataset,data/datasets/external/hf_wseg_dataset/extracted/wseg_dataset/sample/61032673.jpg,data/datasets/external/hf_wseg_dataset/extracted/wseg_dataset/mask/61032673.jpg,PUBLIC_REAL_PHOTOS,CC-BY-NC-4.0,7c10d61ed1b068e9e66d5aeb456d017132e28da828a4f7f668cc0bea02f3e12d
wseg_61134157,train,positive,wound_unspecified,False,0.033744,data/datasets/unet_public_real/images/wseg_61134157.png,data/datasets/unet_public_real/masks/wseg_61134157.png,hf_wseg_dataset,data/datasets/external/hf_wseg_dataset/extracted/wseg_dataset/sample/61134157.jpg,data/datasets/external/hf_wseg_dataset/extracted/wseg_dataset/mask/61134157.jpg,PUBLIC_REAL_PHOTOS,CC-BY-NC-4.0,6b9d750e1254ee41858aae088ca1bd8d426765157d95c8bf8b31465983cd514f
wseg_61153523,test,positive,wound_unspecified,False,0.062002,data/datasets/unet_public_real/images/wseg_61153523.png,data/datasets/unet_public_real/masks/wseg_61153523.png,hf_wseg_dataset,data/datasets/external/hf_wseg_dataset/extracted/wseg_dataset/sample/61153523.jpg,data/datasets/external/hf_wseg_dataset/extracted/wseg_dataset/mask/61153523.jpg,PUBLIC_REAL_PHOTOS,CC-BY-NC-4.0,c7311a38c9c466ba9a20245e500316fbf82fb62805db4545701cea712be3e1ad
wseg_61171936,train,positive,wound_unspecified,False,0.058634,data/datasets/unet_public_real/images/wseg_61171936.png,data/datasets/unet_public_real/masks/wseg_61171936.png,hf_wseg_dataset,data/datasets/external/hf_wseg_dataset/extracted/wseg_dataset/sample/61171936.jpg,data/datasets/external/hf_wseg_dataset/extracted/wseg_dataset/mask/61171936.jpg,PUBLIC_REAL_PHOTOS,CC-BY-NC-4.0,789a44f7fc1b27fb2b18b7b2fadeea4e31e63c39a43a89241bd0a3f40303d37a
wseg_61233979,test,positive,wound_unspecified,False,0.009273,data/datasets/unet_public_real/images/wseg_61233979.png,data/datasets/unet_public_real/masks/wseg_61233979.png,hf_wseg_dataset,data/datasets/external/hf_wseg_dataset/extracted/wseg_dataset/sample/61233979.jpg,data/datasets/external/hf_wseg_dataset/extracted/wseg_dataset/mask/61233979.jpg,PUBLIC_REAL_PHOTOS,CC-BY-NC-4.0,d4e7ff252fc5d9ff334eb41cc44293b08a56f7d966af144bc34da6c1055bd8cc
wseg_61256205,val,positive,wound_unspecified,False,0.050803,data/datasets/unet_public_real/images/wseg_61256205.png,data/datasets/unet_public_real/masks/wseg_61256205.png,hf_wseg_dataset,data/datasets/external/hf_wseg_dataset/extracted/wseg_dataset/sample/61256205.jpg,data/datasets/external/hf_wseg_dataset/extracted/wseg_dataset/mask/61256205.jpg,PUBLIC_REAL_PHOTOS,CC-BY-NC-4.0,bdf720f5137742539c51557580627774efc04bfe2aa04bbb56630b967e770d6c
wseg_61374640,train,positive,wound_unspecified,False,0.036409,data/datasets/unet_public_real/images/wseg_61374640.png,data/datasets/unet_public_real/masks/wseg_61374640.png,hf_wseg_dataset,data/datasets/external/hf_wseg_dataset/extracted/wseg_dataset/sample/61374640.jpg,data/datasets/external/hf_wseg_dataset/extracted/wseg_dataset/mask/61374640.jpg,PUBLIC_REAL_PHOTOS,CC-BY-NC-4.0,7326cf7fecb322d9110acd00a9dcc11815f9b12a61c4a5f6d1c2abf7a8e668ae
wseg_61387159,train,positive,wound_unspecified,False,0.044039,data/datasets/unet_public_real/images/wseg_61387159.png,data/datasets/unet_public_real/masks/wseg_61387159.png,hf_wseg_dataset,data/datasets/external/hf_wseg_dataset/extracted/wseg_dataset/sample/61387159.jpg,data/datasets/external/hf_wseg_dataset/extracted/wseg_dataset/mask/61387159.jpg,PUBLIC_REAL_PHOTOS,CC-BY-NC-4.0,15a3b59fbcf268f46dcc9801137e060398849e1d2d0e39a9c1726d252be64a8d
wseg_61485763,train,positive,wound_unspecified,False,0.031179,data/datasets/unet_public_real/images/wseg_61485763.png,data/datasets/unet_public_real/masks/wseg_61485763.png,hf_wseg_dataset,data/datasets/external/hf_wseg_dataset/extracted/wseg_dataset/sample/61485763.jpg,data/datasets/external/hf_wseg_dataset/extracted/wseg_dataset/mask/61485763.jpg,PUBLIC_REAL_PHOTOS,CC-BY-NC-4.0,859b1feb96a6bee6f27b8944bce83dd85fc7f72045ffd30964a6aae2f0fa89ab
wseg_61506158,train,positive,wound_unspecified,False,0.141382,data/datasets/unet_public_real/images/wseg_61506158.png,data/datasets/unet_public_real/masks/wseg_61506158.png,hf_wseg_dataset,data/datasets/external/hf_wseg_dataset/extracted/wseg_dataset/sample/61506158.jpg,data/datasets/external/hf_wseg_dataset/extracted/wseg_dataset/mask/61506158.jpg,PUBLIC_REAL_PHOTOS,CC-BY-NC-4.0,a46fa76fc935bb7bfd0331b4f141b6c13c7ab9f2dce5c4071e0277849a3082dc
wseg_61539115,train,positive,wound_unspecified,False,0.069295,data/datasets/unet_public_real/images/wseg_61539115.png,data/datasets/unet_public_real/masks/wseg_61539115.png,hf_wseg_dataset,data/datasets/external/hf_wseg_dataset/extracted/wseg_dataset/sample/61539115.jpg,data/datasets/external/hf_wseg_dataset/extracted/wseg_dataset/mask/61539115.jpg,PUBLIC_REAL_PHOTOS,CC-BY-NC-4.0,fb61dbc562a2d1661354d0a17f3e70325b19d3fd307729e2a16ce89fe374ef26
wseg_61593303,val,positive,wound_unspecified,False,0.016612,data/datasets/unet_public_real/images/wseg_61593303.png,data/datasets/unet_public_real/masks/wseg_61593303.png,hf_wseg_dataset,data/datasets/external/hf_wseg_dataset/extracted/wseg_dataset/sample/61593303.jpg,data/datasets/external/hf_wseg_dataset/extracted/wseg_dataset/mask/61593303.jpg,PUBLIC_REAL_PHOTOS,CC-BY-NC-4.0,f18583790765c5fdefba07a654ec9dd9ae7da44805e5a44c705507e5707659e1
wseg_61621491,test,positive,wound_unspecified,False,0.009091,data/datasets/unet_public_real/images/wseg_61621491.png,data/datasets/unet_public_real/masks/wseg_61621491.png,hf_wseg_dataset,data/datasets/external/hf_wseg_dataset/extracted/wseg_dataset/sample/61621491.jpg,data/datasets/external/hf_wseg_dataset/extracted/wseg_dataset/mask/61621491.jpg,PUBLIC_REAL_PHOTOS,CC-BY-NC-4.0,597e563952e29fd831aa34cbce7c587d2acc7b415ce01b3f16dc1ecff9681791
wseg_61659201,train,positive,wound_unspecified,False,0.006928,data/datasets/unet_public_real/images/wseg_61659201.png,data/datasets/unet_public_real/masks/wseg_61659201.png,hf_wseg_dataset,data/datasets/external/hf_wseg_dataset/extracted/wseg_dataset/sample/61659201.jpg,data/datasets/external/hf_wseg_dataset/extracted/wseg_dataset/mask/61659201.jpg,PUBLIC_REAL_PHOTOS,CC-BY-NC-4.0,3b71f2e53d808d50c5d5a1a1c2261631ccdb1edaa5909c1ba03e97a8cf523999
wseg_61668727,val,positive,wound_unspecified,False,0.117642,data/datasets/unet_public_real/images/wseg_61668727.png,data/datasets/unet_public_real/masks/wseg_61668727.png,hf_wseg_dataset,data/datasets/external/hf_wseg_dataset/extracted/wseg_dataset/sample/61668727.jpg,data/datasets/external/hf_wseg_dataset/extracted/wseg_dataset/mask/61668727.jpg,PUBLIC_REAL_PHOTOS,CC-BY-NC-4.0,254db6f6f0c44dd0075c09094989cfb1989059360633f25cf548aa83b3f6c871
wseg_61687889,train,positive,wound_unspecified,False,0.066456,data/datasets/unet_public_real/images/wseg_61687889.png,data/datasets/unet_public_real/masks/wseg_61687889.png,hf_wseg_dataset,data/datasets/external/hf_wseg_dataset/extracted/wseg_dataset/sample/61687889.jpg,data/datasets/external/hf_wseg_dataset/extracted/wseg_dataset/mask/61687889.jpg,PUBLIC_REAL_PHOTOS,CC-BY-NC-4.0,0724d33cf9ef1de5fbefbc679398141993f0b3f5d4bb4e001d9e4a2920b19f9d
wseg_61713532,train,positive,wound_unspecified,False,0.10689,data/datasets/unet_public_real/images/wseg_61713532.png,data/datasets/unet_public_real/masks/wseg_61713532.png,hf_wseg_dataset,data/datasets/external/hf_wseg_dataset/extracted/wseg_dataset/sample/61713532.jpg,data/datasets/external/hf_wseg_dataset/extracted/wseg_dataset/mask/61713532.jpg,PUBLIC_REAL_PHOTOS,CC-BY-NC-4.0,bea658eb3f04dc29094e2428b1ca757a17249dc9d36f8403d281fd2644578e8c
wseg_61757633,train,positive,wound_unspecified,False,0.094778,data/datasets/unet_public_real/images/wseg_61757633.png,data/datasets/unet_public_real/masks/wseg_61757633.png,hf_wseg_dataset,data/datasets/external/hf_wseg_dataset/extracted/wseg_dataset/sample/61757633.jpg,data/datasets/external/hf_wseg_dataset/extracted/wseg_dataset/mask/61757633.jpg,PUBLIC_REAL_PHOTOS,CC-BY-NC-4.0,55b2238ad6b3b73d127225947ffcf2df4ba04dba6783aa39d19caad0287301ba
wseg_61827719,train,positive,wound_unspecified,False,0.055512,data/datasets/unet_public_real/images/wseg_61827719.png,data/datasets/unet_public_real/masks/wseg_61827719.png,hf_wseg_dataset,data/datasets/external/hf_wseg_dataset/extracted/wseg_dataset/sample/61827719.jpg,data/datasets/external/hf_wseg_dataset/extracted/wseg_dataset/mask/61827719.jpg,PUBLIC_REAL_PHOTOS,CC-BY-NC-4.0,27d21d689f4a8b48ed70a42e8092774eb97d962b322b70d17aea4ddc061f3f18
wseg_75528269,train,positive,wound_unspecified,False,0.113325,data/datasets/unet_public_real/images/wseg_75528269.png,data/datasets/unet_public_real/masks/wseg_75528269.png,hf_wseg_dataset,data/datasets/external/hf_wseg_dataset/extracted/wseg_dataset/sample/75528269.jpg,data/datasets/external/hf_wseg_dataset/extracted/wseg_dataset/mask/75528269.jpg,PUBLIC_REAL_PHOTOS,CC-BY-NC-4.0,1a34a6d170bb2ac2d4fcbc7146d4b2330ce1a3ff602a5a8b90348f02cd909607
wseg_75528285,train,positive,wound_unspecified,False,0.507672,data/datasets/unet_public_real/images/wseg_75528285.png,data/datasets/unet_public_real/masks/wseg_75528285.png,hf_wseg_dataset,data/datasets/external/hf_wseg_dataset/extracted/wseg_dataset/sample/75528285.jpg,data/datasets/external/hf_wseg_dataset/extracted/wseg_dataset/mask/75528285.jpg,PUBLIC_REAL_PHOTOS,CC-BY-NC-4.0,8acff39a0b5ec436ca02d48d18cfb71e83d549afa7e0e4fdc504aec220a145b4
wseg_75528369,train,positive,wound_unspecified,False,0.175099,data/datasets/unet_public_real/images/wseg_75528369.png,data/datasets/unet_public_real/masks/wseg_75528369.png,hf_wseg_dataset,data/datasets/external/hf_wseg_dataset/extracted/wseg_dataset/sample/75528369.jpg,data/datasets/external/hf_wseg_dataset/extracted/wseg_dataset/mask/75528369.jpg,PUBLIC_REAL_PHOTOS,CC-BY-NC-4.0,377097b294ff60e70d65cd346b14712fdcc02900406521e836f07d6382af5b7a
wseg_75528390,val,positive,wound_unspecified,False,0.043747,data/datasets/unet_public_real/images/wseg_75528390.png,data/datasets/unet_public_real/masks/wseg_75528390.png,hf_wseg_dataset,data/datasets/external/hf_wseg_dataset/extracted/wseg_dataset/sample/75528390.jpg,data/datasets/external/hf_wseg_dataset/extracted/wseg_dataset/mask/75528390.jpg,PUBLIC_REAL_PHOTOS,CC-BY-NC-4.0,4d89723b4287950bb0b38a067e8f3d7c599fcd0ace9552c58509722b9449db76
wseg_75528438,val,positive,wound_unspecified,False,0.144486,data/datasets/unet_public_real/images/wseg_75528438.png,data/datasets/unet_public_real/masks/wseg_75528438.png,hf_wseg_dataset,data/datasets/external/hf_wseg_dataset/extracted/wseg_dataset/sample/75528438.jpg,data/datasets/external/hf_wseg_dataset/extracted/wseg_dataset/mask/75528438.jpg,PUBLIC_REAL_PHOTOS,CC-BY-NC-4.0,45c7809acba03d2eb92892da84f1384570258f2df4e3190fe2aea9a51fb781df
wseg_75528490,test,positive,wound_unspecified,False,0.095025,data/datasets/unet_public_real/images/wseg_75528490.png,data/datasets/unet_public_real/masks/wseg_75528490.png,hf_wseg_dataset,data/datasets/external/hf_wseg_dataset/extracted/wseg_dataset/sample/75528490.jpg,data/datasets/external/hf_wseg_dataset/extracted/wseg_dataset/mask/75528490.jpg,PUBLIC_REAL_PHOTOS,CC-BY-NC-4.0,71c49622acbcc8494bc1cf6839a77582b217f02c6486128e148a65967ec8becb
wseg_75528558,train,positive,wound_unspecified,False,0.027464,data/datasets/unet_public_real/images/wseg_75528558.png,data/datasets/unet_public_real/masks/wseg_75528558.png,hf_wseg_dataset,data/datasets/external/hf_wseg_dataset/extracted/wseg_dataset/sample/75528558.jpg,data/datasets/external/hf_wseg_dataset/extracted/wseg_dataset/mask/75528558.jpg,PUBLIC_REAL_PHOTOS,CC-BY-NC-4.0,6ee47f3cdc158ad2272f30457aaf2752f0261e8f235afe65ccf407cae15adb2a
wseg_75528602,train,positive,wound_unspecified,False,0.174825,data/datasets/unet_public_real/images/wseg_75528602.png,data/datasets/unet_public_real/masks/wseg_75528602.png,hf_wseg_dataset,data/datasets/external/hf_wseg_dataset/extracted/wseg_dataset/sample/75528602.jpg,data/datasets/external/hf_wseg_dataset/extracted/wseg_dataset/mask/75528602.jpg,PUBLIC_REAL_PHOTOS,CC-BY-NC-4.0,98999dd88b9e11be3a2acd427f18b246b51dbbff45ef89edb8225e28a118a02b
wseg_75528677,train,positive,wound_unspecified,False,0.025128,data/datasets/unet_public_real/images/wseg_75528677.png,data/datasets/unet_public_real/masks/wseg_75528677.png,hf_wseg_dataset,data/datasets/external/hf_wseg_dataset/extracted/wseg_dataset/sample/75528677.jpg,data/datasets/external/hf_wseg_dataset/extracted/wseg_dataset/mask/75528677.jpg,PUBLIC_REAL_PHOTOS,CC-BY-NC-4.0,e7036cc4a7101c4a4a123e330670999753aec8ea4ce65380d64aaf1190db1c04
wseg_75528726,train,positive,wound_unspecified,False,0.229927,data/datasets/unet_public_real/images/wseg_75528726.png,data/datasets/unet_public_real/masks/wseg_75528726.png,hf_wseg_dataset,data/datasets/external/hf_wseg_dataset/extracted/wseg_dataset/sample/75528726.jpg,data/datasets/external/hf_wseg_dataset/extracted/wseg_dataset/mask/75528726.jpg,PUBLIC_REAL_PHOTOS,CC-BY-NC-4.0,5aaaa42b9f79907b04f17d48ca189c4d58d2a9fb5dd6f6539080cefab1e665c0
wseg_75528760,train,positive,wound_unspecified,False,0.022225,data/datasets/unet_public_real/images/wseg_75528760.png,data/datasets/unet_public_real/masks/wseg_75528760.png,hf_wseg_dataset,data/datasets/external/hf_wseg_dataset/extracted/wseg_dataset/sample/75528760.jpg,data/datasets/external/hf_wseg_dataset/extracted/wseg_dataset/mask/75528760.jpg,PUBLIC_REAL_PHOTOS,CC-BY-NC-4.0,2160838331aaaefb86742440346ce27e7f96dd8c5aac917c75899ddae26d684c
wseg_75528820,train,positive,wound_unspecified,False,0.312903,data/datasets/unet_public_real/images/wseg_75528820.png,data/datasets/unet_public_real/masks/wseg_75528820.png,hf_wseg_dataset,data/datasets/external/hf_wseg_dataset/extracted/wseg_dataset/sample/75528820.jpg,data/datasets/external/hf_wseg_dataset/extracted/wseg_dataset/mask/75528820.jpg,PUBLIC_REAL_PHOTOS,CC-BY-NC-4.0,287446a5d9c200449de0dff12066fb034bf10e001d83ddb8706d701dcfc32cf2
wseg_75528843,train,positive,wound_unspecified,False,0.136709,data/datasets/unet_public_real/images/wseg_75528843.png,data/datasets/unet_public_real/masks/wseg_75528843.png,hf_wseg_dataset,data/datasets/external/hf_wseg_dataset/extracted/wseg_dataset/sample/75528843.jpg,data/datasets/external/hf_wseg_dataset/extracted/wseg_dataset/mask/75528843.jpg,PUBLIC_REAL_PHOTOS,CC-BY-NC-4.0,326aab0dc4523611a1ba9a039414cf5cc0d4efa26bcd69638a61ea464c23180d
wseg_75528865,train,positive,wound_unspecified,False,0.089658,data/datasets/unet_public_real/images/wseg_75528865.png,data/datasets/unet_public_real/masks/wseg_75528865.png,hf_wseg_dataset,data/datasets/external/hf_wseg_dataset/extracted/wseg_dataset/sample/75528865.jpg,data/datasets/external/hf_wseg_dataset/extracted/wseg_dataset/mask/75528865.jpg,PUBLIC_REAL_PHOTOS,CC-BY-NC-4.0,d65f143871542bac999b2b8e6f8705772902d7e4399202b75619d40ab7dd9891
wseg_75528898,val,positive,wound_unspecified,False,0.099013,data/datasets/unet_public_real/images/wseg_75528898.png,data/datasets/unet_public_real/masks/wseg_75528898.png,hf_wseg_dataset,data/datasets/external/hf_wseg_dataset/extracted/wseg_dataset/sample/75528898.jpg,data/datasets/external/hf_wseg_dataset/extracted/wseg_dataset/mask/75528898.jpg,PUBLIC_REAL_PHOTOS,CC-BY-NC-4.0,b0c059e6a91137d07808b4c0c66a0d01fa330bedf5e480bf6f764548d2a898f7
wseg_75528932,train,positive,wound_unspecified,False,0.264172,data/datasets/unet_public_real/images/wseg_75528932.png,data/datasets/unet_public_real/masks/wseg_75528932.png,hf_wseg_dataset,data/datasets/external/hf_wseg_dataset/extracted/wseg_dataset/sample/75528932.jpg,data/datasets/external/hf_wseg_dataset/extracted/wseg_dataset/mask/75528932.jpg,PUBLIC_REAL_PHOTOS,CC-BY-NC-4.0,e2caf5880a8f8d6676bc5ff1f0aa437a7cc791443b27ccb6e0534b589cef2463
wseg_75528959,test,positive,wound_unspecified,False,0.056307,data/datasets/unet_public_real/images/wseg_75528959.png,data/datasets/unet_public_real/masks/wseg_75528959.png,hf_wseg_dataset,data/datasets/external/hf_wseg_dataset/extracted/wseg_dataset/sample/75528959.jpg,data/datasets/external/hf_wseg_dataset/extracted/wseg_dataset/mask/75528959.jpg,PUBLIC_REAL_PHOTOS,CC-BY-NC-4.0,880418e28baa8d02b47edd29cbe5f776c3637ecca145ae2061042ca5c860331d
wseg_75528981,test,positive,wound_unspecified,False,0.162375,data/datasets/unet_public_real/images/wseg_75528981.png,data/datasets/unet_public_real/masks/wseg_75528981.png,hf_wseg_dataset,data/datasets/external/hf_wseg_dataset/extracted/wseg_dataset/sample/75528981.jpg,data/datasets/external/hf_wseg_dataset/extracted/wseg_dataset/mask/75528981.jpg,PUBLIC_REAL_PHOTOS,CC-BY-NC-4.0,f45bd8eae016e59c3955d4cbf8fddabd7519816dbc55190c23de4d889e352fc7
wseg_75528998,train,positive,wound_unspecified,False,0.17299,data/datasets/unet_public_real/images/wseg_75528998.png,data/datasets/unet_public_real/masks/wseg_75528998.png,hf_wseg_dataset,data/datasets/external/hf_wseg_dataset/extracted/wseg_dataset/sample/75528998.jpg,data/datasets/external/hf_wseg_dataset/extracted/wseg_dataset/mask/75528998.jpg,PUBLIC_REAL_PHOTOS,CC-BY-NC-4.0,07f2dda17a76396acec9c0bd42711e7ad46d0a7627f19bf5f07c2dc6ca47a06d
wseg_75529008,train,positive,wound_unspecified,False,0.172151,data/datasets/unet_public_real/images/wseg_75529008.png,data/datasets/unet_public_real/masks/wseg_75529008.png,hf_wseg_dataset,data/datasets/external/hf_wseg_dataset/extracted/wseg_dataset/sample/75529008.jpg,data/datasets/external/hf_wseg_dataset/extracted/wseg_dataset/mask/75529008.jpg,PUBLIC_REAL_PHOTOS,CC-BY-NC-4.0,25c388655e7792604f74c57c487bae0533c1f70a5071f7fcea2a59dd7676e8b0
wseg_75529022,train,positive,wound_unspecified,False,0.098073,data/datasets/unet_public_real/images/wseg_75529022.png,data/datasets/unet_public_real/masks/wseg_75529022.png,hf_wseg_dataset,data/datasets/external/hf_wseg_dataset/extracted/wseg_dataset/sample/75529022.jpg,data/datasets/external/hf_wseg_dataset/extracted/wseg_dataset/mask/75529022.jpg,PUBLIC_REAL_PHOTOS,CC-BY-NC-4.0,80aa7111559106a32127dbe984e487bce67fac373f035709ec61babfa37b1ffb
wseg_75529040,test,positive,wound_unspecified,False,0.095627,data/datasets/unet_public_real/images/wseg_75529040.png,data/datasets/unet_public_real/masks/wseg_75529040.png,hf_wseg_dataset,data/datasets/external/hf_wseg_dataset/extracted/wseg_dataset/sample/75529040.jpg,data/datasets/external/hf_wseg_dataset/extracted/wseg_dataset/mask/75529040.jpg,PUBLIC_REAL_PHOTOS,CC-BY-NC-4.0,5c99534d8a087f48d7120205fbb597ca781f3d90346988ea80258e2962dcabea
wseg_75529049,train,positive,wound_unspecified,False,0.045454,data/datasets/unet_public_real/images/wseg_75529049.png,data/datasets/unet_public_real/masks/wseg_75529049.png,hf_wseg_dataset,data/datasets/external/hf_wseg_dataset/extracted/wseg_dataset/sample/75529049.jpg,data/datasets/external/hf_wseg_dataset/extracted/wseg_dataset/mask/75529049.jpg,PUBLIC_REAL_PHOTOS,CC-BY-NC-4.0,8e96452a84c9ee56b89c5133ea7aa9beda3ebb0d22a599ea20614def0510e656
wseg_75529057_2,train,positive,wound_unspecified,False,0.213561,data/datasets/unet_public_real/images/wseg_75529057_2.png,data/datasets/unet_public_real/masks/wseg_75529057_2.png,hf_wseg_dataset,data/datasets/external/hf_wseg_dataset/extracted/wseg_dataset/sample/75529057_2.jpg,data/datasets/external/hf_wseg_dataset/extracted/wseg_dataset/mask/75529057_2.jpg,PUBLIC_REAL_PHOTOS,CC-BY-NC-4.0,03fd785774fcf583bd73b621c8bff35561f17dc1f38d1ecd7e559131d56cb98d
wseg_75529064,train,positive,wound_unspecified,False,0.160358,data/datasets/unet_public_real/images/wseg_75529064.png,data/datasets/unet_public_real/masks/wseg_75529064.png,hf_wseg_dataset,data/datasets/external/hf_wseg_dataset/extracted/wseg_dataset/sample/75529064.jpg,data/datasets/external/hf_wseg_dataset/extracted/wseg_dataset/mask/75529064.jpg,PUBLIC_REAL_PHOTOS,CC-BY-NC-4.0,57038d2cf4b4f63242f8f2ee487115adc1404b3c35b4fcf1aeae0b1ba48bb75b
wseg_75529075,train,positive,wound_unspecified,False,0.038618,data/datasets/unet_public_real/images/wseg_75529075.png,data/datasets/unet_public_real/masks/wseg_75529075.png,hf_wseg_dataset,data/datasets/external/hf_wseg_dataset/extracted/wseg_dataset/sample/75529075.jpg,data/datasets/external/hf_wseg_dataset/extracted/wseg_dataset/mask/75529075.jpg,PUBLIC_REAL_PHOTOS,CC-BY-NC-4.0,3ca865dec88faa9ac0df89b01fc13bfd5ce466374952c12a3ce7376e1b563caf
wseg_75529088,train,positive,wound_unspecified,False,0.085477,data/datasets/unet_public_real/images/wseg_75529088.png,data/datasets/unet_public_real/masks/wseg_75529088.png,hf_wseg_dataset,data/datasets/external/hf_wseg_dataset/extracted/wseg_dataset/sample/75529088.jpg,data/datasets/external/hf_wseg_dataset/extracted/wseg_dataset/mask/75529088.jpg,PUBLIC_REAL_PHOTOS,CC-BY-NC-4.0,8208fb8233d563561450f239355c73d6a36d4fb6bbb77c48fcd29ec4aec952c1
wseg_75529133_2,train,positive,wound_unspecified,False,0.127993,data/datasets/unet_public_real/images/wseg_75529133_2.png,data/datasets/unet_public_real/masks/wseg_75529133_2.png,hf_wseg_dataset,data/datasets/external/hf_wseg_dataset/extracted/wseg_dataset/sample/75529133_2.jpg,data/datasets/external/hf_wseg_dataset/extracted/wseg_dataset/mask/75529133_2.jpg,PUBLIC_REAL_PHOTOS,CC-BY-NC-4.0,7cc91ddd9c9bf707218ff91db68c283b9ef0b6f387a3e087ed736d0b482a5b78
wseg_75529164,val,positive,wound_unspecified,False,0.045573,data/datasets/unet_public_real/images/wseg_75529164.png,data/datasets/unet_public_real/masks/wseg_75529164.png,hf_wseg_dataset,data/datasets/external/hf_wseg_dataset/extracted/wseg_dataset/sample/75529164.jpg,data/datasets/external/hf_wseg_dataset/extracted/wseg_dataset/mask/75529164.jpg,PUBLIC_REAL_PHOTOS,CC-BY-NC-4.0,a48393ae55af807d29cc323df7e5cec57d0ca674fc7a8467f103b37ed114c8d9
wseg_75529177,train,positive,wound_unspecified,False,0.263616,data/datasets/unet_public_real/images/wseg_75529177.png,data/datasets/unet_public_real/masks/wseg_75529177.png,hf_wseg_dataset,data/datasets/external/hf_wseg_dataset/extracted/wseg_dataset/sample/75529177.jpg,data/datasets/external/hf_wseg_dataset/extracted/wseg_dataset/mask/75529177.jpg,PUBLIC_REAL_PHOTOS,CC-BY-NC-4.0,daabb852371d43512fef756875e0b34a6f1936903576b511753709c9a9d8c45a
wseg_75529185,train,positive,wound_unspecified,False,0.081279,data/datasets/unet_public_real/images/wseg_75529185.png,data/datasets/unet_public_real/masks/wseg_75529185.png,hf_wseg_dataset,data/datasets/external/hf_wseg_dataset/extracted/wseg_dataset/sample/75529185.jpg,data/datasets/external/hf_wseg_dataset/extracted/wseg_dataset/mask/75529185.jpg,PUBLIC_REAL_PHOTOS,CC-BY-NC-4.0,4e576b64eba9113b8f218d81d0192e91451f25ff137d7550e82b310625bb9b2c
wseg_75529193,train,positive,wound_unspecified,False,0.355619,data/datasets/unet_public_real/images/wseg_75529193.png,data/datasets/unet_public_real/masks/wseg_75529193.png,hf_wseg_dataset,data/datasets/external/hf_wseg_dataset/extracted/wseg_dataset/sample/75529193.jpg,data/datasets/external/hf_wseg_dataset/extracted/wseg_dataset/mask/75529193.jpg,PUBLIC_REAL_PHOTOS,CC-BY-NC-4.0,04e26a0697311e3403ee64715dc8293e69eda6122720e4a30cb7244f3d9b9a35
wseg_75529207,train,positive,wound_unspecified,False,0.046303,data/datasets/unet_public_real/images/wseg_75529207.png,data/datasets/unet_public_real/masks/wseg_75529207.png,hf_wseg_dataset,data/datasets/external/hf_wseg_dataset/extracted/wseg_dataset/sample/75529207.jpg,data/datasets/external/hf_wseg_dataset/extracted/wseg_dataset/mask/75529207.jpg,PUBLIC_REAL_PHOTOS,CC-BY-NC-4.0,5e6f07985a7c211819e4287f9e8f8b130d374db7f895b9bee412f533199f1555
wseg_75529217,train,positive,wound_unspecified,False,0.153549,data/datasets/unet_public_real/images/wseg_75529217.png,data/datasets/unet_public_real/masks/wseg_75529217.png,hf_wseg_dataset,data/datasets/external/hf_wseg_dataset/extracted/wseg_dataset/sample/75529217.jpg,data/datasets/external/hf_wseg_dataset/extracted/wseg_dataset/mask/75529217.jpg,PUBLIC_REAL_PHOTOS,CC-BY-NC-4.0,973ab0607a6373945f6e943eb547cab533b51b9dfd0de7f0b991892902585bed
wseg_75529300,test,positive,wound_unspecified,False,0.125026,data/datasets/unet_public_real/images/wseg_75529300.png,data/datasets/unet_public_real/masks/wseg_75529300.png,hf_wseg_dataset,data/datasets/external/hf_wseg_dataset/extracted/wseg_dataset/sample/75529300.jpg,data/datasets/external/hf_wseg_dataset/extracted/wseg_dataset/mask/75529300.jpg,PUBLIC_REAL_PHOTOS,CC-BY-NC-4.0,590c7ab19118110671c6104281d0a02e02a79f07bd68d15ce045112675c9a99d
wseg_75530712,train,positive,wound_unspecified,False,0.099789,data/datasets/unet_public_real/images/wseg_75530712.png,data/datasets/unet_public_real/masks/wseg_75530712.png,hf_wseg_dataset,data/datasets/external/hf_wseg_dataset/extracted/wseg_dataset/sample/75530712.jpg,data/datasets/external/hf_wseg_dataset/extracted/wseg_dataset/mask/75530712.jpg,PUBLIC_REAL_PHOTOS,CC-BY-NC-4.0,55fa60c833f1618fe21f0e0c229731e9d4595f2d1310b30f2e4cd3e396c5be39
wseg_75532105,val,positive,wound_unspecified,False,0.017123,data/datasets/unet_public_real/images/wseg_75532105.png,data/datasets/unet_public_real/masks/wseg_75532105.png,hf_wseg_dataset,data/datasets/external/hf_wseg_dataset/extracted/wseg_dataset/sample/75532105.jpg,data/datasets/external/hf_wseg_dataset/extracted/wseg_dataset/mask/75532105.jpg,PUBLIC_REAL_PHOTOS,CC-BY-NC-4.0,f81cf0ad851d328ec8270e38b3406e08a039d3c7888a9ff062a6090be5af2858
wseg_75533369,train,positive,wound_unspecified,False,0.062331,data/datasets/unet_public_real/images/wseg_75533369.png,data/datasets/unet_public_real/masks/wseg_75533369.png,hf_wseg_dataset,data/datasets/external/hf_wseg_dataset/extracted/wseg_dataset/sample/75533369.jpg,data/datasets/external/hf_wseg_dataset/extracted/wseg_dataset/mask/75533369.jpg,PUBLIC_REAL_PHOTOS,CC-BY-NC-4.0,cc0186e5ef90582560b26277eb1da36088584dbe164f221f2e8e2b6ff70194ab
wseg_75535068,train,positive,wound_unspecified,False,0.023813,data/datasets/unet_public_real/images/wseg_75535068.png,data/datasets/unet_public_real/masks/wseg_75535068.png,hf_wseg_dataset,data/datasets/external/hf_wseg_dataset/extracted/wseg_dataset/sample/75535068.jpg,data/datasets/external/hf_wseg_dataset/extracted/wseg_dataset/mask/75535068.jpg,PUBLIC_REAL_PHOTOS,CC-BY-NC-4.0,4f41ebcb0fbe15dc3adcfec517f4ce6b00f1cbf7150b7aad9b95c1a8a09e3d56
wseg_75538611,val,positive,wound_unspecified,False,0.027546,data/datasets/unet_public_real/images/wseg_75538611.png,data/datasets/unet_public_real/masks/wseg_75538611.png,hf_wseg_dataset,data/datasets/external/hf_wseg_dataset/extracted/wseg_dataset/sample/75538611.jpg,data/datasets/external/hf_wseg_dataset/extracted/wseg_dataset/mask/75538611.jpg,PUBLIC_REAL_PHOTOS,CC-BY-NC-4.0,d6f6a181f45ec5591228631f858c4081624a2ede9968a780fad4a45f34bef5b5
wseg_75540133,train,positive,wound_unspecified,False,0.016511,data/datasets/unet_public_real/images/wseg_75540133.png,data/datasets/unet_public_real/masks/wseg_75540133.png,hf_wseg_dataset,data/datasets/external/hf_wseg_dataset/extracted/wseg_dataset/sample/75540133.jpg,data/datasets/external/hf_wseg_dataset/extracted/wseg_dataset/mask/75540133.jpg,PUBLIC_REAL_PHOTOS,CC-BY-NC-4.0,c96b945387a09d54938b53936b1381fcf37fcc1fde51c784b42a70a14c3bb5a2
wseg_75540970,val,positive,wound_unspecified,False,0.169787,data/datasets/unet_public_real/images/wseg_75540970.png,data/datasets/unet_public_real/masks/wseg_75540970.png,hf_wseg_dataset,data/datasets/external/hf_wseg_dataset/extracted/wseg_dataset/sample/75540970.jpg,data/datasets/external/hf_wseg_dataset/extracted/wseg_dataset/mask/75540970.jpg,PUBLIC_REAL_PHOTOS,CC-BY-NC-4.0,6fff940f6924b64984aef7d6d60e7c82eb63013d06e6071c8547d7af0ce4603b
wseg_75541633,train,positive,wound_unspecified,False,0.235284,data/datasets/unet_public_real/images/wseg_75541633.png,data/datasets/unet_public_real/masks/wseg_75541633.png,hf_wseg_dataset,data/datasets/external/hf_wseg_dataset/extracted/wseg_dataset/sample/75541633.jpg,data/datasets/external/hf_wseg_dataset/extracted/wseg_dataset/mask/75541633.jpg,PUBLIC_REAL_PHOTOS,CC-BY-NC-4.0,08dad93be5a8dc2446c33f5b3337c3364d66ab58f9c99df896580e9604589c84
wseg_75542056,train,positive,wound_unspecified,False,0.047417,data/datasets/unet_public_real/images/wseg_75542056.png,data/datasets/unet_public_real/masks/wseg_75542056.png,hf_wseg_dataset,data/datasets/external/hf_wseg_dataset/extracted/wseg_dataset/sample/75542056.jpg,data/datasets/external/hf_wseg_dataset/extracted/wseg_dataset/mask/75542056.jpg,PUBLIC_REAL_PHOTOS,CC-BY-NC-4.0,2c69b9fd26120045557cfc25120134bd58fde1a78622a3ccb95fbcdc9a950942
wseg_75542324,val,positive,wound_unspecified,False,0.285941,data/datasets/unet_public_real/images/wseg_75542324.png,data/datasets/unet_public_real/masks/wseg_75542324.png,hf_wseg_dataset,data/datasets/external/hf_wseg_dataset/extracted/wseg_dataset/sample/75542324.jpg,data/datasets/external/hf_wseg_dataset/extracted/wseg_dataset/mask/75542324.jpg,PUBLIC_REAL_PHOTOS,CC-BY-NC-4.0,ad235cc58cda9a3c8fdfd21df80a186fae012093783d42fe2ae5487b685dcd9f
wseg_75543231,train,positive,wound_unspecified,False,0.170316,data/datasets/unet_public_real/images/wseg_75543231.png,data/datasets/unet_public_real/masks/wseg_75543231.png,hf_wseg_dataset,data/datasets/external/hf_wseg_dataset/extracted/wseg_dataset/sample/75543231.jpg,data/datasets/external/hf_wseg_dataset/extracted/wseg_dataset/mask/75543231.jpg,PUBLIC_REAL_PHOTOS,CC-BY-NC-4.0,e73fa781a4976370925c4b627c13765185f716df5ff529b64504138b24d00426
wseg_75543957,train,positive,wound_unspecified,False,0.162521,data/datasets/unet_public_real/images/wseg_75543957.png,data/datasets/unet_public_real/masks/wseg_75543957.png,hf_wseg_dataset,data/datasets/external/hf_wseg_dataset/extracted/wseg_dataset/sample/75543957.jpg,data/datasets/external/hf_wseg_dataset/extracted/wseg_dataset/mask/75543957.jpg,PUBLIC_REAL_PHOTOS,CC-BY-NC-4.0,9e8b23e9be12528dbff2a43dc063b9b708a3b1c3be1118685ec36c87aff1b32e
wseg_75544536,train,positive,wound_unspecified,False,0.135952,data/datasets/unet_public_real/images/wseg_75544536.png,data/datasets/unet_public_real/masks/wseg_75544536.png,hf_wseg_dataset,data/datasets/external/hf_wseg_dataset/extracted/wseg_dataset/sample/75544536.jpg,data/datasets/external/hf_wseg_dataset/extracted/wseg_dataset/mask/75544536.jpg,PUBLIC_REAL_PHOTOS,CC-BY-NC-4.0,367aa32ba65808d5545f3ac195f253ac6869d242a92b0ec35817cb73e73853ca
wseg_75545567,test,positive,wound_unspecified,False,0.094523,data/datasets/unet_public_real/images/wseg_75545567.png,data/datasets/unet_public_real/masks/wseg_75545567.png,hf_wseg_dataset,data/datasets/external/hf_wseg_dataset/extracted/wseg_dataset/sample/75545567.jpg,data/datasets/external/hf_wseg_dataset/extracted/wseg_dataset/mask/75545567.jpg,PUBLIC_REAL_PHOTOS,CC-BY-NC-4.0,1137f475d598fab81f93ce8c3292c766f18c0414e538ca72843ce617c10f6b70
wseg_75546164,val,positive,wound_unspecified,False,0.044468,data/datasets/unet_public_real/images/wseg_75546164.png,data/datasets/unet_public_real/masks/wseg_75546164.png,hf_wseg_dataset,data/datasets/external/hf_wseg_dataset/extracted/wseg_dataset/sample/75546164.jpg,data/datasets/external/hf_wseg_dataset/extracted/wseg_dataset/mask/75546164.jpg,PUBLIC_REAL_PHOTOS,CC-BY-NC-4.0,785ae355924ace36c412c6c9441d3d77808c6cb9aee83415ba1e5de9c5b2f5d0
wseg_75546515,train,positive,wound_unspecified,False,0.268052,data/datasets/unet_public_real/images/wseg_75546515.png,data/datasets/unet_public_real/masks/wseg_75546515.png,hf_wseg_dataset,data/datasets/external/hf_wseg_dataset/extracted/wseg_dataset/sample/75546515.jpg,data/datasets/external/hf_wseg_dataset/extracted/wseg_dataset/mask/75546515.jpg,PUBLIC_REAL_PHOTOS,CC-BY-NC-4.0,486d2349e443696405d7f189e07f9f4004f463cfe96b73e8a9e1223a641e0022
wseg_75546914,train,positive,wound_unspecified,False,0.428099,data/datasets/unet_public_real/images/wseg_75546914.png,data/datasets/unet_public_real/masks/wseg_75546914.png,hf_wseg_dataset,data/datasets/external/hf_wseg_dataset/extracted/wseg_dataset/sample/75546914.jpg,data/datasets/external/hf_wseg_dataset/extracted/wseg_dataset/mask/75546914.jpg,PUBLIC_REAL_PHOTOS,CC-BY-NC-4.0,693da891c31fdbdba637edf200dfcbd43bce981ab28457a14712a72be38c4c6b
wseg_75547656,test,positive,wound_unspecified,False,0.131461,data/datasets/unet_public_real/images/wseg_75547656.png,data/datasets/unet_public_real/masks/wseg_75547656.png,hf_wseg_dataset,data/datasets/external/hf_wseg_dataset/extracted/wseg_dataset/sample/75547656.jpg,data/datasets/external/hf_wseg_dataset/extracted/wseg_dataset/mask/75547656.jpg,PUBLIC_REAL_PHOTOS,CC-BY-NC-4.0,49b08ccae69acfe8c8b8309bab4dc6669095ebf3945229f4896f3da8a1a46f44
wseg_75548033,train,positive,wound_unspecified,False,0.147845,data/datasets/unet_public_real/images/wseg_75548033.png,data/datasets/unet_public_real/masks/wseg_75548033.png,hf_wseg_dataset,data/datasets/external/hf_wseg_dataset/extracted/wseg_dataset/sample/75548033.jpg,data/datasets/external/hf_wseg_dataset/extracted/wseg_dataset/mask/75548033.jpg,PUBLIC_REAL_PHOTOS,CC-BY-NC-4.0,aff51367795318bb4f8ee41d7992f5e9ccff6c1dee581a493ca751c28ca693bd
wseg_75548635,train,positive,wound_unspecified,False,0.208514,data/datasets/unet_public_real/images/wseg_75548635.png,data/datasets/unet_public_real/masks/wseg_75548635.png,hf_wseg_dataset,data/datasets/external/hf_wseg_dataset/extracted/wseg_dataset/sample/75548635.jpg,data/datasets/external/hf_wseg_dataset/extracted/wseg_dataset/mask/75548635.jpg,PUBLIC_REAL_PHOTOS,CC-BY-NC-4.0,f07600da0b5e44376de7a13052bc764a4f620bd663e290fc6b6f6542fb322e58
wseg_75549124,train,positive,wound_unspecified,False,0.187457,data/datasets/unet_public_real/images/wseg_75549124.png,data/datasets/unet_public_real/masks/wseg_75549124.png,hf_wseg_dataset,data/datasets/external/hf_wseg_dataset/extracted/wseg_dataset/sample/75549124.jpg,data/datasets/external/hf_wseg_dataset/extracted/wseg_dataset/mask/75549124.jpg,PUBLIC_REAL_PHOTOS,CC-BY-NC-4.0,abd4f66fd15f931e06b0be83686de9cf76cde19b9edb91f1fd66ca12e6f6d29d
wseg_75549826,train,positive,wound_unspecified,False,0.123685,data/datasets/unet_public_real/images/wseg_75549826.png,data/datasets/unet_public_real/masks/wseg_75549826.png,hf_wseg_dataset,data/datasets/external/hf_wseg_dataset/extracted/wseg_dataset/sample/75549826.jpg,data/datasets/external/hf_wseg_dataset/extracted/wseg_dataset/mask/75549826.jpg,PUBLIC_REAL_PHOTOS,CC-BY-NC-4.0,36fb7224bc58a8b008ea6b01d999079223033af3f9102c69262ef046056e4164
wseg_75550901,test,positive,wound_unspecified,False,0.118993,data/datasets/unet_public_real/images/wseg_75550901.png,data/datasets/unet_public_real/masks/wseg_75550901.png,hf_wseg_dataset,data/datasets/external/hf_wseg_dataset/extracted/wseg_dataset/sample/75550901.jpg,data/datasets/external/hf_wseg_dataset/extracted/wseg_dataset/mask/75550901.jpg,PUBLIC_REAL_PHOTOS,CC-BY-NC-4.0,ac185de108f1272b9e2cb58e7ae93fbc2a60bee5195fdd23a3a5d7f5fe3ad829
wseg_75551480,train,positive,wound_unspecified,False,0.119112,data/datasets/unet_public_real/images/wseg_75551480.png,data/datasets/unet_public_real/masks/wseg_75551480.png,hf_wseg_dataset,data/datasets/external/hf_wseg_dataset/extracted/wseg_dataset/sample/75551480.jpg,data/datasets/external/hf_wseg_dataset/extracted/wseg_dataset/mask/75551480.jpg,PUBLIC_REAL_PHOTOS,CC-BY-NC-4.0,62f987fdf83ddeff020e4248f9114d18af5585c1e3b73b91757a28cdd1546e5c
wseg_75552036,train,positive,wound_unspecified,False,0.167833,data/datasets/unet_public_real/images/wseg_75552036.png,data/datasets/unet_public_real/masks/wseg_75552036.png,hf_wseg_dataset,data/datasets/external/hf_wseg_dataset/extracted/wseg_dataset/sample/75552036.jpg,data/datasets/external/hf_wseg_dataset/extracted/wseg_dataset/mask/75552036.jpg,PUBLIC_REAL_PHOTOS,CC-BY-NC-4.0,769eb2d18a37f1a73fa3d3577184e88c5fffce85a5bdafb6bf61c3efbce5dc1f
wseg_75553223,train,positive,wound_unspecified,False,0.071777,data/datasets/unet_public_real/images/wseg_75553223.png,data/datasets/unet_public_real/masks/wseg_75553223.png,hf_wseg_dataset,data/datasets/external/hf_wseg_dataset/extracted/wseg_dataset/sample/75553223.jpg,data/datasets/external/hf_wseg_dataset/extracted/wseg_dataset/mask/75553223.jpg,PUBLIC_REAL_PHOTOS,CC-BY-NC-4.0,3ba3941da6e5e0a09dada2b33ba6d36c87b48355385e83d74b104c49e1fe236e
wseg_75554229,train,positive,wound_unspecified,False,0.055923,data/datasets/unet_public_real/images/wseg_75554229.png,data/datasets/unet_public_real/masks/wseg_75554229.png,hf_wseg_dataset,data/datasets/external/hf_wseg_dataset/extracted/wseg_dataset/sample/75554229.jpg,data/datasets/external/hf_wseg_dataset/extracted/wseg_dataset/mask/75554229.jpg,PUBLIC_REAL_PHOTOS,CC-BY-NC-4.0,cac2656fb3f001a97868b6cc6ff28a9edef5150cef6dc3aebc324931dee543f9
wseg_75554447,train,positive,wound_unspecified,False,0.193764,data/datasets/unet_public_real/images/wseg_75554447.png,data/datasets/unet_public_real/masks/wseg_75554447.png,hf_wseg_dataset,data/datasets/external/hf_wseg_dataset/extracted/wseg_dataset/sample/75554447.jpg,data/datasets/external/hf_wseg_dataset/extracted/wseg_dataset/mask/75554447.jpg,PUBLIC_REAL_PHOTOS,CC-BY-NC-4.0,f5b2285848fec11e37ea49536aa084d5e3a0d08d80ac82b0fce559fc90b0b674
wseg_75554727,test,positive,wound_unspecified,False,0.084601,data/datasets/unet_public_real/images/wseg_75554727.png,data/datasets/unet_public_real/masks/wseg_75554727.png,hf_wseg_dataset,data/datasets/external/hf_wseg_dataset/extracted/wseg_dataset/sample/75554727.jpg,data/datasets/external/hf_wseg_dataset/extracted/wseg_dataset/mask/75554727.jpg,PUBLIC_REAL_PHOTOS,CC-BY-NC-4.0,00f7b39a83f057b12f33288b65686a1b34842b19113e34ab96a53ff1ba32da33
wseg_75554899,train,positive,wound_unspecified,False,0.236261,data/datasets/unet_public_real/images/wseg_75554899.png,data/datasets/unet_public_real/masks/wseg_75554899.png,hf_wseg_dataset,data/datasets/external/hf_wseg_dataset/extracted/wseg_dataset/sample/75554899.jpg,data/datasets/external/hf_wseg_dataset/extracted/wseg_dataset/mask/75554899.jpg,PUBLIC_REAL_PHOTOS,CC-BY-NC-4.0,2f316f393bf6c8dfc920cebb700eab6104a5326cd410394f7b5464b06e3dc659
wseg_75555026,train,positive,wound_unspecified,False,0.070445,data/datasets/unet_public_real/images/wseg_75555026.png,data/datasets/unet_public_real/masks/wseg_75555026.png,hf_wseg_dataset,data/datasets/external/hf_wseg_dataset/extracted/wseg_dataset/sample/75555026.jpg,data/datasets/external/hf_wseg_dataset/extracted/wseg_dataset/mask/75555026.jpg,PUBLIC_REAL_PHOTOS,CC-BY-NC-4.0,cea29002684de04c1452a8efc39e5b7926a7fd0277c46db6f752dd0b1d92a910
wseg_75555244,val,positive,wound_unspecified,False,0.124387,data/datasets/unet_public_real/images/wseg_75555244.png,data/datasets/unet_public_real/masks/wseg_75555244.png,hf_wseg_dataset,data/datasets/external/hf_wseg_dataset/extracted/wseg_dataset/sample/75555244.jpg,data/datasets/external/hf_wseg_dataset/extracted/wseg_dataset/mask/75555244.jpg,PUBLIC_REAL_PHOTOS,CC-BY-NC-4.0,c3ac590170051143236ab0d43c65c7ffb4d5e751367b1472b6114aaefaee49ec
wseg_75555491,train,positive,wound_unspecified,False,0.167906,data/datasets/unet_public_real/images/wseg_75555491.png,data/datasets/unet_public_real/masks/wseg_75555491.png,hf_wseg_dataset,data/datasets/external/hf_wseg_dataset/extracted/wseg_dataset/sample/75555491.jpg,data/datasets/external/hf_wseg_dataset/extracted/wseg_dataset/mask/75555491.jpg,PUBLIC_REAL_PHOTOS,CC-BY-NC-4.0,5f722186ba5be10b485c45191e2f185847281fc513856824da8b206784dbceb3
wseg_75555725_2,train,positive,wound_unspecified,False,0.08608,data/datasets/unet_public_real/images/wseg_75555725_2.png,data/datasets/unet_public_real/masks/wseg_75555725_2.png,hf_wseg_dataset,data/datasets/external/hf_wseg_dataset/extracted/wseg_dataset/sample/75555725_2.jpg,data/datasets/external/hf_wseg_dataset/extracted/wseg_dataset/mask/75555725_2.jpg,PUBLIC_REAL_PHOTOS,CC-BY-NC-4.0,46d37775fe678b6a90e00eaa5207888b32e1680ae19dd21c2126093a460f3eb9
wseg_75556120,test,positive,wound_unspecified,False,0.103659,data/datasets/unet_public_real/images/wseg_75556120.png,data/datasets/unet_public_real/masks/wseg_75556120.png,hf_wseg_dataset,data/datasets/external/hf_wseg_dataset/extracted/wseg_dataset/sample/75556120.jpg,data/datasets/external/hf_wseg_dataset/extracted/wseg_dataset/mask/75556120.jpg,PUBLIC_REAL_PHOTOS,CC-BY-NC-4.0,0c5824ed3c350d34b49ed07e4d02703a09cc953aac02e5f8486ae9f1dd73826e
wseg_75556295,train,positive,wound_unspecified,False,0.249404,data/datasets/unet_public_real/images/wseg_75556295.png,data/datasets/unet_public_real/masks/wseg_75556295.png,hf_wseg_dataset,data/datasets/external/hf_wseg_dataset/extracted/wseg_dataset/sample/75556295.jpg,data/datasets/external/hf_wseg_dataset/extracted/wseg_dataset/mask/75556295.jpg,PUBLIC_REAL_PHOTOS,CC-BY-NC-4.0,6851f9e269e1f6b8df2f20d43ac51bb1756928ab1c0b0a5c46685265e24a441c
wseg_75556672,train,positive,wound_unspecified,False,0.204507,data/datasets/unet_public_real/images/wseg_75556672.png,data/datasets/unet_public_real/masks/wseg_75556672.png,hf_wseg_dataset,data/datasets/external/hf_wseg_dataset/extracted/wseg_dataset/sample/75556672.jpg,data/datasets/external/hf_wseg_dataset/extracted/wseg_dataset/mask/75556672.jpg,PUBLIC_REAL_PHOTOS,CC-BY-NC-4.0,67d1bd03d6d8177a9406275c642d9f5ff87ed411dc8d3b3a137f4d38831384f6
wseg_75557637,train,positive,wound_unspecified,False,0.118245,data/datasets/unet_public_real/images/wseg_75557637.png,data/datasets/unet_public_real/masks/wseg_75557637.png,hf_wseg_dataset,data/datasets/external/hf_wseg_dataset/extracted/wseg_dataset/sample/75557637.jpg,data/datasets/external/hf_wseg_dataset/extracted/wseg_dataset/mask/75557637.jpg,PUBLIC_REAL_PHOTOS,CC-BY-NC-4.0,8489c0af3bc8fec189e684bcfd07c5af42f07a93038a809b0544e68043b5fd12
wseg_75559492,val,positive,wound_unspecified,False,0.233623,data/datasets/unet_public_real/images/wseg_75559492.png,data/datasets/unet_public_real/masks/wseg_75559492.png,hf_wseg_dataset,data/datasets/external/hf_wseg_dataset/extracted/wseg_dataset/sample/75559492.jpg,data/datasets/external/hf_wseg_dataset/extracted/wseg_dataset/mask/75559492.jpg,PUBLIC_REAL_PHOTOS,CC-BY-NC-4.0,e637dd84d4579a43c6383e49e0dff82f4cea58b8c5d764a5eb5a62d102f251f1
wseg_75559750,train,positive,wound_unspecified,False,0.194011,data/datasets/unet_public_real/images/wseg_75559750.png,data/datasets/unet_public_real/masks/wseg_75559750.png,hf_wseg_dataset,data/datasets/external/hf_wseg_dataset/extracted/wseg_dataset/sample/75559750.jpg,data/datasets/external/hf_wseg_dataset/extracted/wseg_dataset/mask/75559750.jpg,PUBLIC_REAL_PHOTOS,CC-BY-NC-4.0,66a56c02ac206fdd1759eed4e18be922675486b66a894e5f9a23f4a71a0bd392
wseg_75559951,train,positive,wound_unspecified,False,0.218791,data/datasets/unet_public_real/images/wseg_75559951.png,data/datasets/unet_public_real/masks/wseg_75559951.png,hf_wseg_dataset,data/datasets/external/hf_wseg_dataset/extracted/wseg_dataset/sample/75559951.jpg,data/datasets/external/hf_wseg_dataset/extracted/wseg_dataset/mask/75559951.jpg,PUBLIC_REAL_PHOTOS,CC-BY-NC-4.0,f804787052a255c7159fec7f917239099c549b09b8a131123186745489bdca73
wseg_75560106,train,positive,wound_unspecified,False,0.09852,data/datasets/unet_public_real/images/wseg_75560106.png,data/datasets/unet_public_real/masks/wseg_75560106.png,hf_wseg_dataset,data/datasets/external/hf_wseg_dataset/extracted/wseg_dataset/sample/75560106.jpg,data/datasets/external/hf_wseg_dataset/extracted/wseg_dataset/mask/75560106.jpg,PUBLIC_REAL_PHOTOS,CC-BY-NC-4.0,0d5d67837f9ddf59f8d0a5ea59971adb75116d9fa1c1695e6c7e57dcbe0e5a86
wseg_75560211,train,positive,wound_unspecified,False,0.220608,data/datasets/unet_public_real/images/wseg_75560211.png,data/datasets/unet_public_real/masks/wseg_75560211.png,hf_wseg_dataset,data/datasets/external/hf_wseg_dataset/extracted/wseg_dataset/sample/75560211.jpg,data/datasets/external/hf_wseg_dataset/extracted/wseg_dataset/mask/75560211.jpg,PUBLIC_REAL_PHOTOS,CC-BY-NC-4.0,a3c579aecce4dc99d7d8f24d5f7bf86d246099f9ec48219eeed9d2f76faf229b
wseg_75560428,train,positive,wound_unspecified,False,0.162421,data/datasets/unet_public_real/images/wseg_75560428.png,data/datasets/unet_public_real/masks/wseg_75560428.png,hf_wseg_dataset,data/datasets/external/hf_wseg_dataset/extracted/wseg_dataset/sample/75560428.jpg,data/datasets/external/hf_wseg_dataset/extracted/wseg_dataset/mask/75560428.jpg,PUBLIC_REAL_PHOTOS,CC-BY-NC-4.0,8b2a91558132cacd4d8f8dbd3246365649d10ed1fd33aeb0930b05c9b16fb834
wseg_75560563,val,positive,wound_unspecified,False,0.047353,data/datasets/unet_public_real/images/wseg_75560563.png,data/datasets/unet_public_real/masks/wseg_75560563.png,hf_wseg_dataset,data/datasets/external/hf_wseg_dataset/extracted/wseg_dataset/sample/75560563.jpg,data/datasets/external/hf_wseg_dataset/extracted/wseg_dataset/mask/75560563.jpg,PUBLIC_REAL_PHOTOS,CC-BY-NC-4.0,092ff72a8d3ebbd2ba7dae03485b2c49c72b9406d2eecd838e742ee856a49e66
wseg_75560725_2,train,positive,wound_unspecified,False,0.19224,data/datasets/unet_public_real/images/wseg_75560725_2.png,data/datasets/unet_public_real/masks/wseg_75560725_2.png,hf_wseg_dataset,data/datasets/external/hf_wseg_dataset/extracted/wseg_dataset/sample/75560725_2.jpg,data/datasets/external/hf_wseg_dataset/extracted/wseg_dataset/mask/75560725_2.jpg,PUBLIC_REAL_PHOTOS,CC-BY-NC-4.0,5bb788696ac111abe7df35c92e9dcdda28d99ef75b9b69ac8a9094d9f11dd0c2
wseg_75560848,train,positive,wound_unspecified,False,0.385466,data/datasets/unet_public_real/images/wseg_75560848.png,data/datasets/unet_public_real/masks/wseg_75560848.png,hf_wseg_dataset,data/datasets/external/hf_wseg_dataset/extracted/wseg_dataset/sample/75560848.jpg,data/datasets/external/hf_wseg_dataset/extracted/wseg_dataset/mask/75560848.jpg,PUBLIC_REAL_PHOTOS,CC-BY-NC-4.0,cdd8870e42ce57815632348f7f3848945de4ba3f0baa5e4fb44ca8828ab6fa65
wseg_75560864,train,positive,wound_unspecified,False,0.081653,data/datasets/unet_public_real/images/wseg_75560864.png,data/datasets/unet_public_real/masks/wseg_75560864.png,hf_wseg_dataset,data/datasets/external/hf_wseg_dataset/extracted/wseg_dataset/sample/75560864.jpg,data/datasets/external/hf_wseg_dataset/extracted/wseg_dataset/mask/75560864.jpg,PUBLIC_REAL_PHOTOS,CC-BY-NC-4.0,3913590a128e60cf6821aa28953bd17a5b3601db06a8bb17818ee6faa8f9899e
wseg_75560928,train,positive,wound_unspecified,False,0.600953,data/datasets/unet_public_real/images/wseg_75560928.png,data/datasets/unet_public_real/masks/wseg_75560928.png,hf_wseg_dataset,data/datasets/external/hf_wseg_dataset/extracted/wseg_dataset/sample/75560928.jpg,data/datasets/external/hf_wseg_dataset/extracted/wseg_dataset/mask/75560928.jpg,PUBLIC_REAL_PHOTOS,CC-BY-NC-4.0,949aa5e0e4fdc72cbe94511f84cbf33a9c8d8bac1a155c56fb63df5b95d36360
wseg_75561012,train,positive,wound_unspecified,False,0.09267,data/datasets/unet_public_real/images/wseg_75561012.png,data/datasets/unet_public_real/masks/wseg_75561012.png,hf_wseg_dataset,data/datasets/external/hf_wseg_dataset/extracted/wseg_dataset/sample/75561012.jpg,data/datasets/external/hf_wseg_dataset/extracted/wseg_dataset/mask/75561012.jpg,PUBLIC_REAL_PHOTOS,CC-BY-NC-4.0,58418a37945978a544f8a468de8aa776f44d65f9ae16852ea3520a83b9c585a7
wseg_75561059,test,positive,wound_unspecified,False,0.063873,data/datasets/unet_public_real/images/wseg_75561059.png,data/datasets/unet_public_real/masks/wseg_75561059.png,hf_wseg_dataset,data/datasets/external/hf_wseg_dataset/extracted/wseg_dataset/sample/75561059.jpg,data/datasets/external/hf_wseg_dataset/extracted/wseg_dataset/mask/75561059.jpg,PUBLIC_REAL_PHOTOS,CC-BY-NC-4.0,efd11f0714b446d664754fcbf4b691096f1b29d50b269eeab1568689bcf220a5
wseg_75561083,train,positive,wound_unspecified,False,0.013691,data/datasets/unet_public_real/images/wseg_75561083.png,data/datasets/unet_public_real/masks/wseg_75561083.png,hf_wseg_dataset,data/datasets/external/hf_wseg_dataset/extracted/wseg_dataset/sample/75561083.jpg,data/datasets/external/hf_wseg_dataset/extracted/wseg_dataset/mask/75561083.jpg,PUBLIC_REAL_PHOTOS,CC-BY-NC-4.0,5a7cd993ae9c350456da242e0c98e3633b29eb48f2e2afe881dbba9c0f37946e
wseg_75561230,train,positive,wound_unspecified,False,0.496901,data/datasets/unet_public_real/images/wseg_75561230.png,data/datasets/unet_public_real/masks/wseg_75561230.png,hf_wseg_dataset,data/datasets/external/hf_wseg_dataset/extracted/wseg_dataset/sample/75561230.jpg,data/datasets/external/hf_wseg_dataset/extracted/wseg_dataset/mask/75561230.jpg,PUBLIC_REAL_PHOTOS,CC-BY-NC-4.0,6fdfe87f816d8be2b4c2cf9ea2d9fa108ead0ff5b6bf87fb1fe3cfe65bf2831a
wseg_75561244,val,positive,wound_unspecified,False,0.218773,data/datasets/unet_public_real/images/wseg_75561244.png,data/datasets/unet_public_real/masks/wseg_75561244.png,hf_wseg_dataset,data/datasets/external/hf_wseg_dataset/extracted/wseg_dataset/sample/75561244.jpg,data/datasets/external/hf_wseg_dataset/extracted/wseg_dataset/mask/75561244.jpg,PUBLIC_REAL_PHOTOS,CC-BY-NC-4.0,bee96714d5af3151bf5a044505677a2200df1510f759deb21c70e37f9eecf7a5
wseg_75561267_2,val,positive,wound_unspecified,False,0.345214,data/datasets/unet_public_real/images/wseg_75561267_2.png,data/datasets/unet_public_real/masks/wseg_75561267_2.png,hf_wseg_dataset,data/datasets/external/hf_wseg_dataset/extracted/wseg_dataset/sample/75561267_2.jpg,data/datasets/external/hf_wseg_dataset/extracted/wseg_dataset/mask/75561267_2.jpg,PUBLIC_REAL_PHOTOS,CC-BY-NC-4.0,66526dca40bdb7076b8727b9d31b59cd3ca954f6ea61218a522923084d30745a
wseg_75561298,train,positive,wound_unspecified,False,0.302672,data/datasets/unet_public_real/images/wseg_75561298.png,data/datasets/unet_public_real/masks/wseg_75561298.png,hf_wseg_dataset,data/datasets/external/hf_wseg_dataset/extracted/wseg_dataset/sample/75561298.jpg,data/datasets/external/hf_wseg_dataset/extracted/wseg_dataset/mask/75561298.jpg,PUBLIC_REAL_PHOTOS,CC-BY-NC-4.0,b2620905f692baf31f2ebb2de5287a982066f03d1bd908429f49be1a30e9550a
wseg_75561330,train,positive,wound_unspecified,False,0.116191,data/datasets/unet_public_real/images/wseg_75561330.png,data/datasets/unet_public_real/masks/wseg_75561330.png,hf_wseg_dataset,data/datasets/external/hf_wseg_dataset/extracted/wseg_dataset/sample/75561330.jpg,data/datasets/external/hf_wseg_dataset/extracted/wseg_dataset/mask/75561330.jpg,PUBLIC_REAL_PHOTOS,CC-BY-NC-4.0,9dadca28325a98e533ee67d66a94983cdf455807107660f270a335778d55058a
wseg_75561370,train,positive,wound_unspecified,False,0.08221,data/datasets/unet_public_real/images/wseg_75561370.png,data/datasets/unet_public_real/masks/wseg_75561370.png,hf_wseg_dataset,data/datasets/external/hf_wseg_dataset/extracted/wseg_dataset/sample/75561370.jpg,data/datasets/external/hf_wseg_dataset/extracted/wseg_dataset/mask/75561370.jpg,PUBLIC_REAL_PHOTOS,CC-BY-NC-4.0,1f01a116630d00e3da71cd1d9140ff7664cb383c7b40c87342913b701f512dcb
wseg_75561391,train,positive,wound_unspecified,False,0.161326,data/datasets/unet_public_real/images/wseg_75561391.png,data/datasets/unet_public_real/masks/wseg_75561391.png,hf_wseg_dataset,data/datasets/external/hf_wseg_dataset/extracted/wseg_dataset/sample/75561391.jpg,data/datasets/external/hf_wseg_dataset/extracted/wseg_dataset/mask/75561391.jpg,PUBLIC_REAL_PHOTOS,CC-BY-NC-4.0,b257a5aa564074f642435e8d846cc4e6008feefded54c19c7e1addd539426cb5
wseg_75561412,train,positive,wound_unspecified,False,0.117177,data/datasets/unet_public_real/images/wseg_75561412.png,data/datasets/unet_public_real/masks/wseg_75561412.png,hf_wseg_dataset,data/datasets/external/hf_wseg_dataset/extracted/wseg_dataset/sample/75561412.jpg,data/datasets/external/hf_wseg_dataset/extracted/wseg_dataset/mask/75561412.jpg,PUBLIC_REAL_PHOTOS,CC-BY-NC-4.0,3f3fc475533eb56af2c5724bb02d3e81004178b82d6f4b6a255d72d029c4e71d
wseg_75561444,train,positive,wound_unspecified,False,0.084017,data/datasets/unet_public_real/images/wseg_75561444.png,data/datasets/unet_public_real/masks/wseg_75561444.png,hf_wseg_dataset,data/datasets/external/hf_wseg_dataset/extracted/wseg_dataset/sample/75561444.jpg,data/datasets/external/hf_wseg_dataset/extracted/wseg_dataset/mask/75561444.jpg,PUBLIC_REAL_PHOTOS,CC-BY-NC-4.0,f60d9c7564afc6d55dbf36047b92ee89624e9348b0be04fc8119c747cc9b174f
wseg_75561468,val,positive,wound_unspecified,False,0.133533,data/datasets/unet_public_real/images/wseg_75561468.png,data/datasets/unet_public_real/masks/wseg_75561468.png,hf_wseg_dataset,data/datasets/external/hf_wseg_dataset/extracted/wseg_dataset/sample/75561468.jpg,data/datasets/external/hf_wseg_dataset/extracted/wseg_dataset/mask/75561468.jpg,PUBLIC_REAL_PHOTOS,CC-BY-NC-4.0,1f0386f3612cdf4b7390f9ce3c5aa643d34705e58ad8220116fbec39bddce5ba
medetec_train_foot-ulcer-0001,test,positive,foot_ulcer,False,0.118363,data/datasets/unet_public_real/images/medetec_train_foot-ulcer-0001.png,data/datasets/unet_public_real/masks/medetec_train_foot-ulcer-0001.png,medetec_foot_ulcer_224,data/datasets/external/wound-segmentation/data/Medetec_foot_ulcer_224/train/images/foot-ulcer-0001.png,data/datasets/external/wound-segmentation/data/Medetec_foot_ulcer_224/train/labels/foot-ulcer-0001.png,PUBLIC_REAL_PHOTOS,Medetec stock terms + UWM annotated 224px redistribution,352e537c26194bd22753466cc7a6daba36480bd7cf1b740a8e40245c4b568667
medetec_train_foot-ulcer-0001_1,val,positive,foot_ulcer,False,0.118503,data/datasets/unet_public_real/images/medetec_train_foot-ulcer-0001_1.png,data/datasets/unet_public_real/masks/medetec_train_foot-ulcer-0001_1.png,medetec_foot_ulcer_224,data/datasets/external/wound-segmentation/data/Medetec_foot_ulcer_224/train/images/foot-ulcer-0001_1.png,data/datasets/external/wound-segmentation/data/Medetec_foot_ulcer_224/train/labels/foot-ulcer-0001_1.png,PUBLIC_REAL_PHOTOS,Medetec stock terms + UWM annotated 224px redistribution,f4389cbbb1de1b081af629063d830f8b5f9caedbaeab69802cd05430d85fdf1b
medetec_train_foot-ulcer-0001_2,train,positive,foot_ulcer,False,0.118363,data/datasets/unet_public_real/images/medetec_train_foot-ulcer-0001_2.png,data/datasets/unet_public_real/masks/medetec_train_foot-ulcer-0001_2.png,medetec_foot_ulcer_224,data/datasets/external/wound-segmentation/data/Medetec_foot_ulcer_224/train/images/foot-ulcer-0001_2.png,data/datasets/external/wound-segmentation/data/Medetec_foot_ulcer_224/train/labels/foot-ulcer-0001_2.png,PUBLIC_REAL_PHOTOS,Medetec stock terms + UWM annotated 224px redistribution,134c1f0de2bb93186e4e52644be6813e4842de09fdbc82888c663c0cc7c8ea78
medetec_train_foot-ulcer-0001_3,val,positive,foot_ulcer,False,0.118503,data/datasets/unet_public_real/images/medetec_train_foot-ulcer-0001_3.png,data/datasets/unet_public_real/masks/medetec_train_foot-ulcer-0001_3.png,medetec_foot_ulcer_224,data/datasets/external/wound-segmentation/data/Medetec_foot_ulcer_224/train/images/foot-ulcer-0001_3.png,data/datasets/external/wound-segmentation/data/Medetec_foot_ulcer_224/train/labels/foot-ulcer-0001_3.png,PUBLIC_REAL_PHOTOS,Medetec stock terms + UWM annotated 224px redistribution,147b8f526d77e753acfff3c2c2d1914a00725645c23c6d37219c1589bbead189
medetec_train_foot-ulcer-0003,train,positive,foot_ulcer,False,0.081912,data/datasets/unet_public_real/images/medetec_train_foot-ulcer-0003.png,data/datasets/unet_public_real/masks/medetec_train_foot-ulcer-0003.png,medetec_foot_ulcer_224,data/datasets/external/wound-segmentation/data/Medetec_foot_ulcer_224/train/images/foot-ulcer-0003.png,data/datasets/external/wound-segmentation/data/Medetec_foot_ulcer_224/train/labels/foot-ulcer-0003.png,PUBLIC_REAL_PHOTOS,Medetec stock terms + UWM annotated 224px redistribution,b1f6d39bdff0aa0ba28430ef18ddaef912bdef07e543ef0db215f48c278fe041
medetec_train_foot-ulcer-0003_1,val,positive,foot_ulcer,False,0.081872,data/datasets/unet_public_real/images/medetec_train_foot-ulcer-0003_1.png,data/datasets/unet_public_real/masks/medetec_train_foot-ulcer-0003_1.png,medetec_foot_ulcer_224,data/datasets/external/wound-segmentation/data/Medetec_foot_ulcer_224/train/images/foot-ulcer-0003_1.png,data/datasets/external/wound-segmentation/data/Medetec_foot_ulcer_224/train/labels/foot-ulcer-0003_1.png,PUBLIC_REAL_PHOTOS,Medetec stock terms + UWM annotated 224px redistribution,60993603420ba1671b7cd420cdd3fce24ae061b08a466f5ad706c26b94fab268
medetec_train_foot-ulcer-0003_2,train,positive,foot_ulcer,False,0.081912,data/datasets/unet_public_real/images/medetec_train_foot-ulcer-0003_2.png,data/datasets/unet_public_real/masks/medetec_train_foot-ulcer-0003_2.png,medetec_foot_ulcer_224,data/datasets/external/wound-segmentation/data/Medetec_foot_ulcer_224/train/images/foot-ulcer-0003_2.png,data/datasets/external/wound-segmentation/data/Medetec_foot_ulcer_224/train/labels/foot-ulcer-0003_2.png,PUBLIC_REAL_PHOTOS,Medetec stock terms + UWM annotated 224px redistribution,be9135437a371eefbfee9a906f2576eca644ba73a8952fde44aa2822467e1641
medetec_train_foot-ulcer-0003_3,train,positive,foot_ulcer,False,0.081872,data/datasets/unet_public_real/images/medetec_train_foot-ulcer-0003_3.png,data/datasets/unet_public_real/masks/medetec_train_foot-ulcer-0003_3.png,medetec_foot_ulcer_224,data/datasets/external/wound-segmentation/data/Medetec_foot_ulcer_224/train/images/foot-ulcer-0003_3.png,data/datasets/external/wound-segmentation/data/Medetec_foot_ulcer_224/train/labels/foot-ulcer-0003_3.png,PUBLIC_REAL_PHOTOS,Medetec stock terms + UWM annotated 224px redistribution,85c41413aefbff9eb382e990fed1da62c1efdc7b3071a32f21e2333c8f00e445
medetec_train_foot-ulcer-0004,train,positive,foot_ulcer,False,0.03416,data/datasets/unet_public_real/images/medetec_train_foot-ulcer-0004.png,data/datasets/unet_public_real/masks/medetec_train_foot-ulcer-0004.png,medetec_foot_ulcer_224,data/datasets/external/wound-segmentation/data/Medetec_foot_ulcer_224/train/images/foot-ulcer-0004.png,data/datasets/external/wound-segmentation/data/Medetec_foot_ulcer_224/train/labels/foot-ulcer-0004.png,PUBLIC_REAL_PHOTOS,Medetec stock terms + UWM annotated 224px redistribution,2586323d3dc6a06669bfb10360a48316ced7640fde94ea5f07af3614e2458f31
medetec_train_foot-ulcer-0004_1,val,positive,foot_ulcer,False,0.0341,data/datasets/unet_public_real/images/medetec_train_foot-ulcer-0004_1.png,data/datasets/unet_public_real/masks/medetec_train_foot-ulcer-0004_1.png,medetec_foot_ulcer_224,data/datasets/external/wound-segmentation/data/Medetec_foot_ulcer_224/train/images/foot-ulcer-0004_1.png,data/datasets/external/wound-segmentation/data/Medetec_foot_ulcer_224/train/labels/foot-ulcer-0004_1.png,PUBLIC_REAL_PHOTOS,Medetec stock terms + UWM annotated 224px redistribution,1383dd163545ab13a8e8e83bf2f6c49ef7483ecc97981049f3ffc921dee5e055
medetec_train_foot-ulcer-0004_2,test,positive,foot_ulcer,False,0.03416,data/datasets/unet_public_real/images/medetec_train_foot-ulcer-0004_2.png,data/datasets/unet_public_real/masks/medetec_train_foot-ulcer-0004_2.png,medetec_foot_ulcer_224,data/datasets/external/wound-segmentation/data/Medetec_foot_ulcer_224/train/images/foot-ulcer-0004_2.png,data/datasets/external/wound-segmentation/data/Medetec_foot_ulcer_224/train/labels/foot-ulcer-0004_2.png,PUBLIC_REAL_PHOTOS,Medetec stock terms + UWM annotated 224px redistribution,44dc1a453388861258a4cbf3488da3af852f07dc78227d305474f756ce38782d
medetec_train_foot-ulcer-0004_3,train,positive,foot_ulcer,False,0.0341,data/datasets/unet_public_real/images/medetec_train_foot-ulcer-0004_3.png,data/datasets/unet_public_real/masks/medetec_train_foot-ulcer-0004_3.png,medetec_foot_ulcer_224,data/datasets/external/wound-segmentation/data/Medetec_foot_ulcer_224/train/images/foot-ulcer-0004_3.png,data/datasets/external/wound-segmentation/data/Medetec_foot_ulcer_224/train/labels/foot-ulcer-0004_3.png,PUBLIC_REAL_PHOTOS,Medetec stock terms + UWM annotated 224px redistribution,1b406653f46311371d7a9b3a987472bdca5b3d95ce9e080c7628f18952f916e9
medetec_train_foot-ulcer-0005,test,positive,foot_ulcer,False,0.121154,data/datasets/unet_public_real/images/medetec_train_foot-ulcer-0005.png,data/datasets/unet_public_real/masks/medetec_train_foot-ulcer-0005.png,medetec_foot_ulcer_224,data/datasets/external/wound-segmentation/data/Medetec_foot_ulcer_224/train/images/foot-ulcer-0005.png,data/datasets/external/wound-segmentation/data/Medetec_foot_ulcer_224/train/labels/foot-ulcer-0005.png,PUBLIC_REAL_PHOTOS,Medetec stock terms + UWM annotated 224px redistribution,8e80f53eaa4be148da7e636977442d6d47b2e893df42000799e3af99605f8b57
medetec_train_foot-ulcer-0005_1,train,positive,foot_ulcer,False,0.121094,data/datasets/unet_public_real/images/medetec_train_foot-ulcer-0005_1.png,data/datasets/unet_public_real/masks/medetec_train_foot-ulcer-0005_1.png,medetec_foot_ulcer_224,data/datasets/external/wound-segmentation/data/Medetec_foot_ulcer_224/train/images/foot-ulcer-0005_1.png,data/datasets/external/wound-segmentation/data/Medetec_foot_ulcer_224/train/labels/foot-ulcer-0005_1.png,PUBLIC_REAL_PHOTOS,Medetec stock terms + UWM annotated 224px redistribution,b343ee799ec59494fb6ea662da5ec860adb1468da6048d747de1999213578627
medetec_train_foot-ulcer-0005_2,train,positive,foot_ulcer,False,0.121154,data/datasets/unet_public_real/images/medetec_train_foot-ulcer-0005_2.png,data/datasets/unet_public_real/masks/medetec_train_foot-ulcer-0005_2.png,medetec_foot_ulcer_224,data/datasets/external/wound-segmentation/data/Medetec_foot_ulcer_224/train/images/foot-ulcer-0005_2.png,data/datasets/external/wound-segmentation/data/Medetec_foot_ulcer_224/train/labels/foot-ulcer-0005_2.png,PUBLIC_REAL_PHOTOS,Medetec stock terms + UWM annotated 224px redistribution,19621769936cc4078ef87d3156ebfe06dbad51e70b979f020237070a32433b9e
medetec_train_foot-ulcer-0005_3,train,positive,foot_ulcer,False,0.121094,data/datasets/unet_public_real/images/medetec_train_foot-ulcer-0005_3.png,data/datasets/unet_public_real/masks/medetec_train_foot-ulcer-0005_3.png,medetec_foot_ulcer_224,data/datasets/external/wound-segmentation/data/Medetec_foot_ulcer_224/train/images/foot-ulcer-0005_3.png,data/datasets/external/wound-segmentation/data/Medetec_foot_ulcer_224/train/labels/foot-ulcer-0005_3.png,PUBLIC_REAL_PHOTOS,Medetec stock terms + UWM annotated 224px redistribution,9e508d40b9ff358567ba0622eee53c592267c51384634653f7504b580d1fc578
medetec_train_foot-ulcer-0007,train,positive,foot_ulcer,False,0.114078,data/datasets/unet_public_real/images/medetec_train_foot-ulcer-0007.png,data/datasets/unet_public_real/masks/medetec_train_foot-ulcer-0007.png,medetec_foot_ulcer_224,data/datasets/external/wound-segmentation/data/Medetec_foot_ulcer_224/train/images/foot-ulcer-0007.png,data/datasets/external/wound-segmentation/data/Medetec_foot_ulcer_224/train/labels/foot-ulcer-0007.png,PUBLIC_REAL_PHOTOS,Medetec stock terms + UWM annotated 224px redistribution,e967293df54ab9e44530570eee320f63c98c616fd40a49004b7b3495fb37e4d4
medetec_train_foot-ulcer-0007_1,train,positive,foot_ulcer,False,0.114138,data/datasets/unet_public_real/images/medetec_train_foot-ulcer-0007_1.png,data/datasets/unet_public_real/masks/medetec_train_foot-ulcer-0007_1.png,medetec_foot_ulcer_224,data/datasets/external/wound-segmentation/data/Medetec_foot_ulcer_224/train/images/foot-ulcer-0007_1.png,data/datasets/external/wound-segmentation/data/Medetec_foot_ulcer_224/train/labels/foot-ulcer-0007_1.png,PUBLIC_REAL_PHOTOS,Medetec stock terms + UWM annotated 224px redistribution,29707ad842321ed9d87e41f55eac91e41c16b21a96b66e25b32c1fd86b3021a5
medetec_train_foot-ulcer-0007_2,train,positive,foot_ulcer,False,0.114078,data/datasets/unet_public_real/images/medetec_train_foot-ulcer-0007_2.png,data/datasets/unet_public_real/masks/medetec_train_foot-ulcer-0007_2.png,medetec_foot_ulcer_224,data/datasets/external/wound-segmentation/data/Medetec_foot_ulcer_224/train/images/foot-ulcer-0007_2.png,data/datasets/external/wound-segmentation/data/Medetec_foot_ulcer_224/train/labels/foot-ulcer-0007_2.png,PUBLIC_REAL_PHOTOS,Medetec stock terms + UWM annotated 224px redistribution,9ed3491308e69978af803d5d02721100c7234849755a58fe86ef7beac9c9a7bf
medetec_train_foot-ulcer-0007_3,train,positive,foot_ulcer,False,0.114138,data/datasets/unet_public_real/images/medetec_train_foot-ulcer-0007_3.png,data/datasets/unet_public_real/masks/medetec_train_foot-ulcer-0007_3.png,medetec_foot_ulcer_224,data/datasets/external/wound-segmentation/data/Medetec_foot_ulcer_224/train/images/foot-ulcer-0007_3.png,data/datasets/external/wound-segmentation/data/Medetec_foot_ulcer_224/train/labels/foot-ulcer-0007_3.png,PUBLIC_REAL_PHOTOS,Medetec stock terms + UWM annotated 224px redistribution,f11907b1fdcc1280c96a96c149fc1a9e98de2bb0dda88b0d91920c41a149d7c2
medetec_train_foot-ulcer-0008,test,positive,foot_ulcer,False,0.111149,data/datasets/unet_public_real/images/medetec_train_foot-ulcer-0008.png,data/datasets/unet_public_real/masks/medetec_train_foot-ulcer-0008.png,medetec_foot_ulcer_224,data/datasets/external/wound-segmentation/data/Medetec_foot_ulcer_224/train/images/foot-ulcer-0008.png,data/datasets/external/wound-segmentation/data/Medetec_foot_ulcer_224/train/labels/foot-ulcer-0008.png,PUBLIC_REAL_PHOTOS,Medetec stock terms + UWM annotated 224px redistribution,5ebf6ce5ab153e56806bfd1246a5cb0dba5f9fef5be30f59beed667b325c554f
medetec_train_foot-ulcer-0008_1,train,positive,foot_ulcer,False,0.11089,data/datasets/unet_public_real/images/medetec_train_foot-ulcer-0008_1.png,data/datasets/unet_public_real/masks/medetec_train_foot-ulcer-0008_1.png,medetec_foot_ulcer_224,data/datasets/external/wound-segmentation/data/Medetec_foot_ulcer_224/train/images/foot-ulcer-0008_1.png,data/datasets/external/wound-segmentation/data/Medetec_foot_ulcer_224/train/labels/foot-ulcer-0008_1.png,PUBLIC_REAL_PHOTOS,Medetec stock terms + UWM annotated 224px redistribution,f3f57db75fb10eb57ea37de7d5104cd03123b9c1031431f3295be4762cef1834
medetec_train_foot-ulcer-0008_2,test,positive,foot_ulcer,False,0.111149,data/datasets/unet_public_real/images/medetec_train_foot-ulcer-0008_2.png,data/datasets/unet_public_real/masks/medetec_train_foot-ulcer-0008_2.png,medetec_foot_ulcer_224,data/datasets/external/wound-segmentation/data/Medetec_foot_ulcer_224/train/images/foot-ulcer-0008_2.png,data/datasets/external/wound-segmentation/data/Medetec_foot_ulcer_224/train/labels/foot-ulcer-0008_2.png,PUBLIC_REAL_PHOTOS,Medetec stock terms + UWM annotated 224px redistribution,7fe8f02b7d7a0d724849c0be9529d98f2e839d5423ee26e0680f37f73998bf11
medetec_train_foot-ulcer-0008_3,train,positive,foot_ulcer,False,0.11089,data/datasets/unet_public_real/images/medetec_train_foot-ulcer-0008_3.png,data/datasets/unet_public_real/masks/medetec_train_foot-ulcer-0008_3.png,medetec_foot_ulcer_224,data/datasets/external/wound-segmentation/data/Medetec_foot_ulcer_224/train/images/foot-ulcer-0008_3.png,data/datasets/external/wound-segmentation/data/Medetec_foot_ulcer_224/train/labels/foot-ulcer-0008_3.png,PUBLIC_REAL_PHOTOS,Medetec stock terms + UWM annotated 224px redistribution,49fffc5c3d9b6df4949320aa48c616a8752b721092036e4024d86bf89cf4509a
medetec_train_foot-ulcer-0010,train,positive,foot_ulcer,False,0.118064,data/datasets/unet_public_real/images/medetec_train_foot-ulcer-0010.png,data/datasets/unet_public_real/masks/medetec_train_foot-ulcer-0010.png,medetec_foot_ulcer_224,data/datasets/external/wound-segmentation/data/Medetec_foot_ulcer_224/train/images/foot-ulcer-0010.png,data/datasets/external/wound-segmentation/data/Medetec_foot_ulcer_224/train/labels/foot-ulcer-0010.png,PUBLIC_REAL_PHOTOS,Medetec stock terms + UWM annotated 224px redistribution,3bfa9824eb6b89b1c03464f1d5096b9a966ecaa6ae72a702cf1f17236e069e1a
medetec_train_foot-ulcer-0010_1,train,positive,foot_ulcer,False,0.117925,data/datasets/unet_public_real/images/medetec_train_foot-ulcer-0010_1.png,data/datasets/unet_public_real/masks/medetec_train_foot-ulcer-0010_1.png,medetec_foot_ulcer_224,data/datasets/external/wound-segmentation/data/Medetec_foot_ulcer_224/train/images/foot-ulcer-0010_1.png,data/datasets/external/wound-segmentation/data/Medetec_foot_ulcer_224/train/labels/foot-ulcer-0010_1.png,PUBLIC_REAL_PHOTOS,Medetec stock terms + UWM annotated 224px redistribution,6763a3d67ddd0d9248fed51f79096dc4a07989f0b7e650be78e19179accad8a2
medetec_train_foot-ulcer-0010_2,train,positive,foot_ulcer,False,0.118064,data/datasets/unet_public_real/images/medetec_train_foot-ulcer-0010_2.png,data/datasets/unet_public_real/masks/medetec_train_foot-ulcer-0010_2.png,medetec_foot_ulcer_224,data/datasets/external/wound-segmentation/data/Medetec_foot_ulcer_224/train/images/foot-ulcer-0010_2.png,data/datasets/external/wound-segmentation/data/Medetec_foot_ulcer_224/train/labels/foot-ulcer-0010_2.png,PUBLIC_REAL_PHOTOS,Medetec stock terms + UWM annotated 224px redistribution,cec4a3b3c68ddb6c5a7ae0f2168f8b0370c23f8f5e1c7bedca364fccbb7253e4
medetec_train_foot-ulcer-0010_3,train,positive,foot_ulcer,False,0.117925,data/datasets/unet_public_real/images/medetec_train_foot-ulcer-0010_3.png,data/datasets/unet_public_real/masks/medetec_train_foot-ulcer-0010_3.png,medetec_foot_ulcer_224,data/datasets/external/wound-segmentation/data/Medetec_foot_ulcer_224/train/images/foot-ulcer-0010_3.png,data/datasets/external/wound-segmentation/data/Medetec_foot_ulcer_224/train/labels/foot-ulcer-0010_3.png,PUBLIC_REAL_PHOTOS,Medetec stock terms + UWM annotated 224px redistribution,9032a10abb93bf43d6ae2594e036d128088dd814ae743cb5eca8d8da57fce494
medetec_train_foot-ulcer-0011,test,positive,foot_ulcer,False,0.030014,data/datasets/unet_public_real/images/medetec_train_foot-ulcer-0011.png,data/datasets/unet_public_real/masks/medetec_train_foot-ulcer-0011.png,medetec_foot_ulcer_224,data/datasets/external/wound-segmentation/data/Medetec_foot_ulcer_224/train/images/foot-ulcer-0011.png,data/datasets/external/wound-segmentation/data/Medetec_foot_ulcer_224/train/labels/foot-ulcer-0011.png,PUBLIC_REAL_PHOTOS,Medetec stock terms + UWM annotated 224px redistribution,98b350e4add23bb5f6d8f2dd87cc673644e22263cec7d76d8e74b56f8338f897
medetec_train_foot-ulcer-0011_1,val,positive,foot_ulcer,False,0.030014,data/datasets/unet_public_real/images/medetec_train_foot-ulcer-0011_1.png,data/datasets/unet_public_real/masks/medetec_train_foot-ulcer-0011_1.png,medetec_foot_ulcer_224,data/datasets/external/wound-segmentation/data/Medetec_foot_ulcer_224/train/images/foot-ulcer-0011_1.png,data/datasets/external/wound-segmentation/data/Medetec_foot_ulcer_224/train/labels/foot-ulcer-0011_1.png,PUBLIC_REAL_PHOTOS,Medetec stock terms + UWM annotated 224px redistribution,93629837637982083a7d2f64c97e6d71a71c9cdb946ad43539ce03c74643d8aa
medetec_train_foot-ulcer-0011_2,test,positive,foot_ulcer,False,0.030014,data/datasets/unet_public_real/images/medetec_train_foot-ulcer-0011_2.png,data/datasets/unet_public_real/masks/medetec_train_foot-ulcer-0011_2.png,medetec_foot_ulcer_224,data/datasets/external/wound-segmentation/data/Medetec_foot_ulcer_224/train/images/foot-ulcer-0011_2.png,data/datasets/external/wound-segmentation/data/Medetec_foot_ulcer_224/train/labels/foot-ulcer-0011_2.png,PUBLIC_REAL_PHOTOS,Medetec stock terms + UWM annotated 224px redistribution,4c60af9dc292a6ab985eea44febd434d359271deb21e789582c7f2344fa05ed8
medetec_train_foot-ulcer-0011_3,train,positive,foot_ulcer,False,0.030014,data/datasets/unet_public_real/images/medetec_train_foot-ulcer-0011_3.png,data/datasets/unet_public_real/masks/medetec_train_foot-ulcer-0011_3.png,medetec_foot_ulcer_224,data/datasets/external/wound-segmentation/data/Medetec_foot_ulcer_224/train/images/foot-ulcer-0011_3.png,data/datasets/external/wound-segmentation/data/Medetec_foot_ulcer_224/train/labels/foot-ulcer-0011_3.png,PUBLIC_REAL_PHOTOS,Medetec stock terms + UWM annotated 224px redistribution,4d7220d1a4798802e8b5e9ddacfe3b711ec265349fbd2f8c0658c9138ff42c14
medetec_train_foot-ulcer-0012,train,positive,foot_ulcer,False,0.079879,data/datasets/unet_public_real/images/medetec_train_foot-ulcer-0012.png,data/datasets/unet_public_real/masks/medetec_train_foot-ulcer-0012.png,medetec_foot_ulcer_224,data/datasets/external/wound-segmentation/data/Medetec_foot_ulcer_224/train/images/foot-ulcer-0012.png,data/datasets/external/wound-segmentation/data/Medetec_foot_ulcer_224/train/labels/foot-ulcer-0012.png,PUBLIC_REAL_PHOTOS,Medetec stock terms + UWM annotated 224px redistribution,e7676e8fbe6f3e76621e8cd86942e69e4bd36e2ae8f39a1bbd606ad69074c420
medetec_train_foot-ulcer-0012_1,train,positive,foot_ulcer,False,0.079759,data/datasets/unet_public_real/images/medetec_train_foot-ulcer-0012_1.png,data/datasets/unet_public_real/masks/medetec_train_foot-ulcer-0012_1.png,medetec_foot_ulcer_224,data/datasets/external/wound-segmentation/data/Medetec_foot_ulcer_224/train/images/foot-ulcer-0012_1.png,data/datasets/external/wound-segmentation/data/Medetec_foot_ulcer_224/train/labels/foot-ulcer-0012_1.png,PUBLIC_REAL_PHOTOS,Medetec stock terms + UWM annotated 224px redistribution,9151ced877561ba4d6de14bc3966eb97e10e40af6283695809554f56249df500
medetec_train_foot-ulcer-0012_2,train,positive,foot_ulcer,False,0.079879,data/datasets/unet_public_real/images/medetec_train_foot-ulcer-0012_2.png,data/datasets/unet_public_real/masks/medetec_train_foot-ulcer-0012_2.png,medetec_foot_ulcer_224,data/datasets/external/wound-segmentation/data/Medetec_foot_ulcer_224/train/images/foot-ulcer-0012_2.png,data/datasets/external/wound-segmentation/data/Medetec_foot_ulcer_224/train/labels/foot-ulcer-0012_2.png,PUBLIC_REAL_PHOTOS,Medetec stock terms + UWM annotated 224px redistribution,627d17289f2b56b0f06d0b2bee6446dba47efa836ca31d779919fb25b3300dc3
medetec_train_foot-ulcer-0012_3,train,positive,foot_ulcer,False,0.079759,data/datasets/unet_public_real/images/medetec_train_foot-ulcer-0012_3.png,data/datasets/unet_public_real/masks/medetec_train_foot-ulcer-0012_3.png,medetec_foot_ulcer_224,data/datasets/external/wound-segmentation/data/Medetec_foot_ulcer_224/train/images/foot-ulcer-0012_3.png,data/datasets/external/wound-segmentation/data/Medetec_foot_ulcer_224/train/labels/foot-ulcer-0012_3.png,PUBLIC_REAL_PHOTOS,Medetec stock terms + UWM annotated 224px redistribution,5906c62454a7f96915ff6cc1262c775810c88dcc51308b34492d47e24437a195
medetec_train_foot-ulcer-0013,train,positive,foot_ulcer,False,0.149155,data/datasets/unet_public_real/images/medetec_train_foot-ulcer-0013.png,data/datasets/unet_public_real/masks/medetec_train_foot-ulcer-0013.png,medetec_foot_ulcer_224,data/datasets/external/wound-segmentation/data/Medetec_foot_ulcer_224/train/images/foot-ulcer-0013.png,data/datasets/external/wound-segmentation/data/Medetec_foot_ulcer_224/train/labels/foot-ulcer-0013.png,PUBLIC_REAL_PHOTOS,Medetec stock terms + UWM annotated 224px redistribution,275906072645bdb70691c60f52a6d8fff8f87a472598efd869e6bf414476885c
medetec_train_foot-ulcer-0013_1,train,positive,foot_ulcer,False,0.149095,data/datasets/unet_public_real/images/medetec_train_foot-ulcer-0013_1.png,data/datasets/unet_public_real/masks/medetec_train_foot-ulcer-0013_1.png,medetec_foot_ulcer_224,data/datasets/external/wound-segmentation/data/Medetec_foot_ulcer_224/train/images/foot-ulcer-0013_1.png,data/datasets/external/wound-segmentation/data/Medetec_foot_ulcer_224/train/labels/foot-ulcer-0013_1.png,PUBLIC_REAL_PHOTOS,Medetec stock terms + UWM annotated 224px redistribution,904819be3707aab15162a11f931220bebc4f680abac1283caba9f7b9131b6323
medetec_train_foot-ulcer-0013_2,train,positive,foot_ulcer,False,0.149155,data/datasets/unet_public_real/images/medetec_train_foot-ulcer-0013_2.png,data/datasets/unet_public_real/masks/medetec_train_foot-ulcer-0013_2.png,medetec_foot_ulcer_224,data/datasets/external/wound-segmentation/data/Medetec_foot_ulcer_224/train/images/foot-ulcer-0013_2.png,data/datasets/external/wound-segmentation/data/Medetec_foot_ulcer_224/train/labels/foot-ulcer-0013_2.png,PUBLIC_REAL_PHOTOS,Medetec stock terms + UWM annotated 224px redistribution,d85ff358b1260d537b358bdef45f3a4b00cdee0d853c5244642312057e1d604d
medetec_train_foot-ulcer-0013_3,train,positive,foot_ulcer,False,0.149095,data/datasets/unet_public_real/images/medetec_train_foot-ulcer-0013_3.png,data/datasets/unet_public_real/masks/medetec_train_foot-ulcer-0013_3.png,medetec_foot_ulcer_224,data/datasets/external/wound-segmentation/data/Medetec_foot_ulcer_224/train/images/foot-ulcer-0013_3.png,data/datasets/external/wound-segmentation/data/Medetec_foot_ulcer_224/train/labels/foot-ulcer-0013_3.png,PUBLIC_REAL_PHOTOS,Medetec stock terms + UWM annotated 224px redistribution,29d029744f2323cb9dd79eed47a47be6c859ba6fbc31c34ac71117565d606a92
medetec_train_foot-ulcer-0014,train,positive,foot_ulcer,False,0.051738,data/datasets/unet_public_real/images/medetec_train_foot-ulcer-0014.png,data/datasets/unet_public_real/masks/medetec_train_foot-ulcer-0014.png,medetec_foot_ulcer_224,data/datasets/external/wound-segmentation/data/Medetec_foot_ulcer_224/train/images/foot-ulcer-0014.png,data/datasets/external/wound-segmentation/data/Medetec_foot_ulcer_224/train/labels/foot-ulcer-0014.png,PUBLIC_REAL_PHOTOS,Medetec stock terms + UWM annotated 224px redistribution,1e981d90d0f27d7a0ea9cf39ae53eb266d6243c50ddb75f842edb474ec50a7a5
medetec_train_foot-ulcer-0014_1,train,positive,foot_ulcer,False,0.051738,data/datasets/unet_public_real/images/medetec_train_foot-ulcer-0014_1.png,data/datasets/unet_public_real/masks/medetec_train_foot-ulcer-0014_1.png,medetec_foot_ulcer_224,data/datasets/external/wound-segmentation/data/Medetec_foot_ulcer_224/train/images/foot-ulcer-0014_1.png,data/datasets/external/wound-segmentation/data/Medetec_foot_ulcer_224/train/labels/foot-ulcer-0014_1.png,PUBLIC_REAL_PHOTOS,Medetec stock terms + UWM annotated 224px redistribution,54793984702a07965ce0c460e929298f3f94f02d445e658f3c70dde0cc4342a6
medetec_train_foot-ulcer-0014_2,train,positive,foot_ulcer,False,0.051738,data/datasets/unet_public_real/images/medetec_train_foot-ulcer-0014_2.png,data/datasets/unet_public_real/masks/medetec_train_foot-ulcer-0014_2.png,medetec_foot_ulcer_224,data/datasets/external/wound-segmentation/data/Medetec_foot_ulcer_224/train/images/foot-ulcer-0014_2.png,data/datasets/external/wound-segmentation/data/Medetec_foot_ulcer_224/train/labels/foot-ulcer-0014_2.png,PUBLIC_REAL_PHOTOS,Medetec stock terms + UWM annotated 224px redistribution,44a246ba689df444d4081272354f67f86d68be5419203f261283fe7f1f7931d6
medetec_train_foot-ulcer-0014_3,train,positive,foot_ulcer,False,0.051738,data/datasets/unet_public_real/images/medetec_train_foot-ulcer-0014_3.png,data/datasets/unet_public_real/masks/medetec_train_foot-ulcer-0014_3.png,medetec_foot_ulcer_224,data/datasets/external/wound-segmentation/data/Medetec_foot_ulcer_224/train/images/foot-ulcer-0014_3.png,data/datasets/external/wound-segmentation/data/Medetec_foot_ulcer_224/train/labels/foot-ulcer-0014_3.png,PUBLIC_REAL_PHOTOS,Medetec stock terms + UWM annotated 224px redistribution,1b3f8ce8d034f1104004790f27ac463564c5271c22c6f03cf4077c0d38b91715
medetec_train_foot-ulcer-0015,train,positive,foot_ulcer,False,0.096261,data/datasets/unet_public_real/images/medetec_train_foot-ulcer-0015.png,data/datasets/unet_public_real/masks/medetec_train_foot-ulcer-0015.png,medetec_foot_ulcer_224,data/datasets/external/wound-segmentation/data/Medetec_foot_ulcer_224/train/images/foot-ulcer-0015.png,data/datasets/external/wound-segmentation/data/Medetec_foot_ulcer_224/train/labels/foot-ulcer-0015.png,PUBLIC_REAL_PHOTOS,Medetec stock terms + UWM annotated 224px redistribution,109e7462200e6295512678e88290c99830199831a7bbe249b48bca33c9191d0a
medetec_train_foot-ulcer-0015_1,val,positive,foot_ulcer,False,0.096082,data/datasets/unet_public_real/images/medetec_train_foot-ulcer-0015_1.png,data/datasets/unet_public_real/masks/medetec_train_foot-ulcer-0015_1.png,medetec_foot_ulcer_224,data/datasets/external/wound-segmentation/data/Medetec_foot_ulcer_224/train/images/foot-ulcer-0015_1.png,data/datasets/external/wound-segmentation/data/Medetec_foot_ulcer_224/train/labels/foot-ulcer-0015_1.png,PUBLIC_REAL_PHOTOS,Medetec stock terms + UWM annotated 224px redistribution,4968eef2d1a1b3e924a2fffc4bf6a2b83213fc47114227ebb8709a111b4f36f2
medetec_train_foot-ulcer-0015_2,val,positive,foot_ulcer,False,0.096261,data/datasets/unet_public_real/images/medetec_train_foot-ulcer-0015_2.png,data/datasets/unet_public_real/masks/medetec_train_foot-ulcer-0015_2.png,medetec_foot_ulcer_224,data/datasets/external/wound-segmentation/data/Medetec_foot_ulcer_224/train/images/foot-ulcer-0015_2.png,data/datasets/external/wound-segmentation/data/Medetec_foot_ulcer_224/train/labels/foot-ulcer-0015_2.png,PUBLIC_REAL_PHOTOS,Medetec stock terms + UWM annotated 224px redistribution,ad4fde42f604cd7e92ec179e9584094c32be53b92079ff6122559d6da457afdc
medetec_train_foot-ulcer-0015_3,train,positive,foot_ulcer,False,0.096082,data/datasets/unet_public_real/images/medetec_train_foot-ulcer-0015_3.png,data/datasets/unet_public_real/masks/medetec_train_foot-ulcer-0015_3.png,medetec_foot_ulcer_224,data/datasets/external/wound-segmentation/data/Medetec_foot_ulcer_224/train/images/foot-ulcer-0015_3.png,data/datasets/external/wound-segmentation/data/Medetec_foot_ulcer_224/train/labels/foot-ulcer-0015_3.png,PUBLIC_REAL_PHOTOS,Medetec stock terms + UWM annotated 224px redistribution,e2da336470eb5bd7f94cca2572abef55a9a5e75c184845972eb35a14d8184cd2
medetec_train_foot-ulcer-0016,val,positive,foot_ulcer,False,0.07111,data/datasets/unet_public_real/images/medetec_train_foot-ulcer-0016.png,data/datasets/unet_public_real/masks/medetec_train_foot-ulcer-0016.png,medetec_foot_ulcer_224,data/datasets/external/wound-segmentation/data/Medetec_foot_ulcer_224/train/images/foot-ulcer-0016.png,data/datasets/external/wound-segmentation/data/Medetec_foot_ulcer_224/train/labels/foot-ulcer-0016.png,PUBLIC_REAL_PHOTOS,Medetec stock terms + UWM annotated 224px redistribution,f674532d780496b156effa0f89b6135da1d62d44c44630d10f079aa94977592c
medetec_train_foot-ulcer-0016_1,train,positive,foot_ulcer,False,0.071189,data/datasets/unet_public_real/images/medetec_train_foot-ulcer-0016_1.png,data/datasets/unet_public_real/masks/medetec_train_foot-ulcer-0016_1.png,medetec_foot_ulcer_224,data/datasets/external/wound-segmentation/data/Medetec_foot_ulcer_224/train/images/foot-ulcer-0016_1.png,data/datasets/external/wound-segmentation/data/Medetec_foot_ulcer_224/train/labels/foot-ulcer-0016_1.png,PUBLIC_REAL_PHOTOS,Medetec stock terms + UWM annotated 224px redistribution,b2ebab4f253be2926c425ded1aed95200dca3a9b54f5f4da941f6c6e2440907b
medetec_train_foot-ulcer-0016_2,val,positive,foot_ulcer,False,0.07111,data/datasets/unet_public_real/images/medetec_train_foot-ulcer-0016_2.png,data/datasets/unet_public_real/masks/medetec_train_foot-ulcer-0016_2.png,medetec_foot_ulcer_224,data/datasets/external/wound-segmentation/data/Medetec_foot_ulcer_224/train/images/foot-ulcer-0016_2.png,data/datasets/external/wound-segmentation/data/Medetec_foot_ulcer_224/train/labels/foot-ulcer-0016_2.png,PUBLIC_REAL_PHOTOS,Medetec stock terms + UWM annotated 224px redistribution,8a566c8ae7fe4425945e6b1d9a6d8384eb004ac0d7db672531f0a13e6e63adca
medetec_train_foot-ulcer-0016_3,train,positive,foot_ulcer,False,0.071189,data/datasets/unet_public_real/images/medetec_train_foot-ulcer-0016_3.png,data/datasets/unet_public_real/masks/medetec_train_foot-ulcer-0016_3.png,medetec_foot_ulcer_224,data/datasets/external/wound-segmentation/data/Medetec_foot_ulcer_224/train/images/foot-ulcer-0016_3.png,data/datasets/external/wound-segmentation/data/Medetec_foot_ulcer_224/train/labels/foot-ulcer-0016_3.png,PUBLIC_REAL_PHOTOS,Medetec stock terms + UWM annotated 224px redistribution,98324e4645b206b3aca1248ead7974a60889c79e62540528a202ef9bfd667f6e
medetec_train_foot-ulcer-0017,train,positive,foot_ulcer,False,0.053352,data/datasets/unet_public_real/images/medetec_train_foot-ulcer-0017.png,data/datasets/unet_public_real/masks/medetec_train_foot-ulcer-0017.png,medetec_foot_ulcer_224,data/datasets/external/wound-segmentation/data/Medetec_foot_ulcer_224/train/images/foot-ulcer-0017.png,data/datasets/external/wound-segmentation/data/Medetec_foot_ulcer_224/train/labels/foot-ulcer-0017.png,PUBLIC_REAL_PHOTOS,Medetec stock terms + UWM annotated 224px redistribution,c99f623f42525860deece5645336f7efe40e82beea98138d475297c5d8757c61
medetec_train_foot-ulcer-0017_1,train,positive,foot_ulcer,False,0.053412,data/datasets/unet_public_real/images/medetec_train_foot-ulcer-0017_1.png,data/datasets/unet_public_real/masks/medetec_train_foot-ulcer-0017_1.png,medetec_foot_ulcer_224,data/datasets/external/wound-segmentation/data/Medetec_foot_ulcer_224/train/images/foot-ulcer-0017_1.png,data/datasets/external/wound-segmentation/data/Medetec_foot_ulcer_224/train/labels/foot-ulcer-0017_1.png,PUBLIC_REAL_PHOTOS,Medetec stock terms + UWM annotated 224px redistribution,4dba14af14fd34c3a45567e994b36a3fe883424b17115ada7acbdb542a1eca6e
medetec_train_foot-ulcer-0017_2,train,positive,foot_ulcer,False,0.053352,data/datasets/unet_public_real/images/medetec_train_foot-ulcer-0017_2.png,data/datasets/unet_public_real/masks/medetec_train_foot-ulcer-0017_2.png,medetec_foot_ulcer_224,data/datasets/external/wound-segmentation/data/Medetec_foot_ulcer_224/train/images/foot-ulcer-0017_2.png,data/datasets/external/wound-segmentation/data/Medetec_foot_ulcer_224/train/labels/foot-ulcer-0017_2.png,PUBLIC_REAL_PHOTOS,Medetec stock terms + UWM annotated 224px redistribution,4f00320e320ccbcdd96b44c451533a41c7c29f961b9c7136d7153b8bffc8cf97
medetec_train_foot-ulcer-0017_3,train,positive,foot_ulcer,False,0.053412,data/datasets/unet_public_real/images/medetec_train_foot-ulcer-0017_3.png,data/datasets/unet_public_real/masks/medetec_train_foot-ulcer-0017_3.png,medetec_foot_ulcer_224,data/datasets/external/wound-segmentation/data/Medetec_foot_ulcer_224/train/images/foot-ulcer-0017_3.png,data/datasets/external/wound-segmentation/data/Medetec_foot_ulcer_224/train/labels/foot-ulcer-0017_3.png,PUBLIC_REAL_PHOTOS,Medetec stock terms + UWM annotated 224px redistribution,0d56ae56389d44fdb6557e128d6a4c13f11ac8c4147df7cd196d0e9f63622067
medetec_train_foot-ulcer-0018,test,positive,foot_ulcer,False,0.167012,data/datasets/unet_public_real/images/medetec_train_foot-ulcer-0018.png,data/datasets/unet_public_real/masks/medetec_train_foot-ulcer-0018.png,medetec_foot_ulcer_224,data/datasets/external/wound-segmentation/data/Medetec_foot_ulcer_224/train/images/foot-ulcer-0018.png,data/datasets/external/wound-segmentation/data/Medetec_foot_ulcer_224/train/labels/foot-ulcer-0018.png,PUBLIC_REAL_PHOTOS,Medetec stock terms + UWM annotated 224px redistribution,f60c030580d71ac9ae2eb39a543ac81cd7f4cd292bab56db2c684b096c4487e3
medetec_train_foot-ulcer-0018_1,test,positive,foot_ulcer,False,0.166992,data/datasets/unet_public_real/images/medetec_train_foot-ulcer-0018_1.png,data/datasets/unet_public_real/masks/medetec_train_foot-ulcer-0018_1.png,medetec_foot_ulcer_224,data/datasets/external/wound-segmentation/data/Medetec_foot_ulcer_224/train/images/foot-ulcer-0018_1.png,data/datasets/external/wound-segmentation/data/Medetec_foot_ulcer_224/train/labels/foot-ulcer-0018_1.png,PUBLIC_REAL_PHOTOS,Medetec stock terms + UWM annotated 224px redistribution,13ec96b4758e936beee8eb7ba2d3e6768f779cccaaf7f6c60d9bfd76eeb9f57e
medetec_train_foot-ulcer-0018_2,train,positive,foot_ulcer,False,0.167012,data/datasets/unet_public_real/images/medetec_train_foot-ulcer-0018_2.png,data/datasets/unet_public_real/masks/medetec_train_foot-ulcer-0018_2.png,medetec_foot_ulcer_224,data/datasets/external/wound-segmentation/data/Medetec_foot_ulcer_224/train/images/foot-ulcer-0018_2.png,data/datasets/external/wound-segmentation/data/Medetec_foot_ulcer_224/train/labels/foot-ulcer-0018_2.png,PUBLIC_REAL_PHOTOS,Medetec stock terms + UWM annotated 224px redistribution,fcb831fdf3fafedbecb6f069207ab49f860f11d55f1bd87ecbf0e357aaa5f06e
medetec_train_foot-ulcer-0018_3,test,positive,foot_ulcer,False,0.166992,data/datasets/unet_public_real/images/medetec_train_foot-ulcer-0018_3.png,data/datasets/unet_public_real/masks/medetec_train_foot-ulcer-0018_3.png,medetec_foot_ulcer_224,data/datasets/external/wound-segmentation/data/Medetec_foot_ulcer_224/train/images/foot-ulcer-0018_3.png,data/datasets/external/wound-segmentation/data/Medetec_foot_ulcer_224/train/labels/foot-ulcer-0018_3.png,PUBLIC_REAL_PHOTOS,Medetec stock terms + UWM annotated 224px redistribution,fa5daa3a5c5b513321e79cba0055eb7b9193dafed175d082189b1b68ea31bf55
medetec_train_foot-ulcer-0019,train,positive,foot_ulcer,False,0.116649,data/datasets/unet_public_real/images/medetec_train_foot-ulcer-0019.png,data/datasets/unet_public_real/masks/medetec_train_foot-ulcer-0019.png,medetec_foot_ulcer_224,data/datasets/external/wound-segmentation/data/Medetec_foot_ulcer_224/train/images/foot-ulcer-0019.png,data/datasets/external/wound-segmentation/data/Medetec_foot_ulcer_224/train/labels/foot-ulcer-0019.png,PUBLIC_REAL_PHOTOS,Medetec stock terms + UWM annotated 224px redistribution,3ede2d4b9d95f9751615b0351e7b716d635f627d4c07cc8c0d6619512a0b745a
medetec_train_foot-ulcer-0019_1,val,positive,foot_ulcer,False,0.116729,data/datasets/unet_public_real/images/medetec_train_foot-ulcer-0019_1.png,data/datasets/unet_public_real/masks/medetec_train_foot-ulcer-0019_1.png,medetec_foot_ulcer_224,data/datasets/external/wound-segmentation/data/Medetec_foot_ulcer_224/train/images/foot-ulcer-0019_1.png,data/datasets/external/wound-segmentation/data/Medetec_foot_ulcer_224/train/labels/foot-ulcer-0019_1.png,PUBLIC_REAL_PHOTOS,Medetec stock terms + UWM annotated 224px redistribution,d216ac2df20c8d207c28ca6a7660e7d34c4586b4d0035511ba747b916ec9e52e
medetec_train_foot-ulcer-0019_2,train,positive,foot_ulcer,False,0.116649,data/datasets/unet_public_real/images/medetec_train_foot-ulcer-0019_2.png,data/datasets/unet_public_real/masks/medetec_train_foot-ulcer-0019_2.png,medetec_foot_ulcer_224,data/datasets/external/wound-segmentation/data/Medetec_foot_ulcer_224/train/images/foot-ulcer-0019_2.png,data/datasets/external/wound-segmentation/data/Medetec_foot_ulcer_224/train/labels/foot-ulcer-0019_2.png,PUBLIC_REAL_PHOTOS,Medetec stock terms + UWM annotated 224px redistribution,73f5c9676aa0f12bfe0a0d83ec3a56eff47564ed26aa5e83d66e86e81eb9c741
medetec_train_foot-ulcer-0019_3,train,positive,foot_ulcer,False,0.116729,data/datasets/unet_public_real/images/medetec_train_foot-ulcer-0019_3.png,data/datasets/unet_public_real/masks/medetec_train_foot-ulcer-0019_3.png,medetec_foot_ulcer_224,data/datasets/external/wound-segmentation/data/Medetec_foot_ulcer_224/train/images/foot-ulcer-0019_3.png,data/datasets/external/wound-segmentation/data/Medetec_foot_ulcer_224/train/labels/foot-ulcer-0019_3.png,PUBLIC_REAL_PHOTOS,Medetec stock terms + UWM annotated 224px redistribution,dab5f5c778667d9cd31087b5c4b19a083be1399f5c08dc228f040397eb292964
medetec_train_foot-ulcer-0020,val,positive,foot_ulcer,False,0.018355,data/datasets/unet_public_real/images/medetec_train_foot-ulcer-0020.png,data/datasets/unet_public_real/masks/medetec_train_foot-ulcer-0020.png,medetec_foot_ulcer_224,data/datasets/external/wound-segmentation/data/Medetec_foot_ulcer_224/train/images/foot-ulcer-0020.png,data/datasets/external/wound-segmentation/data/Medetec_foot_ulcer_224/train/labels/foot-ulcer-0020.png,PUBLIC_REAL_PHOTOS,Medetec stock terms + UWM annotated 224px redistribution,757ba333bb73e55ec4e53f83bf712a6bd72ddb9bb8825df968a6e181812320ef
medetec_train_foot-ulcer-0020_1,test,positive,foot_ulcer,False,0.018316,data/datasets/unet_public_real/images/medetec_train_foot-ulcer-0020_1.png,data/datasets/unet_public_real/masks/medetec_train_foot-ulcer-0020_1.png,medetec_foot_ulcer_224,data/datasets/external/wound-segmentation/data/Medetec_foot_ulcer_224/train/images/foot-ulcer-0020_1.png,data/datasets/external/wound-segmentation/data/Medetec_foot_ulcer_224/train/labels/foot-ulcer-0020_1.png,PUBLIC_REAL_PHOTOS,Medetec stock terms + UWM annotated 224px redistribution,e3c86b4d130510c1019df9abf3db21c48b9879302c94d640b1e9f3a9ef9f64aa
medetec_train_foot-ulcer-0020_2,train,positive,foot_ulcer,False,0.018355,data/datasets/unet_public_real/images/medetec_train_foot-ulcer-0020_2.png,data/datasets/unet_public_real/masks/medetec_train_foot-ulcer-0020_2.png,medetec_foot_ulcer_224,data/datasets/external/wound-segmentation/data/Medetec_foot_ulcer_224/train/images/foot-ulcer-0020_2.png,data/datasets/external/wound-segmentation/data/Medetec_foot_ulcer_224/train/labels/foot-ulcer-0020_2.png,PUBLIC_REAL_PHOTOS,Medetec stock terms + UWM annotated 224px redistribution,4336865084b66ca86790decc7850b362b36c01374e28d58e9d24a3cb2fa69544
medetec_train_foot-ulcer-0020_3,train,positive,foot_ulcer,False,0.018316,data/datasets/unet_public_real/images/medetec_train_foot-ulcer-0020_3.png,data/datasets/unet_public_real/masks/medetec_train_foot-ulcer-0020_3.png,medetec_foot_ulcer_224,data/datasets/external/wound-segmentation/data/Medetec_foot_ulcer_224/train/images/foot-ulcer-0020_3.png,data/datasets/external/wound-segmentation/data/Medetec_foot_ulcer_224/train/labels/foot-ulcer-0020_3.png,PUBLIC_REAL_PHOTOS,Medetec stock terms + UWM annotated 224px redistribution,1447e689d623ef2713bdd3353b77a7b8973374b4f64672625557387d5d354c19
medetec_train_foot-ulcer-0021,test,positive,foot_ulcer,False,0.074916,data/datasets/unet_public_real/images/medetec_train_foot-ulcer-0021.png,data/datasets/unet_public_real/masks/medetec_train_foot-ulcer-0021.png,medetec_foot_ulcer_224,data/datasets/external/wound-segmentation/data/Medetec_foot_ulcer_224/train/images/foot-ulcer-0021.png,data/datasets/external/wound-segmentation/data/Medetec_foot_ulcer_224/train/labels/foot-ulcer-0021.png,PUBLIC_REAL_PHOTOS,Medetec stock terms + UWM annotated 224px redistribution,9163539c6d4b1a0bab2ea47ed82b8103726392e0f23a5a37b768e70577259853
medetec_train_foot-ulcer-0021_1,train,positive,foot_ulcer,False,0.074876,data/datasets/unet_public_real/images/medetec_train_foot-ulcer-0021_1.png,data/datasets/unet_public_real/masks/medetec_train_foot-ulcer-0021_1.png,medetec_foot_ulcer_224,data/datasets/external/wound-segmentation/data/Medetec_foot_ulcer_224/train/images/foot-ulcer-0021_1.png,data/datasets/external/wound-segmentation/data/Medetec_foot_ulcer_224/train/labels/foot-ulcer-0021_1.png,PUBLIC_REAL_PHOTOS,Medetec stock terms + UWM annotated 224px redistribution,cde645e0151588948755032b1492814a66e3fe6df78f601bf3c65a3d64531847
medetec_train_foot-ulcer-0021_2,test,positive,foot_ulcer,False,0.074916,data/datasets/unet_public_real/images/medetec_train_foot-ulcer-0021_2.png,data/datasets/unet_public_real/masks/medetec_train_foot-ulcer-0021_2.png,medetec_foot_ulcer_224,data/datasets/external/wound-segmentation/data/Medetec_foot_ulcer_224/train/images/foot-ulcer-0021_2.png,data/datasets/external/wound-segmentation/data/Medetec_foot_ulcer_224/train/labels/foot-ulcer-0021_2.png,PUBLIC_REAL_PHOTOS,Medetec stock terms + UWM annotated 224px redistribution,fc0b545d7dac05ef4a62a595d7bb5b97c582e9bd9c9a71e0fd2403536f9962ce
medetec_train_foot-ulcer-0021_3,train,positive,foot_ulcer,False,0.074876,data/datasets/unet_public_real/images/medetec_train_foot-ulcer-0021_3.png,data/datasets/unet_public_real/masks/medetec_train_foot-ulcer-0021_3.png,medetec_foot_ulcer_224,data/datasets/external/wound-segmentation/data/Medetec_foot_ulcer_224/train/images/foot-ulcer-0021_3.png,data/datasets/external/wound-segmentation/data/Medetec_foot_ulcer_224/train/labels/foot-ulcer-0021_3.png,PUBLIC_REAL_PHOTOS,Medetec stock terms + UWM annotated 224px redistribution,09cd39256f284c1a9c4c8e85a3f94bd66ed0702c42f8231648e7620497d3caab
medetec_train_foot-ulcer-0025,train,positive,foot_ulcer,False,0.192941,data/datasets/unet_public_real/images/medetec_train_foot-ulcer-0025.png,data/datasets/unet_public_real/masks/medetec_train_foot-ulcer-0025.png,medetec_foot_ulcer_224,data/datasets/external/wound-segmentation/data/Medetec_foot_ulcer_224/train/images/foot-ulcer-0025.png,data/datasets/external/wound-segmentation/data/Medetec_foot_ulcer_224/train/labels/foot-ulcer-0025.png,PUBLIC_REAL_PHOTOS,Medetec stock terms + UWM annotated 224px redistribution,a384d7729b3f74eaac1af6ba4cd01a59c2efdf8fdfc7edd4c0645954d5748d72
medetec_train_foot-ulcer-0025_1,train,positive,foot_ulcer,False,0.192941,data/datasets/unet_public_real/images/medetec_train_foot-ulcer-0025_1.png,data/datasets/unet_public_real/masks/medetec_train_foot-ulcer-0025_1.png,medetec_foot_ulcer_224,data/datasets/external/wound-segmentation/data/Medetec_foot_ulcer_224/train/images/foot-ulcer-0025_1.png,data/datasets/external/wound-segmentation/data/Medetec_foot_ulcer_224/train/labels/foot-ulcer-0025_1.png,PUBLIC_REAL_PHOTOS,Medetec stock terms + UWM annotated 224px redistribution,01d6b69b6ab8c294336350c3bc9c5528dba103bc8ca53da422df7a880649d7cd
medetec_train_foot-ulcer-0025_2,train,positive,foot_ulcer,False,0.192941,data/datasets/unet_public_real/images/medetec_train_foot-ulcer-0025_2.png,data/datasets/unet_public_real/masks/medetec_train_foot-ulcer-0025_2.png,medetec_foot_ulcer_224,data/datasets/external/wound-segmentation/data/Medetec_foot_ulcer_224/train/images/foot-ulcer-0025_2.png,data/datasets/external/wound-segmentation/data/Medetec_foot_ulcer_224/train/labels/foot-ulcer-0025_2.png,PUBLIC_REAL_PHOTOS,Medetec stock terms + UWM annotated 224px redistribution,cb28c5d356ad4d6d3a0e0ca112cb404ceccac5d429f8d206ebf477a5ead4cbb3
medetec_train_foot-ulcer-0025_3,train,positive,foot_ulcer,False,0.192941,data/datasets/unet_public_real/images/medetec_train_foot-ulcer-0025_3.png,data/datasets/unet_public_real/masks/medetec_train_foot-ulcer-0025_3.png,medetec_foot_ulcer_224,data/datasets/external/wound-segmentation/data/Medetec_foot_ulcer_224/train/images/foot-ulcer-0025_3.png,data/datasets/external/wound-segmentation/data/Medetec_foot_ulcer_224/train/labels/foot-ulcer-0025_3.png,PUBLIC_REAL_PHOTOS,Medetec stock terms + UWM annotated 224px redistribution,5fc53fcaad5ee4fb8b8b0e10b2e3be1ffa102ed50153f9db8a25775ec6721ce3
medetec_train_foot-ulcer-0026,train,positive,foot_ulcer,False,0.146604,data/datasets/unet_public_real/images/medetec_train_foot-ulcer-0026.png,data/datasets/unet_public_real/masks/medetec_train_foot-ulcer-0026.png,medetec_foot_ulcer_224,data/datasets/external/wound-segmentation/data/Medetec_foot_ulcer_224/train/images/foot-ulcer-0026.png,data/datasets/external/wound-segmentation/data/Medetec_foot_ulcer_224/train/labels/foot-ulcer-0026.png,PUBLIC_REAL_PHOTOS,Medetec stock terms + UWM annotated 224px redistribution,e0e1480b306f4c7f199c148a8116d7d061cd68e16dea14f4a5267f53eb6e74e3
medetec_train_foot-ulcer-0026_1,train,positive,foot_ulcer,False,0.146265,data/datasets/unet_public_real/images/medetec_train_foot-ulcer-0026_1.png,data/datasets/unet_public_real/masks/medetec_train_foot-ulcer-0026_1.png,medetec_foot_ulcer_224,data/datasets/external/wound-segmentation/data/Medetec_foot_ulcer_224/train/images/foot-ulcer-0026_1.png,data/datasets/external/wound-segmentation/data/Medetec_foot_ulcer_224/train/labels/foot-ulcer-0026_1.png,PUBLIC_REAL_PHOTOS,Medetec stock terms + UWM annotated 224px redistribution,51ddd41811830f732ee0e10f1cb2fe463c158b10e17af0941cc0a760f6e7608a
medetec_train_foot-ulcer-0026_2,train,positive,foot_ulcer,False,0.146604,data/datasets/unet_public_real/images/medetec_train_foot-ulcer-0026_2.png,data/datasets/unet_public_real/masks/medetec_train_foot-ulcer-0026_2.png,medetec_foot_ulcer_224,data/datasets/external/wound-segmentation/data/Medetec_foot_ulcer_224/train/images/foot-ulcer-0026_2.png,data/datasets/external/wound-segmentation/data/Medetec_foot_ulcer_224/train/labels/foot-ulcer-0026_2.png,PUBLIC_REAL_PHOTOS,Medetec stock terms + UWM annotated 224px redistribution,b5321f3ee87b8df7f5bc341b744d0958f4d7969cd62dec22c105aa7d1aace03a
medetec_train_foot-ulcer-0026_3,train,positive,foot_ulcer,False,0.146265,data/datasets/unet_public_real/images/medetec_train_foot-ulcer-0026_3.png,data/datasets/unet_public_real/masks/medetec_train_foot-ulcer-0026_3.png,medetec_foot_ulcer_224,data/datasets/external/wound-segmentation/data/Medetec_foot_ulcer_224/train/images/foot-ulcer-0026_3.png,data/datasets/external/wound-segmentation/data/Medetec_foot_ulcer_224/train/labels/foot-ulcer-0026_3.png,PUBLIC_REAL_PHOTOS,Medetec stock terms + UWM annotated 224px redistribution,4538a1a97b8ad33d76528eddbb5e901637d8001d3252702b6fb38b780467a1eb
medetec_train_foot-ulcer-0027,val,positive,foot_ulcer,False,0.042929,data/datasets/unet_public_real/images/medetec_train_foot-ulcer-0027.png,data/datasets/unet_public_real/masks/medetec_train_foot-ulcer-0027.png,medetec_foot_ulcer_224,data/datasets/external/wound-segmentation/data/Medetec_foot_ulcer_224/train/images/foot-ulcer-0027.png,data/datasets/external/wound-segmentation/data/Medetec_foot_ulcer_224/train/labels/foot-ulcer-0027.png,PUBLIC_REAL_PHOTOS,Medetec stock terms + UWM annotated 224px redistribution,c7c95f36d76e3bdad4753bd2c0d51e12cfbcdaf57c50062f075c6fc7874ac19e
medetec_train_foot-ulcer-0027_1,train,positive,foot_ulcer,False,0.042929,data/datasets/unet_public_real/images/medetec_train_foot-ulcer-0027_1.png,data/datasets/unet_public_real/masks/medetec_train_foot-ulcer-0027_1.png,medetec_foot_ulcer_224,data/datasets/external/wound-segmentation/data/Medetec_foot_ulcer_224/train/images/foot-ulcer-0027_1.png,data/datasets/external/wound-segmentation/data/Medetec_foot_ulcer_224/train/labels/foot-ulcer-0027_1.png,PUBLIC_REAL_PHOTOS,Medetec stock terms + UWM annotated 224px redistribution,59d3a2b5ab49d68e4ddea18c29c9a88d9e7216c0b7232d3452c25f7fcd551e36
medetec_train_foot-ulcer-0027_2,train,positive,foot_ulcer,False,0.042929,data/datasets/unet_public_real/images/medetec_train_foot-ulcer-0027_2.png,data/datasets/unet_public_real/masks/medetec_train_foot-ulcer-0027_2.png,medetec_foot_ulcer_224,data/datasets/external/wound-segmentation/data/Medetec_foot_ulcer_224/train/images/foot-ulcer-0027_2.png,data/datasets/external/wound-segmentation/data/Medetec_foot_ulcer_224/train/labels/foot-ulcer-0027_2.png,PUBLIC_REAL_PHOTOS,Medetec stock terms + UWM annotated 224px redistribution,828ee22bafcd1b9507e9476e5c73826b8d5f44378d63de8b73bfcd9267fe4f70
medetec_train_foot-ulcer-0027_3,test,positive,foot_ulcer,False,0.042929,data/datasets/unet_public_real/images/medetec_train_foot-ulcer-0027_3.png,data/datasets/unet_public_real/masks/medetec_train_foot-ulcer-0027_3.png,medetec_foot_ulcer_224,data/datasets/external/wound-segmentation/data/Medetec_foot_ulcer_224/train/images/foot-ulcer-0027_3.png,data/datasets/external/wound-segmentation/data/Medetec_foot_ulcer_224/train/labels/foot-ulcer-0027_3.png,PUBLIC_REAL_PHOTOS,Medetec stock terms + UWM annotated 224px redistribution,944df640a2af31cd338a3ad975cf60f567e29cddeae7c4b2ce56a3f797ef80c0
medetec_train_foot-ulcer-0028,train,positive,foot_ulcer,False,0.112863,data/datasets/unet_public_real/images/medetec_train_foot-ulcer-0028.png,data/datasets/unet_public_real/masks/medetec_train_foot-ulcer-0028.png,medetec_foot_ulcer_224,data/datasets/external/wound-segmentation/data/Medetec_foot_ulcer_224/train/images/foot-ulcer-0028.png,data/datasets/external/wound-segmentation/data/Medetec_foot_ulcer_224/train/labels/foot-ulcer-0028.png,PUBLIC_REAL_PHOTOS,Medetec stock terms + UWM annotated 224px redistribution,a935522afb9d7d0278bbd3b790cdbc72eed42f3ded467b50ab63d57006664b35
medetec_train_foot-ulcer-0028_1,test,positive,foot_ulcer,False,0.112743,data/datasets/unet_public_real/images/medetec_train_foot-ulcer-0028_1.png,data/datasets/unet_public_real/masks/medetec_train_foot-ulcer-0028_1.png,medetec_foot_ulcer_224,data/datasets/external/wound-segmentation/data/Medetec_foot_ulcer_224/train/images/foot-ulcer-0028_1.png,data/datasets/external/wound-segmentation/data/Medetec_foot_ulcer_224/train/labels/foot-ulcer-0028_1.png,PUBLIC_REAL_PHOTOS,Medetec stock terms + UWM annotated 224px redistribution,7f850fdfaf8fe7969925edef0080b064301a5032f0623773eb6b25ad613394f9
medetec_train_foot-ulcer-0028_2,train,positive,foot_ulcer,False,0.112863,data/datasets/unet_public_real/images/medetec_train_foot-ulcer-0028_2.png,data/datasets/unet_public_real/masks/medetec_train_foot-ulcer-0028_2.png,medetec_foot_ulcer_224,data/datasets/external/wound-segmentation/data/Medetec_foot_ulcer_224/train/images/foot-ulcer-0028_2.png,data/datasets/external/wound-segmentation/data/Medetec_foot_ulcer_224/train/labels/foot-ulcer-0028_2.png,PUBLIC_REAL_PHOTOS,Medetec stock terms + UWM annotated 224px redistribution,f5e051f7726a691bd76c3da0882c32a3ca99494b604c48dd40a2af069dc4e2a2
medetec_train_foot-ulcer-0028_3,train,positive,foot_ulcer,False,0.112743,data/datasets/unet_public_real/images/medetec_train_foot-ulcer-0028_3.png,data/datasets/unet_public_real/masks/medetec_train_foot-ulcer-0028_3.png,medetec_foot_ulcer_224,data/datasets/external/wound-segmentation/data/Medetec_foot_ulcer_224/train/images/foot-ulcer-0028_3.png,data/datasets/external/wound-segmentation/data/Medetec_foot_ulcer_224/train/labels/foot-ulcer-0028_3.png,PUBLIC_REAL_PHOTOS,Medetec stock terms + UWM annotated 224px redistribution,39f71845766f3d513027ea88fc9b45b6206dfc84b227823da4bc1df05d4521a3
medetec_train_foot-ulcer-0029,train,positive,foot_ulcer,False,0.051857,data/datasets/unet_public_real/images/medetec_train_foot-ulcer-0029.png,data/datasets/unet_public_real/masks/medetec_train_foot-ulcer-0029.png,medetec_foot_ulcer_224,data/datasets/external/wound-segmentation/data/Medetec_foot_ulcer_224/train/images/foot-ulcer-0029.png,data/datasets/external/wound-segmentation/data/Medetec_foot_ulcer_224/train/labels/foot-ulcer-0029.png,PUBLIC_REAL_PHOTOS,Medetec stock terms + UWM annotated 224px redistribution,77f4e7055db3d7f351ce0adee19ec6df60531a547d8c702e85e97bd7ae4db272
medetec_train_foot-ulcer-0029_1,train,positive,foot_ulcer,False,0.051857,data/datasets/unet_public_real/images/medetec_train_foot-ulcer-0029_1.png,data/datasets/unet_public_real/masks/medetec_train_foot-ulcer-0029_1.png,medetec_foot_ulcer_224,data/datasets/external/wound-segmentation/data/Medetec_foot_ulcer_224/train/images/foot-ulcer-0029_1.png,data/datasets/external/wound-segmentation/data/Medetec_foot_ulcer_224/train/labels/foot-ulcer-0029_1.png,PUBLIC_REAL_PHOTOS,Medetec stock terms + UWM annotated 224px redistribution,eb28efa55f86fa8fd7cc236f12203a542a834e329ff387906ec908360be62dd6
medetec_train_foot-ulcer-0029_2,test,positive,foot_ulcer,False,0.051857,data/datasets/unet_public_real/images/medetec_train_foot-ulcer-0029_2.png,data/datasets/unet_public_real/masks/medetec_train_foot-ulcer-0029_2.png,medetec_foot_ulcer_224,data/datasets/external/wound-segmentation/data/Medetec_foot_ulcer_224/train/images/foot-ulcer-0029_2.png,data/datasets/external/wound-segmentation/data/Medetec_foot_ulcer_224/train/labels/foot-ulcer-0029_2.png,PUBLIC_REAL_PHOTOS,Medetec stock terms + UWM annotated 224px redistribution,7805729570b4ffa33d3d1430308c6c3ffff548e1898e616365c02414b52ec56e
medetec_train_foot-ulcer-0029_3,test,positive,foot_ulcer,False,0.051857,data/datasets/unet_public_real/images/medetec_train_foot-ulcer-0029_3.png,data/datasets/unet_public_real/masks/medetec_train_foot-ulcer-0029_3.png,medetec_foot_ulcer_224,data/datasets/external/wound-segmentation/data/Medetec_foot_ulcer_224/train/images/foot-ulcer-0029_3.png,data/datasets/external/wound-segmentation/data/Medetec_foot_ulcer_224/train/labels/foot-ulcer-0029_3.png,PUBLIC_REAL_PHOTOS,Medetec stock terms + UWM annotated 224px redistribution,41e7a91ff5edbac85bf7d110d524f2e894e55f90cefae0f4502fd79670b9ecad
medetec_train_foot-ulcer-0032,train,positive,foot_ulcer,False,0.128627,data/datasets/unet_public_real/images/medetec_train_foot-ulcer-0032.png,data/datasets/unet_public_real/masks/medetec_train_foot-ulcer-0032.png,medetec_foot_ulcer_224,data/datasets/external/wound-segmentation/data/Medetec_foot_ulcer_224/train/images/foot-ulcer-0032.png,data/datasets/external/wound-segmentation/data/Medetec_foot_ulcer_224/train/labels/foot-ulcer-0032.png,PUBLIC_REAL_PHOTOS,Medetec stock terms + UWM annotated 224px redistribution,0ff8c1b9f0d22f2ce3cdf33c58666af529dd6897a03223703927e0249b8d2e14
medetec_train_foot-ulcer-0032_1,train,positive,foot_ulcer,False,0.128528,data/datasets/unet_public_real/images/medetec_train_foot-ulcer-0032_1.png,data/datasets/unet_public_real/masks/medetec_train_foot-ulcer-0032_1.png,medetec_foot_ulcer_224,data/datasets/external/wound-segmentation/data/Medetec_foot_ulcer_224/train/images/foot-ulcer-0032_1.png,data/datasets/external/wound-segmentation/data/Medetec_foot_ulcer_224/train/labels/foot-ulcer-0032_1.png,PUBLIC_REAL_PHOTOS,Medetec stock terms + UWM annotated 224px redistribution,1a8fd117996e468862036629dfa94c43fc2999970331049abcf5d255fa9f36c0
medetec_train_foot-ulcer-0032_2,test,positive,foot_ulcer,False,0.128627,data/datasets/unet_public_real/images/medetec_train_foot-ulcer-0032_2.png,data/datasets/unet_public_real/masks/medetec_train_foot-ulcer-0032_2.png,medetec_foot_ulcer_224,data/datasets/external/wound-segmentation/data/Medetec_foot_ulcer_224/train/images/foot-ulcer-0032_2.png,data/datasets/external/wound-segmentation/data/Medetec_foot_ulcer_224/train/labels/foot-ulcer-0032_2.png,PUBLIC_REAL_PHOTOS,Medetec stock terms + UWM annotated 224px redistribution,de66e39508ec33072fa4ceede5786a56ad697b7e05181e46b18d329aab3e0974
medetec_train_foot-ulcer-0032_3,train,positive,foot_ulcer,False,0.128528,data/datasets/unet_public_real/images/medetec_train_foot-ulcer-0032_3.png,data/datasets/unet_public_real/masks/medetec_train_foot-ulcer-0032_3.png,medetec_foot_ulcer_224,data/datasets/external/wound-segmentation/data/Medetec_foot_ulcer_224/train/images/foot-ulcer-0032_3.png,data/datasets/external/wound-segmentation/data/Medetec_foot_ulcer_224/train/labels/foot-ulcer-0032_3.png,PUBLIC_REAL_PHOTOS,Medetec stock terms + UWM annotated 224px redistribution,bf2a5f1b587ed78b690e75b45f49b3dfefbe9dfb78c336e69c7d7e69d49c58ca
medetec_train_foot-ulcer-2-1,train,positive,foot_ulcer,False,0.050522,data/datasets/unet_public_real/images/medetec_train_foot-ulcer-2-1.png,data/datasets/unet_public_real/masks/medetec_train_foot-ulcer-2-1.png,medetec_foot_ulcer_224,data/datasets/external/wound-segmentation/data/Medetec_foot_ulcer_224/train/images/foot-ulcer-2-1.png,data/datasets/external/wound-segmentation/data/Medetec_foot_ulcer_224/train/labels/foot-ulcer-2-1.png,PUBLIC_REAL_PHOTOS,Medetec stock terms + UWM annotated 224px redistribution,495f28d48b854dce18dbf2d60ab12c8c51c03f47767f3749fb9c72deb2fd5ab8
medetec_train_foot-ulcer-2-1_1,val,positive,foot_ulcer,False,0.050522,data/datasets/unet_public_real/images/medetec_train_foot-ulcer-2-1_1.png,data/datasets/unet_public_real/masks/medetec_train_foot-ulcer-2-1_1.png,medetec_foot_ulcer_224,data/datasets/external/wound-segmentation/data/Medetec_foot_ulcer_224/train/images/foot-ulcer-2-1_1.png,data/datasets/external/wound-segmentation/data/Medetec_foot_ulcer_224/train/labels/foot-ulcer-2-1_1.png,PUBLIC_REAL_PHOTOS,Medetec stock terms + UWM annotated 224px redistribution,57bab8ce0edc5b46cdb695df24409d04e404377027bc3021081904275a99cb44
medetec_train_foot-ulcer-2-1_2,train,positive,foot_ulcer,False,0.050522,data/datasets/unet_public_real/images/medetec_train_foot-ulcer-2-1_2.png,data/datasets/unet_public_real/masks/medetec_train_foot-ulcer-2-1_2.png,medetec_foot_ulcer_224,data/datasets/external/wound-segmentation/data/Medetec_foot_ulcer_224/train/images/foot-ulcer-2-1_2.png,data/datasets/external/wound-segmentation/data/Medetec_foot_ulcer_224/train/labels/foot-ulcer-2-1_2.png,PUBLIC_REAL_PHOTOS,Medetec stock terms + UWM annotated 224px redistribution,087ef5578b60b5cd63d53071ac5474818ff3b02f607922d821a9a8ca33950ae1
medetec_train_foot-ulcer-2-1_3,train,positive,foot_ulcer,False,0.050522,data/datasets/unet_public_real/images/medetec_train_foot-ulcer-2-1_3.png,data/datasets/unet_public_real/masks/medetec_train_foot-ulcer-2-1_3.png,medetec_foot_ulcer_224,data/datasets/external/wound-segmentation/data/Medetec_foot_ulcer_224/train/images/foot-ulcer-2-1_3.png,data/datasets/external/wound-segmentation/data/Medetec_foot_ulcer_224/train/labels/foot-ulcer-2-1_3.png,PUBLIC_REAL_PHOTOS,Medetec stock terms + UWM annotated 224px redistribution,9f01bbc128a1da9e3ae2d545e816d8c44c621ec5004a3c7705203c8f310b8a39
medetec_train_foot-ulcer-2-2,train,positive,foot_ulcer,False,0.04821,data/datasets/unet_public_real/images/medetec_train_foot-ulcer-2-2.png,data/datasets/unet_public_real/masks/medetec_train_foot-ulcer-2-2.png,medetec_foot_ulcer_224,data/datasets/external/wound-segmentation/data/Medetec_foot_ulcer_224/train/images/foot-ulcer-2-2.png,data/datasets/external/wound-segmentation/data/Medetec_foot_ulcer_224/train/labels/foot-ulcer-2-2.png,PUBLIC_REAL_PHOTOS,Medetec stock terms + UWM annotated 224px redistribution,2f693422b2ff71ef8f3bc2162f655f8b8cd7f0753fe04ad4c8a270e1a3005d67
medetec_train_foot-ulcer-2-2_1,test,positive,foot_ulcer,False,0.04821,data/datasets/unet_public_real/images/medetec_train_foot-ulcer-2-2_1.png,data/datasets/unet_public_real/masks/medetec_train_foot-ulcer-2-2_1.png,medetec_foot_ulcer_224,data/datasets/external/wound-segmentation/data/Medetec_foot_ulcer_224/train/images/foot-ulcer-2-2_1.png,data/datasets/external/wound-segmentation/data/Medetec_foot_ulcer_224/train/labels/foot-ulcer-2-2_1.png,PUBLIC_REAL_PHOTOS,Medetec stock terms + UWM annotated 224px redistribution,98fbf4d9495edc91149b33716a9cf7d545c70003218a16957b54bf86e77994d0
medetec_train_foot-ulcer-2-2_2,train,positive,foot_ulcer,False,0.04821,data/datasets/unet_public_real/images/medetec_train_foot-ulcer-2-2_2.png,data/datasets/unet_public_real/masks/medetec_train_foot-ulcer-2-2_2.png,medetec_foot_ulcer_224,data/datasets/external/wound-segmentation/data/Medetec_foot_ulcer_224/train/images/foot-ulcer-2-2_2.png,data/datasets/external/wound-segmentation/data/Medetec_foot_ulcer_224/train/labels/foot-ulcer-2-2_2.png,PUBLIC_REAL_PHOTOS,Medetec stock terms + UWM annotated 224px redistribution,e79b2548b5ee94f2152b5d72ef93aebeaec7a209be914429269bf7148fa1dd0d
medetec_train_foot-ulcer-2-2_3,train,positive,foot_ulcer,False,0.04821,data/datasets/unet_public_real/images/medetec_train_foot-ulcer-2-2_3.png,data/datasets/unet_public_real/masks/medetec_train_foot-ulcer-2-2_3.png,medetec_foot_ulcer_224,data/datasets/external/wound-segmentation/data/Medetec_foot_ulcer_224/train/images/foot-ulcer-2-2_3.png,data/datasets/external/wound-segmentation/data/Medetec_foot_ulcer_224/train/labels/foot-ulcer-2-2_3.png,PUBLIC_REAL_PHOTOS,Medetec stock terms + UWM annotated 224px redistribution,0948c3e20c2164c6f6392b383a0748eb9c41dbf0641ef483fcf0397bd829976e
medetec_train_foot-ulcer-2-3,train,positive,foot_ulcer,False,0.040677,data/datasets/unet_public_real/images/medetec_train_foot-ulcer-2-3.png,data/datasets/unet_public_real/masks/medetec_train_foot-ulcer-2-3.png,medetec_foot_ulcer_224,data/datasets/external/wound-segmentation/data/Medetec_foot_ulcer_224/train/images/foot-ulcer-2-3.png,data/datasets/external/wound-segmentation/data/Medetec_foot_ulcer_224/train/labels/foot-ulcer-2-3.png,PUBLIC_REAL_PHOTOS,Medetec stock terms + UWM annotated 224px redistribution,17073c59173a268bb763f9da5d956ad742e35fdf9f0fede077a5d557dd745086
medetec_train_foot-ulcer-2-3_1,train,positive,foot_ulcer,False,0.040677,data/datasets/unet_public_real/images/medetec_train_foot-ulcer-2-3_1.png,data/datasets/unet_public_real/masks/medetec_train_foot-ulcer-2-3_1.png,medetec_foot_ulcer_224,data/datasets/external/wound-segmentation/data/Medetec_foot_ulcer_224/train/images/foot-ulcer-2-3_1.png,data/datasets/external/wound-segmentation/data/Medetec_foot_ulcer_224/train/labels/foot-ulcer-2-3_1.png,PUBLIC_REAL_PHOTOS,Medetec stock terms + UWM annotated 224px redistribution,032a5864e86848e6c2ccc8c65cdd2bf6d398871a03a4ac41e8726b451471c7fa
medetec_train_foot-ulcer-2-3_2,train,positive,foot_ulcer,False,0.040677,data/datasets/unet_public_real/images/medetec_train_foot-ulcer-2-3_2.png,data/datasets/unet_public_real/masks/medetec_train_foot-ulcer-2-3_2.png,medetec_foot_ulcer_224,data/datasets/external/wound-segmentation/data/Medetec_foot_ulcer_224/train/images/foot-ulcer-2-3_2.png,data/datasets/external/wound-segmentation/data/Medetec_foot_ulcer_224/train/labels/foot-ulcer-2-3_2.png,PUBLIC_REAL_PHOTOS,Medetec stock terms + UWM annotated 224px redistribution,269ec773ec0e23efe9959b53649d7f3e88412fe2107a085adf1c3112850d43b3
medetec_train_foot-ulcer-2-3_3,val,positive,foot_ulcer,False,0.040677,data/datasets/unet_public_real/images/medetec_train_foot-ulcer-2-3_3.png,data/datasets/unet_public_real/masks/medetec_train_foot-ulcer-2-3_3.png,medetec_foot_ulcer_224,data/datasets/external/wound-segmentation/data/Medetec_foot_ulcer_224/train/images/foot-ulcer-2-3_3.png,data/datasets/external/wound-segmentation/data/Medetec_foot_ulcer_224/train/labels/foot-ulcer-2-3_3.png,PUBLIC_REAL_PHOTOS,Medetec stock terms + UWM annotated 224px redistribution,afd95f110316079208d86a019007d52bc65f3f86084037be0fc0f89ad28e5dd8
medetec_train_foot-ulcer-2-4,train,positive,foot_ulcer,False,0.050961,data/datasets/unet_public_real/images/medetec_train_foot-ulcer-2-4.png,data/datasets/unet_public_real/masks/medetec_train_foot-ulcer-2-4.png,medetec_foot_ulcer_224,data/datasets/external/wound-segmentation/data/Medetec_foot_ulcer_224/train/images/foot-ulcer-2-4.png,data/datasets/external/wound-segmentation/data/Medetec_foot_ulcer_224/train/labels/foot-ulcer-2-4.png,PUBLIC_REAL_PHOTOS,Medetec stock terms + UWM annotated 224px redistribution,9d55cc7a3e09c372bd8b3a2ce64096551f22c96a5729da2c0c2d3b88f80193fa
medetec_train_foot-ulcer-2-4_1,train,positive,foot_ulcer,False,0.050961,data/datasets/unet_public_real/images/medetec_train_foot-ulcer-2-4_1.png,data/datasets/unet_public_real/masks/medetec_train_foot-ulcer-2-4_1.png,medetec_foot_ulcer_224,data/datasets/external/wound-segmentation/data/Medetec_foot_ulcer_224/train/images/foot-ulcer-2-4_1.png,data/datasets/external/wound-segmentation/data/Medetec_foot_ulcer_224/train/labels/foot-ulcer-2-4_1.png,PUBLIC_REAL_PHOTOS,Medetec stock terms + UWM annotated 224px redistribution,5e37c2740b0c031f241e3e54a850011693325b28f2bf8b2150cc6104e48b01d4
medetec_train_foot-ulcer-2-4_2,val,positive,foot_ulcer,False,0.050961,data/datasets/unet_public_real/images/medetec_train_foot-ulcer-2-4_2.png,data/datasets/unet_public_real/masks/medetec_train_foot-ulcer-2-4_2.png,medetec_foot_ulcer_224,data/datasets/external/wound-segmentation/data/Medetec_foot_ulcer_224/train/images/foot-ulcer-2-4_2.png,data/datasets/external/wound-segmentation/data/Medetec_foot_ulcer_224/train/labels/foot-ulcer-2-4_2.png,PUBLIC_REAL_PHOTOS,Medetec stock terms + UWM annotated 224px redistribution,6ca929509c1b9ff0d490cc609733b926534796c397429e57d474d39e9d21fec1
medetec_train_foot-ulcer-2-4_3,train,positive,foot_ulcer,False,0.050961,data/datasets/unet_public_real/images/medetec_train_foot-ulcer-2-4_3.png,data/datasets/unet_public_real/masks/medetec_train_foot-ulcer-2-4_3.png,medetec_foot_ulcer_224,data/datasets/external/wound-segmentation/data/Medetec_foot_ulcer_224/train/images/foot-ulcer-2-4_3.png,data/datasets/external/wound-segmentation/data/Medetec_foot_ulcer_224/train/labels/foot-ulcer-2-4_3.png,PUBLIC_REAL_PHOTOS,Medetec stock terms + UWM annotated 224px redistribution,cabcbe1437c22e79370b00c0e600299dd9286eacf5ff49b73f2ec1c42da7fb55
medetec_train_foot-ulcer-3-2,train,positive,foot_ulcer,False,0.044643,data/datasets/unet_public_real/images/medetec_train_foot-ulcer-3-2.png,data/datasets/unet_public_real/masks/medetec_train_foot-ulcer-3-2.png,medetec_foot_ulcer_224,data/datasets/external/wound-segmentation/data/Medetec_foot_ulcer_224/train/images/foot-ulcer-3-2.png,data/datasets/external/wound-segmentation/data/Medetec_foot_ulcer_224/train/labels/foot-ulcer-3-2.png,PUBLIC_REAL_PHOTOS,Medetec stock terms + UWM annotated 224px redistribution,188e756e96699dee70b668ff7334cab9361f17fd5d69ffd8d18bc026c28bf9ef
medetec_train_foot-ulcer-3-2_1,train,positive,foot_ulcer,False,0.044643,data/datasets/unet_public_real/images/medetec_train_foot-ulcer-3-2_1.png,data/datasets/unet_public_real/masks/medetec_train_foot-ulcer-3-2_1.png,medetec_foot_ulcer_224,data/datasets/external/wound-segmentation/data/Medetec_foot_ulcer_224/train/images/foot-ulcer-3-2_1.png,data/datasets/external/wound-segmentation/data/Medetec_foot_ulcer_224/train/labels/foot-ulcer-3-2_1.png,PUBLIC_REAL_PHOTOS,Medetec stock terms + UWM annotated 224px redistribution,342f8350e19069c3c13f625795d10f37a8b60921b72ce6eb81ab2a2ccf775f4a
medetec_train_foot-ulcer-3-2_2,test,positive,foot_ulcer,False,0.044643,data/datasets/unet_public_real/images/medetec_train_foot-ulcer-3-2_2.png,data/datasets/unet_public_real/masks/medetec_train_foot-ulcer-3-2_2.png,medetec_foot_ulcer_224,data/datasets/external/wound-segmentation/data/Medetec_foot_ulcer_224/train/images/foot-ulcer-3-2_2.png,data/datasets/external/wound-segmentation/data/Medetec_foot_ulcer_224/train/labels/foot-ulcer-3-2_2.png,PUBLIC_REAL_PHOTOS,Medetec stock terms + UWM annotated 224px redistribution,8e74e035c2a9c0de6f9c4d1a1520eee45a61d35c5b841c72abf85a4d371e6b91
medetec_train_foot-ulcer-3-2_3,train,positive,foot_ulcer,False,0.044643,data/datasets/unet_public_real/images/medetec_train_foot-ulcer-3-2_3.png,data/datasets/unet_public_real/masks/medetec_train_foot-ulcer-3-2_3.png,medetec_foot_ulcer_224,data/datasets/external/wound-segmentation/data/Medetec_foot_ulcer_224/train/images/foot-ulcer-3-2_3.png,data/datasets/external/wound-segmentation/data/Medetec_foot_ulcer_224/train/labels/foot-ulcer-3-2_3.png,PUBLIC_REAL_PHOTOS,Medetec stock terms + UWM annotated 224px redistribution,df1dc5fdd0ccaea1796c6d93c207b55f8d0f04541545ee00783d803917552782
medetec_train_foot-ulcer-3-3,train,positive,foot_ulcer,False,0.047891,data/datasets/unet_public_real/images/medetec_train_foot-ulcer-3-3.png,data/datasets/unet_public_real/masks/medetec_train_foot-ulcer-3-3.png,medetec_foot_ulcer_224,data/datasets/external/wound-segmentation/data/Medetec_foot_ulcer_224/train/images/foot-ulcer-3-3.png,data/datasets/external/wound-segmentation/data/Medetec_foot_ulcer_224/train/labels/foot-ulcer-3-3.png,PUBLIC_REAL_PHOTOS,Medetec stock terms + UWM annotated 224px redistribution,b87dcd4da3a675027d02c3674505d4e596e7630246219bf20cafa22689d593c9
medetec_train_foot-ulcer-3-3_1,train,positive,foot_ulcer,False,0.047891,data/datasets/unet_public_real/images/medetec_train_foot-ulcer-3-3_1.png,data/datasets/unet_public_real/masks/medetec_train_foot-ulcer-3-3_1.png,medetec_foot_ulcer_224,data/datasets/external/wound-segmentation/data/Medetec_foot_ulcer_224/train/images/foot-ulcer-3-3_1.png,data/datasets/external/wound-segmentation/data/Medetec_foot_ulcer_224/train/labels/foot-ulcer-3-3_1.png,PUBLIC_REAL_PHOTOS,Medetec stock terms + UWM annotated 224px redistribution,64bfb8e859237ca1b29750092ce537c206f15b06b28bc201a1eeef057d3f8dd9
medetec_train_foot-ulcer-3-3_2,train,positive,foot_ulcer,False,0.047891,data/datasets/unet_public_real/images/medetec_train_foot-ulcer-3-3_2.png,data/datasets/unet_public_real/masks/medetec_train_foot-ulcer-3-3_2.png,medetec_foot_ulcer_224,data/datasets/external/wound-segmentation/data/Medetec_foot_ulcer_224/train/images/foot-ulcer-3-3_2.png,data/datasets/external/wound-segmentation/data/Medetec_foot_ulcer_224/train/labels/foot-ulcer-3-3_2.png,PUBLIC_REAL_PHOTOS,Medetec stock terms + UWM annotated 224px redistribution,5064d4b6e28633d5578d22d0cb6357857f778204eff5bd38d58478790802114d
medetec_train_foot-ulcer-3-3_3,val,positive,foot_ulcer,False,0.047891,data/datasets/unet_public_real/images/medetec_train_foot-ulcer-3-3_3.png,data/datasets/unet_public_real/masks/medetec_train_foot-ulcer-3-3_3.png,medetec_foot_ulcer_224,data/datasets/external/wound-segmentation/data/Medetec_foot_ulcer_224/train/images/foot-ulcer-3-3_3.png,data/datasets/external/wound-segmentation/data/Medetec_foot_ulcer_224/train/labels/foot-ulcer-3-3_3.png,PUBLIC_REAL_PHOTOS,Medetec stock terms + UWM annotated 224px redistribution,6ab5ee327ad69309937919de449cb8dff662ae834073b65822555da9bd7f8498
medetec_train_foot-ulcer-3-4,test,positive,foot_ulcer,False,0.111667,data/datasets/unet_public_real/images/medetec_train_foot-ulcer-3-4.png,data/datasets/unet_public_real/masks/medetec_train_foot-ulcer-3-4.png,medetec_foot_ulcer_224,data/datasets/external/wound-segmentation/data/Medetec_foot_ulcer_224/train/images/foot-ulcer-3-4.png,data/datasets/external/wound-segmentation/data/Medetec_foot_ulcer_224/train/labels/foot-ulcer-3-4.png,PUBLIC_REAL_PHOTOS,Medetec stock terms + UWM annotated 224px redistribution,291bbbe23fdd73acfa9812ed1e7e0e527f589284056010caed79a015df9cd3f0
medetec_train_foot-ulcer-3-4_1,train,positive,foot_ulcer,False,0.111627,data/datasets/unet_public_real/images/medetec_train_foot-ulcer-3-4_1.png,data/datasets/unet_public_real/masks/medetec_train_foot-ulcer-3-4_1.png,medetec_foot_ulcer_224,data/datasets/external/wound-segmentation/data/Medetec_foot_ulcer_224/train/images/foot-ulcer-3-4_1.png,data/datasets/external/wound-segmentation/data/Medetec_foot_ulcer_224/train/labels/foot-ulcer-3-4_1.png,PUBLIC_REAL_PHOTOS,Medetec stock terms + UWM annotated 224px redistribution,49cd6b78edab6eb3703cc28086494e80a2cafeee7a73c197788cbfd389f9f70c
medetec_train_foot-ulcer-3-4_2,train,positive,foot_ulcer,False,0.111667,data/datasets/unet_public_real/images/medetec_train_foot-ulcer-3-4_2.png,data/datasets/unet_public_real/masks/medetec_train_foot-ulcer-3-4_2.png,medetec_foot_ulcer_224,data/datasets/external/wound-segmentation/data/Medetec_foot_ulcer_224/train/images/foot-ulcer-3-4_2.png,data/datasets/external/wound-segmentation/data/Medetec_foot_ulcer_224/train/labels/foot-ulcer-3-4_2.png,PUBLIC_REAL_PHOTOS,Medetec stock terms + UWM annotated 224px redistribution,99bce6e00c73275cd260a02e9021434e26307717a36e2c82fcd2a68cda8cf73b
medetec_train_foot-ulcer-3-4_3,test,positive,foot_ulcer,False,0.111627,data/datasets/unet_public_real/images/medetec_train_foot-ulcer-3-4_3.png,data/datasets/unet_public_real/masks/medetec_train_foot-ulcer-3-4_3.png,medetec_foot_ulcer_224,data/datasets/external/wound-segmentation/data/Medetec_foot_ulcer_224/train/images/foot-ulcer-3-4_3.png,data/datasets/external/wound-segmentation/data/Medetec_foot_ulcer_224/train/labels/foot-ulcer-3-4_3.png,PUBLIC_REAL_PHOTOS,Medetec stock terms + UWM annotated 224px redistribution,bbf8793886d957ca97e4028b51bad718040b5982019b92f3ed5155d45522319d
medetec_train_foot-ulcer-3-5,test,positive,foot_ulcer,False,0.039919,data/datasets/unet_public_real/images/medetec_train_foot-ulcer-3-5.png,data/datasets/unet_public_real/masks/medetec_train_foot-ulcer-3-5.png,medetec_foot_ulcer_224,data/datasets/external/wound-segmentation/data/Medetec_foot_ulcer_224/train/images/foot-ulcer-3-5.png,data/datasets/external/wound-segmentation/data/Medetec_foot_ulcer_224/train/labels/foot-ulcer-3-5.png,PUBLIC_REAL_PHOTOS,Medetec stock terms + UWM annotated 224px redistribution,b55da18c841438bc12dc6124d8c410902f4e6f0eccb096557aa4b46bd37a8580
medetec_train_foot-ulcer-3-5_1,train,positive,foot_ulcer,False,0.039939,data/datasets/unet_public_real/images/medetec_train_foot-ulcer-3-5_1.png,data/datasets/unet_public_real/masks/medetec_train_foot-ulcer-3-5_1.png,medetec_foot_ulcer_224,data/datasets/external/wound-segmentation/data/Medetec_foot_ulcer_224/train/images/foot-ulcer-3-5_1.png,data/datasets/external/wound-segmentation/data/Medetec_foot_ulcer_224/train/labels/foot-ulcer-3-5_1.png,PUBLIC_REAL_PHOTOS,Medetec stock terms + UWM annotated 224px redistribution,54adfc5189d0c1b33aa9d94eba95e30fd733637bcd5be79d37cea6269fdf4b6b
medetec_train_foot-ulcer-3-5_2,train,positive,foot_ulcer,False,0.039919,data/datasets/unet_public_real/images/medetec_train_foot-ulcer-3-5_2.png,data/datasets/unet_public_real/masks/medetec_train_foot-ulcer-3-5_2.png,medetec_foot_ulcer_224,data/datasets/external/wound-segmentation/data/Medetec_foot_ulcer_224/train/images/foot-ulcer-3-5_2.png,data/datasets/external/wound-segmentation/data/Medetec_foot_ulcer_224/train/labels/foot-ulcer-3-5_2.png,PUBLIC_REAL_PHOTOS,Medetec stock terms + UWM annotated 224px redistribution,1bc83916ce7f1a387a5d6d58eab7a31de6799e6bd38a8346754d9b8b26e34323
medetec_train_foot-ulcer-3-5_3,val,positive,foot_ulcer,False,0.039939,data/datasets/unet_public_real/images/medetec_train_foot-ulcer-3-5_3.png,data/datasets/unet_public_real/masks/medetec_train_foot-ulcer-3-5_3.png,medetec_foot_ulcer_224,data/datasets/external/wound-segmentation/data/Medetec_foot_ulcer_224/train/images/foot-ulcer-3-5_3.png,data/datasets/external/wound-segmentation/data/Medetec_foot_ulcer_224/train/labels/foot-ulcer-3-5_3.png,PUBLIC_REAL_PHOTOS,Medetec stock terms + UWM annotated 224px redistribution,254cd40db609439c2fd612b7babe689342d88ca4091762f33afd4a76fe8d76ad
medetec_train_foot-ulcer1-1,train,positive,foot_ulcer,False,0.168786,data/datasets/unet_public_real/images/medetec_train_foot-ulcer1-1.png,data/datasets/unet_public_real/masks/medetec_train_foot-ulcer1-1.png,medetec_foot_ulcer_224,data/datasets/external/wound-segmentation/data/Medetec_foot_ulcer_224/train/images/foot-ulcer1-1.png,data/datasets/external/wound-segmentation/data/Medetec_foot_ulcer_224/train/labels/foot-ulcer1-1.png,PUBLIC_REAL_PHOTOS,Medetec stock terms + UWM annotated 224px redistribution,1e15f5a854ccc69baa83c3469dc8c0ea5ab69ab19edbe3876cb00583365e7a94
medetec_train_foot-ulcer1-1_1,train,positive,foot_ulcer,False,0.168985,data/datasets/unet_public_real/images/medetec_train_foot-ulcer1-1_1.png,data/datasets/unet_public_real/masks/medetec_train_foot-ulcer1-1_1.png,medetec_foot_ulcer_224,data/datasets/external/wound-segmentation/data/Medetec_foot_ulcer_224/train/images/foot-ulcer1-1_1.png,data/datasets/external/wound-segmentation/data/Medetec_foot_ulcer_224/train/labels/foot-ulcer1-1_1.png,PUBLIC_REAL_PHOTOS,Medetec stock terms + UWM annotated 224px redistribution,c4f50d0192106497aa3cf461c0f2df83abd1fe1c50ab449242fe4a728c0b1f7f
medetec_train_foot-ulcer1-1_2,train,positive,foot_ulcer,False,0.168786,data/datasets/unet_public_real/images/medetec_train_foot-ulcer1-1_2.png,data/datasets/unet_public_real/masks/medetec_train_foot-ulcer1-1_2.png,medetec_foot_ulcer_224,data/datasets/external/wound-segmentation/data/Medetec_foot_ulcer_224/train/images/foot-ulcer1-1_2.png,data/datasets/external/wound-segmentation/data/Medetec_foot_ulcer_224/train/labels/foot-ulcer1-1_2.png,PUBLIC_REAL_PHOTOS,Medetec stock terms + UWM annotated 224px redistribution,e3e23a512f387f07e2d33897e9d1c3663f66b7d2106ce6715139efd07060a888
medetec_train_foot-ulcer1-1_3,train,positive,foot_ulcer,False,0.168985,data/datasets/unet_public_real/images/medetec_train_foot-ulcer1-1_3.png,data/datasets/unet_public_real/masks/medetec_train_foot-ulcer1-1_3.png,medetec_foot_ulcer_224,data/datasets/external/wound-segmentation/data/Medetec_foot_ulcer_224/train/images/foot-ulcer1-1_3.png,data/datasets/external/wound-segmentation/data/Medetec_foot_ulcer_224/train/labels/foot-ulcer1-1_3.png,PUBLIC_REAL_PHOTOS,Medetec stock terms + UWM annotated 224px redistribution,6e193575936d7de5f4105ec9a0bbd1bdca0045b38b6e1269ceab0bd7241b8e53
medetec_train_foot-ulcer1-2,val,positive,foot_ulcer,False,0.119918,data/datasets/unet_public_real/images/medetec_train_foot-ulcer1-2.png,data/datasets/unet_public_real/masks/medetec_train_foot-ulcer1-2.png,medetec_foot_ulcer_224,data/datasets/external/wound-segmentation/data/Medetec_foot_ulcer_224/train/images/foot-ulcer1-2.png,data/datasets/external/wound-segmentation/data/Medetec_foot_ulcer_224/train/labels/foot-ulcer1-2.png,PUBLIC_REAL_PHOTOS,Medetec stock terms + UWM annotated 224px redistribution,dd16f51e2a623e0b758611c4b1ba2cfa6a081b7c48249760500762c68e72e7de
medetec_train_foot-ulcer1-2_1,train,positive,foot_ulcer,False,0.120057,data/datasets/unet_public_real/images/medetec_train_foot-ulcer1-2_1.png,data/datasets/unet_public_real/masks/medetec_train_foot-ulcer1-2_1.png,medetec_foot_ulcer_224,data/datasets/external/wound-segmentation/data/Medetec_foot_ulcer_224/train/images/foot-ulcer1-2_1.png,data/datasets/external/wound-segmentation/data/Medetec_foot_ulcer_224/train/labels/foot-ulcer1-2_1.png,PUBLIC_REAL_PHOTOS,Medetec stock terms + UWM annotated 224px redistribution,b1d088cc8a4e9a3cf32e932eb5ca3344b000d7e46ceb8d4d5cb040845791f1e7
medetec_train_foot-ulcer1-2_2,train,positive,foot_ulcer,False,0.119918,data/datasets/unet_public_real/images/medetec_train_foot-ulcer1-2_2.png,data/datasets/unet_public_real/masks/medetec_train_foot-ulcer1-2_2.png,medetec_foot_ulcer_224,data/datasets/external/wound-segmentation/data/Medetec_foot_ulcer_224/train/images/foot-ulcer1-2_2.png,data/datasets/external/wound-segmentation/data/Medetec_foot_ulcer_224/train/labels/foot-ulcer1-2_2.png,PUBLIC_REAL_PHOTOS,Medetec stock terms + UWM annotated 224px redistribution,95ae090306a11efde5a65b23b9e83973c83682f2ed1d7cb4be322c63cad91085
medetec_train_foot-ulcer1-2_3,train,positive,foot_ulcer,False,0.120057,data/datasets/unet_public_real/images/medetec_train_foot-ulcer1-2_3.png,data/datasets/unet_public_real/masks/medetec_train_foot-ulcer1-2_3.png,medetec_foot_ulcer_224,data/datasets/external/wound-segmentation/data/Medetec_foot_ulcer_224/train/images/foot-ulcer1-2_3.png,data/datasets/external/wound-segmentation/data/Medetec_foot_ulcer_224/train/labels/foot-ulcer1-2_3.png,PUBLIC_REAL_PHOTOS,Medetec stock terms + UWM annotated 224px redistribution,81fa8941d6411877c752bcb75a0c229a5f66265bb99ad3f127f208e0c570305b
medetec_train_foot-ulcer1-3,train,positive,foot_ulcer,False,0.297054,data/datasets/unet_public_real/images/medetec_train_foot-ulcer1-3.png,data/datasets/unet_public_real/masks/medetec_train_foot-ulcer1-3.png,medetec_foot_ulcer_224,data/datasets/external/wound-segmentation/data/Medetec_foot_ulcer_224/train/images/foot-ulcer1-3.png,data/datasets/external/wound-segmentation/data/Medetec_foot_ulcer_224/train/labels/foot-ulcer1-3.png,PUBLIC_REAL_PHOTOS,Medetec stock terms + UWM annotated 224px redistribution,5e225b0d28b5c843400287cc26818ffa24b20230e06f1266f51aa3b04d2a9291
medetec_train_foot-ulcer1-3_1,val,positive,foot_ulcer,False,0.297154,data/datasets/unet_public_real/images/medetec_train_foot-ulcer1-3_1.png,data/datasets/unet_public_real/masks/medetec_train_foot-ulcer1-3_1.png,medetec_foot_ulcer_224,data/datasets/external/wound-segmentation/data/Medetec_foot_ulcer_224/train/images/foot-ulcer1-3_1.png,data/datasets/external/wound-segmentation/data/Medetec_foot_ulcer_224/train/labels/foot-ulcer1-3_1.png,PUBLIC_REAL_PHOTOS,Medetec stock terms + UWM annotated 224px redistribution,abbc77970255ae6721868a3db4bc8dae21d5b4237d618254ffeb9b68934660f9
medetec_train_foot-ulcer1-3_2,train,positive,foot_ulcer,False,0.297054,data/datasets/unet_public_real/images/medetec_train_foot-ulcer1-3_2.png,data/datasets/unet_public_real/masks/medetec_train_foot-ulcer1-3_2.png,medetec_foot_ulcer_224,data/datasets/external/wound-segmentation/data/Medetec_foot_ulcer_224/train/images/foot-ulcer1-3_2.png,data/datasets/external/wound-segmentation/data/Medetec_foot_ulcer_224/train/labels/foot-ulcer1-3_2.png,PUBLIC_REAL_PHOTOS,Medetec stock terms + UWM annotated 224px redistribution,a8e58cdc9b831289b03eaa6d6a880489399f41f1c999cb11f1ab0f383cd9cb29
medetec_train_foot-ulcer1-3_3,train,positive,foot_ulcer,False,0.297154,data/datasets/unet_public_real/images/medetec_train_foot-ulcer1-3_3.png,data/datasets/unet_public_real/masks/medetec_train_foot-ulcer1-3_3.png,medetec_foot_ulcer_224,data/datasets/external/wound-segmentation/data/Medetec_foot_ulcer_224/train/images/foot-ulcer1-3_3.png,data/datasets/external/wound-segmentation/data/Medetec_foot_ulcer_224/train/labels/foot-ulcer1-3_3.png,PUBLIC_REAL_PHOTOS,Medetec stock terms + UWM annotated 224px redistribution,bf09618d440d7dddb31489b4dc6d2398bd916bb4fc3b542501fdd311000bbb14
medetec_train_foot-ulcer1-4,train,positive,foot_ulcer,False,0.320233,data/datasets/unet_public_real/images/medetec_train_foot-ulcer1-4.png,data/datasets/unet_public_real/masks/medetec_train_foot-ulcer1-4.png,medetec_foot_ulcer_224,data/datasets/external/wound-segmentation/data/Medetec_foot_ulcer_224/train/images/foot-ulcer1-4.png,data/datasets/external/wound-segmentation/data/Medetec_foot_ulcer_224/train/labels/foot-ulcer1-4.png,PUBLIC_REAL_PHOTOS,Medetec stock terms + UWM annotated 224px redistribution,03e536c0258d6b1307e951b93f2a0637831af49bd6037bf99477adbd681127ba
medetec_train_foot-ulcer1-4_1,train,positive,foot_ulcer,False,0.320173,data/datasets/unet_public_real/images/medetec_train_foot-ulcer1-4_1.png,data/datasets/unet_public_real/masks/medetec_train_foot-ulcer1-4_1.png,medetec_foot_ulcer_224,data/datasets/external/wound-segmentation/data/Medetec_foot_ulcer_224/train/images/foot-ulcer1-4_1.png,data/datasets/external/wound-segmentation/data/Medetec_foot_ulcer_224/train/labels/foot-ulcer1-4_1.png,PUBLIC_REAL_PHOTOS,Medetec stock terms + UWM annotated 224px redistribution,7a395df3e4903a2963a24a779de01bcad2e56da3a504489d037e17922a3fce1f
medetec_train_foot-ulcer1-4_2,val,positive,foot_ulcer,False,0.320233,data/datasets/unet_public_real/images/medetec_train_foot-ulcer1-4_2.png,data/datasets/unet_public_real/masks/medetec_train_foot-ulcer1-4_2.png,medetec_foot_ulcer_224,data/datasets/external/wound-segmentation/data/Medetec_foot_ulcer_224/train/images/foot-ulcer1-4_2.png,data/datasets/external/wound-segmentation/data/Medetec_foot_ulcer_224/train/labels/foot-ulcer1-4_2.png,PUBLIC_REAL_PHOTOS,Medetec stock terms + UWM annotated 224px redistribution,6c192f53405da1750dd3824474d6086b66a1c08ba2e8c6aa181f84ab177e36df
medetec_train_foot-ulcer1-4_3,train,positive,foot_ulcer,False,0.320173,data/datasets/unet_public_real/images/medetec_train_foot-ulcer1-4_3.png,data/datasets/unet_public_real/masks/medetec_train_foot-ulcer1-4_3.png,medetec_foot_ulcer_224,data/datasets/external/wound-segmentation/data/Medetec_foot_ulcer_224/train/images/foot-ulcer1-4_3.png,data/datasets/external/wound-segmentation/data/Medetec_foot_ulcer_224/train/labels/foot-ulcer1-4_3.png,PUBLIC_REAL_PHOTOS,Medetec stock terms + UWM annotated 224px redistribution,fc6ed4c91060ed8b7dcc3f6bce5487ea17908adaed47a117c67c8127b204af39
medetec_train_foot-ulcer1-5,val,positive,foot_ulcer,False,0.099769,data/datasets/unet_public_real/images/medetec_train_foot-ulcer1-5.png,data/datasets/unet_public_real/masks/medetec_train_foot-ulcer1-5.png,medetec_foot_ulcer_224,data/datasets/external/wound-segmentation/data/Medetec_foot_ulcer_224/train/images/foot-ulcer1-5.png,data/datasets/external/wound-segmentation/data/Medetec_foot_ulcer_224/train/labels/foot-ulcer1-5.png,PUBLIC_REAL_PHOTOS,Medetec stock terms + UWM annotated 224px redistribution,3c63459e9efd0da3e2d0555c6e1319e79055e89a3ee6ea20e88d373da35e5239
medetec_train_foot-ulcer1-5_1,train,positive,foot_ulcer,False,0.099769,data/datasets/unet_public_real/images/medetec_train_foot-ulcer1-5_1.png,data/datasets/unet_public_real/masks/medetec_train_foot-ulcer1-5_1.png,medetec_foot_ulcer_224,data/datasets/external/wound-segmentation/data/Medetec_foot_ulcer_224/train/images/foot-ulcer1-5_1.png,data/datasets/external/wound-segmentation/data/Medetec_foot_ulcer_224/train/labels/foot-ulcer1-5_1.png,PUBLIC_REAL_PHOTOS,Medetec stock terms + UWM annotated 224px redistribution,94429549037f9c8ba02d1d1da53f09abfd595a56d28aac92a5dddfedee526b3b
medetec_train_foot-ulcer1-5_2,train,positive,foot_ulcer,False,0.099769,data/datasets/unet_public_real/images/medetec_train_foot-ulcer1-5_2.png,data/datasets/unet_public_real/masks/medetec_train_foot-ulcer1-5_2.png,medetec_foot_ulcer_224,data/datasets/external/wound-segmentation/data/Medetec_foot_ulcer_224/train/images/foot-ulcer1-5_2.png,data/datasets/external/wound-segmentation/data/Medetec_foot_ulcer_224/train/labels/foot-ulcer1-5_2.png,PUBLIC_REAL_PHOTOS,Medetec stock terms + UWM annotated 224px redistribution,9d34365d87ea5878964b1eb2f6f9277b2ad3b21a36c8cb961f8341c771d90784
medetec_train_foot-ulcer1-5_3,train,positive,foot_ulcer,False,0.099769,data/datasets/unet_public_real/images/medetec_train_foot-ulcer1-5_3.png,data/datasets/unet_public_real/masks/medetec_train_foot-ulcer1-5_3.png,medetec_foot_ulcer_224,data/datasets/external/wound-segmentation/data/Medetec_foot_ulcer_224/train/images/foot-ulcer1-5_3.png,data/datasets/external/wound-segmentation/data/Medetec_foot_ulcer_224/train/labels/foot-ulcer1-5_3.png,PUBLIC_REAL_PHOTOS,Medetec stock terms + UWM annotated 224px redistribution,017f5f474b5e82ceb2d508a96473d6857b86cb8cb91ac7d681c12fd12e475241
medetec_train_foot-ulcer1-8,train,positive,foot_ulcer,False,0.169862,data/datasets/unet_public_real/images/medetec_train_foot-ulcer1-8.png,data/datasets/unet_public_real/masks/medetec_train_foot-ulcer1-8.png,medetec_foot_ulcer_224,data/datasets/external/wound-segmentation/data/Medetec_foot_ulcer_224/train/images/foot-ulcer1-8.png,data/datasets/external/wound-segmentation/data/Medetec_foot_ulcer_224/train/labels/foot-ulcer1-8.png,PUBLIC_REAL_PHOTOS,Medetec stock terms + UWM annotated 224px redistribution,9d99fa656a92a9d6a2b0e1283e84e686f8e1f403ccedd6cb817e7796c7acf21a
medetec_train_foot-ulcer1-8_1,val,positive,foot_ulcer,False,0.169902,data/datasets/unet_public_real/images/medetec_train_foot-ulcer1-8_1.png,data/datasets/unet_public_real/masks/medetec_train_foot-ulcer1-8_1.png,medetec_foot_ulcer_224,data/datasets/external/wound-segmentation/data/Medetec_foot_ulcer_224/train/images/foot-ulcer1-8_1.png,data/datasets/external/wound-segmentation/data/Medetec_foot_ulcer_224/train/labels/foot-ulcer1-8_1.png,PUBLIC_REAL_PHOTOS,Medetec stock terms + UWM annotated 224px redistribution,eacb6f0df1969d6cb5cb23b1ce9a96a01f0b4bbad6d4e3b10fe58157f6d279df
medetec_train_foot-ulcer1-8_2,train,positive,foot_ulcer,False,0.169862,data/datasets/unet_public_real/images/medetec_train_foot-ulcer1-8_2.png,data/datasets/unet_public_real/masks/medetec_train_foot-ulcer1-8_2.png,medetec_foot_ulcer_224,data/datasets/external/wound-segmentation/data/Medetec_foot_ulcer_224/train/images/foot-ulcer1-8_2.png,data/datasets/external/wound-segmentation/data/Medetec_foot_ulcer_224/train/labels/foot-ulcer1-8_2.png,PUBLIC_REAL_PHOTOS,Medetec stock terms + UWM annotated 224px redistribution,42020e1bca543457a476b11cfcb02f31cd5f2831488fc14912846894b6e5d2b9
medetec_train_foot-ulcer1-8_3,train,positive,foot_ulcer,False,0.169902,data/datasets/unet_public_real/images/medetec_train_foot-ulcer1-8_3.png,data/datasets/unet_public_real/masks/medetec_train_foot-ulcer1-8_3.png,medetec_foot_ulcer_224,data/datasets/external/wound-segmentation/data/Medetec_foot_ulcer_224/train/images/foot-ulcer1-8_3.png,data/datasets/external/wound-segmentation/data/Medetec_foot_ulcer_224/train/labels/foot-ulcer1-8_3.png,PUBLIC_REAL_PHOTOS,Medetec stock terms + UWM annotated 224px redistribution,da4e1b0f25e9ab85e0b437decb36bb765a41d63a303a80d4b361c98947e938f6
empty_black_0,train,empty,none,True,0.0,data/datasets/unet_public_real/images/empty_black_0.png,data/datasets/unet_public_real/masks/empty_black_0.png,synthetic_empty_target,data/datasets/unet_public_real/images/empty_black_0.png,data/datasets/unet_public_real/masks/empty_black_0.png,SYNTHETIC_EMPTY_TARGET,internal research (not medical data),bf04b9097c2230556b318bdce59ad8541b43a17f1f2a73a5982c7b745558e16f
empty_white_0,val,empty,none,True,0.0,data/datasets/unet_public_real/images/empty_white_0.png,data/datasets/unet_public_real/masks/empty_white_0.png,synthetic_empty_target,data/datasets/unet_public_real/images/empty_white_0.png,data/datasets/unet_public_real/masks/empty_white_0.png,SYNTHETIC_EMPTY_TARGET,internal research (not medical data),2fc1bf00a82eba791458ff93f4166cb843bcbcc93f155ae248f73b574498a212
empty_gray_0,test,empty,none,True,0.0,data/datasets/unet_public_real/images/empty_gray_0.png,data/datasets/unet_public_real/masks/empty_gray_0.png,synthetic_empty_target,data/datasets/unet_public_real/images/empty_gray_0.png,data/datasets/unet_public_real/masks/empty_gray_0.png,SYNTHETIC_EMPTY_TARGET,internal research (not medical data),656872053643dbe7e59da043dfe80113c4b15d4cfb7d25561b86f9cb934aebc5
empty_skin_0,train,empty,none,True,0.0,data/datasets/unet_public_real/images/empty_skin_0.png,data/datasets/unet_public_real/masks/empty_skin_0.png,synthetic_empty_target,data/datasets/unet_public_real/images/empty_skin_0.png,data/datasets/unet_public_real/masks/empty_skin_0.png,SYNTHETIC_EMPTY_TARGET,internal research (not medical data),f4eef1c229e4172749e8151d1e08095cbf715adf4591c050ebe9764b81cb4c3c
empty_noise_0,train,empty,none,True,0.0,data/datasets/unet_public_real/images/empty_noise_0.png,data/datasets/unet_public_real/masks/empty_noise_0.png,synthetic_empty_target,data/datasets/unet_public_real/images/empty_noise_0.png,data/datasets/unet_public_real/masks/empty_noise_0.png,SYNTHETIC_EMPTY_TARGET,internal research (not medical data),1517860d5c2cb9d2463bc51f587d50005698e80f042a0c494391dda09376e2c8
empty_grad_0,test,empty,none,True,0.0,data/datasets/unet_public_real/images/empty_grad_0.png,data/datasets/unet_public_real/masks/empty_grad_0.png,synthetic_empty_target,data/datasets/unet_public_real/images/empty_grad_0.png,data/datasets/unet_public_real/masks/empty_grad_0.png,SYNTHETIC_EMPTY_TARGET,internal research (not medical data),8cd0ac1b0af7aec8c56b7f0dc2483716e02481d4aacf1077c95e12a455d85848
empty_gray_1,train,empty,none,True,0.0,data/datasets/unet_public_real/images/empty_gray_1.png,data/datasets/unet_public_real/masks/empty_gray_1.png,synthetic_empty_target,data/datasets/unet_public_real/images/empty_gray_1.png,data/datasets/unet_public_real/masks/empty_gray_1.png,SYNTHETIC_EMPTY_TARGET,internal research (not medical data),7659d8366acc932d722cfb987f15ad6177465bddd5f4c7f23961f278e6c5bad0
empty_skin_1,train,empty,none,True,0.0,data/datasets/unet_public_real/images/empty_skin_1.png,data/datasets/unet_public_real/masks/empty_skin_1.png,synthetic_empty_target,data/datasets/unet_public_real/images/empty_skin_1.png,data/datasets/unet_public_real/masks/empty_skin_1.png,SYNTHETIC_EMPTY_TARGET,internal research (not medical data),02a8f93d526d867876b5768183c539544e66d08637c15a7b19a5b58c1bea11a5
empty_noise_1,train,empty,none,True,0.0,data/datasets/unet_public_real/images/empty_noise_1.png,data/datasets/unet_public_real/masks/empty_noise_1.png,synthetic_empty_target,data/datasets/unet_public_real/images/empty_noise_1.png,data/datasets/unet_public_real/masks/empty_noise_1.png,SYNTHETIC_EMPTY_TARGET,internal research (not medical data),70101972fafa7e2da6cc5654091b417f3da84b6397bfe50e9b9b5fb31d979eb9
empty_grad_1,train,empty,none,True,0.0,data/datasets/unet_public_real/images/empty_grad_1.png,data/datasets/unet_public_real/masks/empty_grad_1.png,synthetic_empty_target,data/datasets/unet_public_real/images/empty_grad_1.png,data/datasets/unet_public_real/masks/empty_grad_1.png,SYNTHETIC_EMPTY_TARGET,internal research (not medical data),de8e7932b7bcc2a4be18f1d047c6c51c9b03704a85810122bff0d6d65975df99
empty_gray_2,train,empty,none,True,0.0,data/datasets/unet_public_real/images/empty_gray_2.png,data/datasets/unet_public_real/masks/empty_gray_2.png,synthetic_empty_target,data/datasets/unet_public_real/images/empty_gray_2.png,data/datasets/unet_public_real/masks/empty_gray_2.png,SYNTHETIC_EMPTY_TARGET,internal research (not medical data),7e8ba8b66e510e5964d572a11408546aca9a9018692c01d2f0d9334eab014408
empty_skin_2,train,empty,none,True,0.0,data/datasets/unet_public_real/images/empty_skin_2.png,data/datasets/unet_public_real/masks/empty_skin_2.png,synthetic_empty_target,data/datasets/unet_public_real/images/empty_skin_2.png,data/datasets/unet_public_real/masks/empty_skin_2.png,SYNTHETIC_EMPTY_TARGET,internal research (not medical data),3dc24f043275a6548fa667bec1d31fab034e33b38f92e31bf444137ff48f2e15
empty_noise_2,train,empty,none,True,0.0,data/datasets/unet_public_real/images/empty_noise_2.png,data/datasets/unet_public_real/masks/empty_noise_2.png,synthetic_empty_target,data/datasets/unet_public_real/images/empty_noise_2.png,data/datasets/unet_public_real/masks/empty_noise_2.png,SYNTHETIC_EMPTY_TARGET,internal research (not medical data),59c257b87bb772241c8815d943492e65971b5b430821348eda5e505dc83dd7af
empty_grad_2,train,empty,none,True,0.0,data/datasets/unet_public_real/images/empty_grad_2.png,data/datasets/unet_public_real/masks/empty_grad_2.png,synthetic_empty_target,data/datasets/unet_public_real/images/empty_grad_2.png,data/datasets/unet_public_real/masks/empty_grad_2.png,SYNTHETIC_EMPTY_TARGET,internal research (not medical data),6b9220bfa4a3d1c3bd5477e53d33e5a6b8ec7d9c0a8b37c6168b038833b376c7
empty_gray_3,train,empty,none,True,0.0,data/datasets/unet_public_real/images/empty_gray_3.png,data/datasets/unet_public_real/masks/empty_gray_3.png,synthetic_empty_target,data/datasets/unet_public_real/images/empty_gray_3.png,data/datasets/unet_public_real/masks/empty_gray_3.png,SYNTHETIC_EMPTY_TARGET,internal research (not medical data),e4f970bb97b8dfc6b55d8ae1ea0daf5b8d8f69f9185971e42aa1df049455d63e
empty_skin_3,train,empty,none,True,0.0,data/datasets/unet_public_real/images/empty_skin_3.png,data/datasets/unet_public_real/masks/empty_skin_3.png,synthetic_empty_target,data/datasets/unet_public_real/images/empty_skin_3.png,data/datasets/unet_public_real/masks/empty_skin_3.png,SYNTHETIC_EMPTY_TARGET,internal research (not medical data),dc7ea011558c85e696fe02d629f1b87d1e4c8c800f9a392eba47cd076c699f8b
empty_noise_3,train,empty,none,True,0.0,data/datasets/unet_public_real/images/empty_noise_3.png,data/datasets/unet_public_real/masks/empty_noise_3.png,synthetic_empty_target,data/datasets/unet_public_real/images/empty_noise_3.png,data/datasets/unet_public_real/masks/empty_noise_3.png,SYNTHETIC_EMPTY_TARGET,internal research (not medical data),5be8ed85f8aab3121309209db4209de1f57e379965ceffd5564fe2cf55162e9e
empty_grad_3,val,empty,none,True,0.0,data/datasets/unet_public_real/images/empty_grad_3.png,data/datasets/unet_public_real/masks/empty_grad_3.png,synthetic_empty_target,data/datasets/unet_public_real/images/empty_grad_3.png,data/datasets/unet_public_real/masks/empty_grad_3.png,SYNTHETIC_EMPTY_TARGET,internal research (not medical data),3b7d1503604be12302d937734dc1c6176d6ced09ec8498aac1812b42e45be83e
empty_gray_4,train,empty,none,True,0.0,data/datasets/unet_public_real/images/empty_gray_4.png,data/datasets/unet_public_real/masks/empty_gray_4.png,synthetic_empty_target,data/datasets/unet_public_real/images/empty_gray_4.png,data/datasets/unet_public_real/masks/empty_gray_4.png,SYNTHETIC_EMPTY_TARGET,internal research (not medical data),e6d16ab9036e86a76e766db929d4dd1eaea4396b60bfcc413ce9aa9f56a36b6f
empty_skin_4,val,empty,none,True,0.0,data/datasets/unet_public_real/images/empty_skin_4.png,data/datasets/unet_public_real/masks/empty_skin_4.png,synthetic_empty_target,data/datasets/unet_public_real/images/empty_skin_4.png,data/datasets/unet_public_real/masks/empty_skin_4.png,SYNTHETIC_EMPTY_TARGET,internal research (not medical data),7bfcb1b5a912aa23eb74397f0f84f5c2a301ab7790ef6c7c897307779ce402ea
empty_noise_4,train,empty,none,True,0.0,data/datasets/unet_public_real/images/empty_noise_4.png,data/datasets/unet_public_real/masks/empty_noise_4.png,synthetic_empty_target,data/datasets/unet_public_real/images/empty_noise_4.png,data/datasets/unet_public_real/masks/empty_noise_4.png,SYNTHETIC_EMPTY_TARGET,internal research (not medical data),daeaf228e1b571011cfdb7a5869a50d9f4e7e4e48d9b2d295ac707161fa8637a
empty_grad_4,test,empty,none,True,0.0,data/datasets/unet_public_real/images/empty_grad_4.png,data/datasets/unet_public_real/masks/empty_grad_4.png,synthetic_empty_target,data/datasets/unet_public_real/images/empty_grad_4.png,data/datasets/unet_public_real/masks/empty_grad_4.png,SYNTHETIC_EMPTY_TARGET,internal research (not medical data),55da73d91598629ecbb9bdb7234ca3c7891ed02fee9b2435deb16e50d4909923
empty_skin_5,train,empty,none,True,0.0,data/datasets/unet_public_real/images/empty_skin_5.png,data/datasets/unet_public_real/masks/empty_skin_5.png,synthetic_empty_target,data/datasets/unet_public_real/images/empty_skin_5.png,data/datasets/unet_public_real/masks/empty_skin_5.png,SYNTHETIC_EMPTY_TARGET,internal research (not medical data),de709e83067329a325cb1f38de215066b6a67c16f25fcda0374d54241fce3e9b
empty_noise_5,train,empty,none,True,0.0,data/datasets/unet_public_real/images/empty_noise_5.png,data/datasets/unet_public_real/masks/empty_noise_5.png,synthetic_empty_target,data/datasets/unet_public_real/images/empty_noise_5.png,data/datasets/unet_public_real/masks/empty_noise_5.png,SYNTHETIC_EMPTY_TARGET,internal research (not medical data),df227d0b1c778f2f668e8e5665ddb43a6f91c3f62ab4d091dae9ac65ab6f7f04
empty_grad_5,train,empty,none,True,0.0,data/datasets/unet_public_real/images/empty_grad_5.png,data/datasets/unet_public_real/masks/empty_grad_5.png,synthetic_empty_target,data/datasets/unet_public_real/images/empty_grad_5.png,data/datasets/unet_public_real/masks/empty_grad_5.png,SYNTHETIC_EMPTY_TARGET,internal research (not medical data),2258e6f335f6467236afae89aeba131e33815d0eda6923f0aabff299a4d143f4
empty_skin_6,train,empty,none,True,0.0,data/datasets/unet_public_real/images/empty_skin_6.png,data/datasets/unet_public_real/masks/empty_skin_6.png,synthetic_empty_target,data/datasets/unet_public_real/images/empty_skin_6.png,data/datasets/unet_public_real/masks/empty_skin_6.png,SYNTHETIC_EMPTY_TARGET,internal research (not medical data),ad111932b19862063201603d3989bd4223864fb416281e94c552fdcfedcd97d6
empty_noise_6,test,empty,none,True,0.0,data/datasets/unet_public_real/images/empty_noise_6.png,data/datasets/unet_public_real/masks/empty_noise_6.png,synthetic_empty_target,data/datasets/unet_public_real/images/empty_noise_6.png,data/datasets/unet_public_real/masks/empty_noise_6.png,SYNTHETIC_EMPTY_TARGET,internal research (not medical data),8857d664f9c082d72c4709938d793004ae712b6828f63c21d9eab6f612c6716a
empty_grad_6,test,empty,none,True,0.0,data/datasets/unet_public_real/images/empty_grad_6.png,data/datasets/unet_public_real/masks/empty_grad_6.png,synthetic_empty_target,data/datasets/unet_public_real/images/empty_grad_6.png,data/datasets/unet_public_real/masks/empty_grad_6.png,SYNTHETIC_EMPTY_TARGET,internal research (not medical data),63843fbda541564369cea0881f065f3367df49d22cc370e52c1be4dcf77337e5
empty_skin_7,train,empty,none,True,0.0,data/datasets/unet_public_real/images/empty_skin_7.png,data/datasets/unet_public_real/masks/empty_skin_7.png,synthetic_empty_target,data/datasets/unet_public_real/images/empty_skin_7.png,data/datasets/unet_public_real/masks/empty_skin_7.png,SYNTHETIC_EMPTY_TARGET,internal research (not medical data),40b19222c32b4768819c338a5e0d6556a4cc79c5eaf572ac4a96aea2a7b4bf6f
empty_noise_7,val,empty,none,True,0.0,data/datasets/unet_public_real/images/empty_noise_7.png,data/datasets/unet_public_real/masks/empty_noise_7.png,synthetic_empty_target,data/datasets/unet_public_real/images/empty_noise_7.png,data/datasets/unet_public_real/masks/empty_noise_7.png,SYNTHETIC_EMPTY_TARGET,internal research (not medical data),9eabfc5f978b27f0f931a44b74b585e1772adf85bb9a0d2665fa8cec78680a37
empty_grad_7,val,empty,none,True,0.0,data/datasets/unet_public_real/images/empty_grad_7.png,data/datasets/unet_public_real/masks/empty_grad_7.png,synthetic_empty_target,data/datasets/unet_public_real/images/empty_grad_7.png,data/datasets/unet_public_real/masks/empty_grad_7.png,SYNTHETIC_EMPTY_TARGET,internal research (not medical data),6fd261a26d81db304e076c347b52bd5eb114a72200f1ef77cd3febfc9116527f
