sample_id,split,kind,class,empty_mask,mask_area,subject_id,image_path,mask_path,source_dataset,source_path,source_mask,provenance,license,pixel_sha256
azh_0020126b06a719c36fed196c2c71f2f0_0,test,positive,wound_unspecified,False,0.010443,azh:0020126b06a719c36fed196c2c71f2f0,data/datasets/unet_deduped_subject/images/azh_0020126b06a719c36fed196c2c71f2f0_0.png,data/datasets/unet_deduped_subject/masks/azh_0020126b06a719c36fed196c2c71f2f0_0.png,azh_patches,data/datasets/external/azh_patches/train/images/0020126b06a719c36fed196c2c71f2f0_0.png,data/datasets/external/azh_patches/train/labels/0020126b06a719c36fed196c2c71f2f0_0.png,PUBLIC_REAL_PHOTOS,AZH/UWM redistribution,a18fc0d7550318b02304aaa920ca1f1a053f9080ed66d56dc3896789daf199e7
azh_002985bcbd572241a950bf39b4188d70_0,train,positive,wound_unspecified,False,0.043846,azh:002985bcbd572241a950bf39b4188d70,data/datasets/unet_deduped_subject/images/azh_002985bcbd572241a950bf39b4188d70_0.png,data/datasets/unet_deduped_subject/masks/azh_002985bcbd572241a950bf39b4188d70_0.png,azh_patches,data/datasets/external/azh_patches/train/images/002985bcbd572241a950bf39b4188d70_0.png,data/datasets/external/azh_patches/train/labels/002985bcbd572241a950bf39b4188d70_0.png,PUBLIC_REAL_PHOTOS,AZH/UWM redistribution,457b52435f12f3cda94afd6216ea8f352f07447ab125c304058208670d6322e0
azh_00437234527092743faeb39bc59bd7ee_0,test,positive,wound_unspecified,False,0.071249,azh:00437234527092743faeb39bc59bd7ee,data/datasets/unet_deduped_subject/images/azh_00437234527092743faeb39bc59bd7ee_0.png,data/datasets/unet_deduped_subject/masks/azh_00437234527092743faeb39bc59bd7ee_0.png,azh_patches,data/datasets/external/azh_patches/train/images/00437234527092743faeb39bc59bd7ee_0.png,data/datasets/external/azh_patches/train/labels/00437234527092743faeb39bc59bd7ee_0.png,PUBLIC_REAL_PHOTOS,AZH/UWM redistribution,10ce7585f5cd4b597b65fdca960e8d35d775f78dea20b6b5b8dec00eae742149
azh_00bf40d77104c2b4d6d55e431ca009b9_0,train,positive,wound_unspecified,False,0.02563,azh:00bf40d77104c2b4d6d55e431ca009b9,data/datasets/unet_deduped_subject/images/azh_00bf40d77104c2b4d6d55e431ca009b9_0.png,data/datasets/unet_deduped_subject/masks/azh_00bf40d77104c2b4d6d55e431ca009b9_0.png,azh_patches,data/datasets/external/azh_patches/train/images/00bf40d77104c2b4d6d55e431ca009b9_0.png,data/datasets/external/azh_patches/train/labels/00bf40d77104c2b4d6d55e431ca009b9_0.png,PUBLIC_REAL_PHOTOS,AZH/UWM redistribution,0bc6ebb740d222752f3f531a249cb3a225a06b9ad9305f16b662e846c52c7973
azh_01289b5d0d3f47b0de56c003ec81614a_0,train,positive,wound_unspecified,False,0.043985,azh:01289b5d0d3f47b0de56c003ec81614a,data/datasets/unet_deduped_subject/images/azh_01289b5d0d3f47b0de56c003ec81614a_0.png,data/datasets/unet_deduped_subject/masks/azh_01289b5d0d3f47b0de56c003ec81614a_0.png,azh_patches,data/datasets/external/azh_patches/train/images/01289b5d0d3f47b0de56c003ec81614a_0.png,data/datasets/external/azh_patches/train/labels/01289b5d0d3f47b0de56c003ec81614a_0.png,PUBLIC_REAL_PHOTOS,AZH/UWM redistribution,27c74f6b6f1400134282c3aa8f1ea5d98b7f4d3d21ab853ed8891899abc359f2
azh_01289b5d0d3f47b0de56c003ec81614a_1,train,positive,wound_unspecified,False,0.040737,azh:01289b5d0d3f47b0de56c003ec81614a,data/datasets/unet_deduped_subject/images/azh_01289b5d0d3f47b0de56c003ec81614a_1.png,data/datasets/unet_deduped_subject/masks/azh_01289b5d0d3f47b0de56c003ec81614a_1.png,azh_patches,data/datasets/external/azh_patches/train/images/01289b5d0d3f47b0de56c003ec81614a_1.png,data/datasets/external/azh_patches/train/labels/01289b5d0d3f47b0de56c003ec81614a_1.png,PUBLIC_REAL_PHOTOS,AZH/UWM redistribution,6ac58b55e0e1644e6002063754280323246385effdbee35ccbd77492f92a8ba2
azh_0301eae58a63514483f1f05436437ac2_0,train,positive,wound_unspecified,False,0.083307,azh:0301eae58a63514483f1f05436437ac2,data/datasets/unet_deduped_subject/images/azh_0301eae58a63514483f1f05436437ac2_0.png,data/datasets/unet_deduped_subject/masks/azh_0301eae58a63514483f1f05436437ac2_0.png,azh_patches,data/datasets/external/azh_patches/train/images/0301eae58a63514483f1f05436437ac2_0.png,data/datasets/external/azh_patches/train/labels/0301eae58a63514483f1f05436437ac2_0.png,PUBLIC_REAL_PHOTOS,AZH/UWM redistribution,0c6c646814e8b51f5681bbeb69ae56df6377f70ab21a99b199d11f962b49f78c
azh_035b9aff921b413432a9b2b6d68e4c50_1,train,positive,wound_unspecified,False,0.07386,azh:035b9aff921b413432a9b2b6d68e4c50,data/datasets/unet_deduped_subject/images/azh_035b9aff921b413432a9b2b6d68e4c50_1.png,data/datasets/unet_deduped_subject/masks/azh_035b9aff921b413432a9b2b6d68e4c50_1.png,azh_patches,data/datasets/external/azh_patches/train/images/035b9aff921b413432a9b2b6d68e4c50_1.png,data/datasets/external/azh_patches/train/labels/035b9aff921b413432a9b2b6d68e4c50_1.png,PUBLIC_REAL_PHOTOS,AZH/UWM redistribution,5d4252502a3ce82d39ea5d34b613532c36fbbe975c79307c243ba041837ff7ee
azh_05a18470225822d3409639821fb92174_0,train,positive,wound_unspecified,False,0.130521,azh:05a18470225822d3409639821fb92174,data/datasets/unet_deduped_subject/images/azh_05a18470225822d3409639821fb92174_0.png,data/datasets/unet_deduped_subject/masks/azh_05a18470225822d3409639821fb92174_0.png,azh_patches,data/datasets/external/azh_patches/train/images/05a18470225822d3409639821fb92174_0.png,data/datasets/external/azh_patches/train/labels/05a18470225822d3409639821fb92174_0.png,PUBLIC_REAL_PHOTOS,AZH/UWM redistribution,6106e4e82aacbac6861762eeae742c007d3433bffe6534b5f399afc6fe039dc2
azh_05bf122b0e8bf667fc2aeedd8b70d9f3_0,val,positive,wound_unspecified,False,0.067542,azh:05bf122b0e8bf667fc2aeedd8b70d9f3,data/datasets/unet_deduped_subject/images/azh_05bf122b0e8bf667fc2aeedd8b70d9f3_0.png,data/datasets/unet_deduped_subject/masks/azh_05bf122b0e8bf667fc2aeedd8b70d9f3_0.png,azh_patches,data/datasets/external/azh_patches/train/images/05bf122b0e8bf667fc2aeedd8b70d9f3_0.png,data/datasets/external/azh_patches/train/labels/05bf122b0e8bf667fc2aeedd8b70d9f3_0.png,PUBLIC_REAL_PHOTOS,AZH/UWM redistribution,e5bb5debab9ff8fc328b486f20754c47197a827c2525348a54aa10737c71d52d
azh_0a5a3ada2bb75c4af2daf8e4726bf099_2,train,positive,wound_unspecified,False,0.015366,azh:0a5a3ada2bb75c4af2daf8e4726bf099,data/datasets/unet_deduped_subject/images/azh_0a5a3ada2bb75c4af2daf8e4726bf099_2.png,data/datasets/unet_deduped_subject/masks/azh_0a5a3ada2bb75c4af2daf8e4726bf099_2.png,azh_patches,data/datasets/external/azh_patches/train/images/0a5a3ada2bb75c4af2daf8e4726bf099_2.png,data/datasets/external/azh_patches/train/labels/0a5a3ada2bb75c4af2daf8e4726bf099_2.png,PUBLIC_REAL_PHOTOS,AZH/UWM redistribution,68c21d20f51627e57273d07ff8a900fdc6cace8ced08d146a089d9b836be8efe
azh_0bc5e8bfd852b40e2a2af5cd933e00bb_0,train,positive,wound_unspecified,False,0.116032,azh:0bc5e8bfd852b40e2a2af5cd933e00bb,data/datasets/unet_deduped_subject/images/azh_0bc5e8bfd852b40e2a2af5cd933e00bb_0.png,data/datasets/unet_deduped_subject/masks/azh_0bc5e8bfd852b40e2a2af5cd933e00bb_0.png,azh_patches,data/datasets/external/azh_patches/train/images/0bc5e8bfd852b40e2a2af5cd933e00bb_0.png,data/datasets/external/azh_patches/train/labels/0bc5e8bfd852b40e2a2af5cd933e00bb_0.png,PUBLIC_REAL_PHOTOS,AZH/UWM redistribution,7aaf3966aac1cb230fe7f1be6227c9c80056ac6ed77a10d466fe5cf0c9104d56
azh_0e3efb99f7529906a52c26558d37af9c_0,train,positive,wound_unspecified,False,0.058554,azh:0e3efb99f7529906a52c26558d37af9c,data/datasets/unet_deduped_subject/images/azh_0e3efb99f7529906a52c26558d37af9c_0.png,data/datasets/unet_deduped_subject/masks/azh_0e3efb99f7529906a52c26558d37af9c_0.png,azh_patches,data/datasets/external/azh_patches/train/images/0e3efb99f7529906a52c26558d37af9c_0.png,data/datasets/external/azh_patches/train/labels/0e3efb99f7529906a52c26558d37af9c_0.png,PUBLIC_REAL_PHOTOS,AZH/UWM redistribution,43322864a171ac319c6d123aab224b4a7bbc35e1268e56f8eb981d97411e7ea2
azh_0f42ca66d0a67e868683aab958c70b70_0,train,positive,wound_unspecified,False,0.059371,azh:0f42ca66d0a67e868683aab958c70b70,data/datasets/unet_deduped_subject/images/azh_0f42ca66d0a67e868683aab958c70b70_0.png,data/datasets/unet_deduped_subject/masks/azh_0f42ca66d0a67e868683aab958c70b70_0.png,azh_patches,data/datasets/external/azh_patches/train/images/0f42ca66d0a67e868683aab958c70b70_0.png,data/datasets/external/azh_patches/train/labels/0f42ca66d0a67e868683aab958c70b70_0.png,PUBLIC_REAL_PHOTOS,AZH/UWM redistribution,6e3957a5fb05476a33b8b6491b4e29311ec8ea418ce8f3c0fe213225520d2bac
azh_1576e366442683aac204404e081eb938_1,train,positive,wound_unspecified,False,0.059511,azh:1576e366442683aac204404e081eb938,data/datasets/unet_deduped_subject/images/azh_1576e366442683aac204404e081eb938_1.png,data/datasets/unet_deduped_subject/masks/azh_1576e366442683aac204404e081eb938_1.png,azh_patches,data/datasets/external/azh_patches/train/images/1576e366442683aac204404e081eb938_1.png,data/datasets/external/azh_patches/train/labels/1576e366442683aac204404e081eb938_1.png,PUBLIC_REAL_PHOTOS,AZH/UWM redistribution,5b4bc56835556c39c90023ed5770e6f7a13ebb144c25f4e3572f019c9b79926c
azh_1df8c0b866f6df4be6e3b35abc5b3bf9_0,train,positive,wound_unspecified,False,0.080497,azh:1df8c0b866f6df4be6e3b35abc5b3bf9,data/datasets/unet_deduped_subject/images/azh_1df8c0b866f6df4be6e3b35abc5b3bf9_0.png,data/datasets/unet_deduped_subject/masks/azh_1df8c0b866f6df4be6e3b35abc5b3bf9_0.png,azh_patches,data/datasets/external/azh_patches/train/images/1df8c0b866f6df4be6e3b35abc5b3bf9_0.png,data/datasets/external/azh_patches/train/labels/1df8c0b866f6df4be6e3b35abc5b3bf9_0.png,PUBLIC_REAL_PHOTOS,AZH/UWM redistribution,48aa751cfd5de3e638de92aaf7a9d265b75c19f3a9528caf26102e5ff9596b40
azh_27af9d6d0c81c569a18f379267cfd5c8_0,train,positive,wound_unspecified,False,0.092953,azh:27af9d6d0c81c569a18f379267cfd5c8,data/datasets/unet_deduped_subject/images/azh_27af9d6d0c81c569a18f379267cfd5c8_0.png,data/datasets/unet_deduped_subject/masks/azh_27af9d6d0c81c569a18f379267cfd5c8_0.png,azh_patches,data/datasets/external/azh_patches/train/images/27af9d6d0c81c569a18f379267cfd5c8_0.png,data/datasets/external/azh_patches/train/labels/27af9d6d0c81c569a18f379267cfd5c8_0.png,PUBLIC_REAL_PHOTOS,AZH/UWM redistribution,01a0a9250b7d2651ee1549b0a94834d452f9c3a4c3bee0b44051e2c15214c24f
azh_302d6a35b8498b1e57120c3dc277b097_0,train,positive,wound_unspecified,False,0.069954,azh:302d6a35b8498b1e57120c3dc277b097,data/datasets/unet_deduped_subject/images/azh_302d6a35b8498b1e57120c3dc277b097_0.png,data/datasets/unet_deduped_subject/masks/azh_302d6a35b8498b1e57120c3dc277b097_0.png,azh_patches,data/datasets/external/azh_patches/train/images/302d6a35b8498b1e57120c3dc277b097_0.png,data/datasets/external/azh_patches/train/labels/302d6a35b8498b1e57120c3dc277b097_0.png,PUBLIC_REAL_PHOTOS,AZH/UWM redistribution,5837c9727a07382957f89d1f6bedb593dbd03d38ebf4f202eaa1a8f274a3069c
azh_3343f8a08d04c4d7bb96454876e028cc_0,train,positive,wound_unspecified,False,0.177854,azh:3343f8a08d04c4d7bb96454876e028cc,data/datasets/unet_deduped_subject/images/azh_3343f8a08d04c4d7bb96454876e028cc_0.png,data/datasets/unet_deduped_subject/masks/azh_3343f8a08d04c4d7bb96454876e028cc_0.png,azh_patches,data/datasets/external/azh_patches/train/images/3343f8a08d04c4d7bb96454876e028cc_0.png,data/datasets/external/azh_patches/train/labels/3343f8a08d04c4d7bb96454876e028cc_0.png,PUBLIC_REAL_PHOTOS,AZH/UWM redistribution,d76bcc11708220c0e4aa306e4c8c30c35c72b6e18567c6ce17a16e553109db8f
azh_3ab0b5f7a8b6ace81df830c4d7968cde_0,train,positive,wound_unspecified,False,0.005002,azh:3ab0b5f7a8b6ace81df830c4d7968cde,data/datasets/unet_deduped_subject/images/azh_3ab0b5f7a8b6ace81df830c4d7968cde_0.png,data/datasets/unet_deduped_subject/masks/azh_3ab0b5f7a8b6ace81df830c4d7968cde_0.png,azh_patches,data/datasets/external/azh_patches/train/images/3ab0b5f7a8b6ace81df830c4d7968cde_0.png,data/datasets/external/azh_patches/train/labels/3ab0b5f7a8b6ace81df830c4d7968cde_0.png,PUBLIC_REAL_PHOTOS,AZH/UWM redistribution,0e0bc7a3ebc096c9b6fa96d81095c4ef97077ca641a15d6600ff442c4251a112
azh_5c110aa03c68726fcd94a8b3704d8a1f_0,train,positive,wound_unspecified,False,0.116071,azh:5c110aa03c68726fcd94a8b3704d8a1f,data/datasets/unet_deduped_subject/images/azh_5c110aa03c68726fcd94a8b3704d8a1f_0.png,data/datasets/unet_deduped_subject/masks/azh_5c110aa03c68726fcd94a8b3704d8a1f_0.png,azh_patches,data/datasets/external/azh_patches/train/images/5c110aa03c68726fcd94a8b3704d8a1f_0.png,data/datasets/external/azh_patches/train/labels/5c110aa03c68726fcd94a8b3704d8a1f_0.png,PUBLIC_REAL_PHOTOS,AZH/UWM redistribution,64ea58706d7b9a7c7e61ff346688b76f4cd8ffd57f7e0bf80a170f8e1fc0c977
azh_769421654c88e404b750d5ee4fcc79e9_0,test,positive,wound_unspecified,False,0.025211,azh:769421654c88e404b750d5ee4fcc79e9,data/datasets/unet_deduped_subject/images/azh_769421654c88e404b750d5ee4fcc79e9_0.png,data/datasets/unet_deduped_subject/masks/azh_769421654c88e404b750d5ee4fcc79e9_0.png,azh_patches,data/datasets/external/azh_patches/train/images/769421654c88e404b750d5ee4fcc79e9_0.png,data/datasets/external/azh_patches/train/labels/769421654c88e404b750d5ee4fcc79e9_0.png,PUBLIC_REAL_PHOTOS,AZH/UWM redistribution,5f2a1fbf51db2d9ba87097210bb08ec39e1747620395f391d393be1f10be3725
azh_816b2c8cbdaa48026c25f79587082816_0,train,positive,wound_unspecified,False,0.091777,azh:816b2c8cbdaa48026c25f79587082816,data/datasets/unet_deduped_subject/images/azh_816b2c8cbdaa48026c25f79587082816_0.png,data/datasets/unet_deduped_subject/masks/azh_816b2c8cbdaa48026c25f79587082816_0.png,azh_patches,data/datasets/external/azh_patches/train/images/816b2c8cbdaa48026c25f79587082816_0.png,data/datasets/external/azh_patches/train/labels/816b2c8cbdaa48026c25f79587082816_0.png,PUBLIC_REAL_PHOTOS,AZH/UWM redistribution,14481a8f6b3a5be1981c6fe2da949831676397486c5f38bc03a01d261bb86e68
azh_870b7ea6239da9887f77682c5eb2ad51_0,train,positive,wound_unspecified,False,0.072724,azh:870b7ea6239da9887f77682c5eb2ad51,data/datasets/unet_deduped_subject/images/azh_870b7ea6239da9887f77682c5eb2ad51_0.png,data/datasets/unet_deduped_subject/masks/azh_870b7ea6239da9887f77682c5eb2ad51_0.png,azh_patches,data/datasets/external/azh_patches/train/images/870b7ea6239da9887f77682c5eb2ad51_0.png,data/datasets/external/azh_patches/train/labels/870b7ea6239da9887f77682c5eb2ad51_0.png,PUBLIC_REAL_PHOTOS,AZH/UWM redistribution,1b8172b7e09852ebd7489f825297da58fb745f777fee3d86b199d3b4cb84cbc8
azh_a173d05e704354de7b89157507286c7e_0,train,positive,wound_unspecified,False,0.058793,azh:a173d05e704354de7b89157507286c7e,data/datasets/unet_deduped_subject/images/azh_a173d05e704354de7b89157507286c7e_0.png,data/datasets/unet_deduped_subject/masks/azh_a173d05e704354de7b89157507286c7e_0.png,azh_patches,data/datasets/external/azh_patches/train/images/a173d05e704354de7b89157507286c7e_0.png,data/datasets/external/azh_patches/train/labels/a173d05e704354de7b89157507286c7e_0.png,PUBLIC_REAL_PHOTOS,AZH/UWM redistribution,fd5b67fdea8e808d08b2bedb74c6e7d45ea9c2def42efa08cf71352e8c56db63
azh_a4d2dc260c443317ba9517905cbf3803_0,train,positive,wound_unspecified,False,0.04546,azh:a4d2dc260c443317ba9517905cbf3803,data/datasets/unet_deduped_subject/images/azh_a4d2dc260c443317ba9517905cbf3803_0.png,data/datasets/unet_deduped_subject/masks/azh_a4d2dc260c443317ba9517905cbf3803_0.png,azh_patches,data/datasets/external/azh_patches/train/images/a4d2dc260c443317ba9517905cbf3803_0.png,data/datasets/external/azh_patches/train/labels/a4d2dc260c443317ba9517905cbf3803_0.png,PUBLIC_REAL_PHOTOS,AZH/UWM redistribution,ac16ab1c2eecef62e18440ed7283cb2774d437c90b8b31a0faf8b196dbe51094
azh_b6ecf50bfbf4e36d6d9f0c240adf79b7_1,train,positive,wound_unspecified,False,0.138233,azh:b6ecf50bfbf4e36d6d9f0c240adf79b7,data/datasets/unet_deduped_subject/images/azh_b6ecf50bfbf4e36d6d9f0c240adf79b7_1.png,data/datasets/unet_deduped_subject/masks/azh_b6ecf50bfbf4e36d6d9f0c240adf79b7_1.png,azh_patches,data/datasets/external/azh_patches/train/images/b6ecf50bfbf4e36d6d9f0c240adf79b7_1.png,data/datasets/external/azh_patches/train/labels/b6ecf50bfbf4e36d6d9f0c240adf79b7_1.png,PUBLIC_REAL_PHOTOS,AZH/UWM redistribution,634201ea7d719ee73910c58ef509b884cf1f950e033c9b912d3f8f42de6f5d4e
azh_d1362593aba8cd713826b570bf255525_0,test,positive,wound_unspecified,False,0.05668,azh:d1362593aba8cd713826b570bf255525,data/datasets/unet_deduped_subject/images/azh_d1362593aba8cd713826b570bf255525_0.png,data/datasets/unet_deduped_subject/masks/azh_d1362593aba8cd713826b570bf255525_0.png,azh_patches,data/datasets/external/azh_patches/test/images/d1362593aba8cd713826b570bf255525_0.png,data/datasets/external/azh_patches/test/labels/d1362593aba8cd713826b570bf255525_0.png,PUBLIC_REAL_PHOTOS,AZH/UWM redistribution,7d115e140eb045d0e1a186edfc6b0d46afb35e0dc5dba035feefc48cf5b6d61c
azh_fb7a3ed908a2206060ed161389bcd2b7_0,train,positive,wound_unspecified,False,0.045799,azh:fb7a3ed908a2206060ed161389bcd2b7,data/datasets/unet_deduped_subject/images/azh_fb7a3ed908a2206060ed161389bcd2b7_0.png,data/datasets/unet_deduped_subject/masks/azh_fb7a3ed908a2206060ed161389bcd2b7_0.png,azh_patches,data/datasets/external/azh_patches/test/images/fb7a3ed908a2206060ed161389bcd2b7_0.png,data/datasets/external/azh_patches/test/labels/fb7a3ed908a2206060ed161389bcd2b7_0.png,PUBLIC_REAL_PHOTOS,AZH/UWM redistribution,d5256e80d7f28e450c10c984ac49e80278620c27493906be1e6ea9e64a4c9c0c
azh_fe47ad6108f38b8923e4b8e622fb039f_0,train,positive,wound_unspecified,False,0.052356,azh:fe47ad6108f38b8923e4b8e622fb039f,data/datasets/unet_deduped_subject/images/azh_fe47ad6108f38b8923e4b8e622fb039f_0.png,data/datasets/unet_deduped_subject/masks/azh_fe47ad6108f38b8923e4b8e622fb039f_0.png,azh_patches,data/datasets/external/azh_patches/test/images/fe47ad6108f38b8923e4b8e622fb039f_0.png,data/datasets/external/azh_patches/test/labels/fe47ad6108f38b8923e4b8e622fb039f_0.png,PUBLIC_REAL_PHOTOS,AZH/UWM redistribution,c05b0e327143e32d7e48a409c906f7b591986db9c36370447f690c76a9a9f401
wseg_43789853,train,positive,wound_unspecified,False,0.325344,wseg:43789853,data/datasets/unet_deduped_subject/images/wseg_43789853.png,data/datasets/unet_deduped_subject/masks/wseg_43789853.png,hf_wseg_dataset,data/datasets/external/hf_wseg_dataset/extracted/wseg_dataset/sample/43789853.jpg,data/datasets/external/hf_wseg_dataset/extracted/wseg_dataset/mask/43789853.jpg,PUBLIC_REAL_PHOTOS,CC-BY-NC-4.0,60b7240c53b14a2e7a1bab9fc324a044f5093a8bd183d0522c3f0acee4b77200
wseg_44599571,train,positive,wound_unspecified,False,0.174725,wseg:44599571,data/datasets/unet_deduped_subject/images/wseg_44599571.png,data/datasets/unet_deduped_subject/masks/wseg_44599571.png,hf_wseg_dataset,data/datasets/external/hf_wseg_dataset/extracted/wseg_dataset/sample/44599571.jpg,data/datasets/external/hf_wseg_dataset/extracted/wseg_dataset/mask/44599571.jpg,PUBLIC_REAL_PHOTOS,CC-BY-NC-4.0,6a9d95869f37120f872d0253f419cced9ea7571321aaec211fafc8101df3ecb6
wseg_44685449,train,positive,wound_unspecified,False,0.016776,wseg:44685449,data/datasets/unet_deduped_subject/images/wseg_44685449.png,data/datasets/unet_deduped_subject/masks/wseg_44685449.png,hf_wseg_dataset,data/datasets/external/hf_wseg_dataset/extracted/wseg_dataset/sample/44685449.jpg,data/datasets/external/hf_wseg_dataset/extracted/wseg_dataset/mask/44685449.jpg,PUBLIC_REAL_PHOTOS,CC-BY-NC-4.0,e95c2069f7404e8e8a66386b37fc1a534268631da05562c9668092493ba7604f
wseg_45062861,test,positive,wound_unspecified,False,0.147927,wseg:45062861,data/datasets/unet_deduped_subject/images/wseg_45062861.png,data/datasets/unet_deduped_subject/masks/wseg_45062861.png,hf_wseg_dataset,data/datasets/external/hf_wseg_dataset/extracted/wseg_dataset/sample/45062861.jpg,data/datasets/external/hf_wseg_dataset/extracted/wseg_dataset/mask/45062861.jpg,PUBLIC_REAL_PHOTOS,CC-BY-NC-4.0,6d909e922f40aecf93bc354b2ffd1b4a7cb19bf06b5d1450ab8e95d2c372707b
wseg_45317325,train,positive,wound_unspecified,False,0.05889,wseg:45317325,data/datasets/unet_deduped_subject/images/wseg_45317325.png,data/datasets/unet_deduped_subject/masks/wseg_45317325.png,hf_wseg_dataset,data/datasets/external/hf_wseg_dataset/extracted/wseg_dataset/sample/45317325.jpg,data/datasets/external/hf_wseg_dataset/extracted/wseg_dataset/mask/45317325.jpg,PUBLIC_REAL_PHOTOS,CC-BY-NC-4.0,ab91d4af52f015381941353f08c8f9e82b2c21c9013efab1d03935c2e65db70c
wseg_45820050,train,positive,wound_unspecified,False,0.194385,wseg:45820050,data/datasets/unet_deduped_subject/images/wseg_45820050.png,data/datasets/unet_deduped_subject/masks/wseg_45820050.png,hf_wseg_dataset,data/datasets/external/hf_wseg_dataset/extracted/wseg_dataset/sample/45820050.jpg,data/datasets/external/hf_wseg_dataset/extracted/wseg_dataset/mask/45820050.jpg,PUBLIC_REAL_PHOTOS,CC-BY-NC-4.0,ebfa11f7f2cd139ddbf39ecb2dec4e1580f8bfc2a5df6b2b09d9892e1d0d1dc3
wseg_46165035,val,positive,wound_unspecified,False,0.222114,wseg:46165035,data/datasets/unet_deduped_subject/images/wseg_46165035.png,data/datasets/unet_deduped_subject/masks/wseg_46165035.png,hf_wseg_dataset,data/datasets/external/hf_wseg_dataset/extracted/wseg_dataset/sample/46165035.jpg,data/datasets/external/hf_wseg_dataset/extracted/wseg_dataset/mask/46165035.jpg,PUBLIC_REAL_PHOTOS,CC-BY-NC-4.0,0f54cb8aadd138717a533abb37482677dad1722e56cbd38de77c476db01d2b06
wseg_46751367,train,positive,wound_unspecified,False,0.309526,wseg:46751367,data/datasets/unet_deduped_subject/images/wseg_46751367.png,data/datasets/unet_deduped_subject/masks/wseg_46751367.png,hf_wseg_dataset,data/datasets/external/hf_wseg_dataset/extracted/wseg_dataset/sample/46751367.jpg,data/datasets/external/hf_wseg_dataset/extracted/wseg_dataset/mask/46751367.jpg,PUBLIC_REAL_PHOTOS,CC-BY-NC-4.0,7a67830873e0e54187565b16a7abf114ff46e5858fa6a191d5c52d175065b921
wseg_47003829,train,positive,wound_unspecified,False,0.110496,wseg:47003829,data/datasets/unet_deduped_subject/images/wseg_47003829.png,data/datasets/unet_deduped_subject/masks/wseg_47003829.png,hf_wseg_dataset,data/datasets/external/hf_wseg_dataset/extracted/wseg_dataset/sample/47003829.jpg,data/datasets/external/hf_wseg_dataset/extracted/wseg_dataset/mask/47003829.jpg,PUBLIC_REAL_PHOTOS,CC-BY-NC-4.0,de400b69b1c0b6257106f009956ce4877d6142ef6557048fddb17ec6617ce7ea
wseg_47125498,val,positive,wound_unspecified,False,0.379113,wseg:47125498,data/datasets/unet_deduped_subject/images/wseg_47125498.png,data/datasets/unet_deduped_subject/masks/wseg_47125498.png,hf_wseg_dataset,data/datasets/external/hf_wseg_dataset/extracted/wseg_dataset/sample/47125498.jpg,data/datasets/external/hf_wseg_dataset/extracted/wseg_dataset/mask/47125498.jpg,PUBLIC_REAL_PHOTOS,CC-BY-NC-4.0,79a9adb3a610252673a229303f2ba696df316b84003818c5163723d6914bd9c9
wseg_47344232,test,positive,wound_unspecified,False,0.282683,wseg:47344232,data/datasets/unet_deduped_subject/images/wseg_47344232.png,data/datasets/unet_deduped_subject/masks/wseg_47344232.png,hf_wseg_dataset,data/datasets/external/hf_wseg_dataset/extracted/wseg_dataset/sample/47344232.jpg,data/datasets/external/hf_wseg_dataset/extracted/wseg_dataset/mask/47344232.jpg,PUBLIC_REAL_PHOTOS,CC-BY-NC-4.0,2248611daafcf92f26d3cb47d3ae0f95bd684693bf81d89da7344490ad9a9cd0
wseg_47440175,val,positive,wound_unspecified,False,0.080439,wseg:47440175,data/datasets/unet_deduped_subject/images/wseg_47440175.png,data/datasets/unet_deduped_subject/masks/wseg_47440175.png,hf_wseg_dataset,data/datasets/external/hf_wseg_dataset/extracted/wseg_dataset/sample/47440175.jpg,data/datasets/external/hf_wseg_dataset/extracted/wseg_dataset/mask/47440175.jpg,PUBLIC_REAL_PHOTOS,CC-BY-NC-4.0,1ff1e83870842b1872863e8638021763ead3950227c181f075c2be2e312f7e60
wseg_47568247,train,positive,wound_unspecified,False,0.082949,wseg:47568247,data/datasets/unet_deduped_subject/images/wseg_47568247.png,data/datasets/unet_deduped_subject/masks/wseg_47568247.png,hf_wseg_dataset,data/datasets/external/hf_wseg_dataset/extracted/wseg_dataset/sample/47568247.jpg,data/datasets/external/hf_wseg_dataset/extracted/wseg_dataset/mask/47568247.jpg,PUBLIC_REAL_PHOTOS,CC-BY-NC-4.0,94a43651c63e728c64f0d0980d057d1162773d30342f3b4c3506782c07ae779f
wseg_47740051,train,positive,wound_unspecified,False,0.215962,wseg:47740051,data/datasets/unet_deduped_subject/images/wseg_47740051.png,data/datasets/unet_deduped_subject/masks/wseg_47740051.png,hf_wseg_dataset,data/datasets/external/hf_wseg_dataset/extracted/wseg_dataset/sample/47740051.jpg,data/datasets/external/hf_wseg_dataset/extracted/wseg_dataset/mask/47740051.jpg,PUBLIC_REAL_PHOTOS,CC-BY-NC-4.0,3c36946222819118e566e76ad851cd420cf54b5a67f853716470201891d3389d
wseg_47809156,train,positive,wound_unspecified,False,0.181287,wseg:47809156,data/datasets/unet_deduped_subject/images/wseg_47809156.png,data/datasets/unet_deduped_subject/masks/wseg_47809156.png,hf_wseg_dataset,data/datasets/external/hf_wseg_dataset/extracted/wseg_dataset/sample/47809156.jpg,data/datasets/external/hf_wseg_dataset/extracted/wseg_dataset/mask/47809156.jpg,PUBLIC_REAL_PHOTOS,CC-BY-NC-4.0,d5b31981864235a30d58ca978855674972ffeb0b0844be9d5022ad5570846c01
wseg_48014696,train,positive,wound_unspecified,False,0.10919,wseg:48014696,data/datasets/unet_deduped_subject/images/wseg_48014696.png,data/datasets/unet_deduped_subject/masks/wseg_48014696.png,hf_wseg_dataset,data/datasets/external/hf_wseg_dataset/extracted/wseg_dataset/sample/48014696.jpg,data/datasets/external/hf_wseg_dataset/extracted/wseg_dataset/mask/48014696.jpg,PUBLIC_REAL_PHOTOS,CC-BY-NC-4.0,9d8034e9c3eb08a19f969be2e927d04334a564459256885985b85ae9892e4cd7
wseg_48235310,train,positive,wound_unspecified,False,0.148547,wseg:48235310,data/datasets/unet_deduped_subject/images/wseg_48235310.png,data/datasets/unet_deduped_subject/masks/wseg_48235310.png,hf_wseg_dataset,data/datasets/external/hf_wseg_dataset/extracted/wseg_dataset/sample/48235310.jpg,data/datasets/external/hf_wseg_dataset/extracted/wseg_dataset/mask/48235310.jpg,PUBLIC_REAL_PHOTOS,CC-BY-NC-4.0,5bd824c49993cc023b0f4b62c0833534b4f0b1ed8e549d98e57315d07f5134ed
wseg_48380927,train,positive,wound_unspecified,False,0.195453,wseg:48380927,data/datasets/unet_deduped_subject/images/wseg_48380927.png,data/datasets/unet_deduped_subject/masks/wseg_48380927.png,hf_wseg_dataset,data/datasets/external/hf_wseg_dataset/extracted/wseg_dataset/sample/48380927.jpg,data/datasets/external/hf_wseg_dataset/extracted/wseg_dataset/mask/48380927.jpg,PUBLIC_REAL_PHOTOS,CC-BY-NC-4.0,d83f25b964ce99b252adc91b4c08bcaf8fc922157e286a92cbf83fb48ffd6105
wseg_48813011,val,positive,wound_unspecified,False,0.055239,wseg:48813011,data/datasets/unet_deduped_subject/images/wseg_48813011.png,data/datasets/unet_deduped_subject/masks/wseg_48813011.png,hf_wseg_dataset,data/datasets/external/hf_wseg_dataset/extracted/wseg_dataset/sample/48813011.jpg,data/datasets/external/hf_wseg_dataset/extracted/wseg_dataset/mask/48813011.jpg,PUBLIC_REAL_PHOTOS,CC-BY-NC-4.0,a74161aa04ce7326c5f95cb9fed086a4d9eb72e1fd7f99d2fecfa250b39a123b
wseg_48930430,train,positive,wound_unspecified,False,0.279333,wseg:48930430,data/datasets/unet_deduped_subject/images/wseg_48930430.png,data/datasets/unet_deduped_subject/masks/wseg_48930430.png,hf_wseg_dataset,data/datasets/external/hf_wseg_dataset/extracted/wseg_dataset/sample/48930430.jpg,data/datasets/external/hf_wseg_dataset/extracted/wseg_dataset/mask/48930430.jpg,PUBLIC_REAL_PHOTOS,CC-BY-NC-4.0,91a8a4cc3819f13c056abf3cc165f6b2ffe484a43f81b3b78296783fdf1288dc
wseg_49153350,train,positive,wound_unspecified,False,0.46899,wseg:49153350,data/datasets/unet_deduped_subject/images/wseg_49153350.png,data/datasets/unet_deduped_subject/masks/wseg_49153350.png,hf_wseg_dataset,data/datasets/external/hf_wseg_dataset/extracted/wseg_dataset/sample/49153350.jpg,data/datasets/external/hf_wseg_dataset/extracted/wseg_dataset/mask/49153350.jpg,PUBLIC_REAL_PHOTOS,CC-BY-NC-4.0,e8bba4029219cdd9a04e00a00f8e17e29734b079e198e886283b94e95b56efef
wseg_49382349,test,positive,wound_unspecified,False,0.187576,wseg:49382349,data/datasets/unet_deduped_subject/images/wseg_49382349.png,data/datasets/unet_deduped_subject/masks/wseg_49382349.png,hf_wseg_dataset,data/datasets/external/hf_wseg_dataset/extracted/wseg_dataset/sample/49382349.jpg,data/datasets/external/hf_wseg_dataset/extracted/wseg_dataset/mask/49382349.jpg,PUBLIC_REAL_PHOTOS,CC-BY-NC-4.0,72fef83ebb537ec25522f6b9111e52c3bbd135b04c452741abf5ab0f9ff6af05
wseg_49498192,train,positive,wound_unspecified,False,0.094249,wseg:49498192,data/datasets/unet_deduped_subject/images/wseg_49498192.png,data/datasets/unet_deduped_subject/masks/wseg_49498192.png,hf_wseg_dataset,data/datasets/external/hf_wseg_dataset/extracted/wseg_dataset/sample/49498192.jpg,data/datasets/external/hf_wseg_dataset/extracted/wseg_dataset/mask/49498192.jpg,PUBLIC_REAL_PHOTOS,CC-BY-NC-4.0,17e1c3a1989061e876219f849641c2563963764641f7959cfd3504b4033087c7
wseg_49631897,val,positive,wound_unspecified,False,0.035241,wseg:49631897,data/datasets/unet_deduped_subject/images/wseg_49631897.png,data/datasets/unet_deduped_subject/masks/wseg_49631897.png,hf_wseg_dataset,data/datasets/external/hf_wseg_dataset/extracted/wseg_dataset/sample/49631897.jpg,data/datasets/external/hf_wseg_dataset/extracted/wseg_dataset/mask/49631897.jpg,PUBLIC_REAL_PHOTOS,CC-BY-NC-4.0,6ff24b99af1e0d4167625c97adad46ccd69f02ba6a1061becf31354f14e617e9
wseg_49778907,train,positive,wound_unspecified,False,0.217787,wseg:49778907,data/datasets/unet_deduped_subject/images/wseg_49778907.png,data/datasets/unet_deduped_subject/masks/wseg_49778907.png,hf_wseg_dataset,data/datasets/external/hf_wseg_dataset/extracted/wseg_dataset/sample/49778907.jpg,data/datasets/external/hf_wseg_dataset/extracted/wseg_dataset/mask/49778907.jpg,PUBLIC_REAL_PHOTOS,CC-BY-NC-4.0,3f557eb1c2c6c4cf05c19d38090cd93ecc30ad7b0cfc9f70980dab8b93c6f7ea
wseg_49916120,val,positive,wound_unspecified,False,0.216208,wseg:49916120,data/datasets/unet_deduped_subject/images/wseg_49916120.png,data/datasets/unet_deduped_subject/masks/wseg_49916120.png,hf_wseg_dataset,data/datasets/external/hf_wseg_dataset/extracted/wseg_dataset/sample/49916120.jpg,data/datasets/external/hf_wseg_dataset/extracted/wseg_dataset/mask/49916120.jpg,PUBLIC_REAL_PHOTOS,CC-BY-NC-4.0,b0b19251663183f00e56fca5286be44e6d79a6005cbe98855f35c598bc8be43f
wseg_50241347,train,positive,wound_unspecified,False,0.022745,wseg:50241347,data/datasets/unet_deduped_subject/images/wseg_50241347.png,data/datasets/unet_deduped_subject/masks/wseg_50241347.png,hf_wseg_dataset,data/datasets/external/hf_wseg_dataset/extracted/wseg_dataset/sample/50241347.jpg,data/datasets/external/hf_wseg_dataset/extracted/wseg_dataset/mask/50241347.jpg,PUBLIC_REAL_PHOTOS,CC-BY-NC-4.0,d25ab23c1624e1b6150eccfa3f1a6a7c3ca3f04a361dad84c7c93250f3e5511d
wseg_50483150,train,positive,wound_unspecified,False,0.192194,wseg:50483150,data/datasets/unet_deduped_subject/images/wseg_50483150.png,data/datasets/unet_deduped_subject/masks/wseg_50483150.png,hf_wseg_dataset,data/datasets/external/hf_wseg_dataset/extracted/wseg_dataset/sample/50483150.jpg,data/datasets/external/hf_wseg_dataset/extracted/wseg_dataset/mask/50483150.jpg,PUBLIC_REAL_PHOTOS,CC-BY-NC-4.0,d68bddc28dd7795f2360f32d4dec1f23dccc6d067cfb686cc93953da4d7006bb
wseg_50560156,train,positive,wound_unspecified,False,0.166282,wseg:50560156,data/datasets/unet_deduped_subject/images/wseg_50560156.png,data/datasets/unet_deduped_subject/masks/wseg_50560156.png,hf_wseg_dataset,data/datasets/external/hf_wseg_dataset/extracted/wseg_dataset/sample/50560156.jpg,data/datasets/external/hf_wseg_dataset/extracted/wseg_dataset/mask/50560156.jpg,PUBLIC_REAL_PHOTOS,CC-BY-NC-4.0,c1cbcf3adc5a919ff9d934028a56f21e5be1a190a1703a262e6a45a184f54134
wseg_50750226,train,positive,wound_unspecified,False,0.094212,wseg:50750226,data/datasets/unet_deduped_subject/images/wseg_50750226.png,data/datasets/unet_deduped_subject/masks/wseg_50750226.png,hf_wseg_dataset,data/datasets/external/hf_wseg_dataset/extracted/wseg_dataset/sample/50750226.jpg,data/datasets/external/hf_wseg_dataset/extracted/wseg_dataset/mask/50750226.jpg,PUBLIC_REAL_PHOTOS,CC-BY-NC-4.0,bb165bcac51d5e439206b969e844f29dcccfbc1a2c635ec7fee26d72dd65296e
wseg_50924513,train,positive,wound_unspecified,False,0.218956,wseg:50924513,data/datasets/unet_deduped_subject/images/wseg_50924513.png,data/datasets/unet_deduped_subject/masks/wseg_50924513.png,hf_wseg_dataset,data/datasets/external/hf_wseg_dataset/extracted/wseg_dataset/sample/50924513.jpg,data/datasets/external/hf_wseg_dataset/extracted/wseg_dataset/mask/50924513.jpg,PUBLIC_REAL_PHOTOS,CC-BY-NC-4.0,9526dddb9e2053f6ff6e68ac6c4faca0cf28d131d0ca8fe46009f411c8823de1
wseg_51035109,train,positive,wound_unspecified,False,0.176158,wseg:51035109,data/datasets/unet_deduped_subject/images/wseg_51035109.png,data/datasets/unet_deduped_subject/masks/wseg_51035109.png,hf_wseg_dataset,data/datasets/external/hf_wseg_dataset/extracted/wseg_dataset/sample/51035109.jpg,data/datasets/external/hf_wseg_dataset/extracted/wseg_dataset/mask/51035109.jpg,PUBLIC_REAL_PHOTOS,CC-BY-NC-4.0,a0b65dfe3d529b39278408a5358afd93ff280393e38d645a87df8996bbc365cd
wseg_51208793,train,positive,wound_unspecified,False,0.041548,wseg:51208793,data/datasets/unet_deduped_subject/images/wseg_51208793.png,data/datasets/unet_deduped_subject/masks/wseg_51208793.png,hf_wseg_dataset,data/datasets/external/hf_wseg_dataset/extracted/wseg_dataset/sample/51208793.jpg,data/datasets/external/hf_wseg_dataset/extracted/wseg_dataset/mask/51208793.jpg,PUBLIC_REAL_PHOTOS,CC-BY-NC-4.0,de78ff27f4b24ecb724f23a2f5046a73e634a99b6caf2d7d217588d82506fcb8
wseg_51327522,val,positive,wound_unspecified,False,0.038855,wseg:51327522,data/datasets/unet_deduped_subject/images/wseg_51327522.png,data/datasets/unet_deduped_subject/masks/wseg_51327522.png,hf_wseg_dataset,data/datasets/external/hf_wseg_dataset/extracted/wseg_dataset/sample/51327522.jpg,data/datasets/external/hf_wseg_dataset/extracted/wseg_dataset/mask/51327522.jpg,PUBLIC_REAL_PHOTOS,CC-BY-NC-4.0,fabfdf9b5f87b7cfaf86bbe754b65f15048d2e69f6ebf361f2617d6e3428723f
wseg_51399881,train,positive,wound_unspecified,False,0.026542,wseg:51399881,data/datasets/unet_deduped_subject/images/wseg_51399881.png,data/datasets/unet_deduped_subject/masks/wseg_51399881.png,hf_wseg_dataset,data/datasets/external/hf_wseg_dataset/extracted/wseg_dataset/sample/51399881.jpg,data/datasets/external/hf_wseg_dataset/extracted/wseg_dataset/mask/51399881.jpg,PUBLIC_REAL_PHOTOS,CC-BY-NC-4.0,c025137b156670cfb2b0ff8966c8c6faca318dea51e7a90a14b6d86c60c8b913
wseg_51500874,test,positive,wound_unspecified,False,0.184445,wseg:51500874,data/datasets/unet_deduped_subject/images/wseg_51500874.png,data/datasets/unet_deduped_subject/masks/wseg_51500874.png,hf_wseg_dataset,data/datasets/external/hf_wseg_dataset/extracted/wseg_dataset/sample/51500874.jpg,data/datasets/external/hf_wseg_dataset/extracted/wseg_dataset/mask/51500874.jpg,PUBLIC_REAL_PHOTOS,CC-BY-NC-4.0,ed9050010951d31c0dc0ebd2f30f41205ce929d94910bc7a8599f84d990c6552
wseg_51572589,train,positive,wound_unspecified,False,0.062413,wseg:51572589,data/datasets/unet_deduped_subject/images/wseg_51572589.png,data/datasets/unet_deduped_subject/masks/wseg_51572589.png,hf_wseg_dataset,data/datasets/external/hf_wseg_dataset/extracted/wseg_dataset/sample/51572589.jpg,data/datasets/external/hf_wseg_dataset/extracted/wseg_dataset/mask/51572589.jpg,PUBLIC_REAL_PHOTOS,CC-BY-NC-4.0,05abed4fe1a6ef7b227a5f2ffa4ff7afaeb489e24c5df3660cb864c58989fb1d
wseg_51618378,val,positive,wound_unspecified,False,0.119422,wseg:51618378,data/datasets/unet_deduped_subject/images/wseg_51618378.png,data/datasets/unet_deduped_subject/masks/wseg_51618378.png,hf_wseg_dataset,data/datasets/external/hf_wseg_dataset/extracted/wseg_dataset/sample/51618378.jpg,data/datasets/external/hf_wseg_dataset/extracted/wseg_dataset/mask/51618378.jpg,PUBLIC_REAL_PHOTOS,CC-BY-NC-4.0,fc5c06a776de71bcdfe42d215747b7c0a85996c0e27c064855a271b85c597c6d
wseg_51677009,train,positive,wound_unspecified,False,0.101085,wseg:51677009,data/datasets/unet_deduped_subject/images/wseg_51677009.png,data/datasets/unet_deduped_subject/masks/wseg_51677009.png,hf_wseg_dataset,data/datasets/external/hf_wseg_dataset/extracted/wseg_dataset/sample/51677009.jpg,data/datasets/external/hf_wseg_dataset/extracted/wseg_dataset/mask/51677009.jpg,PUBLIC_REAL_PHOTOS,CC-BY-NC-4.0,038a74992830ed3e5eddbb2ad57e21bb0a462427461f43f9def901330c409a47
wseg_51724566,train,positive,wound_unspecified,False,0.174734,wseg:51724566,data/datasets/unet_deduped_subject/images/wseg_51724566.png,data/datasets/unet_deduped_subject/masks/wseg_51724566.png,hf_wseg_dataset,data/datasets/external/hf_wseg_dataset/extracted/wseg_dataset/sample/51724566.jpg,data/datasets/external/hf_wseg_dataset/extracted/wseg_dataset/mask/51724566.jpg,PUBLIC_REAL_PHOTOS,CC-BY-NC-4.0,919efd0a0c3173801dd6273c7204a5124299e9627db456e475dfe5935ddcd72f
wseg_51778290,train,positive,wound_unspecified,False,0.220389,wseg:51778290,data/datasets/unet_deduped_subject/images/wseg_51778290.png,data/datasets/unet_deduped_subject/masks/wseg_51778290.png,hf_wseg_dataset,data/datasets/external/hf_wseg_dataset/extracted/wseg_dataset/sample/51778290.jpg,data/datasets/external/hf_wseg_dataset/extracted/wseg_dataset/mask/51778290.jpg,PUBLIC_REAL_PHOTOS,CC-BY-NC-4.0,96a68d6ec49b3a7f5e23597270092204aa1423cc65ca2568c7c4af91ef6f6f0e
wseg_51843446,train,positive,wound_unspecified,False,0.176395,wseg:51843446,data/datasets/unet_deduped_subject/images/wseg_51843446.png,data/datasets/unet_deduped_subject/masks/wseg_51843446.png,hf_wseg_dataset,data/datasets/external/hf_wseg_dataset/extracted/wseg_dataset/sample/51843446.jpg,data/datasets/external/hf_wseg_dataset/extracted/wseg_dataset/mask/51843446.jpg,PUBLIC_REAL_PHOTOS,CC-BY-NC-4.0,e8f12c04459f1f3fb60534a5478e0ef5529098f22ccbc4dd7157f5cd4d2ec2e7
wseg_52068986,test,positive,wound_unspecified,False,0.027428,wseg:52068986,data/datasets/unet_deduped_subject/images/wseg_52068986.png,data/datasets/unet_deduped_subject/masks/wseg_52068986.png,hf_wseg_dataset,data/datasets/external/hf_wseg_dataset/extracted/wseg_dataset/sample/52068986.jpg,data/datasets/external/hf_wseg_dataset/extracted/wseg_dataset/mask/52068986.jpg,PUBLIC_REAL_PHOTOS,CC-BY-NC-4.0,9ffe57eaf1c1047c2b2464980f78bd79f09840b13888b2cbec48118a8f8b743d
wseg_52205241,test,positive,wound_unspecified,False,0.253713,wseg:52205241,data/datasets/unet_deduped_subject/images/wseg_52205241.png,data/datasets/unet_deduped_subject/masks/wseg_52205241.png,hf_wseg_dataset,data/datasets/external/hf_wseg_dataset/extracted/wseg_dataset/sample/52205241.jpg,data/datasets/external/hf_wseg_dataset/extracted/wseg_dataset/mask/52205241.jpg,PUBLIC_REAL_PHOTOS,CC-BY-NC-4.0,bd4a33cb449daf055977ce2267488a1d31372643283202c27fb6955a02d58762
wseg_52239175,train,positive,wound_unspecified,False,0.07541,wseg:52239175,data/datasets/unet_deduped_subject/images/wseg_52239175.png,data/datasets/unet_deduped_subject/masks/wseg_52239175.png,hf_wseg_dataset,data/datasets/external/hf_wseg_dataset/extracted/wseg_dataset/sample/52239175.jpg,data/datasets/external/hf_wseg_dataset/extracted/wseg_dataset/mask/52239175.jpg,PUBLIC_REAL_PHOTOS,CC-BY-NC-4.0,0f100eec7d38b5ec1739faab4ec739364345436061559df95c354e16ad2a358b
wseg_52320379,train,positive,wound_unspecified,False,0.063207,wseg:52320379,data/datasets/unet_deduped_subject/images/wseg_52320379.png,data/datasets/unet_deduped_subject/masks/wseg_52320379.png,hf_wseg_dataset,data/datasets/external/hf_wseg_dataset/extracted/wseg_dataset/sample/52320379.jpg,data/datasets/external/hf_wseg_dataset/extracted/wseg_dataset/mask/52320379.jpg,PUBLIC_REAL_PHOTOS,CC-BY-NC-4.0,a5276f73d3fb7f34817078c018d5d9ab9ba09a25921eb71354dae2041f81ecbe
wseg_52346361,train,positive,wound_unspecified,False,0.0525,wseg:52346361,data/datasets/unet_deduped_subject/images/wseg_52346361.png,data/datasets/unet_deduped_subject/masks/wseg_52346361.png,hf_wseg_dataset,data/datasets/external/hf_wseg_dataset/extracted/wseg_dataset/sample/52346361.jpg,data/datasets/external/hf_wseg_dataset/extracted/wseg_dataset/mask/52346361.jpg,PUBLIC_REAL_PHOTOS,CC-BY-NC-4.0,14d50c46e88a54c805d7e3c2779ddec52435769d2fbd3128e76e3655917de7a1
wseg_52463294,train,positive,wound_unspecified,False,0.040005,wseg:52463294,data/datasets/unet_deduped_subject/images/wseg_52463294.png,data/datasets/unet_deduped_subject/masks/wseg_52463294.png,hf_wseg_dataset,data/datasets/external/hf_wseg_dataset/extracted/wseg_dataset/sample/52463294.jpg,data/datasets/external/hf_wseg_dataset/extracted/wseg_dataset/mask/52463294.jpg,PUBLIC_REAL_PHOTOS,CC-BY-NC-4.0,11fc914184a09027a4fee20a1929d61163948856066ce7ae70e55725b9f5eefe
wseg_52494675,train,positive,wound_unspecified,False,0.058187,wseg:52494675,data/datasets/unet_deduped_subject/images/wseg_52494675.png,data/datasets/unet_deduped_subject/masks/wseg_52494675.png,hf_wseg_dataset,data/datasets/external/hf_wseg_dataset/extracted/wseg_dataset/sample/52494675.jpg,data/datasets/external/hf_wseg_dataset/extracted/wseg_dataset/mask/52494675.jpg,PUBLIC_REAL_PHOTOS,CC-BY-NC-4.0,9ac988a817b67e98235570919455620ef7da64e96ccff1337f13c7d1d6361dd2
wseg_52560430,train,positive,wound_unspecified,False,0.124679,wseg:52560430,data/datasets/unet_deduped_subject/images/wseg_52560430.png,data/datasets/unet_deduped_subject/masks/wseg_52560430.png,hf_wseg_dataset,data/datasets/external/hf_wseg_dataset/extracted/wseg_dataset/sample/52560430.jpg,data/datasets/external/hf_wseg_dataset/extracted/wseg_dataset/mask/52560430.jpg,PUBLIC_REAL_PHOTOS,CC-BY-NC-4.0,ab8a2224626a631cd1c2c9091544742bfcb0823ff7f60d1517037290606ab107
wseg_52611088,test,positive,wound_unspecified,False,0.052236,wseg:52611088,data/datasets/unet_deduped_subject/images/wseg_52611088.png,data/datasets/unet_deduped_subject/masks/wseg_52611088.png,hf_wseg_dataset,data/datasets/external/hf_wseg_dataset/extracted/wseg_dataset/sample/52611088.jpg,data/datasets/external/hf_wseg_dataset/extracted/wseg_dataset/mask/52611088.jpg,PUBLIC_REAL_PHOTOS,CC-BY-NC-4.0,b63b58e5bf9528e780d2eae7675d6b48033e08b198cb6054e764ebc26e96f620
wseg_52703886,train,positive,wound_unspecified,False,0.146539,wseg:52703886,data/datasets/unet_deduped_subject/images/wseg_52703886.png,data/datasets/unet_deduped_subject/masks/wseg_52703886.png,hf_wseg_dataset,data/datasets/external/hf_wseg_dataset/extracted/wseg_dataset/sample/52703886.jpg,data/datasets/external/hf_wseg_dataset/extracted/wseg_dataset/mask/52703886.jpg,PUBLIC_REAL_PHOTOS,CC-BY-NC-4.0,b3c8a3cfda9361afd7a5320ee993e2cc093f5ed6e27665921e658ffd3281e553
wseg_52775455,train,positive,wound_unspecified,False,0.025666,wseg:52775455,data/datasets/unet_deduped_subject/images/wseg_52775455.png,data/datasets/unet_deduped_subject/masks/wseg_52775455.png,hf_wseg_dataset,data/datasets/external/hf_wseg_dataset/extracted/wseg_dataset/sample/52775455.jpg,data/datasets/external/hf_wseg_dataset/extracted/wseg_dataset/mask/52775455.jpg,PUBLIC_REAL_PHOTOS,CC-BY-NC-4.0,761ea4e58212fe2d38dc70fb24f5f3b7b303d713e0dbf2cd15ecfc74a1cda4ce
wseg_52846340,train,positive,wound_unspecified,False,0.243453,wseg:52846340,data/datasets/unet_deduped_subject/images/wseg_52846340.png,data/datasets/unet_deduped_subject/masks/wseg_52846340.png,hf_wseg_dataset,data/datasets/external/hf_wseg_dataset/extracted/wseg_dataset/sample/52846340.jpg,data/datasets/external/hf_wseg_dataset/extracted/wseg_dataset/mask/52846340.jpg,PUBLIC_REAL_PHOTOS,CC-BY-NC-4.0,8a29cc684bd3fe5b04e60f44f673cd5074cb0dd1f59e3221ef8cdb122d29043b
wseg_52944461,train,positive,wound_unspecified,False,0.111646,wseg:52944461,data/datasets/unet_deduped_subject/images/wseg_52944461.png,data/datasets/unet_deduped_subject/masks/wseg_52944461.png,hf_wseg_dataset,data/datasets/external/hf_wseg_dataset/extracted/wseg_dataset/sample/52944461.jpg,data/datasets/external/hf_wseg_dataset/extracted/wseg_dataset/mask/52944461.jpg,PUBLIC_REAL_PHOTOS,CC-BY-NC-4.0,aaed12919c061a7a8c5f8930a930defbef99a7b271f717bc290385a4112669dc
wseg_53050192,test,positive,wound_unspecified,False,0.163863,wseg:53050192,data/datasets/unet_deduped_subject/images/wseg_53050192.png,data/datasets/unet_deduped_subject/masks/wseg_53050192.png,hf_wseg_dataset,data/datasets/external/hf_wseg_dataset/extracted/wseg_dataset/sample/53050192.jpg,data/datasets/external/hf_wseg_dataset/extracted/wseg_dataset/mask/53050192.jpg,PUBLIC_REAL_PHOTOS,CC-BY-NC-4.0,371ac0ab1a60bec4b84d1248a9e82b5a41ba5dbb7fd70d54f4368e077f96941d
wseg_53185031,val,positive,wound_unspecified,False,0.042725,wseg:53185031,data/datasets/unet_deduped_subject/images/wseg_53185031.png,data/datasets/unet_deduped_subject/masks/wseg_53185031.png,hf_wseg_dataset,data/datasets/external/hf_wseg_dataset/extracted/wseg_dataset/sample/53185031.jpg,data/datasets/external/hf_wseg_dataset/extracted/wseg_dataset/mask/53185031.jpg,PUBLIC_REAL_PHOTOS,CC-BY-NC-4.0,313d60ea5f4f8dfb1b82c15fd8eb50afb470d0b5118457fd8aa479bd36939a06
wseg_53343975,val,positive,wound_unspecified,False,0.026734,wseg:53343975,data/datasets/unet_deduped_subject/images/wseg_53343975.png,data/datasets/unet_deduped_subject/masks/wseg_53343975.png,hf_wseg_dataset,data/datasets/external/hf_wseg_dataset/extracted/wseg_dataset/sample/53343975.jpg,data/datasets/external/hf_wseg_dataset/extracted/wseg_dataset/mask/53343975.jpg,PUBLIC_REAL_PHOTOS,CC-BY-NC-4.0,d250eb3c08471aed59d61d5fc90739a7b2e5fcc1351a3daf0d58578bebf17009
wseg_53525204,train,positive,wound_unspecified,False,0.040644,wseg:53525204,data/datasets/unet_deduped_subject/images/wseg_53525204.png,data/datasets/unet_deduped_subject/masks/wseg_53525204.png,hf_wseg_dataset,data/datasets/external/hf_wseg_dataset/extracted/wseg_dataset/sample/53525204.jpg,data/datasets/external/hf_wseg_dataset/extracted/wseg_dataset/mask/53525204.jpg,PUBLIC_REAL_PHOTOS,CC-BY-NC-4.0,346e88475767348771b56af9852eac24cf3e285f0e6a8de4787b72a96e7b019b
wseg_53619567,train,positive,wound_unspecified,False,0.066703,wseg:53619567,data/datasets/unet_deduped_subject/images/wseg_53619567.png,data/datasets/unet_deduped_subject/masks/wseg_53619567.png,hf_wseg_dataset,data/datasets/external/hf_wseg_dataset/extracted/wseg_dataset/sample/53619567.jpg,data/datasets/external/hf_wseg_dataset/extracted/wseg_dataset/mask/53619567.jpg,PUBLIC_REAL_PHOTOS,CC-BY-NC-4.0,641c1be503413dd0fa4003bc4f743d039733d18a3e82d85c3d45f3679e3f0932
wseg_53739997,train,positive,wound_unspecified,False,0.273382,wseg:53739997,data/datasets/unet_deduped_subject/images/wseg_53739997.png,data/datasets/unet_deduped_subject/masks/wseg_53739997.png,hf_wseg_dataset,data/datasets/external/hf_wseg_dataset/extracted/wseg_dataset/sample/53739997.jpg,data/datasets/external/hf_wseg_dataset/extracted/wseg_dataset/mask/53739997.jpg,PUBLIC_REAL_PHOTOS,CC-BY-NC-4.0,19868f559322f17564f67c805bf71ce9bb623ee811ff394d0b9f80fbc6b8ca77
wseg_53832277,val,positive,wound_unspecified,False,0.030476,wseg:53832277,data/datasets/unet_deduped_subject/images/wseg_53832277.png,data/datasets/unet_deduped_subject/masks/wseg_53832277.png,hf_wseg_dataset,data/datasets/external/hf_wseg_dataset/extracted/wseg_dataset/sample/53832277.jpg,data/datasets/external/hf_wseg_dataset/extracted/wseg_dataset/mask/53832277.jpg,PUBLIC_REAL_PHOTOS,CC-BY-NC-4.0,a2b485d1853753b2ea913377c080edeceb7d5e1f161245ed68181e6ba9c86d22
wseg_53888174,train,positive,wound_unspecified,False,0.041748,wseg:53888174,data/datasets/unet_deduped_subject/images/wseg_53888174.png,data/datasets/unet_deduped_subject/masks/wseg_53888174.png,hf_wseg_dataset,data/datasets/external/hf_wseg_dataset/extracted/wseg_dataset/sample/53888174.jpg,data/datasets/external/hf_wseg_dataset/extracted/wseg_dataset/mask/53888174.jpg,PUBLIC_REAL_PHOTOS,CC-BY-NC-4.0,b6f1e5ebee8cf3e12e727dfd9e957dcbb65faada3627007ce88fa16550670248
wseg_53977800,test,positive,wound_unspecified,False,0.152052,wseg:53977800,data/datasets/unet_deduped_subject/images/wseg_53977800.png,data/datasets/unet_deduped_subject/masks/wseg_53977800.png,hf_wseg_dataset,data/datasets/external/hf_wseg_dataset/extracted/wseg_dataset/sample/53977800.jpg,data/datasets/external/hf_wseg_dataset/extracted/wseg_dataset/mask/53977800.jpg,PUBLIC_REAL_PHOTOS,CC-BY-NC-4.0,6eac18e676d68457f6caeb178cff2a1edd71fc9dc34f797798cae8fd70220930
wseg_54032440,train,positive,wound_unspecified,False,0.036701,wseg:54032440,data/datasets/unet_deduped_subject/images/wseg_54032440.png,data/datasets/unet_deduped_subject/masks/wseg_54032440.png,hf_wseg_dataset,data/datasets/external/hf_wseg_dataset/extracted/wseg_dataset/sample/54032440.jpg,data/datasets/external/hf_wseg_dataset/extracted/wseg_dataset/mask/54032440.jpg,PUBLIC_REAL_PHOTOS,CC-BY-NC-4.0,c2aa5268aff1d403a99f4dd92527e64e7e6953f22b9f2cdedcafd827bd105cee
wseg_54124906,train,positive,wound_unspecified,False,0.105494,wseg:54124906,data/datasets/unet_deduped_subject/images/wseg_54124906.png,data/datasets/unet_deduped_subject/masks/wseg_54124906.png,hf_wseg_dataset,data/datasets/external/hf_wseg_dataset/extracted/wseg_dataset/sample/54124906.jpg,data/datasets/external/hf_wseg_dataset/extracted/wseg_dataset/mask/54124906.jpg,PUBLIC_REAL_PHOTOS,CC-BY-NC-4.0,43972b788953d939210552b841c8a590f8f55410dc18c5639bb469d29939d4a7
wseg_54168197,train,positive,wound_unspecified,False,0.035332,wseg:54168197,data/datasets/unet_deduped_subject/images/wseg_54168197.png,data/datasets/unet_deduped_subject/masks/wseg_54168197.png,hf_wseg_dataset,data/datasets/external/hf_wseg_dataset/extracted/wseg_dataset/sample/54168197.jpg,data/datasets/external/hf_wseg_dataset/extracted/wseg_dataset/mask/54168197.jpg,PUBLIC_REAL_PHOTOS,CC-BY-NC-4.0,818f8fbb11d1146dc19b94902eb36ca89e7497a9b1448ff7e4f84a345d4699fb
wseg_54242827,train,positive,wound_unspecified,False,0.045144,wseg:54242827,data/datasets/unet_deduped_subject/images/wseg_54242827.png,data/datasets/unet_deduped_subject/masks/wseg_54242827.png,hf_wseg_dataset,data/datasets/external/hf_wseg_dataset/extracted/wseg_dataset/sample/54242827.jpg,data/datasets/external/hf_wseg_dataset/extracted/wseg_dataset/mask/54242827.jpg,PUBLIC_REAL_PHOTOS,CC-BY-NC-4.0,2bd71ce177b523641d9caf4fa3b909a1d30e72bba08ec60e458e511d6ee9b12c
wseg_54270050,train,positive,wound_unspecified,False,0.053504,wseg:54270050,data/datasets/unet_deduped_subject/images/wseg_54270050.png,data/datasets/unet_deduped_subject/masks/wseg_54270050.png,hf_wseg_dataset,data/datasets/external/hf_wseg_dataset/extracted/wseg_dataset/sample/54270050.jpg,data/datasets/external/hf_wseg_dataset/extracted/wseg_dataset/mask/54270050.jpg,PUBLIC_REAL_PHOTOS,CC-BY-NC-4.0,54f97845d30ff556ef8f57b51eca117250aba9fddea967865c1e7ab193ba13a2
wseg_54408910,val,positive,wound_unspecified,False,0.066447,wseg:54408910,data/datasets/unet_deduped_subject/images/wseg_54408910.png,data/datasets/unet_deduped_subject/masks/wseg_54408910.png,hf_wseg_dataset,data/datasets/external/hf_wseg_dataset/extracted/wseg_dataset/sample/54408910.jpg,data/datasets/external/hf_wseg_dataset/extracted/wseg_dataset/mask/54408910.jpg,PUBLIC_REAL_PHOTOS,CC-BY-NC-4.0,35fdec4d078bd7f5a652df65e65cc86883f20256c29f8e5076f16d9f51f679e0
wseg_54425498,test,positive,wound_unspecified,False,0.040735,wseg:54425498,data/datasets/unet_deduped_subject/images/wseg_54425498.png,data/datasets/unet_deduped_subject/masks/wseg_54425498.png,hf_wseg_dataset,data/datasets/external/hf_wseg_dataset/extracted/wseg_dataset/sample/54425498.jpg,data/datasets/external/hf_wseg_dataset/extracted/wseg_dataset/mask/54425498.jpg,PUBLIC_REAL_PHOTOS,CC-BY-NC-4.0,fa6f8ba1af6ba02799e9494752c65f98e942b85b8377dec1d831d729e51e59cc
wseg_54545950,train,positive,wound_unspecified,False,0.071996,wseg:54545950,data/datasets/unet_deduped_subject/images/wseg_54545950.png,data/datasets/unet_deduped_subject/masks/wseg_54545950.png,hf_wseg_dataset,data/datasets/external/hf_wseg_dataset/extracted/wseg_dataset/sample/54545950.jpg,data/datasets/external/hf_wseg_dataset/extracted/wseg_dataset/mask/54545950.jpg,PUBLIC_REAL_PHOTOS,CC-BY-NC-4.0,9a5b1ee222bcc7d362b2fbbb652a3583d2815c4ce8095d0fdedf5c6bc0369bcd
wseg_54622348,train,positive,wound_unspecified,False,0.156598,wseg:54622348,data/datasets/unet_deduped_subject/images/wseg_54622348.png,data/datasets/unet_deduped_subject/masks/wseg_54622348.png,hf_wseg_dataset,data/datasets/external/hf_wseg_dataset/extracted/wseg_dataset/sample/54622348.jpg,data/datasets/external/hf_wseg_dataset/extracted/wseg_dataset/mask/54622348.jpg,PUBLIC_REAL_PHOTOS,CC-BY-NC-4.0,163f17f05382553d24b5b064ecc6eb6831229265894c04b2b30c2aa75835f744
wseg_54682809,train,positive,wound_unspecified,False,0.111728,wseg:54682809,data/datasets/unet_deduped_subject/images/wseg_54682809.png,data/datasets/unet_deduped_subject/masks/wseg_54682809.png,hf_wseg_dataset,data/datasets/external/hf_wseg_dataset/extracted/wseg_dataset/sample/54682809.jpg,data/datasets/external/hf_wseg_dataset/extracted/wseg_dataset/mask/54682809.jpg,PUBLIC_REAL_PHOTOS,CC-BY-NC-4.0,34032f49dace507d83fc1ce8625d85745a33970f9e370be40384a8bdfc432036
wseg_54770232,train,positive,wound_unspecified,False,0.058671,wseg:54770232,data/datasets/unet_deduped_subject/images/wseg_54770232.png,data/datasets/unet_deduped_subject/masks/wseg_54770232.png,hf_wseg_dataset,data/datasets/external/hf_wseg_dataset/extracted/wseg_dataset/sample/54770232.jpg,data/datasets/external/hf_wseg_dataset/extracted/wseg_dataset/mask/54770232.jpg,PUBLIC_REAL_PHOTOS,CC-BY-NC-4.0,4acdd199ed7fd543d692923b1dff8bfe192293abf2c95bbd956b02d0b69ac538
wseg_54810613,train,positive,wound_unspecified,False,0.090634,wseg:54810613,data/datasets/unet_deduped_subject/images/wseg_54810613.png,data/datasets/unet_deduped_subject/masks/wseg_54810613.png,hf_wseg_dataset,data/datasets/external/hf_wseg_dataset/extracted/wseg_dataset/sample/54810613.jpg,data/datasets/external/hf_wseg_dataset/extracted/wseg_dataset/mask/54810613.jpg,PUBLIC_REAL_PHOTOS,CC-BY-NC-4.0,3d0b2a06abb5cf137ca2399f19e5047601f892577a41836b49929f1dadc78d9c
wseg_54883142,train,positive,wound_unspecified,False,0.059373,wseg:54883142,data/datasets/unet_deduped_subject/images/wseg_54883142.png,data/datasets/unet_deduped_subject/masks/wseg_54883142.png,hf_wseg_dataset,data/datasets/external/hf_wseg_dataset/extracted/wseg_dataset/sample/54883142.jpg,data/datasets/external/hf_wseg_dataset/extracted/wseg_dataset/mask/54883142.jpg,PUBLIC_REAL_PHOTOS,CC-BY-NC-4.0,dc7bf4297e63246773be469e06afaa395a0528abf9c852ec23ac9e49cc50e247
wseg_55021118,train,positive,wound_unspecified,False,0.313497,wseg:55021118,data/datasets/unet_deduped_subject/images/wseg_55021118.png,data/datasets/unet_deduped_subject/masks/wseg_55021118.png,hf_wseg_dataset,data/datasets/external/hf_wseg_dataset/extracted/wseg_dataset/sample/55021118.jpg,data/datasets/external/hf_wseg_dataset/extracted/wseg_dataset/mask/55021118.jpg,PUBLIC_REAL_PHOTOS,CC-BY-NC-4.0,e1060805121d410ed93f91d12634719f41fc3d927fa169e0d82a54d42124f0f3
wseg_55107007,test,positive,wound_unspecified,False,0.173438,wseg:55107007,data/datasets/unet_deduped_subject/images/wseg_55107007.png,data/datasets/unet_deduped_subject/masks/wseg_55107007.png,hf_wseg_dataset,data/datasets/external/hf_wseg_dataset/extracted/wseg_dataset/sample/55107007.jpg,data/datasets/external/hf_wseg_dataset/extracted/wseg_dataset/mask/55107007.jpg,PUBLIC_REAL_PHOTOS,CC-BY-NC-4.0,36be8739aaae6929353752dd1d11d5daee3ccbab25b4a1ff3800a23a7bf30de7
wseg_55145544,train,positive,wound_unspecified,False,0.010314,wseg:55145544,data/datasets/unet_deduped_subject/images/wseg_55145544.png,data/datasets/unet_deduped_subject/masks/wseg_55145544.png,hf_wseg_dataset,data/datasets/external/hf_wseg_dataset/extracted/wseg_dataset/sample/55145544.jpg,data/datasets/external/hf_wseg_dataset/extracted/wseg_dataset/mask/55145544.jpg,PUBLIC_REAL_PHOTOS,CC-BY-NC-4.0,dd95acbac1d9849a0783dd78c5eb0f9a9817f0dfc7a33879f7d95f8b00d3a4df
wseg_55231764,train,positive,wound_unspecified,False,0.010798,wseg:55231764,data/datasets/unet_deduped_subject/images/wseg_55231764.png,data/datasets/unet_deduped_subject/masks/wseg_55231764.png,hf_wseg_dataset,data/datasets/external/hf_wseg_dataset/extracted/wseg_dataset/sample/55231764.jpg,data/datasets/external/hf_wseg_dataset/extracted/wseg_dataset/mask/55231764.jpg,PUBLIC_REAL_PHOTOS,CC-BY-NC-4.0,3d07a7f646819b7728462d02eb25222c39d6f0b7a5d94ea1a628a16642342d79
wseg_55294298,train,positive,wound_unspecified,False,0.230356,wseg:55294298,data/datasets/unet_deduped_subject/images/wseg_55294298.png,data/datasets/unet_deduped_subject/masks/wseg_55294298.png,hf_wseg_dataset,data/datasets/external/hf_wseg_dataset/extracted/wseg_dataset/sample/55294298.jpg,data/datasets/external/hf_wseg_dataset/extracted/wseg_dataset/mask/55294298.jpg,PUBLIC_REAL_PHOTOS,CC-BY-NC-4.0,5e4423d5ee032f5412308774e489a799d7f7229bd2ebd1d01425c968c9a223dd
wseg_55431829,train,positive,wound_unspecified,False,0.026707,wseg:55431829,data/datasets/unet_deduped_subject/images/wseg_55431829.png,data/datasets/unet_deduped_subject/masks/wseg_55431829.png,hf_wseg_dataset,data/datasets/external/hf_wseg_dataset/extracted/wseg_dataset/sample/55431829.jpg,data/datasets/external/hf_wseg_dataset/extracted/wseg_dataset/mask/55431829.jpg,PUBLIC_REAL_PHOTOS,CC-BY-NC-4.0,5668be27fb33f90f8c833b1bddce38f86252685fbc40457f5c758a6c04fc1615
wseg_55457290,train,positive,wound_unspecified,False,0.096887,wseg:55457290,data/datasets/unet_deduped_subject/images/wseg_55457290.png,data/datasets/unet_deduped_subject/masks/wseg_55457290.png,hf_wseg_dataset,data/datasets/external/hf_wseg_dataset/extracted/wseg_dataset/sample/55457290.jpg,data/datasets/external/hf_wseg_dataset/extracted/wseg_dataset/mask/55457290.jpg,PUBLIC_REAL_PHOTOS,CC-BY-NC-4.0,7c2e96c98b1901063d94699caed12a5ee10db6e1cd30bb4392c4f77b2b2bfe67
wseg_55617966,val,positive,wound_unspecified,False,0.097033,wseg:55617966,data/datasets/unet_deduped_subject/images/wseg_55617966.png,data/datasets/unet_deduped_subject/masks/wseg_55617966.png,hf_wseg_dataset,data/datasets/external/hf_wseg_dataset/extracted/wseg_dataset/sample/55617966.jpg,data/datasets/external/hf_wseg_dataset/extracted/wseg_dataset/mask/55617966.jpg,PUBLIC_REAL_PHOTOS,CC-BY-NC-4.0,1d43661e6d0b2307bea2b60b708222acaf72a6b466f2c69e2c5095f322795913
wseg_55684832,val,positive,wound_unspecified,False,0.217121,wseg:55684832,data/datasets/unet_deduped_subject/images/wseg_55684832.png,data/datasets/unet_deduped_subject/masks/wseg_55684832.png,hf_wseg_dataset,data/datasets/external/hf_wseg_dataset/extracted/wseg_dataset/sample/55684832.jpg,data/datasets/external/hf_wseg_dataset/extracted/wseg_dataset/mask/55684832.jpg,PUBLIC_REAL_PHOTOS,CC-BY-NC-4.0,05cad17b7ac2c63dd7adf59c0a7798f23652a66f0593832cd6d616fd7d9b392a
wseg_55718439,train,positive,wound_unspecified,False,0.141291,wseg:55718439,data/datasets/unet_deduped_subject/images/wseg_55718439.png,data/datasets/unet_deduped_subject/masks/wseg_55718439.png,hf_wseg_dataset,data/datasets/external/hf_wseg_dataset/extracted/wseg_dataset/sample/55718439.jpg,data/datasets/external/hf_wseg_dataset/extracted/wseg_dataset/mask/55718439.jpg,PUBLIC_REAL_PHOTOS,CC-BY-NC-4.0,5e7518f6f658f103f091db78cbd7b05c44083902466aa780ef99e230437591b3
wseg_55883398,train,positive,wound_unspecified,False,0.150638,wseg:55883398,data/datasets/unet_deduped_subject/images/wseg_55883398.png,data/datasets/unet_deduped_subject/masks/wseg_55883398.png,hf_wseg_dataset,data/datasets/external/hf_wseg_dataset/extracted/wseg_dataset/sample/55883398.jpg,data/datasets/external/hf_wseg_dataset/extracted/wseg_dataset/mask/55883398.jpg,PUBLIC_REAL_PHOTOS,CC-BY-NC-4.0,0a25b894b16caacba5b804890481be58dfe738f2aa59cc259c40f96d2b856e61
wseg_55952439,test,positive,wound_unspecified,False,0.047617,wseg:55952439,data/datasets/unet_deduped_subject/images/wseg_55952439.png,data/datasets/unet_deduped_subject/masks/wseg_55952439.png,hf_wseg_dataset,data/datasets/external/hf_wseg_dataset/extracted/wseg_dataset/sample/55952439.jpg,data/datasets/external/hf_wseg_dataset/extracted/wseg_dataset/mask/55952439.jpg,PUBLIC_REAL_PHOTOS,CC-BY-NC-4.0,8800642bcba0c789f3f686c745899b71b461eee9839dd35f3db68630da84a518
wseg_56025529,val,positive,wound_unspecified,False,0.072161,wseg:56025529,data/datasets/unet_deduped_subject/images/wseg_56025529.png,data/datasets/unet_deduped_subject/masks/wseg_56025529.png,hf_wseg_dataset,data/datasets/external/hf_wseg_dataset/extracted/wseg_dataset/sample/56025529.jpg,data/datasets/external/hf_wseg_dataset/extracted/wseg_dataset/mask/56025529.jpg,PUBLIC_REAL_PHOTOS,CC-BY-NC-4.0,a765e33111d3ef9288d6f2d78467f0db4e4e119dbdd7f9ce005b76d7e65ed8d6
wseg_56091101,test,positive,wound_unspecified,False,0.011154,wseg:56091101,data/datasets/unet_deduped_subject/images/wseg_56091101.png,data/datasets/unet_deduped_subject/masks/wseg_56091101.png,hf_wseg_dataset,data/datasets/external/hf_wseg_dataset/extracted/wseg_dataset/sample/56091101.jpg,data/datasets/external/hf_wseg_dataset/extracted/wseg_dataset/mask/56091101.jpg,PUBLIC_REAL_PHOTOS,CC-BY-NC-4.0,ded7dfe09c5e2a5aa90a1f447cd2a102c7242c6e35d252b57155a65c8d365a8c
wseg_56164093,test,positive,wound_unspecified,False,0.040224,wseg:56164093,data/datasets/unet_deduped_subject/images/wseg_56164093.png,data/datasets/unet_deduped_subject/masks/wseg_56164093.png,hf_wseg_dataset,data/datasets/external/hf_wseg_dataset/extracted/wseg_dataset/sample/56164093.jpg,data/datasets/external/hf_wseg_dataset/extracted/wseg_dataset/mask/56164093.jpg,PUBLIC_REAL_PHOTOS,CC-BY-NC-4.0,0d501b00e0d1104388aed0424e5588ea71d7d29cce6d5ff6cf055e835a763bfd
wseg_56230123,train,positive,wound_unspecified,False,0.091903,wseg:56230123,data/datasets/unet_deduped_subject/images/wseg_56230123.png,data/datasets/unet_deduped_subject/masks/wseg_56230123.png,hf_wseg_dataset,data/datasets/external/hf_wseg_dataset/extracted/wseg_dataset/sample/56230123.jpg,data/datasets/external/hf_wseg_dataset/extracted/wseg_dataset/mask/56230123.jpg,PUBLIC_REAL_PHOTOS,CC-BY-NC-4.0,4ec52360d5836a652af1bfabd6c92464b41bbdc3c2a684b5d841b9d61c088a91
wseg_56299650,test,positive,wound_unspecified,False,0.026515,wseg:56299650,data/datasets/unet_deduped_subject/images/wseg_56299650.png,data/datasets/unet_deduped_subject/masks/wseg_56299650.png,hf_wseg_dataset,data/datasets/external/hf_wseg_dataset/extracted/wseg_dataset/sample/56299650.jpg,data/datasets/external/hf_wseg_dataset/extracted/wseg_dataset/mask/56299650.jpg,PUBLIC_REAL_PHOTOS,CC-BY-NC-4.0,d62d2336a7e92c630dcc83e8a6c3abdce622a937388fc7aafb40f5632dd282a9
wseg_56370966,train,positive,wound_unspecified,False,0.037586,wseg:56370966,data/datasets/unet_deduped_subject/images/wseg_56370966.png,data/datasets/unet_deduped_subject/masks/wseg_56370966.png,hf_wseg_dataset,data/datasets/external/hf_wseg_dataset/extracted/wseg_dataset/sample/56370966.jpg,data/datasets/external/hf_wseg_dataset/extracted/wseg_dataset/mask/56370966.jpg,PUBLIC_REAL_PHOTOS,CC-BY-NC-4.0,0716a73ec8cc5aaebb18dbfd3cd255c1a8650d2f3c09f6342e93f5ccf716d25c
wseg_56449415,train,positive,wound_unspecified,False,0.046531,wseg:56449415,data/datasets/unet_deduped_subject/images/wseg_56449415.png,data/datasets/unet_deduped_subject/masks/wseg_56449415.png,hf_wseg_dataset,data/datasets/external/hf_wseg_dataset/extracted/wseg_dataset/sample/56449415.jpg,data/datasets/external/hf_wseg_dataset/extracted/wseg_dataset/mask/56449415.jpg,PUBLIC_REAL_PHOTOS,CC-BY-NC-4.0,6e3ce74d92784bc65681a4cbb9f43f86696199e84c32d3d75daa3786922c23bd
wseg_56536147,train,positive,wound_unspecified,False,0.045107,wseg:56536147,data/datasets/unet_deduped_subject/images/wseg_56536147.png,data/datasets/unet_deduped_subject/masks/wseg_56536147.png,hf_wseg_dataset,data/datasets/external/hf_wseg_dataset/extracted/wseg_dataset/sample/56536147.jpg,data/datasets/external/hf_wseg_dataset/extracted/wseg_dataset/mask/56536147.jpg,PUBLIC_REAL_PHOTOS,CC-BY-NC-4.0,143ac68210035c7220c0fbabdcedcc9ad2091edeec585677531fecf3d2ef5282
wseg_56544268,val,positive,wound_unspecified,False,0.018145,wseg:56544268,data/datasets/unet_deduped_subject/images/wseg_56544268.png,data/datasets/unet_deduped_subject/masks/wseg_56544268.png,hf_wseg_dataset,data/datasets/external/hf_wseg_dataset/extracted/wseg_dataset/sample/56544268.jpg,data/datasets/external/hf_wseg_dataset/extracted/wseg_dataset/mask/56544268.jpg,PUBLIC_REAL_PHOTOS,CC-BY-NC-4.0,4c77c28861c0504bb9645cde823a6efe4720755034359c0f53f4cdcbe3abbfa8
wseg_56592605,train,positive,wound_unspecified,False,0.101478,wseg:56592605,data/datasets/unet_deduped_subject/images/wseg_56592605.png,data/datasets/unet_deduped_subject/masks/wseg_56592605.png,hf_wseg_dataset,data/datasets/external/hf_wseg_dataset/extracted/wseg_dataset/sample/56592605.jpg,data/datasets/external/hf_wseg_dataset/extracted/wseg_dataset/mask/56592605.jpg,PUBLIC_REAL_PHOTOS,CC-BY-NC-4.0,a180073918a40e9b4c0a7355d18ce366c52511dfc052fd8f32df850d50769c34
wseg_56673189,train,positive,wound_unspecified,False,0.046796,wseg:56673189,data/datasets/unet_deduped_subject/images/wseg_56673189.png,data/datasets/unet_deduped_subject/masks/wseg_56673189.png,hf_wseg_dataset,data/datasets/external/hf_wseg_dataset/extracted/wseg_dataset/sample/56673189.jpg,data/datasets/external/hf_wseg_dataset/extracted/wseg_dataset/mask/56673189.jpg,PUBLIC_REAL_PHOTOS,CC-BY-NC-4.0,a7ea417043633506286ad8e60173359c3807defd28e4a65c3f3a33dbe922bf64
wseg_56747631,train,positive,wound_unspecified,False,0.083579,wseg:56747631,data/datasets/unet_deduped_subject/images/wseg_56747631.png,data/datasets/unet_deduped_subject/masks/wseg_56747631.png,hf_wseg_dataset,data/datasets/external/hf_wseg_dataset/extracted/wseg_dataset/sample/56747631.jpg,data/datasets/external/hf_wseg_dataset/extracted/wseg_dataset/mask/56747631.jpg,PUBLIC_REAL_PHOTOS,CC-BY-NC-4.0,3d9cf72679297053cd72dd8bb31bb26b117be4304536c2f587d83e8428f9edbf
wseg_56809466,test,positive,wound_unspecified,False,0.052975,wseg:56809466,data/datasets/unet_deduped_subject/images/wseg_56809466.png,data/datasets/unet_deduped_subject/masks/wseg_56809466.png,hf_wseg_dataset,data/datasets/external/hf_wseg_dataset/extracted/wseg_dataset/sample/56809466.jpg,data/datasets/external/hf_wseg_dataset/extracted/wseg_dataset/mask/56809466.jpg,PUBLIC_REAL_PHOTOS,CC-BY-NC-4.0,a5b63e482a82f96564425198f881f2f929b2c6075c7b562ef3d4663ed723640b
wseg_56855330,val,positive,wound_unspecified,False,0.128641,wseg:56855330,data/datasets/unet_deduped_subject/images/wseg_56855330.png,data/datasets/unet_deduped_subject/masks/wseg_56855330.png,hf_wseg_dataset,data/datasets/external/hf_wseg_dataset/extracted/wseg_dataset/sample/56855330.jpg,data/datasets/external/hf_wseg_dataset/extracted/wseg_dataset/mask/56855330.jpg,PUBLIC_REAL_PHOTOS,CC-BY-NC-4.0,15ec1756340554c895bf99d093357e0c952eabf19665b51f0502e1a78ba33b96
wseg_56940766,val,positive,wound_unspecified,False,0.201185,wseg:56940766,data/datasets/unet_deduped_subject/images/wseg_56940766.png,data/datasets/unet_deduped_subject/masks/wseg_56940766.png,hf_wseg_dataset,data/datasets/external/hf_wseg_dataset/extracted/wseg_dataset/sample/56940766.jpg,data/datasets/external/hf_wseg_dataset/extracted/wseg_dataset/mask/56940766.jpg,PUBLIC_REAL_PHOTOS,CC-BY-NC-4.0,e7e32b11bb5b39445af1cc68efc55c26bdcdc8bc203d894e9853c4fa70284f51
wseg_57137814,test,positive,wound_unspecified,False,0.0525,wseg:57137814,data/datasets/unet_deduped_subject/images/wseg_57137814.png,data/datasets/unet_deduped_subject/masks/wseg_57137814.png,hf_wseg_dataset,data/datasets/external/hf_wseg_dataset/extracted/wseg_dataset/sample/57137814.jpg,data/datasets/external/hf_wseg_dataset/extracted/wseg_dataset/mask/57137814.jpg,PUBLIC_REAL_PHOTOS,CC-BY-NC-4.0,3017d0845e16c7224a722c941476e4f3c0d82dc38d337ed7f6db70fdcaa81eaf
wseg_57211070,train,positive,wound_unspecified,False,0.014038,wseg:57211070,data/datasets/unet_deduped_subject/images/wseg_57211070.png,data/datasets/unet_deduped_subject/masks/wseg_57211070.png,hf_wseg_dataset,data/datasets/external/hf_wseg_dataset/extracted/wseg_dataset/sample/57211070.jpg,data/datasets/external/hf_wseg_dataset/extracted/wseg_dataset/mask/57211070.jpg,PUBLIC_REAL_PHOTOS,CC-BY-NC-4.0,38b8643e9efc9667f5d797c193eeb4f24c704d5a09e2322de51b76537dcf1b2d
wseg_57299451,train,positive,wound_unspecified,False,0.078093,wseg:57299451,data/datasets/unet_deduped_subject/images/wseg_57299451.png,data/datasets/unet_deduped_subject/masks/wseg_57299451.png,hf_wseg_dataset,data/datasets/external/hf_wseg_dataset/extracted/wseg_dataset/sample/57299451.jpg,data/datasets/external/hf_wseg_dataset/extracted/wseg_dataset/mask/57299451.jpg,PUBLIC_REAL_PHOTOS,CC-BY-NC-4.0,b454cd46cf1d1cb193398714aba4276fe6d061f09bdd892969deb81bcf86d421
wseg_57360485,train,positive,wound_unspecified,False,0.035606,wseg:57360485,data/datasets/unet_deduped_subject/images/wseg_57360485.png,data/datasets/unet_deduped_subject/masks/wseg_57360485.png,hf_wseg_dataset,data/datasets/external/hf_wseg_dataset/extracted/wseg_dataset/sample/57360485.jpg,data/datasets/external/hf_wseg_dataset/extracted/wseg_dataset/mask/57360485.jpg,PUBLIC_REAL_PHOTOS,CC-BY-NC-4.0,bc9970ca8b802b8003e28d2deb9e3f9042887ab9cf845f1159343da1b3594e7a
wseg_57431870,train,positive,wound_unspecified,False,0.094468,wseg:57431870,data/datasets/unet_deduped_subject/images/wseg_57431870.png,data/datasets/unet_deduped_subject/masks/wseg_57431870.png,hf_wseg_dataset,data/datasets/external/hf_wseg_dataset/extracted/wseg_dataset/sample/57431870.jpg,data/datasets/external/hf_wseg_dataset/extracted/wseg_dataset/mask/57431870.jpg,PUBLIC_REAL_PHOTOS,CC-BY-NC-4.0,aaf9afd3a45196af2279916c3d5b14e359033f52d34be546ec9cf0e5d59600ba
wseg_57613478,val,positive,wound_unspecified,False,0.012459,wseg:57613478,data/datasets/unet_deduped_subject/images/wseg_57613478.png,data/datasets/unet_deduped_subject/masks/wseg_57613478.png,hf_wseg_dataset,data/datasets/external/hf_wseg_dataset/extracted/wseg_dataset/sample/57613478.jpg,data/datasets/external/hf_wseg_dataset/extracted/wseg_dataset/mask/57613478.jpg,PUBLIC_REAL_PHOTOS,CC-BY-NC-4.0,5780fab2fb6c49c266a5006570524b0dc7bf275dbbead5aa625accf32c626a8e
wseg_57639221,train,positive,wound_unspecified,False,0.032603,wseg:57639221,data/datasets/unet_deduped_subject/images/wseg_57639221.png,data/datasets/unet_deduped_subject/masks/wseg_57639221.png,hf_wseg_dataset,data/datasets/external/hf_wseg_dataset/extracted/wseg_dataset/sample/57639221.jpg,data/datasets/external/hf_wseg_dataset/extracted/wseg_dataset/mask/57639221.jpg,PUBLIC_REAL_PHOTOS,CC-BY-NC-4.0,6322262c0850064e1200cb622eb86d3a40b4577a39cecc7854d40b20a1691786
wseg_57731558,train,positive,wound_unspecified,False,0.023521,wseg:57731558,data/datasets/unet_deduped_subject/images/wseg_57731558.png,data/datasets/unet_deduped_subject/masks/wseg_57731558.png,hf_wseg_dataset,data/datasets/external/hf_wseg_dataset/extracted/wseg_dataset/sample/57731558.jpg,data/datasets/external/hf_wseg_dataset/extracted/wseg_dataset/mask/57731558.jpg,PUBLIC_REAL_PHOTOS,CC-BY-NC-4.0,488fe893aa090bc7828259f998a83bd916aea3dcd5ab0d9df04800fabcb0f8de
wseg_57761794,train,positive,wound_unspecified,False,0.143993,wseg:57761794,data/datasets/unet_deduped_subject/images/wseg_57761794.png,data/datasets/unet_deduped_subject/masks/wseg_57761794.png,hf_wseg_dataset,data/datasets/external/hf_wseg_dataset/extracted/wseg_dataset/sample/57761794.jpg,data/datasets/external/hf_wseg_dataset/extracted/wseg_dataset/mask/57761794.jpg,PUBLIC_REAL_PHOTOS,CC-BY-NC-4.0,946882100dee0b13e0b1a305aadeb7051ecc9a8541151ef7f7e0fa02f7495075
wseg_57777600,train,positive,wound_unspecified,False,0.082146,wseg:57777600,data/datasets/unet_deduped_subject/images/wseg_57777600.png,data/datasets/unet_deduped_subject/masks/wseg_57777600.png,hf_wseg_dataset,data/datasets/external/hf_wseg_dataset/extracted/wseg_dataset/sample/57777600.jpg,data/datasets/external/hf_wseg_dataset/extracted/wseg_dataset/mask/57777600.jpg,PUBLIC_REAL_PHOTOS,CC-BY-NC-4.0,b8d06b8feacb7220b3df38d30e202aabc8a257aba6b3fac25fd15ed92bf0f98f
wseg_57808503,test,positive,wound_unspecified,False,0.14183,wseg:57808503,data/datasets/unet_deduped_subject/images/wseg_57808503.png,data/datasets/unet_deduped_subject/masks/wseg_57808503.png,hf_wseg_dataset,data/datasets/external/hf_wseg_dataset/extracted/wseg_dataset/sample/57808503.jpg,data/datasets/external/hf_wseg_dataset/extracted/wseg_dataset/mask/57808503.jpg,PUBLIC_REAL_PHOTOS,CC-BY-NC-4.0,f0caa89b9181a20d6f9b31d69adf55b95afc1c5b26711386dc60702f4b386656
wseg_57882471,val,positive,wound_unspecified,False,0.23042,wseg:57882471,data/datasets/unet_deduped_subject/images/wseg_57882471.png,data/datasets/unet_deduped_subject/masks/wseg_57882471.png,hf_wseg_dataset,data/datasets/external/hf_wseg_dataset/extracted/wseg_dataset/sample/57882471.jpg,data/datasets/external/hf_wseg_dataset/extracted/wseg_dataset/mask/57882471.jpg,PUBLIC_REAL_PHOTOS,CC-BY-NC-4.0,9b4017313462b182ee8ab28809fac999657be5c2057e9e9ff2127fe2f54a2b6b
wseg_57931254,train,positive,wound_unspecified,False,0.027254,wseg:57931254,data/datasets/unet_deduped_subject/images/wseg_57931254.png,data/datasets/unet_deduped_subject/masks/wseg_57931254.png,hf_wseg_dataset,data/datasets/external/hf_wseg_dataset/extracted/wseg_dataset/sample/57931254.jpg,data/datasets/external/hf_wseg_dataset/extracted/wseg_dataset/mask/57931254.jpg,PUBLIC_REAL_PHOTOS,CC-BY-NC-4.0,55503012468c8a3f26dc5121cc7d787db5e70e03b057a5ca4730fe0bfef3c6d7
wseg_57959598,val,positive,wound_unspecified,False,0.109802,wseg:57959598,data/datasets/unet_deduped_subject/images/wseg_57959598.png,data/datasets/unet_deduped_subject/masks/wseg_57959598.png,hf_wseg_dataset,data/datasets/external/hf_wseg_dataset/extracted/wseg_dataset/sample/57959598.jpg,data/datasets/external/hf_wseg_dataset/extracted/wseg_dataset/mask/57959598.jpg,PUBLIC_REAL_PHOTOS,CC-BY-NC-4.0,b566f3312d109e8052c0d5c21764daf6428f924de206bf985d998ccf783e5522
wseg_57994871,test,positive,wound_unspecified,False,0.083807,wseg:57994871,data/datasets/unet_deduped_subject/images/wseg_57994871.png,data/datasets/unet_deduped_subject/masks/wseg_57994871.png,hf_wseg_dataset,data/datasets/external/hf_wseg_dataset/extracted/wseg_dataset/sample/57994871.jpg,data/datasets/external/hf_wseg_dataset/extracted/wseg_dataset/mask/57994871.jpg,PUBLIC_REAL_PHOTOS,CC-BY-NC-4.0,3018bf7a73eaf954eb619a5d1e52a3e98ff0a3b4f89cf766ad4471605a66ddcf
wseg_58020628,test,positive,wound_unspecified,False,0.023311,wseg:58020628,data/datasets/unet_deduped_subject/images/wseg_58020628.png,data/datasets/unet_deduped_subject/masks/wseg_58020628.png,hf_wseg_dataset,data/datasets/external/hf_wseg_dataset/extracted/wseg_dataset/sample/58020628.jpg,data/datasets/external/hf_wseg_dataset/extracted/wseg_dataset/mask/58020628.jpg,PUBLIC_REAL_PHOTOS,CC-BY-NC-4.0,0ade31df8d349ebced7499370388d43202be1329d01a9201470865570853ea02
wseg_58099234,train,positive,wound_unspecified,False,0.017059,wseg:58099234,data/datasets/unet_deduped_subject/images/wseg_58099234.png,data/datasets/unet_deduped_subject/masks/wseg_58099234.png,hf_wseg_dataset,data/datasets/external/hf_wseg_dataset/extracted/wseg_dataset/sample/58099234.jpg,data/datasets/external/hf_wseg_dataset/extracted/wseg_dataset/mask/58099234.jpg,PUBLIC_REAL_PHOTOS,CC-BY-NC-4.0,a60a8e1becac2c81612b797ba76f9b26370614f073f34c9b58ec121200fa26ee
wseg_58139493,train,positive,wound_unspecified,False,0.019615,wseg:58139493,data/datasets/unet_deduped_subject/images/wseg_58139493.png,data/datasets/unet_deduped_subject/masks/wseg_58139493.png,hf_wseg_dataset,data/datasets/external/hf_wseg_dataset/extracted/wseg_dataset/sample/58139493.jpg,data/datasets/external/hf_wseg_dataset/extracted/wseg_dataset/mask/58139493.jpg,PUBLIC_REAL_PHOTOS,CC-BY-NC-4.0,ff5edba8f42e09d517015e79c312d983fcfb621caf9acdd2fd22af1d7f9b3359
wseg_58232533,test,positive,wound_unspecified,False,0.160513,wseg:58232533,data/datasets/unet_deduped_subject/images/wseg_58232533.png,data/datasets/unet_deduped_subject/masks/wseg_58232533.png,hf_wseg_dataset,data/datasets/external/hf_wseg_dataset/extracted/wseg_dataset/sample/58232533.jpg,data/datasets/external/hf_wseg_dataset/extracted/wseg_dataset/mask/58232533.jpg,PUBLIC_REAL_PHOTOS,CC-BY-NC-4.0,67a0a79f1b9e4a1670442af1d3a496e5003502832b8a4cbb19508bf7bacdbfb5
wseg_58267744,train,positive,wound_unspecified,False,0.06736,wseg:58267744,data/datasets/unet_deduped_subject/images/wseg_58267744.png,data/datasets/unet_deduped_subject/masks/wseg_58267744.png,hf_wseg_dataset,data/datasets/external/hf_wseg_dataset/extracted/wseg_dataset/sample/58267744.jpg,data/datasets/external/hf_wseg_dataset/extracted/wseg_dataset/mask/58267744.jpg,PUBLIC_REAL_PHOTOS,CC-BY-NC-4.0,8bc449b19dcf9d53294c80f0f8857051dc642ca3df6bf9cf0019c4b9fc4a210c
wseg_58320252,train,positive,wound_unspecified,False,0.163607,wseg:58320252,data/datasets/unet_deduped_subject/images/wseg_58320252.png,data/datasets/unet_deduped_subject/masks/wseg_58320252.png,hf_wseg_dataset,data/datasets/external/hf_wseg_dataset/extracted/wseg_dataset/sample/58320252.jpg,data/datasets/external/hf_wseg_dataset/extracted/wseg_dataset/mask/58320252.jpg,PUBLIC_REAL_PHOTOS,CC-BY-NC-4.0,17ca060908fd43c6a7da6b5d467a42e6271c5e30d506a2c4c76b71a3f4ff467f
wseg_58375549,train,positive,wound_unspecified,False,0.067122,wseg:58375549,data/datasets/unet_deduped_subject/images/wseg_58375549.png,data/datasets/unet_deduped_subject/masks/wseg_58375549.png,hf_wseg_dataset,data/datasets/external/hf_wseg_dataset/extracted/wseg_dataset/sample/58375549.jpg,data/datasets/external/hf_wseg_dataset/extracted/wseg_dataset/mask/58375549.jpg,PUBLIC_REAL_PHOTOS,CC-BY-NC-4.0,a943efd44f7d5153a420b454292b8f719f689daeb2dbc791b37c5f2a5f608c12
wseg_58383890,train,positive,wound_unspecified,False,0.047937,wseg:58383890,data/datasets/unet_deduped_subject/images/wseg_58383890.png,data/datasets/unet_deduped_subject/masks/wseg_58383890.png,hf_wseg_dataset,data/datasets/external/hf_wseg_dataset/extracted/wseg_dataset/sample/58383890.jpg,data/datasets/external/hf_wseg_dataset/extracted/wseg_dataset/mask/58383890.jpg,PUBLIC_REAL_PHOTOS,CC-BY-NC-4.0,ec826757469ffa70869b18aef942725a25d36d6c63ceb36ad616f011df67399a
wseg_58435333,val,positive,wound_unspecified,False,0.041858,wseg:58435333,data/datasets/unet_deduped_subject/images/wseg_58435333.png,data/datasets/unet_deduped_subject/masks/wseg_58435333.png,hf_wseg_dataset,data/datasets/external/hf_wseg_dataset/extracted/wseg_dataset/sample/58435333.jpg,data/datasets/external/hf_wseg_dataset/extracted/wseg_dataset/mask/58435333.jpg,PUBLIC_REAL_PHOTOS,CC-BY-NC-4.0,4d09fa64217cd02a33f547e42633c1130219ab439dfe4a30db97f30d62903678
wseg_58490920,train,positive,wound_unspecified,False,0.068473,wseg:58490920,data/datasets/unet_deduped_subject/images/wseg_58490920.png,data/datasets/unet_deduped_subject/masks/wseg_58490920.png,hf_wseg_dataset,data/datasets/external/hf_wseg_dataset/extracted/wseg_dataset/sample/58490920.jpg,data/datasets/external/hf_wseg_dataset/extracted/wseg_dataset/mask/58490920.jpg,PUBLIC_REAL_PHOTOS,CC-BY-NC-4.0,2309e61d3598eccf3ba0ad0e9fffc4c4de140ad858a85adffe3e6f0c232fa2ac
wseg_58522190,train,positive,wound_unspecified,False,0.031873,wseg:58522190,data/datasets/unet_deduped_subject/images/wseg_58522190.png,data/datasets/unet_deduped_subject/masks/wseg_58522190.png,hf_wseg_dataset,data/datasets/external/hf_wseg_dataset/extracted/wseg_dataset/sample/58522190.jpg,data/datasets/external/hf_wseg_dataset/extracted/wseg_dataset/mask/58522190.jpg,PUBLIC_REAL_PHOTOS,CC-BY-NC-4.0,9321eef083d60ee45e8bdf609b4cd8d7d04c377f1e1de69321b96bac7b861149
wseg_58549980,test,positive,wound_unspecified,False,0.00659,wseg:58549980,data/datasets/unet_deduped_subject/images/wseg_58549980.png,data/datasets/unet_deduped_subject/masks/wseg_58549980.png,hf_wseg_dataset,data/datasets/external/hf_wseg_dataset/extracted/wseg_dataset/sample/58549980.jpg,data/datasets/external/hf_wseg_dataset/extracted/wseg_dataset/mask/58549980.jpg,PUBLIC_REAL_PHOTOS,CC-BY-NC-4.0,43555e3d47aada98bedd4f7dfbed1a9e449020fd2bbbe1276a34655af465f160
wseg_58571235,train,positive,wound_unspecified,False,0.09214,wseg:58571235,data/datasets/unet_deduped_subject/images/wseg_58571235.png,data/datasets/unet_deduped_subject/masks/wseg_58571235.png,hf_wseg_dataset,data/datasets/external/hf_wseg_dataset/extracted/wseg_dataset/sample/58571235.jpg,data/datasets/external/hf_wseg_dataset/extracted/wseg_dataset/mask/58571235.jpg,PUBLIC_REAL_PHOTOS,CC-BY-NC-4.0,66de8093af1347454e15830ddb52450bdcd6986c6fd2737e7e76d5d0b08c0bad
wseg_58599686,val,positive,wound_unspecified,False,0.009994,wseg:58599686,data/datasets/unet_deduped_subject/images/wseg_58599686.png,data/datasets/unet_deduped_subject/masks/wseg_58599686.png,hf_wseg_dataset,data/datasets/external/hf_wseg_dataset/extracted/wseg_dataset/sample/58599686.jpg,data/datasets/external/hf_wseg_dataset/extracted/wseg_dataset/mask/58599686.jpg,PUBLIC_REAL_PHOTOS,CC-BY-NC-4.0,3340b12c7f9e5a945ca0df44247fe05201a73fcbc7ed0d760cef17b21791144a
wseg_58647211,train,positive,wound_unspecified,False,0.104891,wseg:58647211,data/datasets/unet_deduped_subject/images/wseg_58647211.png,data/datasets/unet_deduped_subject/masks/wseg_58647211.png,hf_wseg_dataset,data/datasets/external/hf_wseg_dataset/extracted/wseg_dataset/sample/58647211.jpg,data/datasets/external/hf_wseg_dataset/extracted/wseg_dataset/mask/58647211.jpg,PUBLIC_REAL_PHOTOS,CC-BY-NC-4.0,bde369151d6ce7e1385fa7f7cbbf6a9c215ae6973360989cbbc7b7132b0a5f5b
wseg_58690308,train,positive,wound_unspecified,False,0.008215,wseg:58690308,data/datasets/unet_deduped_subject/images/wseg_58690308.png,data/datasets/unet_deduped_subject/masks/wseg_58690308.png,hf_wseg_dataset,data/datasets/external/hf_wseg_dataset/extracted/wseg_dataset/sample/58690308.jpg,data/datasets/external/hf_wseg_dataset/extracted/wseg_dataset/mask/58690308.jpg,PUBLIC_REAL_PHOTOS,CC-BY-NC-4.0,e5c1583300a1aca47210c6b54c287df8ae2a89a011aacb201fa03a3977e7449b
wseg_58712000,train,positive,wound_unspecified,False,0.022891,wseg:58712000,data/datasets/unet_deduped_subject/images/wseg_58712000.png,data/datasets/unet_deduped_subject/masks/wseg_58712000.png,hf_wseg_dataset,data/datasets/external/hf_wseg_dataset/extracted/wseg_dataset/sample/58712000.jpg,data/datasets/external/hf_wseg_dataset/extracted/wseg_dataset/mask/58712000.jpg,PUBLIC_REAL_PHOTOS,CC-BY-NC-4.0,baae06f97eb89a6f87046c81586d5b3485106d6e69769908937710579772b4b5
wseg_58722897,train,positive,wound_unspecified,False,0.028158,wseg:58722897,data/datasets/unet_deduped_subject/images/wseg_58722897.png,data/datasets/unet_deduped_subject/masks/wseg_58722897.png,hf_wseg_dataset,data/datasets/external/hf_wseg_dataset/extracted/wseg_dataset/sample/58722897.jpg,data/datasets/external/hf_wseg_dataset/extracted/wseg_dataset/mask/58722897.jpg,PUBLIC_REAL_PHOTOS,CC-BY-NC-4.0,a5cd8fd689a010e5e527a3fff695ae87dd1a921e499212b955de21b487c51af7
wseg_58761009,train,positive,wound_unspecified,False,0.025776,wseg:58761009,data/datasets/unet_deduped_subject/images/wseg_58761009.png,data/datasets/unet_deduped_subject/masks/wseg_58761009.png,hf_wseg_dataset,data/datasets/external/hf_wseg_dataset/extracted/wseg_dataset/sample/58761009.jpg,data/datasets/external/hf_wseg_dataset/extracted/wseg_dataset/mask/58761009.jpg,PUBLIC_REAL_PHOTOS,CC-BY-NC-4.0,9aa45ff5066bb51b84d5c2d1376b995efe7f8fe01d56030e70428a7fa4546378
wseg_58799398,train,positive,wound_unspecified,False,0.051405,wseg:58799398,data/datasets/unet_deduped_subject/images/wseg_58799398.png,data/datasets/unet_deduped_subject/masks/wseg_58799398.png,hf_wseg_dataset,data/datasets/external/hf_wseg_dataset/extracted/wseg_dataset/sample/58799398.jpg,data/datasets/external/hf_wseg_dataset/extracted/wseg_dataset/mask/58799398.jpg,PUBLIC_REAL_PHOTOS,CC-BY-NC-4.0,db51a64c0f12d8cc21c0ec8154280e55c4e54fb417569b1935e0a142304508ab
wseg_58817479,test,positive,wound_unspecified,False,0.018547,wseg:58817479,data/datasets/unet_deduped_subject/images/wseg_58817479.png,data/datasets/unet_deduped_subject/masks/wseg_58817479.png,hf_wseg_dataset,data/datasets/external/hf_wseg_dataset/extracted/wseg_dataset/sample/58817479.jpg,data/datasets/external/hf_wseg_dataset/extracted/wseg_dataset/mask/58817479.jpg,PUBLIC_REAL_PHOTOS,CC-BY-NC-4.0,da99acd88863717c35e3f659c44913bdb58c3dc7143f4f7d53b186180350e430
wseg_58847566,test,positive,wound_unspecified,False,0.074479,wseg:58847566,data/datasets/unet_deduped_subject/images/wseg_58847566.png,data/datasets/unet_deduped_subject/masks/wseg_58847566.png,hf_wseg_dataset,data/datasets/external/hf_wseg_dataset/extracted/wseg_dataset/sample/58847566.jpg,data/datasets/external/hf_wseg_dataset/extracted/wseg_dataset/mask/58847566.jpg,PUBLIC_REAL_PHOTOS,CC-BY-NC-4.0,5e5b96d4dc177e1ddaf9e18cca7d00e7c919329559f5948d7dac6b9d63f24373
wseg_58894213,test,positive,wound_unspecified,False,0.01579,wseg:58894213,data/datasets/unet_deduped_subject/images/wseg_58894213.png,data/datasets/unet_deduped_subject/masks/wseg_58894213.png,hf_wseg_dataset,data/datasets/external/hf_wseg_dataset/extracted/wseg_dataset/sample/58894213.jpg,data/datasets/external/hf_wseg_dataset/extracted/wseg_dataset/mask/58894213.jpg,PUBLIC_REAL_PHOTOS,CC-BY-NC-4.0,c08ba9e5b8839afb47f047d9ffd07eb8edc20aff2a722376497ba9cf635c84cd
wseg_58941546,val,positive,wound_unspecified,False,0.332637,wseg:58941546,data/datasets/unet_deduped_subject/images/wseg_58941546.png,data/datasets/unet_deduped_subject/masks/wseg_58941546.png,hf_wseg_dataset,data/datasets/external/hf_wseg_dataset/extracted/wseg_dataset/sample/58941546.jpg,data/datasets/external/hf_wseg_dataset/extracted/wseg_dataset/mask/58941546.jpg,PUBLIC_REAL_PHOTOS,CC-BY-NC-4.0,663f872a79e7d6e47093067caa4810f6a9245d458f0998d0b3d305329325cfe1
wseg_59044403,train,positive,wound_unspecified,False,0.020975,wseg:59044403,data/datasets/unet_deduped_subject/images/wseg_59044403.png,data/datasets/unet_deduped_subject/masks/wseg_59044403.png,hf_wseg_dataset,data/datasets/external/hf_wseg_dataset/extracted/wseg_dataset/sample/59044403.jpg,data/datasets/external/hf_wseg_dataset/extracted/wseg_dataset/mask/59044403.jpg,PUBLIC_REAL_PHOTOS,CC-BY-NC-4.0,aa7d22e040af69d47cd09dc0dd59e36d725c6a3858ccceab842c0ba6a9bf4883
wseg_59073723,train,positive,wound_unspecified,False,0.117697,wseg:59073723,data/datasets/unet_deduped_subject/images/wseg_59073723.png,data/datasets/unet_deduped_subject/masks/wseg_59073723.png,hf_wseg_dataset,data/datasets/external/hf_wseg_dataset/extracted/wseg_dataset/sample/59073723.jpg,data/datasets/external/hf_wseg_dataset/extracted/wseg_dataset/mask/59073723.jpg,PUBLIC_REAL_PHOTOS,CC-BY-NC-4.0,ad952987c9a327e3c57448a5547a96b1147c2a30918070af616f2ede151395be
wseg_59102657,train,positive,wound_unspecified,False,0.169951,wseg:59102657,data/datasets/unet_deduped_subject/images/wseg_59102657.png,data/datasets/unet_deduped_subject/masks/wseg_59102657.png,hf_wseg_dataset,data/datasets/external/hf_wseg_dataset/extracted/wseg_dataset/sample/59102657.jpg,data/datasets/external/hf_wseg_dataset/extracted/wseg_dataset/mask/59102657.jpg,PUBLIC_REAL_PHOTOS,CC-BY-NC-4.0,424469b7f0478a1b589aef8a0c3fd0738e42d722d93040a42eedb5d4c9dec5c5
wseg_59129789,train,positive,wound_unspecified,False,0.041164,wseg:59129789,data/datasets/unet_deduped_subject/images/wseg_59129789.png,data/datasets/unet_deduped_subject/masks/wseg_59129789.png,hf_wseg_dataset,data/datasets/external/hf_wseg_dataset/extracted/wseg_dataset/sample/59129789.jpg,data/datasets/external/hf_wseg_dataset/extracted/wseg_dataset/mask/59129789.jpg,PUBLIC_REAL_PHOTOS,CC-BY-NC-4.0,1d0e72373de81b8bd1136b96eea19469926aea910edad4c71c5e46a90b3b5c97
wseg_59149600,val,positive,wound_unspecified,False,0.043866,wseg:59149600,data/datasets/unet_deduped_subject/images/wseg_59149600.png,data/datasets/unet_deduped_subject/masks/wseg_59149600.png,hf_wseg_dataset,data/datasets/external/hf_wseg_dataset/extracted/wseg_dataset/sample/59149600.jpg,data/datasets/external/hf_wseg_dataset/extracted/wseg_dataset/mask/59149600.jpg,PUBLIC_REAL_PHOTOS,CC-BY-NC-4.0,8b57b2736837c882c617ca59707ac5db75bf18ad2cc5269296de59d7ad8fff91
wseg_59219701,test,positive,wound_unspecified,False,0.2894,wseg:59219701,data/datasets/unet_deduped_subject/images/wseg_59219701.png,data/datasets/unet_deduped_subject/masks/wseg_59219701.png,hf_wseg_dataset,data/datasets/external/hf_wseg_dataset/extracted/wseg_dataset/sample/59219701.jpg,data/datasets/external/hf_wseg_dataset/extracted/wseg_dataset/mask/59219701.jpg,PUBLIC_REAL_PHOTOS,CC-BY-NC-4.0,5249a9927b8dd08218181d29e8a1152b3a1290b7b59281cc05328d92c14fe3ba
wseg_59254382,train,positive,wound_unspecified,False,0.032137,wseg:59254382,data/datasets/unet_deduped_subject/images/wseg_59254382.png,data/datasets/unet_deduped_subject/masks/wseg_59254382.png,hf_wseg_dataset,data/datasets/external/hf_wseg_dataset/extracted/wseg_dataset/sample/59254382.jpg,data/datasets/external/hf_wseg_dataset/extracted/wseg_dataset/mask/59254382.jpg,PUBLIC_REAL_PHOTOS,CC-BY-NC-4.0,b5586c4b6bf4637631515a174dcddef7a19b0b7b75d1b4c381c961fb5c4026d8
wseg_59334966,train,positive,wound_unspecified,False,0.077957,wseg:59334966,data/datasets/unet_deduped_subject/images/wseg_59334966.png,data/datasets/unet_deduped_subject/masks/wseg_59334966.png,hf_wseg_dataset,data/datasets/external/hf_wseg_dataset/extracted/wseg_dataset/sample/59334966.jpg,data/datasets/external/hf_wseg_dataset/extracted/wseg_dataset/mask/59334966.jpg,PUBLIC_REAL_PHOTOS,CC-BY-NC-4.0,012679c198d28a1d890f84e9352c3bcc29f8e442c082f059dce24c47cd3b73d9
wseg_59371857,train,positive,wound_unspecified,False,0.143628,wseg:59371857,data/datasets/unet_deduped_subject/images/wseg_59371857.png,data/datasets/unet_deduped_subject/masks/wseg_59371857.png,hf_wseg_dataset,data/datasets/external/hf_wseg_dataset/extracted/wseg_dataset/sample/59371857.jpg,data/datasets/external/hf_wseg_dataset/extracted/wseg_dataset/mask/59371857.jpg,PUBLIC_REAL_PHOTOS,CC-BY-NC-4.0,aec3dec1386d24eee988180e7670507b9dd1a7baf2175ed89e15d522ee7e4ca1
wseg_59430378,test,positive,wound_unspecified,False,0.255648,wseg:59430378,data/datasets/unet_deduped_subject/images/wseg_59430378.png,data/datasets/unet_deduped_subject/masks/wseg_59430378.png,hf_wseg_dataset,data/datasets/external/hf_wseg_dataset/extracted/wseg_dataset/sample/59430378.jpg,data/datasets/external/hf_wseg_dataset/extracted/wseg_dataset/mask/59430378.jpg,PUBLIC_REAL_PHOTOS,CC-BY-NC-4.0,fb595e318ff56cde3225d3e6f57247bc5ddebec0c10ab5eb24cc02c480b9c7c4
wseg_59459077,train,positive,wound_unspecified,False,0.112449,wseg:59459077,data/datasets/unet_deduped_subject/images/wseg_59459077.png,data/datasets/unet_deduped_subject/masks/wseg_59459077.png,hf_wseg_dataset,data/datasets/external/hf_wseg_dataset/extracted/wseg_dataset/sample/59459077.jpg,data/datasets/external/hf_wseg_dataset/extracted/wseg_dataset/mask/59459077.jpg,PUBLIC_REAL_PHOTOS,CC-BY-NC-4.0,a11a614eeb43c778832b195ce9f86f393b345df1c491313babe3af798d6a2bc1
wseg_59555103,test,positive,wound_unspecified,False,0.150446,wseg:59555103,data/datasets/unet_deduped_subject/images/wseg_59555103.png,data/datasets/unet_deduped_subject/masks/wseg_59555103.png,hf_wseg_dataset,data/datasets/external/hf_wseg_dataset/extracted/wseg_dataset/sample/59555103.jpg,data/datasets/external/hf_wseg_dataset/extracted/wseg_dataset/mask/59555103.jpg,PUBLIC_REAL_PHOTOS,CC-BY-NC-4.0,8895daabc73ad4b59ea2aa7a3338e023880d1cc91ee21717184ccf0b3b96d636
wseg_59578975,train,positive,wound_unspecified,False,0.033132,wseg:59578975,data/datasets/unet_deduped_subject/images/wseg_59578975.png,data/datasets/unet_deduped_subject/masks/wseg_59578975.png,hf_wseg_dataset,data/datasets/external/hf_wseg_dataset/extracted/wseg_dataset/sample/59578975.jpg,data/datasets/external/hf_wseg_dataset/extracted/wseg_dataset/mask/59578975.jpg,PUBLIC_REAL_PHOTOS,CC-BY-NC-4.0,55537a87f08ac5c97d279b160dfc46c25adbabc31cb4bec0c587a3e71ad396fd
wseg_59617272,train,positive,wound_unspecified,False,0.049625,wseg:59617272,data/datasets/unet_deduped_subject/images/wseg_59617272.png,data/datasets/unet_deduped_subject/masks/wseg_59617272.png,hf_wseg_dataset,data/datasets/external/hf_wseg_dataset/extracted/wseg_dataset/sample/59617272.jpg,data/datasets/external/hf_wseg_dataset/extracted/wseg_dataset/mask/59617272.jpg,PUBLIC_REAL_PHOTOS,CC-BY-NC-4.0,6aa2970f4f505ce210652cba6506ecdb156e29b760e44e016349eb6edaf987ba
wseg_59669582,train,positive,wound_unspecified,False,0.046066,wseg:59669582,data/datasets/unet_deduped_subject/images/wseg_59669582.png,data/datasets/unet_deduped_subject/masks/wseg_59669582.png,hf_wseg_dataset,data/datasets/external/hf_wseg_dataset/extracted/wseg_dataset/sample/59669582.jpg,data/datasets/external/hf_wseg_dataset/extracted/wseg_dataset/mask/59669582.jpg,PUBLIC_REAL_PHOTOS,CC-BY-NC-4.0,094f9a1ba4d046e8531395eeb664e175bf55ebd15de9c9eb3e23795d58d39d7a
wseg_59708135,train,positive,wound_unspecified,False,0.189684,wseg:59708135,data/datasets/unet_deduped_subject/images/wseg_59708135.png,data/datasets/unet_deduped_subject/masks/wseg_59708135.png,hf_wseg_dataset,data/datasets/external/hf_wseg_dataset/extracted/wseg_dataset/sample/59708135.jpg,data/datasets/external/hf_wseg_dataset/extracted/wseg_dataset/mask/59708135.jpg,PUBLIC_REAL_PHOTOS,CC-BY-NC-4.0,f3bc3636dbafb8ad80cd27a00e51d8d4efd0090544e0ab2eedadbe7e03bf0b6d
wseg_59745165,train,positive,wound_unspecified,False,0.043446,wseg:59745165,data/datasets/unet_deduped_subject/images/wseg_59745165.png,data/datasets/unet_deduped_subject/masks/wseg_59745165.png,hf_wseg_dataset,data/datasets/external/hf_wseg_dataset/extracted/wseg_dataset/sample/59745165.jpg,data/datasets/external/hf_wseg_dataset/extracted/wseg_dataset/mask/59745165.jpg,PUBLIC_REAL_PHOTOS,CC-BY-NC-4.0,c185634cc8df072aeef764b710212b51cff756f9aaf47578c1796e02358444b4
wseg_59828054,train,positive,wound_unspecified,False,0.079216,wseg:59828054,data/datasets/unet_deduped_subject/images/wseg_59828054.png,data/datasets/unet_deduped_subject/masks/wseg_59828054.png,hf_wseg_dataset,data/datasets/external/hf_wseg_dataset/extracted/wseg_dataset/sample/59828054.jpg,data/datasets/external/hf_wseg_dataset/extracted/wseg_dataset/mask/59828054.jpg,PUBLIC_REAL_PHOTOS,CC-BY-NC-4.0,d5b06130728a42eecc4bf327182415d9440b8fbc4e3628028d295e0d87a2f898
wseg_59868545,train,positive,wound_unspecified,False,0.117514,wseg:59868545,data/datasets/unet_deduped_subject/images/wseg_59868545.png,data/datasets/unet_deduped_subject/masks/wseg_59868545.png,hf_wseg_dataset,data/datasets/external/hf_wseg_dataset/extracted/wseg_dataset/sample/59868545.jpg,data/datasets/external/hf_wseg_dataset/extracted/wseg_dataset/mask/59868545.jpg,PUBLIC_REAL_PHOTOS,CC-BY-NC-4.0,5f082b78d7c7efdf47af6faa27db6ae72238444deaa248d681ac3af1b5e0f02d
wseg_59956886,train,positive,wound_unspecified,False,0.230693,wseg:59956886,data/datasets/unet_deduped_subject/images/wseg_59956886.png,data/datasets/unet_deduped_subject/masks/wseg_59956886.png,hf_wseg_dataset,data/datasets/external/hf_wseg_dataset/extracted/wseg_dataset/sample/59956886.jpg,data/datasets/external/hf_wseg_dataset/extracted/wseg_dataset/mask/59956886.jpg,PUBLIC_REAL_PHOTOS,CC-BY-NC-4.0,42f5a6458b317772d9b1a8c054874b1d09e74a42a567c33a147df257360159ce
wseg_59972793,test,positive,wound_unspecified,False,0.022116,wseg:59972793,data/datasets/unet_deduped_subject/images/wseg_59972793.png,data/datasets/unet_deduped_subject/masks/wseg_59972793.png,hf_wseg_dataset,data/datasets/external/hf_wseg_dataset/extracted/wseg_dataset/sample/59972793.jpg,data/datasets/external/hf_wseg_dataset/extracted/wseg_dataset/mask/59972793.jpg,PUBLIC_REAL_PHOTOS,CC-BY-NC-4.0,159eedb1cb34df63d35ea806607ba6bd184e2c107d31a13206ef35b09f97e70d
wseg_60010915,val,positive,wound_unspecified,False,0.217331,wseg:60010915,data/datasets/unet_deduped_subject/images/wseg_60010915.png,data/datasets/unet_deduped_subject/masks/wseg_60010915.png,hf_wseg_dataset,data/datasets/external/hf_wseg_dataset/extracted/wseg_dataset/sample/60010915.jpg,data/datasets/external/hf_wseg_dataset/extracted/wseg_dataset/mask/60010915.jpg,PUBLIC_REAL_PHOTOS,CC-BY-NC-4.0,25931ecb0b464dfc63f04e5e99a751a9159631ea856a8f0e43c5edc7bdcff153
wseg_60023873,test,positive,wound_unspecified,False,0.10334,wseg:60023873,data/datasets/unet_deduped_subject/images/wseg_60023873.png,data/datasets/unet_deduped_subject/masks/wseg_60023873.png,hf_wseg_dataset,data/datasets/external/hf_wseg_dataset/extracted/wseg_dataset/sample/60023873.jpg,data/datasets/external/hf_wseg_dataset/extracted/wseg_dataset/mask/60023873.jpg,PUBLIC_REAL_PHOTOS,CC-BY-NC-4.0,df273975475967fa1607476b1d09f1ea01600403890792ffcc32e7d5838fb21b
wseg_60102780,val,positive,wound_unspecified,False,0.128376,wseg:60102780,data/datasets/unet_deduped_subject/images/wseg_60102780.png,data/datasets/unet_deduped_subject/masks/wseg_60102780.png,hf_wseg_dataset,data/datasets/external/hf_wseg_dataset/extracted/wseg_dataset/sample/60102780.jpg,data/datasets/external/hf_wseg_dataset/extracted/wseg_dataset/mask/60102780.jpg,PUBLIC_REAL_PHOTOS,CC-BY-NC-4.0,9131a3d7379ac97d46909bebcaa24ce78ff4adaae5c89f5c0321f5acc0268cd4
wseg_60122320,train,positive,wound_unspecified,False,0.070536,wseg:60122320,data/datasets/unet_deduped_subject/images/wseg_60122320.png,data/datasets/unet_deduped_subject/masks/wseg_60122320.png,hf_wseg_dataset,data/datasets/external/hf_wseg_dataset/extracted/wseg_dataset/sample/60122320.jpg,data/datasets/external/hf_wseg_dataset/extracted/wseg_dataset/mask/60122320.jpg,PUBLIC_REAL_PHOTOS,CC-BY-NC-4.0,41b153bd1871c5d9d03440812bd2cdd2f0cb3264b19ddfe973ae94c569bbf692
wseg_60180311,train,positive,wound_unspecified,False,0.299532,wseg:60180311,data/datasets/unet_deduped_subject/images/wseg_60180311.png,data/datasets/unet_deduped_subject/masks/wseg_60180311.png,hf_wseg_dataset,data/datasets/external/hf_wseg_dataset/extracted/wseg_dataset/sample/60180311.jpg,data/datasets/external/hf_wseg_dataset/extracted/wseg_dataset/mask/60180311.jpg,PUBLIC_REAL_PHOTOS,CC-BY-NC-4.0,808433a831016db9bd6c276b0908d65dbe31fbecece283cb96d9072033c0083c
wseg_60249855,val,positive,wound_unspecified,False,0.199797,wseg:60249855,data/datasets/unet_deduped_subject/images/wseg_60249855.png,data/datasets/unet_deduped_subject/masks/wseg_60249855.png,hf_wseg_dataset,data/datasets/external/hf_wseg_dataset/extracted/wseg_dataset/sample/60249855.jpg,data/datasets/external/hf_wseg_dataset/extracted/wseg_dataset/mask/60249855.jpg,PUBLIC_REAL_PHOTOS,CC-BY-NC-4.0,500905cb671620105af7930c43f85ef9e1d95f5619884685ce010df0f145e2bb
wseg_60265384,train,positive,wound_unspecified,False,0.075319,wseg:60265384,data/datasets/unet_deduped_subject/images/wseg_60265384.png,data/datasets/unet_deduped_subject/masks/wseg_60265384.png,hf_wseg_dataset,data/datasets/external/hf_wseg_dataset/extracted/wseg_dataset/sample/60265384.jpg,data/datasets/external/hf_wseg_dataset/extracted/wseg_dataset/mask/60265384.jpg,PUBLIC_REAL_PHOTOS,CC-BY-NC-4.0,d6459deead6cb80f174d30dfcd271a3cefe94bf57e9367d1d2a9aa28744318c2
wseg_60302098,train,positive,wound_unspecified,False,0.265505,wseg:60302098,data/datasets/unet_deduped_subject/images/wseg_60302098.png,data/datasets/unet_deduped_subject/masks/wseg_60302098.png,hf_wseg_dataset,data/datasets/external/hf_wseg_dataset/extracted/wseg_dataset/sample/60302098.jpg,data/datasets/external/hf_wseg_dataset/extracted/wseg_dataset/mask/60302098.jpg,PUBLIC_REAL_PHOTOS,CC-BY-NC-4.0,c3e98820a10924dedf4c4561f6f6c6c09e2200ae1f41b2fe6b669d14dfaf2184
wseg_60326003,train,positive,wound_unspecified,False,0.111837,wseg:60326003,data/datasets/unet_deduped_subject/images/wseg_60326003.png,data/datasets/unet_deduped_subject/masks/wseg_60326003.png,hf_wseg_dataset,data/datasets/external/hf_wseg_dataset/extracted/wseg_dataset/sample/60326003.jpg,data/datasets/external/hf_wseg_dataset/extracted/wseg_dataset/mask/60326003.jpg,PUBLIC_REAL_PHOTOS,CC-BY-NC-4.0,a5ef32d3b6033d1456135822226238b9916c7fa767a0606b00481d5491f90baa
wseg_60402340,train,positive,wound_unspecified,False,0.342065,wseg:60402340,data/datasets/unet_deduped_subject/images/wseg_60402340.png,data/datasets/unet_deduped_subject/masks/wseg_60402340.png,hf_wseg_dataset,data/datasets/external/hf_wseg_dataset/extracted/wseg_dataset/sample/60402340.jpg,data/datasets/external/hf_wseg_dataset/extracted/wseg_dataset/mask/60402340.jpg,PUBLIC_REAL_PHOTOS,CC-BY-NC-4.0,2b0e32d60caa6b1e94e636c93528f2f41b67bb45271bbc5bda8cb93f63977dfd
wseg_60439230,train,positive,wound_unspecified,False,0.028998,wseg:60439230,data/datasets/unet_deduped_subject/images/wseg_60439230.png,data/datasets/unet_deduped_subject/masks/wseg_60439230.png,hf_wseg_dataset,data/datasets/external/hf_wseg_dataset/extracted/wseg_dataset/sample/60439230.jpg,data/datasets/external/hf_wseg_dataset/extracted/wseg_dataset/mask/60439230.jpg,PUBLIC_REAL_PHOTOS,CC-BY-NC-4.0,e2bff3aa2a35591fb79efaa6110c5bff79b2b85e6ae2711f06d7dfb68a922d5b
wseg_60464058,train,positive,wound_unspecified,False,0.005321,wseg:60464058,data/datasets/unet_deduped_subject/images/wseg_60464058.png,data/datasets/unet_deduped_subject/masks/wseg_60464058.png,hf_wseg_dataset,data/datasets/external/hf_wseg_dataset/extracted/wseg_dataset/sample/60464058.jpg,data/datasets/external/hf_wseg_dataset/extracted/wseg_dataset/mask/60464058.jpg,PUBLIC_REAL_PHOTOS,CC-BY-NC-4.0,17692305f4027487fdd08b3baefee15480eadd67762ec2d5d665f1556ac4dc7d
wseg_60507442,train,positive,wound_unspecified,False,0.240496,wseg:60507442,data/datasets/unet_deduped_subject/images/wseg_60507442.png,data/datasets/unet_deduped_subject/masks/wseg_60507442.png,hf_wseg_dataset,data/datasets/external/hf_wseg_dataset/extracted/wseg_dataset/sample/60507442.jpg,data/datasets/external/hf_wseg_dataset/extracted/wseg_dataset/mask/60507442.jpg,PUBLIC_REAL_PHOTOS,CC-BY-NC-4.0,7c864cd361e6b3bb16a925e1c2900b982f3605f0711fdcb8ac5c64b7338534be
wseg_60525471,val,positive,wound_unspecified,False,0.009538,wseg:60525471,data/datasets/unet_deduped_subject/images/wseg_60525471.png,data/datasets/unet_deduped_subject/masks/wseg_60525471.png,hf_wseg_dataset,data/datasets/external/hf_wseg_dataset/extracted/wseg_dataset/sample/60525471.jpg,data/datasets/external/hf_wseg_dataset/extracted/wseg_dataset/mask/60525471.jpg,PUBLIC_REAL_PHOTOS,CC-BY-NC-4.0,f70dd0e2165f6f390999af10ad797005f80018e2a27e6baf3c9916be8d28af05
wseg_60571198,train,positive,wound_unspecified,False,0.015708,wseg:60571198,data/datasets/unet_deduped_subject/images/wseg_60571198.png,data/datasets/unet_deduped_subject/masks/wseg_60571198.png,hf_wseg_dataset,data/datasets/external/hf_wseg_dataset/extracted/wseg_dataset/sample/60571198.jpg,data/datasets/external/hf_wseg_dataset/extracted/wseg_dataset/mask/60571198.jpg,PUBLIC_REAL_PHOTOS,CC-BY-NC-4.0,5e0076121fa5bea9a6beb6af92b877eca122f130522eb1fab4acec30105ad803
wseg_60624377,train,positive,wound_unspecified,False,0.107995,wseg:60624377,data/datasets/unet_deduped_subject/images/wseg_60624377.png,data/datasets/unet_deduped_subject/masks/wseg_60624377.png,hf_wseg_dataset,data/datasets/external/hf_wseg_dataset/extracted/wseg_dataset/sample/60624377.jpg,data/datasets/external/hf_wseg_dataset/extracted/wseg_dataset/mask/60624377.jpg,PUBLIC_REAL_PHOTOS,CC-BY-NC-4.0,f8ace91800e52a955addad9450082bf1c89d7126b49cbd9f8551f7a6d19ecd91
wseg_60652412,val,positive,wound_unspecified,False,0.173976,wseg:60652412,data/datasets/unet_deduped_subject/images/wseg_60652412.png,data/datasets/unet_deduped_subject/masks/wseg_60652412.png,hf_wseg_dataset,data/datasets/external/hf_wseg_dataset/extracted/wseg_dataset/sample/60652412.jpg,data/datasets/external/hf_wseg_dataset/extracted/wseg_dataset/mask/60652412.jpg,PUBLIC_REAL_PHOTOS,CC-BY-NC-4.0,6a10321226c3f9a58dc1c8210e1d4e62b1e9c99ba1cbf0c8222388fb0859aef4
wseg_60672335,train,positive,wound_unspecified,False,0.012468,wseg:60672335,data/datasets/unet_deduped_subject/images/wseg_60672335.png,data/datasets/unet_deduped_subject/masks/wseg_60672335.png,hf_wseg_dataset,data/datasets/external/hf_wseg_dataset/extracted/wseg_dataset/sample/60672335.jpg,data/datasets/external/hf_wseg_dataset/extracted/wseg_dataset/mask/60672335.jpg,PUBLIC_REAL_PHOTOS,CC-BY-NC-4.0,976854da535af0c195cb91c88199495a11726c34e9e6b1ae32d2edf0671a913e
wseg_60699844,test,positive,wound_unspecified,False,0.373801,wseg:60699844,data/datasets/unet_deduped_subject/images/wseg_60699844.png,data/datasets/unet_deduped_subject/masks/wseg_60699844.png,hf_wseg_dataset,data/datasets/external/hf_wseg_dataset/extracted/wseg_dataset/sample/60699844.jpg,data/datasets/external/hf_wseg_dataset/extracted/wseg_dataset/mask/60699844.jpg,PUBLIC_REAL_PHOTOS,CC-BY-NC-4.0,fef95bd94fcc0e3fe4e2ef64c09932591a02c5b72242cef9c977e437c68b3701
wseg_60718033,train,positive,wound_unspecified,False,0.006462,wseg:60718033,data/datasets/unet_deduped_subject/images/wseg_60718033.png,data/datasets/unet_deduped_subject/masks/wseg_60718033.png,hf_wseg_dataset,data/datasets/external/hf_wseg_dataset/extracted/wseg_dataset/sample/60718033.jpg,data/datasets/external/hf_wseg_dataset/extracted/wseg_dataset/mask/60718033.jpg,PUBLIC_REAL_PHOTOS,CC-BY-NC-4.0,e4f33099b657b8250feea49c40101296447d7b91855076f2f3b3e8cfd0c236ef
wseg_60724420,train,positive,wound_unspecified,False,0.146831,wseg:60724420,data/datasets/unet_deduped_subject/images/wseg_60724420.png,data/datasets/unet_deduped_subject/masks/wseg_60724420.png,hf_wseg_dataset,data/datasets/external/hf_wseg_dataset/extracted/wseg_dataset/sample/60724420.jpg,data/datasets/external/hf_wseg_dataset/extracted/wseg_dataset/mask/60724420.jpg,PUBLIC_REAL_PHOTOS,CC-BY-NC-4.0,5d9ce584172976e9fbb1503f4cb7306ed242677dffc58b0f97465b38dc9cb19d
wseg_60769166,train,positive,wound_unspecified,False,0.03922,wseg:60769166,data/datasets/unet_deduped_subject/images/wseg_60769166.png,data/datasets/unet_deduped_subject/masks/wseg_60769166.png,hf_wseg_dataset,data/datasets/external/hf_wseg_dataset/extracted/wseg_dataset/sample/60769166.jpg,data/datasets/external/hf_wseg_dataset/extracted/wseg_dataset/mask/60769166.jpg,PUBLIC_REAL_PHOTOS,CC-BY-NC-4.0,41e5881fe4501d97b92c57c2c2aba7b450e7ef56afa2dc06d216853f90d62ed8
wseg_60783767,test,positive,wound_unspecified,False,0.24861,wseg:60783767,data/datasets/unet_deduped_subject/images/wseg_60783767.png,data/datasets/unet_deduped_subject/masks/wseg_60783767.png,hf_wseg_dataset,data/datasets/external/hf_wseg_dataset/extracted/wseg_dataset/sample/60783767.jpg,data/datasets/external/hf_wseg_dataset/extracted/wseg_dataset/mask/60783767.jpg,PUBLIC_REAL_PHOTOS,CC-BY-NC-4.0,da7c10f77daf7fc1aeb7abe7464897883b49676e6df685dcd5f1fb91c1625968
wseg_60811809,val,positive,wound_unspecified,False,0.026734,wseg:60811809,data/datasets/unet_deduped_subject/images/wseg_60811809.png,data/datasets/unet_deduped_subject/masks/wseg_60811809.png,hf_wseg_dataset,data/datasets/external/hf_wseg_dataset/extracted/wseg_dataset/sample/60811809.jpg,data/datasets/external/hf_wseg_dataset/extracted/wseg_dataset/mask/60811809.jpg,PUBLIC_REAL_PHOTOS,CC-BY-NC-4.0,a828ef59d23dd4009ce29fded67253d2bdd16e6a29a50c548e8eb8741e971620
wseg_60818808,train,positive,wound_unspecified,False,0.221475,wseg:60818808,data/datasets/unet_deduped_subject/images/wseg_60818808.png,data/datasets/unet_deduped_subject/masks/wseg_60818808.png,hf_wseg_dataset,data/datasets/external/hf_wseg_dataset/extracted/wseg_dataset/sample/60818808.jpg,data/datasets/external/hf_wseg_dataset/extracted/wseg_dataset/mask/60818808.jpg,PUBLIC_REAL_PHOTOS,CC-BY-NC-4.0,d0166d24530994dc2b4dd42890f610d89326ffd853e92d3035ada0e830a3b349
wseg_60848815,train,positive,wound_unspecified,False,0.029335,wseg:60848815,data/datasets/unet_deduped_subject/images/wseg_60848815.png,data/datasets/unet_deduped_subject/masks/wseg_60848815.png,hf_wseg_dataset,data/datasets/external/hf_wseg_dataset/extracted/wseg_dataset/sample/60848815.jpg,data/datasets/external/hf_wseg_dataset/extracted/wseg_dataset/mask/60848815.jpg,PUBLIC_REAL_PHOTOS,CC-BY-NC-4.0,8dc72cd9982380a227b3e9b2bdefef9da3e1a06a86d0b283d42d0b2cde60152b
wseg_60876938,test,positive,wound_unspecified,False,0.007311,wseg:60876938,data/datasets/unet_deduped_subject/images/wseg_60876938.png,data/datasets/unet_deduped_subject/masks/wseg_60876938.png,hf_wseg_dataset,data/datasets/external/hf_wseg_dataset/extracted/wseg_dataset/sample/60876938.jpg,data/datasets/external/hf_wseg_dataset/extracted/wseg_dataset/mask/60876938.jpg,PUBLIC_REAL_PHOTOS,CC-BY-NC-4.0,d2268468daae3b3310dbe60a352a7a79e760ea87bb51ae780c208e4dfee61b80
wseg_60964912,train,positive,wound_unspecified,False,0.112933,wseg:60964912,data/datasets/unet_deduped_subject/images/wseg_60964912.png,data/datasets/unet_deduped_subject/masks/wseg_60964912.png,hf_wseg_dataset,data/datasets/external/hf_wseg_dataset/extracted/wseg_dataset/sample/60964912.jpg,data/datasets/external/hf_wseg_dataset/extracted/wseg_dataset/mask/60964912.jpg,PUBLIC_REAL_PHOTOS,CC-BY-NC-4.0,b0a0a0922b981f2b2b0dfc7c0f8032bb5f549aa57be6c8b8cd9e0e2615207f85
wseg_61005468,train,positive,wound_unspecified,False,0.027154,wseg:61005468,data/datasets/unet_deduped_subject/images/wseg_61005468.png,data/datasets/unet_deduped_subject/masks/wseg_61005468.png,hf_wseg_dataset,data/datasets/external/hf_wseg_dataset/extracted/wseg_dataset/sample/61005468.jpg,data/datasets/external/hf_wseg_dataset/extracted/wseg_dataset/mask/61005468.jpg,PUBLIC_REAL_PHOTOS,CC-BY-NC-4.0,5eadff3c4b855b20d79a142705866c4cd5f062fead25c103928db44d908468d6
wseg_61025565,test,positive,wound_unspecified,False,0.00941,wseg:61025565,data/datasets/unet_deduped_subject/images/wseg_61025565.png,data/datasets/unet_deduped_subject/masks/wseg_61025565.png,hf_wseg_dataset,data/datasets/external/hf_wseg_dataset/extracted/wseg_dataset/sample/61025565.jpg,data/datasets/external/hf_wseg_dataset/extracted/wseg_dataset/mask/61025565.jpg,PUBLIC_REAL_PHOTOS,CC-BY-NC-4.0,d6d50d07601768618f0eef3de597b5f0bbd4ffca4c05885360465d9d08f683af
wseg_61051486,train,positive,wound_unspecified,False,0.012733,wseg:61051486,data/datasets/unet_deduped_subject/images/wseg_61051486.png,data/datasets/unet_deduped_subject/masks/wseg_61051486.png,hf_wseg_dataset,data/datasets/external/hf_wseg_dataset/extracted/wseg_dataset/sample/61051486.jpg,data/datasets/external/hf_wseg_dataset/extracted/wseg_dataset/mask/61051486.jpg,PUBLIC_REAL_PHOTOS,CC-BY-NC-4.0,931d57070276882d2e433efce2fef0df312c74dbb0e213a73b2b5467be596613
wseg_61112050,train,positive,wound_unspecified,False,0.014823,wseg:61112050,data/datasets/unet_deduped_subject/images/wseg_61112050.png,data/datasets/unet_deduped_subject/masks/wseg_61112050.png,hf_wseg_dataset,data/datasets/external/hf_wseg_dataset/extracted/wseg_dataset/sample/61112050.jpg,data/datasets/external/hf_wseg_dataset/extracted/wseg_dataset/mask/61112050.jpg,PUBLIC_REAL_PHOTOS,CC-BY-NC-4.0,0393abd8e571648243c9b15908e7cb672e8d99aaa3391de2c366cdbf7cb7ee79
wseg_61146472,test,positive,wound_unspecified,False,0.101861,wseg:61146472,data/datasets/unet_deduped_subject/images/wseg_61146472.png,data/datasets/unet_deduped_subject/masks/wseg_61146472.png,hf_wseg_dataset,data/datasets/external/hf_wseg_dataset/extracted/wseg_dataset/sample/61146472.jpg,data/datasets/external/hf_wseg_dataset/extracted/wseg_dataset/mask/61146472.jpg,PUBLIC_REAL_PHOTOS,CC-BY-NC-4.0,e9d0969a116407f2f0b5b8d3a9ee80aa140560596db317311326d778b8f6fab0
wseg_61233710,train,positive,wound_unspecified,False,0.102573,wseg:61233710,data/datasets/unet_deduped_subject/images/wseg_61233710.png,data/datasets/unet_deduped_subject/masks/wseg_61233710.png,hf_wseg_dataset,data/datasets/external/hf_wseg_dataset/extracted/wseg_dataset/sample/61233710.jpg,data/datasets/external/hf_wseg_dataset/extracted/wseg_dataset/mask/61233710.jpg,PUBLIC_REAL_PHOTOS,CC-BY-NC-4.0,9db7dbf86865b0c8e4e42d341100b4a7e9e2fdc0151ca3dbd6cf47bde00974a7
wseg_61256205,train,positive,wound_unspecified,False,0.050803,wseg:61256205,data/datasets/unet_deduped_subject/images/wseg_61256205.png,data/datasets/unet_deduped_subject/masks/wseg_61256205.png,hf_wseg_dataset,data/datasets/external/hf_wseg_dataset/extracted/wseg_dataset/sample/61256205.jpg,data/datasets/external/hf_wseg_dataset/extracted/wseg_dataset/mask/61256205.jpg,PUBLIC_REAL_PHOTOS,CC-BY-NC-4.0,bdf720f5137742539c51557580627774efc04bfe2aa04bbb56630b967e770d6c
wseg_61309794,train,positive,wound_unspecified,False,0.033972,wseg:61309794,data/datasets/unet_deduped_subject/images/wseg_61309794.png,data/datasets/unet_deduped_subject/masks/wseg_61309794.png,hf_wseg_dataset,data/datasets/external/hf_wseg_dataset/extracted/wseg_dataset/sample/61309794.jpg,data/datasets/external/hf_wseg_dataset/extracted/wseg_dataset/mask/61309794.jpg,PUBLIC_REAL_PHOTOS,CC-BY-NC-4.0,29aa2b4739944ad903b67864bb979499fad2619de918b2d6290f8701f3619ffa
wseg_61351570,train,positive,wound_unspecified,False,0.060952,wseg:61351570,data/datasets/unet_deduped_subject/images/wseg_61351570.png,data/datasets/unet_deduped_subject/masks/wseg_61351570.png,hf_wseg_dataset,data/datasets/external/hf_wseg_dataset/extracted/wseg_dataset/sample/61351570.jpg,data/datasets/external/hf_wseg_dataset/extracted/wseg_dataset/mask/61351570.jpg,PUBLIC_REAL_PHOTOS,CC-BY-NC-4.0,2ab59715124bf7371d2a931c2e9a06851ace17163c54bd4c8b0c7597d9cde39a
wseg_61403618,val,positive,wound_unspecified,False,0.010652,wseg:61403618,data/datasets/unet_deduped_subject/images/wseg_61403618.png,data/datasets/unet_deduped_subject/masks/wseg_61403618.png,hf_wseg_dataset,data/datasets/external/hf_wseg_dataset/extracted/wseg_dataset/sample/61403618.jpg,data/datasets/external/hf_wseg_dataset/extracted/wseg_dataset/mask/61403618.jpg,PUBLIC_REAL_PHOTOS,CC-BY-NC-4.0,0cf77fa1a46a4e6b556d9b72987225694c106491118f9e7454d31a08db4663b0
wseg_61469126,train,positive,wound_unspecified,False,0.042424,wseg:61469126,data/datasets/unet_deduped_subject/images/wseg_61469126.png,data/datasets/unet_deduped_subject/masks/wseg_61469126.png,hf_wseg_dataset,data/datasets/external/hf_wseg_dataset/extracted/wseg_dataset/sample/61469126.jpg,data/datasets/external/hf_wseg_dataset/extracted/wseg_dataset/mask/61469126.jpg,PUBLIC_REAL_PHOTOS,CC-BY-NC-4.0,303305dd7c538c37864ab51b0278a264a323bf6ab4fd13d54986fb1b0b631e17
wseg_61490115,train,positive,wound_unspecified,False,0.035387,wseg:61490115,data/datasets/unet_deduped_subject/images/wseg_61490115.png,data/datasets/unet_deduped_subject/masks/wseg_61490115.png,hf_wseg_dataset,data/datasets/external/hf_wseg_dataset/extracted/wseg_dataset/sample/61490115.jpg,data/datasets/external/hf_wseg_dataset/extracted/wseg_dataset/mask/61490115.jpg,PUBLIC_REAL_PHOTOS,CC-BY-NC-4.0,7c9588081a2b8ed438fe9ede941554fc4246713b84165a46d30f32c3a105cfca
wseg_61559166,val,positive,wound_unspecified,False,0.069979,wseg:61559166,data/datasets/unet_deduped_subject/images/wseg_61559166.png,data/datasets/unet_deduped_subject/masks/wseg_61559166.png,hf_wseg_dataset,data/datasets/external/hf_wseg_dataset/extracted/wseg_dataset/sample/61559166.jpg,data/datasets/external/hf_wseg_dataset/extracted/wseg_dataset/mask/61559166.jpg,PUBLIC_REAL_PHOTOS,CC-BY-NC-4.0,e1bba26707f2e059a07ce4f66750940858a725bb2e7aef07f3f09d191120c06d
wseg_61630289,train,positive,wound_unspecified,False,0.106443,wseg:61630289,data/datasets/unet_deduped_subject/images/wseg_61630289.png,data/datasets/unet_deduped_subject/masks/wseg_61630289.png,hf_wseg_dataset,data/datasets/external/hf_wseg_dataset/extracted/wseg_dataset/sample/61630289.jpg,data/datasets/external/hf_wseg_dataset/extracted/wseg_dataset/mask/61630289.jpg,PUBLIC_REAL_PHOTOS,CC-BY-NC-4.0,d2e87f64ca36bda6de7ad219f3f18844513a5ca6e65cc8ed4c74f87bf7445c6b
wseg_61659666,train,positive,wound_unspecified,False,0.079298,wseg:61659666,data/datasets/unet_deduped_subject/images/wseg_61659666.png,data/datasets/unet_deduped_subject/masks/wseg_61659666.png,hf_wseg_dataset,data/datasets/external/hf_wseg_dataset/extracted/wseg_dataset/sample/61659666.jpg,data/datasets/external/hf_wseg_dataset/extracted/wseg_dataset/mask/61659666.jpg,PUBLIC_REAL_PHOTOS,CC-BY-NC-4.0,1577b7c2c71d83a7b9d2f29ab0e7985de3624b6a6194e875ecc259308aa2671a
wseg_61682826,train,positive,wound_unspecified,False,0.206113,wseg:61682826,data/datasets/unet_deduped_subject/images/wseg_61682826.png,data/datasets/unet_deduped_subject/masks/wseg_61682826.png,hf_wseg_dataset,data/datasets/external/hf_wseg_dataset/extracted/wseg_dataset/sample/61682826.jpg,data/datasets/external/hf_wseg_dataset/extracted/wseg_dataset/mask/61682826.jpg,PUBLIC_REAL_PHOTOS,CC-BY-NC-4.0,585e9ac0389168ff249f358fea231df2c0a8df0652009f99f75a1f984637fb4e
wseg_61777986,train,positive,wound_unspecified,False,0.006508,wseg:61777986,data/datasets/unet_deduped_subject/images/wseg_61777986.png,data/datasets/unet_deduped_subject/masks/wseg_61777986.png,hf_wseg_dataset,data/datasets/external/hf_wseg_dataset/extracted/wseg_dataset/sample/61777986.jpg,data/datasets/external/hf_wseg_dataset/extracted/wseg_dataset/mask/61777986.jpg,PUBLIC_REAL_PHOTOS,CC-BY-NC-4.0,a34afc5221e644f640f00f27c67904899ef27e9d6078ebb181a99719852164c4
wseg_61900621,test,positive,wound_unspecified,False,0.008406,wseg:61900621,data/datasets/unet_deduped_subject/images/wseg_61900621.png,data/datasets/unet_deduped_subject/masks/wseg_61900621.png,hf_wseg_dataset,data/datasets/external/hf_wseg_dataset/extracted/wseg_dataset/sample/61900621.jpg,data/datasets/external/hf_wseg_dataset/extracted/wseg_dataset/mask/61900621.jpg,PUBLIC_REAL_PHOTOS,CC-BY-NC-4.0,67635e5d25e9766aa2126418162aa785d54d218deef843aa435477591df356c9
wseg_75528249,val,positive,wound_unspecified,False,0.027254,wseg:75528249,data/datasets/unet_deduped_subject/images/wseg_75528249.png,data/datasets/unet_deduped_subject/masks/wseg_75528249.png,hf_wseg_dataset,data/datasets/external/hf_wseg_dataset/extracted/wseg_dataset/sample/75528249.jpg,data/datasets/external/hf_wseg_dataset/extracted/wseg_dataset/mask/75528249.jpg,PUBLIC_REAL_PHOTOS,CC-BY-NC-4.0,fa4bd697b4b642d2b8316f8ad24f8a1750d99a48f651b07894ec5236d0cdf424
wseg_75528285,train,positive,wound_unspecified,False,0.507672,wseg:75528285,data/datasets/unet_deduped_subject/images/wseg_75528285.png,data/datasets/unet_deduped_subject/masks/wseg_75528285.png,hf_wseg_dataset,data/datasets/external/hf_wseg_dataset/extracted/wseg_dataset/sample/75528285.jpg,data/datasets/external/hf_wseg_dataset/extracted/wseg_dataset/mask/75528285.jpg,PUBLIC_REAL_PHOTOS,CC-BY-NC-4.0,8acff39a0b5ec436ca02d48d18cfb71e83d549afa7e0e4fdc504aec220a145b4
wseg_75528372,test,positive,wound_unspecified,False,0.204069,wseg:75528372,data/datasets/unet_deduped_subject/images/wseg_75528372.png,data/datasets/unet_deduped_subject/masks/wseg_75528372.png,hf_wseg_dataset,data/datasets/external/hf_wseg_dataset/extracted/wseg_dataset/sample/75528372.jpg,data/datasets/external/hf_wseg_dataset/extracted/wseg_dataset/mask/75528372.jpg,PUBLIC_REAL_PHOTOS,CC-BY-NC-4.0,950b4e4aacdff06cfbbf047985b4299369a9a9186a218836e7b16214a3364294
wseg_75528396,train,positive,wound_unspecified,False,0.089676,wseg:75528396,data/datasets/unet_deduped_subject/images/wseg_75528396.png,data/datasets/unet_deduped_subject/masks/wseg_75528396.png,hf_wseg_dataset,data/datasets/external/hf_wseg_dataset/extracted/wseg_dataset/sample/75528396.jpg,data/datasets/external/hf_wseg_dataset/extracted/wseg_dataset/mask/75528396.jpg,PUBLIC_REAL_PHOTOS,CC-BY-NC-4.0,a7e662c522facf7f1fe7224e2cd551c3da97c8382a4563556a79bd7ff6c70c43
wseg_75528459,train,positive,wound_unspecified,False,0.086618,wseg:75528459,data/datasets/unet_deduped_subject/images/wseg_75528459.png,data/datasets/unet_deduped_subject/masks/wseg_75528459.png,hf_wseg_dataset,data/datasets/external/hf_wseg_dataset/extracted/wseg_dataset/sample/75528459.jpg,data/datasets/external/hf_wseg_dataset/extracted/wseg_dataset/mask/75528459.jpg,PUBLIC_REAL_PHOTOS,CC-BY-NC-4.0,5faa094558c399cc1a5f65947cf205d857f315ffcb6c51cf5f112054f7439aa5
wseg_75528546,train,positive,wound_unspecified,False,0.198565,wseg:75528546,data/datasets/unet_deduped_subject/images/wseg_75528546.png,data/datasets/unet_deduped_subject/masks/wseg_75528546.png,hf_wseg_dataset,data/datasets/external/hf_wseg_dataset/extracted/wseg_dataset/sample/75528546.jpg,data/datasets/external/hf_wseg_dataset/extracted/wseg_dataset/mask/75528546.jpg,PUBLIC_REAL_PHOTOS,CC-BY-NC-4.0,f21a09a3786d41fd8208668334e7c278145d9ba865ce9c65f0c072224b1aaf1e
wseg_75528599,train,positive,wound_unspecified,False,0.032877,wseg:75528599,data/datasets/unet_deduped_subject/images/wseg_75528599.png,data/datasets/unet_deduped_subject/masks/wseg_75528599.png,hf_wseg_dataset,data/datasets/external/hf_wseg_dataset/extracted/wseg_dataset/sample/75528599.jpg,data/datasets/external/hf_wseg_dataset/extracted/wseg_dataset/mask/75528599.jpg,PUBLIC_REAL_PHOTOS,CC-BY-NC-4.0,a17d4a26a30344e9ba3ff28e74ceb897125c1673c8666a976e8042738c27a48c
wseg_75528677,train,positive,wound_unspecified,False,0.025128,wseg:75528677,data/datasets/unet_deduped_subject/images/wseg_75528677.png,data/datasets/unet_deduped_subject/masks/wseg_75528677.png,hf_wseg_dataset,data/datasets/external/hf_wseg_dataset/extracted/wseg_dataset/sample/75528677.jpg,data/datasets/external/hf_wseg_dataset/extracted/wseg_dataset/mask/75528677.jpg,PUBLIC_REAL_PHOTOS,CC-BY-NC-4.0,e7036cc4a7101c4a4a123e330670999753aec8ea4ce65380d64aaf1190db1c04
wseg_75528729,test,positive,wound_unspecified,False,0.11223,wseg:75528729,data/datasets/unet_deduped_subject/images/wseg_75528729.png,data/datasets/unet_deduped_subject/masks/wseg_75528729.png,hf_wseg_dataset,data/datasets/external/hf_wseg_dataset/extracted/wseg_dataset/sample/75528729.jpg,data/datasets/external/hf_wseg_dataset/extracted/wseg_dataset/mask/75528729.jpg,PUBLIC_REAL_PHOTOS,CC-BY-NC-4.0,2752c90840cb345ab6ac38f11a613df21043b7a2f0526ee734dae3328de6350a
wseg_75528769,train,positive,wound_unspecified,False,0.019386,wseg:75528769,data/datasets/unet_deduped_subject/images/wseg_75528769.png,data/datasets/unet_deduped_subject/masks/wseg_75528769.png,hf_wseg_dataset,data/datasets/external/hf_wseg_dataset/extracted/wseg_dataset/sample/75528769.jpg,data/datasets/external/hf_wseg_dataset/extracted/wseg_dataset/mask/75528769.jpg,PUBLIC_REAL_PHOTOS,CC-BY-NC-4.0,8da1e9dbbd328ba0e17f1bf4a1c28633e3edaefc8564c97e1cd15df0af7fec17
wseg_75528795,val,positive,wound_unspecified,False,0.11286,wseg:75528795,data/datasets/unet_deduped_subject/images/wseg_75528795.png,data/datasets/unet_deduped_subject/masks/wseg_75528795.png,hf_wseg_dataset,data/datasets/external/hf_wseg_dataset/extracted/wseg_dataset/sample/75528795.jpg,data/datasets/external/hf_wseg_dataset/extracted/wseg_dataset/mask/75528795.jpg,PUBLIC_REAL_PHOTOS,CC-BY-NC-4.0,8a094adc36e960ad99db39d33229d3bbf0e4f4873e21a7780d51d98ed517326f
wseg_75528838,train,positive,wound_unspecified,False,0.114539,wseg:75528838,data/datasets/unet_deduped_subject/images/wseg_75528838.png,data/datasets/unet_deduped_subject/masks/wseg_75528838.png,hf_wseg_dataset,data/datasets/external/hf_wseg_dataset/extracted/wseg_dataset/sample/75528838.jpg,data/datasets/external/hf_wseg_dataset/extracted/wseg_dataset/mask/75528838.jpg,PUBLIC_REAL_PHOTOS,CC-BY-NC-4.0,326aab0dc4523611a1ba9a039414cf5cc0d4efa26bcd69638a61ea464c23180d
wseg_75528864,train,positive,wound_unspecified,False,0.069514,wseg:75528864,data/datasets/unet_deduped_subject/images/wseg_75528864.png,data/datasets/unet_deduped_subject/masks/wseg_75528864.png,hf_wseg_dataset,data/datasets/external/hf_wseg_dataset/extracted/wseg_dataset/sample/75528864.jpg,data/datasets/external/hf_wseg_dataset/extracted/wseg_dataset/mask/75528864.jpg,PUBLIC_REAL_PHOTOS,CC-BY-NC-4.0,30b5bda4ed9b7e2c53f3f0f242b7e3c9540eea9b50b5a2560014124a01019a8b
wseg_75528898,train,positive,wound_unspecified,False,0.099013,wseg:75528898,data/datasets/unet_deduped_subject/images/wseg_75528898.png,data/datasets/unet_deduped_subject/masks/wseg_75528898.png,hf_wseg_dataset,data/datasets/external/hf_wseg_dataset/extracted/wseg_dataset/sample/75528898.jpg,data/datasets/external/hf_wseg_dataset/extracted/wseg_dataset/mask/75528898.jpg,PUBLIC_REAL_PHOTOS,CC-BY-NC-4.0,b0c059e6a91137d07808b4c0c66a0d01fa330bedf5e480bf6f764548d2a898f7
wseg_75528935,val,positive,wound_unspecified,False,0.064731,wseg:75528935,data/datasets/unet_deduped_subject/images/wseg_75528935.png,data/datasets/unet_deduped_subject/masks/wseg_75528935.png,hf_wseg_dataset,data/datasets/external/hf_wseg_dataset/extracted/wseg_dataset/sample/75528935.jpg,data/datasets/external/hf_wseg_dataset/extracted/wseg_dataset/mask/75528935.jpg,PUBLIC_REAL_PHOTOS,CC-BY-NC-4.0,fd7bf2d0a60a8b45c62eba49e9458bb4188a060c8fff0708434b92064ea038fb
wseg_75528971,train,positive,wound_unspecified,False,0.041703,wseg:75528971,data/datasets/unet_deduped_subject/images/wseg_75528971.png,data/datasets/unet_deduped_subject/masks/wseg_75528971.png,hf_wseg_dataset,data/datasets/external/hf_wseg_dataset/extracted/wseg_dataset/sample/75528971.jpg,data/datasets/external/hf_wseg_dataset/extracted/wseg_dataset/mask/75528971.jpg,PUBLIC_REAL_PHOTOS,CC-BY-NC-4.0,3c8bafb72461ce9d2008437d6ab84f0f08a6b7a4d5677c4c089c1fe6eed939c5
wseg_75528991,train,positive,wound_unspecified,False,0.162019,wseg:75528991,data/datasets/unet_deduped_subject/images/wseg_75528991.png,data/datasets/unet_deduped_subject/masks/wseg_75528991.png,hf_wseg_dataset,data/datasets/external/hf_wseg_dataset/extracted/wseg_dataset/sample/75528991.jpg,data/datasets/external/hf_wseg_dataset/extracted/wseg_dataset/mask/75528991.jpg,PUBLIC_REAL_PHOTOS,CC-BY-NC-4.0,57038d2cf4b4f63242f8f2ee487115adc1404b3c35b4fcf1aeae0b1ba48bb75b
wseg_75529004,train,positive,wound_unspecified,False,0.049233,wseg:75529004,data/datasets/unet_deduped_subject/images/wseg_75529004.png,data/datasets/unet_deduped_subject/masks/wseg_75529004.png,hf_wseg_dataset,data/datasets/external/hf_wseg_dataset/extracted/wseg_dataset/sample/75529004.jpg,data/datasets/external/hf_wseg_dataset/extracted/wseg_dataset/mask/75529004.jpg,PUBLIC_REAL_PHOTOS,CC-BY-NC-4.0,ce708b96d2c95124b0978d04597f2f838038737f844c43e5fedbb8fafafc4e13
wseg_75529020,val,positive,wound_unspecified,False,0.21337,wseg:75529020,data/datasets/unet_deduped_subject/images/wseg_75529020.png,data/datasets/unet_deduped_subject/masks/wseg_75529020.png,hf_wseg_dataset,data/datasets/external/hf_wseg_dataset/extracted/wseg_dataset/sample/75529020.jpg,data/datasets/external/hf_wseg_dataset/extracted/wseg_dataset/mask/75529020.jpg,PUBLIC_REAL_PHOTOS,CC-BY-NC-4.0,07d76340f174f0a48c6d478b8ff37d3f1436828b90ef110bce8ca89cc8025f01
wseg_75529031,train,positive,wound_unspecified,False,0.190405,wseg:75529031,data/datasets/unet_deduped_subject/images/wseg_75529031.png,data/datasets/unet_deduped_subject/masks/wseg_75529031.png,hf_wseg_dataset,data/datasets/external/hf_wseg_dataset/extracted/wseg_dataset/sample/75529031.jpg,data/datasets/external/hf_wseg_dataset/extracted/wseg_dataset/mask/75529031.jpg,PUBLIC_REAL_PHOTOS,CC-BY-NC-4.0,25c388655e7792604f74c57c487bae0533c1f70a5071f7fcea2a59dd7676e8b0
wseg_75529043,train,positive,wound_unspecified,False,0.056243,wseg:75529043,data/datasets/unet_deduped_subject/images/wseg_75529043.png,data/datasets/unet_deduped_subject/masks/wseg_75529043.png,hf_wseg_dataset,data/datasets/external/hf_wseg_dataset/extracted/wseg_dataset/sample/75529043.jpg,data/datasets/external/hf_wseg_dataset/extracted/wseg_dataset/mask/75529043.jpg,PUBLIC_REAL_PHOTOS,CC-BY-NC-4.0,1e0ffd2ac9e28a78cd65663a27b2554636eba1487b1b7882b9961d2e6207d13d
wseg_75529052_2,train,positive,wound_unspecified,False,0.253448,wseg:75529052_2,data/datasets/unet_deduped_subject/images/wseg_75529052_2.png,data/datasets/unet_deduped_subject/masks/wseg_75529052_2.png,hf_wseg_dataset,data/datasets/external/hf_wseg_dataset/extracted/wseg_dataset/sample/75529052_2.jpg,data/datasets/external/hf_wseg_dataset/extracted/wseg_dataset/mask/75529052_2.jpg,PUBLIC_REAL_PHOTOS,CC-BY-NC-4.0,b2112acbeadaa3669f9c79845581fdede9377182c7b22df7eababfe13bcd6902
wseg_75529061,train,positive,wound_unspecified,False,0.264419,wseg:75529061,data/datasets/unet_deduped_subject/images/wseg_75529061.png,data/datasets/unet_deduped_subject/masks/wseg_75529061.png,hf_wseg_dataset,data/datasets/external/hf_wseg_dataset/extracted/wseg_dataset/sample/75529061.jpg,data/datasets/external/hf_wseg_dataset/extracted/wseg_dataset/mask/75529061.jpg,PUBLIC_REAL_PHOTOS,CC-BY-NC-4.0,6fc56768c48d91a33dd1c5f952434455faacd516ea428256d3e42bf1f5718255
wseg_75529071,train,positive,wound_unspecified,False,0.147197,wseg:75529071,data/datasets/unet_deduped_subject/images/wseg_75529071.png,data/datasets/unet_deduped_subject/masks/wseg_75529071.png,hf_wseg_dataset,data/datasets/external/hf_wseg_dataset/extracted/wseg_dataset/sample/75529071.jpg,data/datasets/external/hf_wseg_dataset/extracted/wseg_dataset/mask/75529071.jpg,PUBLIC_REAL_PHOTOS,CC-BY-NC-4.0,07f2dda17a76396acec9c0bd42711e7ad46d0a7627f19bf5f07c2dc6ca47a06d
wseg_75529087,train,positive,wound_unspecified,False,0.088855,wseg:75529087,data/datasets/unet_deduped_subject/images/wseg_75529087.png,data/datasets/unet_deduped_subject/masks/wseg_75529087.png,hf_wseg_dataset,data/datasets/external/hf_wseg_dataset/extracted/wseg_dataset/sample/75529087.jpg,data/datasets/external/hf_wseg_dataset/extracted/wseg_dataset/mask/75529087.jpg,PUBLIC_REAL_PHOTOS,CC-BY-NC-4.0,8208fb8233d563561450f239355c73d6a36d4fb6bbb77c48fcd29ec4aec952c1
wseg_75529133_2,train,positive,wound_unspecified,False,0.127993,wseg:75529133_2,data/datasets/unet_deduped_subject/images/wseg_75529133_2.png,data/datasets/unet_deduped_subject/masks/wseg_75529133_2.png,hf_wseg_dataset,data/datasets/external/hf_wseg_dataset/extracted/wseg_dataset/sample/75529133_2.jpg,data/datasets/external/hf_wseg_dataset/extracted/wseg_dataset/mask/75529133_2.jpg,PUBLIC_REAL_PHOTOS,CC-BY-NC-4.0,7cc91ddd9c9bf707218ff91db68c283b9ef0b6f387a3e087ed736d0b482a5b78
wseg_75529165,train,positive,wound_unspecified,False,0.02406,wseg:75529165,data/datasets/unet_deduped_subject/images/wseg_75529165.png,data/datasets/unet_deduped_subject/masks/wseg_75529165.png,hf_wseg_dataset,data/datasets/external/hf_wseg_dataset/extracted/wseg_dataset/sample/75529165.jpg,data/datasets/external/hf_wseg_dataset/extracted/wseg_dataset/mask/75529165.jpg,PUBLIC_REAL_PHOTOS,CC-BY-NC-4.0,4b2d110dc18a1081022e0101d259c851eb4d8661869a3e2966d90b3be8851ad1
wseg_75529179,test,positive,wound_unspecified,False,0.037833,wseg:75529179,data/datasets/unet_deduped_subject/images/wseg_75529179.png,data/datasets/unet_deduped_subject/masks/wseg_75529179.png,hf_wseg_dataset,data/datasets/external/hf_wseg_dataset/extracted/wseg_dataset/sample/75529179.jpg,data/datasets/external/hf_wseg_dataset/extracted/wseg_dataset/mask/75529179.jpg,PUBLIC_REAL_PHOTOS,CC-BY-NC-4.0,372f774ce6c640354366e17f16650e0a237c28632a3e1b545658d2d5add1e210
wseg_75529188,train,positive,wound_unspecified,False,0.086984,wseg:75529188,data/datasets/unet_deduped_subject/images/wseg_75529188.png,data/datasets/unet_deduped_subject/masks/wseg_75529188.png,hf_wseg_dataset,data/datasets/external/hf_wseg_dataset/extracted/wseg_dataset/sample/75529188.jpg,data/datasets/external/hf_wseg_dataset/extracted/wseg_dataset/mask/75529188.jpg,PUBLIC_REAL_PHOTOS,CC-BY-NC-4.0,3e77b869dede7a91f07905d1eb5e88b206ba3e4f9b5e3f3eeaf4e1ec379d7c24
wseg_75529205,train,positive,wound_unspecified,False,0.097416,wseg:75529205,data/datasets/unet_deduped_subject/images/wseg_75529205.png,data/datasets/unet_deduped_subject/masks/wseg_75529205.png,hf_wseg_dataset,data/datasets/external/hf_wseg_dataset/extracted/wseg_dataset/sample/75529205.jpg,data/datasets/external/hf_wseg_dataset/extracted/wseg_dataset/mask/75529205.jpg,PUBLIC_REAL_PHOTOS,CC-BY-NC-4.0,1b00c613025c493147fadd2eb369d3ca4d65fd496d28d9906aabd06f6b32a773
wseg_75529216,val,positive,wound_unspecified,False,0.133761,wseg:75529216,data/datasets/unet_deduped_subject/images/wseg_75529216.png,data/datasets/unet_deduped_subject/masks/wseg_75529216.png,hf_wseg_dataset,data/datasets/external/hf_wseg_dataset/extracted/wseg_dataset/sample/75529216.jpg,data/datasets/external/hf_wseg_dataset/extracted/wseg_dataset/mask/75529216.jpg,PUBLIC_REAL_PHOTOS,CC-BY-NC-4.0,973ab0607a6373945f6e943eb547cab533b51b9dfd0de7f0b991892902585bed
wseg_75529300,train,positive,wound_unspecified,False,0.125026,wseg:75529300,data/datasets/unet_deduped_subject/images/wseg_75529300.png,data/datasets/unet_deduped_subject/masks/wseg_75529300.png,hf_wseg_dataset,data/datasets/external/hf_wseg_dataset/extracted/wseg_dataset/sample/75529300.jpg,data/datasets/external/hf_wseg_dataset/extracted/wseg_dataset/mask/75529300.jpg,PUBLIC_REAL_PHOTOS,CC-BY-NC-4.0,590c7ab19118110671c6104281d0a02e02a79f07bd68d15ce045112675c9a99d
wseg_75530945,train,positive,wound_unspecified,False,0.163051,wseg:75530945,data/datasets/unet_deduped_subject/images/wseg_75530945.png,data/datasets/unet_deduped_subject/masks/wseg_75530945.png,hf_wseg_dataset,data/datasets/external/hf_wseg_dataset/extracted/wseg_dataset/sample/75530945.jpg,data/datasets/external/hf_wseg_dataset/extracted/wseg_dataset/mask/75530945.jpg,PUBLIC_REAL_PHOTOS,CC-BY-NC-4.0,95b9239eab192fdd1048c86f9958ece0fbc2d486c1a0bd2a6b0d6d7b2faca77e
wseg_75533071,train,positive,wound_unspecified,False,0.173602,wseg:75533071,data/datasets/unet_deduped_subject/images/wseg_75533071.png,data/datasets/unet_deduped_subject/masks/wseg_75533071.png,hf_wseg_dataset,data/datasets/external/hf_wseg_dataset/extracted/wseg_dataset/sample/75533071.jpg,data/datasets/external/hf_wseg_dataset/extracted/wseg_dataset/mask/75533071.jpg,PUBLIC_REAL_PHOTOS,CC-BY-NC-4.0,3fbfc709b82153206bd59609b1626d176e4d0a9da590996d3b402d7a2e7722b6
wseg_75533988,val,positive,wound_unspecified,False,0.060067,wseg:75533988,data/datasets/unet_deduped_subject/images/wseg_75533988.png,data/datasets/unet_deduped_subject/masks/wseg_75533988.png,hf_wseg_dataset,data/datasets/external/hf_wseg_dataset/extracted/wseg_dataset/sample/75533988.jpg,data/datasets/external/hf_wseg_dataset/extracted/wseg_dataset/mask/75533988.jpg,PUBLIC_REAL_PHOTOS,CC-BY-NC-4.0,cc0186e5ef90582560b26277eb1da36088584dbe164f221f2e8e2b6ff70194ab
wseg_75538173,train,positive,wound_unspecified,False,0.031425,wseg:75538173,data/datasets/unet_deduped_subject/images/wseg_75538173.png,data/datasets/unet_deduped_subject/masks/wseg_75538173.png,hf_wseg_dataset,data/datasets/external/hf_wseg_dataset/extracted/wseg_dataset/sample/75538173.jpg,data/datasets/external/hf_wseg_dataset/extracted/wseg_dataset/mask/75538173.jpg,PUBLIC_REAL_PHOTOS,CC-BY-NC-4.0,656d959f47a55e6fa11a809eea9819d13a0cb8b0a97eff0f1ea0c5aadbef1430
wseg_75539843,test,positive,wound_unspecified,False,0.048612,wseg:75539843,data/datasets/unet_deduped_subject/images/wseg_75539843.png,data/datasets/unet_deduped_subject/masks/wseg_75539843.png,hf_wseg_dataset,data/datasets/external/hf_wseg_dataset/extracted/wseg_dataset/sample/75539843.jpg,data/datasets/external/hf_wseg_dataset/extracted/wseg_dataset/mask/75539843.jpg,PUBLIC_REAL_PHOTOS,CC-BY-NC-4.0,452065f74d2fa5fbe0b5c87bf73c22bbee2bfa2a2c8e4b693fb348c03ee11ff3
wseg_75540970,train,positive,wound_unspecified,False,0.169787,wseg:75540970,data/datasets/unet_deduped_subject/images/wseg_75540970.png,data/datasets/unet_deduped_subject/masks/wseg_75540970.png,hf_wseg_dataset,data/datasets/external/hf_wseg_dataset/extracted/wseg_dataset/sample/75540970.jpg,data/datasets/external/hf_wseg_dataset/extracted/wseg_dataset/mask/75540970.jpg,PUBLIC_REAL_PHOTOS,CC-BY-NC-4.0,6fff940f6924b64984aef7d6d60e7c82eb63013d06e6071c8547d7af0ce4603b
wseg_75541746,train,positive,wound_unspecified,False,0.27434,wseg:75541746,data/datasets/unet_deduped_subject/images/wseg_75541746.png,data/datasets/unet_deduped_subject/masks/wseg_75541746.png,hf_wseg_dataset,data/datasets/external/hf_wseg_dataset/extracted/wseg_dataset/sample/75541746.jpg,data/datasets/external/hf_wseg_dataset/extracted/wseg_dataset/mask/75541746.jpg,PUBLIC_REAL_PHOTOS,CC-BY-NC-4.0,47ff455e17acc5cb99039e033dd26d71982d6098de3772f46767b281c7a86a8a
wseg_75542247,val,positive,wound_unspecified,False,0.067551,wseg:75542247,data/datasets/unet_deduped_subject/images/wseg_75542247.png,data/datasets/unet_deduped_subject/masks/wseg_75542247.png,hf_wseg_dataset,data/datasets/external/hf_wseg_dataset/extracted/wseg_dataset/sample/75542247.jpg,data/datasets/external/hf_wseg_dataset/extracted/wseg_dataset/mask/75542247.jpg,PUBLIC_REAL_PHOTOS,CC-BY-NC-4.0,7f925404c0d33392b288d21e610dc33b8ca5f7fe42f49caf6d661c02f122bc44
wseg_75542749,train,positive,wound_unspecified,False,0.211389,wseg:75542749,data/datasets/unet_deduped_subject/images/wseg_75542749.png,data/datasets/unet_deduped_subject/masks/wseg_75542749.png,hf_wseg_dataset,data/datasets/external/hf_wseg_dataset/extracted/wseg_dataset/sample/75542749.jpg,data/datasets/external/hf_wseg_dataset/extracted/wseg_dataset/mask/75542749.jpg,PUBLIC_REAL_PHOTOS,CC-BY-NC-4.0,2bc4ddf6f1a5180bf9c8cc89c3083d74824435bd6826802604e5cb34f928cf3f
wseg_75543680,train,positive,wound_unspecified,False,0.035779,wseg:75543680,data/datasets/unet_deduped_subject/images/wseg_75543680.png,data/datasets/unet_deduped_subject/masks/wseg_75543680.png,hf_wseg_dataset,data/datasets/external/hf_wseg_dataset/extracted/wseg_dataset/sample/75543680.jpg,data/datasets/external/hf_wseg_dataset/extracted/wseg_dataset/mask/75543680.jpg,PUBLIC_REAL_PHOTOS,CC-BY-NC-4.0,52b4929660d9b68218659bea1de03063a75dc90c0181cfb049cb57ba1a37c066
wseg_75544425,train,positive,wound_unspecified,False,0.111253,wseg:75544425,data/datasets/unet_deduped_subject/images/wseg_75544425.png,data/datasets/unet_deduped_subject/masks/wseg_75544425.png,hf_wseg_dataset,data/datasets/external/hf_wseg_dataset/extracted/wseg_dataset/sample/75544425.jpg,data/datasets/external/hf_wseg_dataset/extracted/wseg_dataset/mask/75544425.jpg,PUBLIC_REAL_PHOTOS,CC-BY-NC-4.0,2e7baf0caaeebca5903fbe233c294f6fafd6879015c1aef74593c9f42a92357e
wseg_75545567,train,positive,wound_unspecified,False,0.094523,wseg:75545567,data/datasets/unet_deduped_subject/images/wseg_75545567.png,data/datasets/unet_deduped_subject/masks/wseg_75545567.png,hf_wseg_dataset,data/datasets/external/hf_wseg_dataset/extracted/wseg_dataset/sample/75545567.jpg,data/datasets/external/hf_wseg_dataset/extracted/wseg_dataset/mask/75545567.jpg,PUBLIC_REAL_PHOTOS,CC-BY-NC-4.0,1137f475d598fab81f93ce8c3292c766f18c0414e538ca72843ce617c10f6b70
wseg_75546323,train,positive,wound_unspecified,False,0.033297,wseg:75546323,data/datasets/unet_deduped_subject/images/wseg_75546323.png,data/datasets/unet_deduped_subject/masks/wseg_75546323.png,hf_wseg_dataset,data/datasets/external/hf_wseg_dataset/extracted/wseg_dataset/sample/75546323.jpg,data/datasets/external/hf_wseg_dataset/extracted/wseg_dataset/mask/75546323.jpg,PUBLIC_REAL_PHOTOS,CC-BY-NC-4.0,4ea3ea46d14b67f2f78e4779b29447adba42cfda5934a291ad7ab8038b3e186a
wseg_75546544,train,positive,wound_unspecified,False,0.12854,wseg:75546544,data/datasets/unet_deduped_subject/images/wseg_75546544.png,data/datasets/unet_deduped_subject/masks/wseg_75546544.png,hf_wseg_dataset,data/datasets/external/hf_wseg_dataset/extracted/wseg_dataset/sample/75546544.jpg,data/datasets/external/hf_wseg_dataset/extracted/wseg_dataset/mask/75546544.jpg,PUBLIC_REAL_PHOTOS,CC-BY-NC-4.0,59c31fa0cbd53aa6b7635fca596706b645b3157c2d290facdc452a0537a9e8df
wseg_75547132,val,positive,wound_unspecified,False,0.055905,wseg:75547132,data/datasets/unet_deduped_subject/images/wseg_75547132.png,data/datasets/unet_deduped_subject/masks/wseg_75547132.png,hf_wseg_dataset,data/datasets/external/hf_wseg_dataset/extracted/wseg_dataset/sample/75547132.jpg,data/datasets/external/hf_wseg_dataset/extracted/wseg_dataset/mask/75547132.jpg,PUBLIC_REAL_PHOTOS,CC-BY-NC-4.0,e4ad88f40c0b8fba5cdc62e2b21d19d1bde5852e2dcb6bac1b10ed1cd852cee9
wseg_75547766,train,positive,wound_unspecified,False,0.113763,wseg:75547766,data/datasets/unet_deduped_subject/images/wseg_75547766.png,data/datasets/unet_deduped_subject/masks/wseg_75547766.png,hf_wseg_dataset,data/datasets/external/hf_wseg_dataset/extracted/wseg_dataset/sample/75547766.jpg,data/datasets/external/hf_wseg_dataset/extracted/wseg_dataset/mask/75547766.jpg,PUBLIC_REAL_PHOTOS,CC-BY-NC-4.0,7ad662804498931f357683b9c1d2c61e22f76c838893bf1f90565f0f5b45432b
wseg_75548521,val,positive,wound_unspecified,False,0.251093,wseg:75548521,data/datasets/unet_deduped_subject/images/wseg_75548521.png,data/datasets/unet_deduped_subject/masks/wseg_75548521.png,hf_wseg_dataset,data/datasets/external/hf_wseg_dataset/extracted/wseg_dataset/sample/75548521.jpg,data/datasets/external/hf_wseg_dataset/extracted/wseg_dataset/mask/75548521.jpg,PUBLIC_REAL_PHOTOS,CC-BY-NC-4.0,d4cb076a4da2686d149a7f32f5e668444b9b6b586a09987ba152f817d2e35b2d
wseg_75549124,val,positive,wound_unspecified,False,0.187457,wseg:75549124,data/datasets/unet_deduped_subject/images/wseg_75549124.png,data/datasets/unet_deduped_subject/masks/wseg_75549124.png,hf_wseg_dataset,data/datasets/external/hf_wseg_dataset/extracted/wseg_dataset/sample/75549124.jpg,data/datasets/external/hf_wseg_dataset/extracted/wseg_dataset/mask/75549124.jpg,PUBLIC_REAL_PHOTOS,CC-BY-NC-4.0,abd4f66fd15f931e06b0be83686de9cf76cde19b9edb91f1fd66ca12e6f6d29d
wseg_75549923,train,positive,wound_unspecified,False,0.197589,wseg:75549923,data/datasets/unet_deduped_subject/images/wseg_75549923.png,data/datasets/unet_deduped_subject/masks/wseg_75549923.png,hf_wseg_dataset,data/datasets/external/hf_wseg_dataset/extracted/wseg_dataset/sample/75549923.jpg,data/datasets/external/hf_wseg_dataset/extracted/wseg_dataset/mask/75549923.jpg,PUBLIC_REAL_PHOTOS,CC-BY-NC-4.0,fbf96aa0fc932394231414651019831efc9cb650a4c988372d4ebbaea1a56696
wseg_75550995,train,positive,wound_unspecified,False,0.24746,wseg:75550995,data/datasets/unet_deduped_subject/images/wseg_75550995.png,data/datasets/unet_deduped_subject/masks/wseg_75550995.png,hf_wseg_dataset,data/datasets/external/hf_wseg_dataset/extracted/wseg_dataset/sample/75550995.jpg,data/datasets/external/hf_wseg_dataset/extracted/wseg_dataset/mask/75550995.jpg,PUBLIC_REAL_PHOTOS,CC-BY-NC-4.0,30a19a6e78caac09ba5df05db25be5e4d3bcd28a35f1881681893c1885e36094
wseg_75551858,train,positive,wound_unspecified,False,0.208806,wseg:75551858,data/datasets/unet_deduped_subject/images/wseg_75551858.png,data/datasets/unet_deduped_subject/masks/wseg_75551858.png,hf_wseg_dataset,data/datasets/external/hf_wseg_dataset/extracted/wseg_dataset/sample/75551858.jpg,data/datasets/external/hf_wseg_dataset/extracted/wseg_dataset/mask/75551858.jpg,PUBLIC_REAL_PHOTOS,CC-BY-NC-4.0,92024631af91af40b2c9c8cbaa2cb3ca07349cc2151d985730a4539874536d64
wseg_75552957,test,positive,wound_unspecified,False,0.351101,wseg:75552957,data/datasets/unet_deduped_subject/images/wseg_75552957.png,data/datasets/unet_deduped_subject/masks/wseg_75552957.png,hf_wseg_dataset,data/datasets/external/hf_wseg_dataset/extracted/wseg_dataset/sample/75552957.jpg,data/datasets/external/hf_wseg_dataset/extracted/wseg_dataset/mask/75552957.jpg,PUBLIC_REAL_PHOTOS,CC-BY-NC-4.0,8e52c4fb2ac18e7c6edc744742542a3e66767e9b3471a63f648ce099b831c47c
wseg_75554136,val,positive,wound_unspecified,False,0.162202,wseg:75554136,data/datasets/unet_deduped_subject/images/wseg_75554136.png,data/datasets/unet_deduped_subject/masks/wseg_75554136.png,hf_wseg_dataset,data/datasets/external/hf_wseg_dataset/extracted/wseg_dataset/sample/75554136.jpg,data/datasets/external/hf_wseg_dataset/extracted/wseg_dataset/mask/75554136.jpg,PUBLIC_REAL_PHOTOS,CC-BY-NC-4.0,a28f3d99691a734ef91db12c72e43aee19a7429c469ae622fa715a7ba760b29e
wseg_75554447,train,positive,wound_unspecified,False,0.193764,wseg:75554447,data/datasets/unet_deduped_subject/images/wseg_75554447.png,data/datasets/unet_deduped_subject/masks/wseg_75554447.png,hf_wseg_dataset,data/datasets/external/hf_wseg_dataset/extracted/wseg_dataset/sample/75554447.jpg,data/datasets/external/hf_wseg_dataset/extracted/wseg_dataset/mask/75554447.jpg,PUBLIC_REAL_PHOTOS,CC-BY-NC-4.0,f5b2285848fec11e37ea49536aa084d5e3a0d08d80ac82b0fce559fc90b0b674
wseg_75554794,train,positive,wound_unspecified,False,0.063262,wseg:75554794,data/datasets/unet_deduped_subject/images/wseg_75554794.png,data/datasets/unet_deduped_subject/masks/wseg_75554794.png,hf_wseg_dataset,data/datasets/external/hf_wseg_dataset/extracted/wseg_dataset/sample/75554794.jpg,data/datasets/external/hf_wseg_dataset/extracted/wseg_dataset/mask/75554794.jpg,PUBLIC_REAL_PHOTOS,CC-BY-NC-4.0,e8eff272016ff9811159ce435456999cefdff5f4428dcc2b11bcbf0dd2a8789f
wseg_75554978,train,positive,wound_unspecified,False,0.41178,wseg:75554978,data/datasets/unet_deduped_subject/images/wseg_75554978.png,data/datasets/unet_deduped_subject/masks/wseg_75554978.png,hf_wseg_dataset,data/datasets/external/hf_wseg_dataset/extracted/wseg_dataset/sample/75554978.jpg,data/datasets/external/hf_wseg_dataset/extracted/wseg_dataset/mask/75554978.jpg,PUBLIC_REAL_PHOTOS,CC-BY-NC-4.0,7fb0db79014a453e91bfe8f3011a822c5424486d658997853a722a7ce255a227
wseg_75555117,test,positive,wound_unspecified,False,0.58121,wseg:75555117,data/datasets/unet_deduped_subject/images/wseg_75555117.png,data/datasets/unet_deduped_subject/masks/wseg_75555117.png,hf_wseg_dataset,data/datasets/external/hf_wseg_dataset/extracted/wseg_dataset/sample/75555117.jpg,data/datasets/external/hf_wseg_dataset/extracted/wseg_dataset/mask/75555117.jpg,PUBLIC_REAL_PHOTOS,CC-BY-NC-4.0,d09bc3b5828492c669dd6881dfa7287774b3aa20056e03f1ce253675592fd8b7
wseg_75555416,train,positive,wound_unspecified,False,0.463231,wseg:75555416,data/datasets/unet_deduped_subject/images/wseg_75555416.png,data/datasets/unet_deduped_subject/masks/wseg_75555416.png,hf_wseg_dataset,data/datasets/external/hf_wseg_dataset/extracted/wseg_dataset/sample/75555416.jpg,data/datasets/external/hf_wseg_dataset/extracted/wseg_dataset/mask/75555416.jpg,PUBLIC_REAL_PHOTOS,CC-BY-NC-4.0,f2ad2b9e5a604dedba82caaad6f3c6143bf296f7bfc1a667d675db1786d11184
wseg_75555725,train,positive,wound_unspecified,False,0.143217,wseg:75555725,data/datasets/unet_deduped_subject/images/wseg_75555725.png,data/datasets/unet_deduped_subject/masks/wseg_75555725.png,hf_wseg_dataset,data/datasets/external/hf_wseg_dataset/extracted/wseg_dataset/sample/75555725.jpg,data/datasets/external/hf_wseg_dataset/extracted/wseg_dataset/mask/75555725.jpg,PUBLIC_REAL_PHOTOS,CC-BY-NC-4.0,7e61465409c56c2e3eaea198e4dd0a4da222559b76c9cbae70d0739c283ad21f
wseg_75556120,train,positive,wound_unspecified,False,0.103659,wseg:75556120,data/datasets/unet_deduped_subject/images/wseg_75556120.png,data/datasets/unet_deduped_subject/masks/wseg_75556120.png,hf_wseg_dataset,data/datasets/external/hf_wseg_dataset/extracted/wseg_dataset/sample/75556120.jpg,data/datasets/external/hf_wseg_dataset/extracted/wseg_dataset/mask/75556120.jpg,PUBLIC_REAL_PHOTOS,CC-BY-NC-4.0,0c5824ed3c350d34b49ed07e4d02703a09cc953aac02e5f8486ae9f1dd73826e
wseg_75556303,test,positive,wound_unspecified,False,0.451402,wseg:75556303,data/datasets/unet_deduped_subject/images/wseg_75556303.png,data/datasets/unet_deduped_subject/masks/wseg_75556303.png,hf_wseg_dataset,data/datasets/external/hf_wseg_dataset/extracted/wseg_dataset/sample/75556303.jpg,data/datasets/external/hf_wseg_dataset/extracted/wseg_dataset/mask/75556303.jpg,PUBLIC_REAL_PHOTOS,CC-BY-NC-4.0,959f4079a134b14922edef1e1ce9058f13c661fb7253d853e7b5fa7bdfe51de5
wseg_75556883,train,positive,wound_unspecified,False,0.183359,wseg:75556883,data/datasets/unet_deduped_subject/images/wseg_75556883.png,data/datasets/unet_deduped_subject/masks/wseg_75556883.png,hf_wseg_dataset,data/datasets/external/hf_wseg_dataset/extracted/wseg_dataset/sample/75556883.jpg,data/datasets/external/hf_wseg_dataset/extracted/wseg_dataset/mask/75556883.jpg,PUBLIC_REAL_PHOTOS,CC-BY-NC-4.0,35268d0d2ef027b0e9d4338e00a404e5bb3f5ae264d5dacb5cccf45968df8731
wseg_75559375,train,positive,wound_unspecified,False,0.108059,wseg:75559375,data/datasets/unet_deduped_subject/images/wseg_75559375.png,data/datasets/unet_deduped_subject/masks/wseg_75559375.png,hf_wseg_dataset,data/datasets/external/hf_wseg_dataset/extracted/wseg_dataset/sample/75559375.jpg,data/datasets/external/hf_wseg_dataset/extracted/wseg_dataset/mask/75559375.jpg,PUBLIC_REAL_PHOTOS,CC-BY-NC-4.0,1484a25ec1105e7657625b8a393bab6516fa270ca636722ca38ebffb6b2a19ad
wseg_75559590,train,positive,wound_unspecified,False,0.238068,wseg:75559590,data/datasets/unet_deduped_subject/images/wseg_75559590.png,data/datasets/unet_deduped_subject/masks/wseg_75559590.png,hf_wseg_dataset,data/datasets/external/hf_wseg_dataset/extracted/wseg_dataset/sample/75559590.jpg,data/datasets/external/hf_wseg_dataset/extracted/wseg_dataset/mask/75559590.jpg,PUBLIC_REAL_PHOTOS,CC-BY-NC-4.0,66a56c02ac206fdd1759eed4e18be922675486b66a894e5f9a23f4a71a0bd392
wseg_75559908,train,positive,wound_unspecified,False,0.122489,wseg:75559908,data/datasets/unet_deduped_subject/images/wseg_75559908.png,data/datasets/unet_deduped_subject/masks/wseg_75559908.png,hf_wseg_dataset,data/datasets/external/hf_wseg_dataset/extracted/wseg_dataset/sample/75559908.jpg,data/datasets/external/hf_wseg_dataset/extracted/wseg_dataset/mask/75559908.jpg,PUBLIC_REAL_PHOTOS,CC-BY-NC-4.0,cd705514ab1ab97002102642c097a49a31099db76018777484cf839f4360057a
wseg_75560106,train,positive,wound_unspecified,False,0.09852,wseg:75560106,data/datasets/unet_deduped_subject/images/wseg_75560106.png,data/datasets/unet_deduped_subject/masks/wseg_75560106.png,hf_wseg_dataset,data/datasets/external/hf_wseg_dataset/extracted/wseg_dataset/sample/75560106.jpg,data/datasets/external/hf_wseg_dataset/extracted/wseg_dataset/mask/75560106.jpg,PUBLIC_REAL_PHOTOS,CC-BY-NC-4.0,0d5d67837f9ddf59f8d0a5ea59971adb75116d9fa1c1695e6c7e57dcbe0e5a86
wseg_75560252,val,positive,wound_unspecified,False,0.263159,wseg:75560252,data/datasets/unet_deduped_subject/images/wseg_75560252.png,data/datasets/unet_deduped_subject/masks/wseg_75560252.png,hf_wseg_dataset,data/datasets/external/hf_wseg_dataset/extracted/wseg_dataset/sample/75560252.jpg,data/datasets/external/hf_wseg_dataset/extracted/wseg_dataset/mask/75560252.jpg,PUBLIC_REAL_PHOTOS,CC-BY-NC-4.0,a3c579aecce4dc99d7d8f24d5f7bf86d246099f9ec48219eeed9d2f76faf229b
wseg_75560456,test,positive,wound_unspecified,False,0.228256,wseg:75560456,data/datasets/unet_deduped_subject/images/wseg_75560456.png,data/datasets/unet_deduped_subject/masks/wseg_75560456.png,hf_wseg_dataset,data/datasets/external/hf_wseg_dataset/extracted/wseg_dataset/sample/75560456.jpg,data/datasets/external/hf_wseg_dataset/extracted/wseg_dataset/mask/75560456.jpg,PUBLIC_REAL_PHOTOS,CC-BY-NC-4.0,20d0b8d9440b85cb7ae3e592a5d6695eb8963d68d66b793844774929fa7a207b
wseg_75560660,train,positive,wound_unspecified,False,0.036473,wseg:75560660,data/datasets/unet_deduped_subject/images/wseg_75560660.png,data/datasets/unet_deduped_subject/masks/wseg_75560660.png,hf_wseg_dataset,data/datasets/external/hf_wseg_dataset/extracted/wseg_dataset/sample/75560660.jpg,data/datasets/external/hf_wseg_dataset/extracted/wseg_dataset/mask/75560660.jpg,PUBLIC_REAL_PHOTOS,CC-BY-NC-4.0,9cdde5a9ed6809e5cc0aeb336e7cbaccb5fd2362a7f20d3ccdb3889d354e1eec
wseg_75560784,val,positive,wound_unspecified,False,0.235312,wseg:75560784,data/datasets/unet_deduped_subject/images/wseg_75560784.png,data/datasets/unet_deduped_subject/masks/wseg_75560784.png,hf_wseg_dataset,data/datasets/external/hf_wseg_dataset/extracted/wseg_dataset/sample/75560784.jpg,data/datasets/external/hf_wseg_dataset/extracted/wseg_dataset/mask/75560784.jpg,PUBLIC_REAL_PHOTOS,CC-BY-NC-4.0,04fea6f225ca6cebb25434a9861bbc3dc8471ae4b6afe0204dd2614c98c4d551
wseg_75560863,train,positive,wound_unspecified,False,0.587755,wseg:75560863,data/datasets/unet_deduped_subject/images/wseg_75560863.png,data/datasets/unet_deduped_subject/masks/wseg_75560863.png,hf_wseg_dataset,data/datasets/external/hf_wseg_dataset/extracted/wseg_dataset/sample/75560863.jpg,data/datasets/external/hf_wseg_dataset/extracted/wseg_dataset/mask/75560863.jpg,PUBLIC_REAL_PHOTOS,CC-BY-NC-4.0,c87079f0f7b3fc4d234ecf519f7c98cad1f77751bcc5f51d36112b26b6d87923
wseg_75560928,train,positive,wound_unspecified,False,0.600953,wseg:75560928,data/datasets/unet_deduped_subject/images/wseg_75560928.png,data/datasets/unet_deduped_subject/masks/wseg_75560928.png,hf_wseg_dataset,data/datasets/external/hf_wseg_dataset/extracted/wseg_dataset/sample/75560928.jpg,data/datasets/external/hf_wseg_dataset/extracted/wseg_dataset/mask/75560928.jpg,PUBLIC_REAL_PHOTOS,CC-BY-NC-4.0,949aa5e0e4fdc72cbe94511f84cbf33a9c8d8bac1a155c56fb63df5b95d36360
wseg_75561020,val,positive,wound_unspecified,False,0.39828,wseg:75561020,data/datasets/unet_deduped_subject/images/wseg_75561020.png,data/datasets/unet_deduped_subject/masks/wseg_75561020.png,hf_wseg_dataset,data/datasets/external/hf_wseg_dataset/extracted/wseg_dataset/sample/75561020.jpg,data/datasets/external/hf_wseg_dataset/extracted/wseg_dataset/mask/75561020.jpg,PUBLIC_REAL_PHOTOS,CC-BY-NC-4.0,b07f2f0a3b3dec2481f5b98f60a31aa25287ec17b3808d6a2340b5b01921399a
wseg_75561068,train,positive,wound_unspecified,False,0.056626,wseg:75561068,data/datasets/unet_deduped_subject/images/wseg_75561068.png,data/datasets/unet_deduped_subject/masks/wseg_75561068.png,hf_wseg_dataset,data/datasets/external/hf_wseg_dataset/extracted/wseg_dataset/sample/75561068.jpg,data/datasets/external/hf_wseg_dataset/extracted/wseg_dataset/mask/75561068.jpg,PUBLIC_REAL_PHOTOS,CC-BY-NC-4.0,03f2c09489c8fc9b2fd0ea25287274f0baeb18b3fbe31a61211b77937c05e6f0
wseg_75561136,train,positive,wound_unspecified,False,0.209098,wseg:75561136,data/datasets/unet_deduped_subject/images/wseg_75561136.png,data/datasets/unet_deduped_subject/masks/wseg_75561136.png,hf_wseg_dataset,data/datasets/external/hf_wseg_dataset/extracted/wseg_dataset/sample/75561136.jpg,data/datasets/external/hf_wseg_dataset/extracted/wseg_dataset/mask/75561136.jpg,PUBLIC_REAL_PHOTOS,CC-BY-NC-4.0,6b19cd54a7c9185691d2bd6b5148f4721598acd5c2a35097a47fbbf70bfedee0
wseg_75561182,train,positive,wound_unspecified,False,0.576793,wseg:75561182,data/datasets/unet_deduped_subject/images/wseg_75561182.png,data/datasets/unet_deduped_subject/masks/wseg_75561182.png,hf_wseg_dataset,data/datasets/external/hf_wseg_dataset/extracted/wseg_dataset/sample/75561182.jpg,data/datasets/external/hf_wseg_dataset/extracted/wseg_dataset/mask/75561182.jpg,PUBLIC_REAL_PHOTOS,CC-BY-NC-4.0,a1cab490ee3953d4b0ce8cddbb1652c578107b73745466a9635be8c7935554a9
wseg_75561241,train,positive,wound_unspecified,False,0.17728,wseg:75561241,data/datasets/unet_deduped_subject/images/wseg_75561241.png,data/datasets/unet_deduped_subject/masks/wseg_75561241.png,hf_wseg_dataset,data/datasets/external/hf_wseg_dataset/extracted/wseg_dataset/sample/75561241.jpg,data/datasets/external/hf_wseg_dataset/extracted/wseg_dataset/mask/75561241.jpg,PUBLIC_REAL_PHOTOS,CC-BY-NC-4.0,85f484d972b30f9f0a5a37b95deef75831f2b938950a59222d3b9791358d38f1
wseg_75561267_2,train,positive,wound_unspecified,False,0.345214,wseg:75561267_2,data/datasets/unet_deduped_subject/images/wseg_75561267_2.png,data/datasets/unet_deduped_subject/masks/wseg_75561267_2.png,hf_wseg_dataset,data/datasets/external/hf_wseg_dataset/extracted/wseg_dataset/sample/75561267_2.jpg,data/datasets/external/hf_wseg_dataset/extracted/wseg_dataset/mask/75561267_2.jpg,PUBLIC_REAL_PHOTOS,CC-BY-NC-4.0,66526dca40bdb7076b8727b9d31b59cd3ca954f6ea61218a522923084d30745a
wseg_75561299,test,positive,wound_unspecified,False,0.192286,wseg:75561299,data/datasets/unet_deduped_subject/images/wseg_75561299.png,data/datasets/unet_deduped_subject/masks/wseg_75561299.png,hf_wseg_dataset,data/datasets/external/hf_wseg_dataset/extracted/wseg_dataset/sample/75561299.jpg,data/datasets/external/hf_wseg_dataset/extracted/wseg_dataset/mask/75561299.jpg,PUBLIC_REAL_PHOTOS,CC-BY-NC-4.0,b26c5fd5c4deb231fc902ca8cb42590189a8400403a967e8f030f12f79294f45
wseg_75561349,test,positive,wound_unspecified,False,0.151806,wseg:75561349,data/datasets/unet_deduped_subject/images/wseg_75561349.png,data/datasets/unet_deduped_subject/masks/wseg_75561349.png,hf_wseg_dataset,data/datasets/external/hf_wseg_dataset/extracted/wseg_dataset/sample/75561349.jpg,data/datasets/external/hf_wseg_dataset/extracted/wseg_dataset/mask/75561349.jpg,PUBLIC_REAL_PHOTOS,CC-BY-NC-4.0,a445747380e8a41946993e4d95f1aea58a4dc9ef73e32d3cf20dc33ff478138e
wseg_75561379,val,positive,wound_unspecified,False,0.05669,wseg:75561379,data/datasets/unet_deduped_subject/images/wseg_75561379.png,data/datasets/unet_deduped_subject/masks/wseg_75561379.png,hf_wseg_dataset,data/datasets/external/hf_wseg_dataset/extracted/wseg_dataset/sample/75561379.jpg,data/datasets/external/hf_wseg_dataset/extracted/wseg_dataset/mask/75561379.jpg,PUBLIC_REAL_PHOTOS,CC-BY-NC-4.0,1f01a116630d00e3da71cd1d9140ff7664cb383c7b40c87342913b701f512dcb
wseg_75561407,train,positive,wound_unspecified,False,0.069925,wseg:75561407,data/datasets/unet_deduped_subject/images/wseg_75561407.png,data/datasets/unet_deduped_subject/masks/wseg_75561407.png,hf_wseg_dataset,data/datasets/external/hf_wseg_dataset/extracted/wseg_dataset/sample/75561407.jpg,data/datasets/external/hf_wseg_dataset/extracted/wseg_dataset/mask/75561407.jpg,PUBLIC_REAL_PHOTOS,CC-BY-NC-4.0,74e8ad433e6b77d7ca6e5c5ca19e9af908eabb21299ddd9de05819af6644374a
wseg_75561434,train,positive,wound_unspecified,False,0.085487,wseg:75561434,data/datasets/unet_deduped_subject/images/wseg_75561434.png,data/datasets/unet_deduped_subject/masks/wseg_75561434.png,hf_wseg_dataset,data/datasets/external/hf_wseg_dataset/extracted/wseg_dataset/sample/75561434.jpg,data/datasets/external/hf_wseg_dataset/extracted/wseg_dataset/mask/75561434.jpg,PUBLIC_REAL_PHOTOS,CC-BY-NC-4.0,34b248b2dcbe173f0e8c28b6c482f5c054b82ea3dadef33f00ee3e4d4e2a3791
wseg_75561468,train,positive,wound_unspecified,False,0.133533,wseg:75561468,data/datasets/unet_deduped_subject/images/wseg_75561468.png,data/datasets/unet_deduped_subject/masks/wseg_75561468.png,hf_wseg_dataset,data/datasets/external/hf_wseg_dataset/extracted/wseg_dataset/sample/75561468.jpg,data/datasets/external/hf_wseg_dataset/extracted/wseg_dataset/mask/75561468.jpg,PUBLIC_REAL_PHOTOS,CC-BY-NC-4.0,1f0386f3612cdf4b7390f9ce3c5aa643d34705e58ad8220116fbec39bddce5ba
wseg_75561509,train,positive,wound_unspecified,False,0.250691,wseg:75561509,data/datasets/unet_deduped_subject/images/wseg_75561509.png,data/datasets/unet_deduped_subject/masks/wseg_75561509.png,hf_wseg_dataset,data/datasets/external/hf_wseg_dataset/extracted/wseg_dataset/sample/75561509.jpg,data/datasets/external/hf_wseg_dataset/extracted/wseg_dataset/mask/75561509.jpg,PUBLIC_REAL_PHOTOS,CC-BY-NC-4.0,0423a98a3740cc28e7fc8052945b6bf71fe7873de03989c32aba64c709176432
wseg_75561556,test,positive,wound_unspecified,False,0.045308,wseg:75561556,data/datasets/unet_deduped_subject/images/wseg_75561556.png,data/datasets/unet_deduped_subject/masks/wseg_75561556.png,hf_wseg_dataset,data/datasets/external/hf_wseg_dataset/extracted/wseg_dataset/sample/75561556.jpg,data/datasets/external/hf_wseg_dataset/extracted/wseg_dataset/mask/75561556.jpg,PUBLIC_REAL_PHOTOS,CC-BY-NC-4.0,96dc3ce6e78132c63a7df63e32a68e4a69ee5af4fc81bd3742be6c45bf4f286e
wseg_75561591,test,positive,wound_unspecified,False,0.060323,wseg:75561591,data/datasets/unet_deduped_subject/images/wseg_75561591.png,data/datasets/unet_deduped_subject/masks/wseg_75561591.png,hf_wseg_dataset,data/datasets/external/hf_wseg_dataset/extracted/wseg_dataset/sample/75561591.jpg,data/datasets/external/hf_wseg_dataset/extracted/wseg_dataset/mask/75561591.jpg,PUBLIC_REAL_PHOTOS,CC-BY-NC-4.0,bec5e3e222e89c48d167fba57034cc8af7fdb90f3f5c27bc767bbd6013219b74
wseg_75561643_2,train,positive,wound_unspecified,False,0.163069,wseg:75561643_2,data/datasets/unet_deduped_subject/images/wseg_75561643_2.png,data/datasets/unet_deduped_subject/masks/wseg_75561643_2.png,hf_wseg_dataset,data/datasets/external/hf_wseg_dataset/extracted/wseg_dataset/sample/75561643_2.jpg,data/datasets/external/hf_wseg_dataset/extracted/wseg_dataset/mask/75561643_2.jpg,PUBLIC_REAL_PHOTOS,CC-BY-NC-4.0,9e5ed72b655886e2e9850f287744acd952697f3a980033d0238f85cb77639979
wseg_75561712,val,positive,wound_unspecified,False,0.348107,wseg:75561712,data/datasets/unet_deduped_subject/images/wseg_75561712.png,data/datasets/unet_deduped_subject/masks/wseg_75561712.png,hf_wseg_dataset,data/datasets/external/hf_wseg_dataset/extracted/wseg_dataset/sample/75561712.jpg,data/datasets/external/hf_wseg_dataset/extracted/wseg_dataset/mask/75561712.jpg,PUBLIC_REAL_PHOTOS,CC-BY-NC-4.0,789e354cbe297220ae8b4d06d859fa183f9ee4fad1cbb16577486409323181a9
wseg_75561746,train,positive,wound_unspecified,False,0.191902,wseg:75561746,data/datasets/unet_deduped_subject/images/wseg_75561746.png,data/datasets/unet_deduped_subject/masks/wseg_75561746.png,hf_wseg_dataset,data/datasets/external/hf_wseg_dataset/extracted/wseg_dataset/sample/75561746.jpg,data/datasets/external/hf_wseg_dataset/extracted/wseg_dataset/mask/75561746.jpg,PUBLIC_REAL_PHOTOS,CC-BY-NC-4.0,d2965b87678e8753e9ea1d3cd773075a33a6f309c7d87c6355b72cfd0a5575f6
medetec_train_foot-ulcer-0001,train,positive,foot_ulcer,False,0.118363,medetec:foot-ulcer-0001,data/datasets/unet_deduped_subject/images/medetec_train_foot-ulcer-0001.png,data/datasets/unet_deduped_subject/masks/medetec_train_foot-ulcer-0001.png,medetec_foot_ulcer_224,data/datasets/external/wound-segmentation/data/Medetec_foot_ulcer_224/train/images/foot-ulcer-0001.png,data/datasets/external/wound-segmentation/data/Medetec_foot_ulcer_224/train/labels/foot-ulcer-0001.png,PUBLIC_REAL_PHOTOS,Medetec + UWM annotated 224px,352e537c26194bd22753466cc7a6daba36480bd7cf1b740a8e40245c4b568667
medetec_train_foot-ulcer-0001_1,train,positive,foot_ulcer,False,0.118503,medetec:foot-ulcer-0001_1,data/datasets/unet_deduped_subject/images/medetec_train_foot-ulcer-0001_1.png,data/datasets/unet_deduped_subject/masks/medetec_train_foot-ulcer-0001_1.png,medetec_foot_ulcer_224,data/datasets/external/wound-segmentation/data/Medetec_foot_ulcer_224/train/images/foot-ulcer-0001_1.png,data/datasets/external/wound-segmentation/data/Medetec_foot_ulcer_224/train/labels/foot-ulcer-0001_1.png,PUBLIC_REAL_PHOTOS,Medetec + UWM annotated 224px,f4389cbbb1de1b081af629063d830f8b5f9caedbaeab69802cd05430d85fdf1b
medetec_train_foot-ulcer-0001_2,train,positive,foot_ulcer,False,0.118363,medetec:foot-ulcer-0001_2,data/datasets/unet_deduped_subject/images/medetec_train_foot-ulcer-0001_2.png,data/datasets/unet_deduped_subject/masks/medetec_train_foot-ulcer-0001_2.png,medetec_foot_ulcer_224,data/datasets/external/wound-segmentation/data/Medetec_foot_ulcer_224/train/images/foot-ulcer-0001_2.png,data/datasets/external/wound-segmentation/data/Medetec_foot_ulcer_224/train/labels/foot-ulcer-0001_2.png,PUBLIC_REAL_PHOTOS,Medetec + UWM annotated 224px,134c1f0de2bb93186e4e52644be6813e4842de09fdbc82888c663c0cc7c8ea78
medetec_train_foot-ulcer-0001_3,train,positive,foot_ulcer,False,0.118503,medetec:foot-ulcer-0001_3,data/datasets/unet_deduped_subject/images/medetec_train_foot-ulcer-0001_3.png,data/datasets/unet_deduped_subject/masks/medetec_train_foot-ulcer-0001_3.png,medetec_foot_ulcer_224,data/datasets/external/wound-segmentation/data/Medetec_foot_ulcer_224/train/images/foot-ulcer-0001_3.png,data/datasets/external/wound-segmentation/data/Medetec_foot_ulcer_224/train/labels/foot-ulcer-0001_3.png,PUBLIC_REAL_PHOTOS,Medetec + UWM annotated 224px,147b8f526d77e753acfff3c2c2d1914a00725645c23c6d37219c1589bbead189
medetec_train_foot-ulcer-0003,test,positive,foot_ulcer,False,0.081912,medetec:foot-ulcer-0003,data/datasets/unet_deduped_subject/images/medetec_train_foot-ulcer-0003.png,data/datasets/unet_deduped_subject/masks/medetec_train_foot-ulcer-0003.png,medetec_foot_ulcer_224,data/datasets/external/wound-segmentation/data/Medetec_foot_ulcer_224/train/images/foot-ulcer-0003.png,data/datasets/external/wound-segmentation/data/Medetec_foot_ulcer_224/train/labels/foot-ulcer-0003.png,PUBLIC_REAL_PHOTOS,Medetec + UWM annotated 224px,b1f6d39bdff0aa0ba28430ef18ddaef912bdef07e543ef0db215f48c278fe041
medetec_train_foot-ulcer-0003_1,train,positive,foot_ulcer,False,0.081872,medetec:foot-ulcer-0003_1,data/datasets/unet_deduped_subject/images/medetec_train_foot-ulcer-0003_1.png,data/datasets/unet_deduped_subject/masks/medetec_train_foot-ulcer-0003_1.png,medetec_foot_ulcer_224,data/datasets/external/wound-segmentation/data/Medetec_foot_ulcer_224/train/images/foot-ulcer-0003_1.png,data/datasets/external/wound-segmentation/data/Medetec_foot_ulcer_224/train/labels/foot-ulcer-0003_1.png,PUBLIC_REAL_PHOTOS,Medetec + UWM annotated 224px,60993603420ba1671b7cd420cdd3fce24ae061b08a466f5ad706c26b94fab268
medetec_train_foot-ulcer-0003_2,train,positive,foot_ulcer,False,0.081912,medetec:foot-ulcer-0003_2,data/datasets/unet_deduped_subject/images/medetec_train_foot-ulcer-0003_2.png,data/datasets/unet_deduped_subject/masks/medetec_train_foot-ulcer-0003_2.png,medetec_foot_ulcer_224,data/datasets/external/wound-segmentation/data/Medetec_foot_ulcer_224/train/images/foot-ulcer-0003_2.png,data/datasets/external/wound-segmentation/data/Medetec_foot_ulcer_224/train/labels/foot-ulcer-0003_2.png,PUBLIC_REAL_PHOTOS,Medetec + UWM annotated 224px,be9135437a371eefbfee9a906f2576eca644ba73a8952fde44aa2822467e1641
medetec_train_foot-ulcer-0003_3,train,positive,foot_ulcer,False,0.081872,medetec:foot-ulcer-0003_3,data/datasets/unet_deduped_subject/images/medetec_train_foot-ulcer-0003_3.png,data/datasets/unet_deduped_subject/masks/medetec_train_foot-ulcer-0003_3.png,medetec_foot_ulcer_224,data/datasets/external/wound-segmentation/data/Medetec_foot_ulcer_224/train/images/foot-ulcer-0003_3.png,data/datasets/external/wound-segmentation/data/Medetec_foot_ulcer_224/train/labels/foot-ulcer-0003_3.png,PUBLIC_REAL_PHOTOS,Medetec + UWM annotated 224px,85c41413aefbff9eb382e990fed1da62c1efdc7b3071a32f21e2333c8f00e445
medetec_train_foot-ulcer-0004,train,positive,foot_ulcer,False,0.03416,medetec:foot-ulcer-0004,data/datasets/unet_deduped_subject/images/medetec_train_foot-ulcer-0004.png,data/datasets/unet_deduped_subject/masks/medetec_train_foot-ulcer-0004.png,medetec_foot_ulcer_224,data/datasets/external/wound-segmentation/data/Medetec_foot_ulcer_224/train/images/foot-ulcer-0004.png,data/datasets/external/wound-segmentation/data/Medetec_foot_ulcer_224/train/labels/foot-ulcer-0004.png,PUBLIC_REAL_PHOTOS,Medetec + UWM annotated 224px,2586323d3dc6a06669bfb10360a48316ced7640fde94ea5f07af3614e2458f31
medetec_train_foot-ulcer-0004_1,train,positive,foot_ulcer,False,0.0341,medetec:foot-ulcer-0004_1,data/datasets/unet_deduped_subject/images/medetec_train_foot-ulcer-0004_1.png,data/datasets/unet_deduped_subject/masks/medetec_train_foot-ulcer-0004_1.png,medetec_foot_ulcer_224,data/datasets/external/wound-segmentation/data/Medetec_foot_ulcer_224/train/images/foot-ulcer-0004_1.png,data/datasets/external/wound-segmentation/data/Medetec_foot_ulcer_224/train/labels/foot-ulcer-0004_1.png,PUBLIC_REAL_PHOTOS,Medetec + UWM annotated 224px,1383dd163545ab13a8e8e83bf2f6c49ef7483ecc97981049f3ffc921dee5e055
medetec_train_foot-ulcer-0004_2,train,positive,foot_ulcer,False,0.03416,medetec:foot-ulcer-0004_2,data/datasets/unet_deduped_subject/images/medetec_train_foot-ulcer-0004_2.png,data/datasets/unet_deduped_subject/masks/medetec_train_foot-ulcer-0004_2.png,medetec_foot_ulcer_224,data/datasets/external/wound-segmentation/data/Medetec_foot_ulcer_224/train/images/foot-ulcer-0004_2.png,data/datasets/external/wound-segmentation/data/Medetec_foot_ulcer_224/train/labels/foot-ulcer-0004_2.png,PUBLIC_REAL_PHOTOS,Medetec + UWM annotated 224px,44dc1a453388861258a4cbf3488da3af852f07dc78227d305474f756ce38782d
medetec_train_foot-ulcer-0004_3,train,positive,foot_ulcer,False,0.0341,medetec:foot-ulcer-0004_3,data/datasets/unet_deduped_subject/images/medetec_train_foot-ulcer-0004_3.png,data/datasets/unet_deduped_subject/masks/medetec_train_foot-ulcer-0004_3.png,medetec_foot_ulcer_224,data/datasets/external/wound-segmentation/data/Medetec_foot_ulcer_224/train/images/foot-ulcer-0004_3.png,data/datasets/external/wound-segmentation/data/Medetec_foot_ulcer_224/train/labels/foot-ulcer-0004_3.png,PUBLIC_REAL_PHOTOS,Medetec + UWM annotated 224px,1b406653f46311371d7a9b3a987472bdca5b3d95ce9e080c7628f18952f916e9
medetec_train_foot-ulcer-0005,train,positive,foot_ulcer,False,0.121154,medetec:foot-ulcer-0005,data/datasets/unet_deduped_subject/images/medetec_train_foot-ulcer-0005.png,data/datasets/unet_deduped_subject/masks/medetec_train_foot-ulcer-0005.png,medetec_foot_ulcer_224,data/datasets/external/wound-segmentation/data/Medetec_foot_ulcer_224/train/images/foot-ulcer-0005.png,data/datasets/external/wound-segmentation/data/Medetec_foot_ulcer_224/train/labels/foot-ulcer-0005.png,PUBLIC_REAL_PHOTOS,Medetec + UWM annotated 224px,8e80f53eaa4be148da7e636977442d6d47b2e893df42000799e3af99605f8b57
medetec_train_foot-ulcer-0005_1,train,positive,foot_ulcer,False,0.121094,medetec:foot-ulcer-0005_1,data/datasets/unet_deduped_subject/images/medetec_train_foot-ulcer-0005_1.png,data/datasets/unet_deduped_subject/masks/medetec_train_foot-ulcer-0005_1.png,medetec_foot_ulcer_224,data/datasets/external/wound-segmentation/data/Medetec_foot_ulcer_224/train/images/foot-ulcer-0005_1.png,data/datasets/external/wound-segmentation/data/Medetec_foot_ulcer_224/train/labels/foot-ulcer-0005_1.png,PUBLIC_REAL_PHOTOS,Medetec + UWM annotated 224px,b343ee799ec59494fb6ea662da5ec860adb1468da6048d747de1999213578627
medetec_train_foot-ulcer-0005_2,train,positive,foot_ulcer,False,0.121154,medetec:foot-ulcer-0005_2,data/datasets/unet_deduped_subject/images/medetec_train_foot-ulcer-0005_2.png,data/datasets/unet_deduped_subject/masks/medetec_train_foot-ulcer-0005_2.png,medetec_foot_ulcer_224,data/datasets/external/wound-segmentation/data/Medetec_foot_ulcer_224/train/images/foot-ulcer-0005_2.png,data/datasets/external/wound-segmentation/data/Medetec_foot_ulcer_224/train/labels/foot-ulcer-0005_2.png,PUBLIC_REAL_PHOTOS,Medetec + UWM annotated 224px,19621769936cc4078ef87d3156ebfe06dbad51e70b979f020237070a32433b9e
medetec_train_foot-ulcer-0005_3,test,positive,foot_ulcer,False,0.121094,medetec:foot-ulcer-0005_3,data/datasets/unet_deduped_subject/images/medetec_train_foot-ulcer-0005_3.png,data/datasets/unet_deduped_subject/masks/medetec_train_foot-ulcer-0005_3.png,medetec_foot_ulcer_224,data/datasets/external/wound-segmentation/data/Medetec_foot_ulcer_224/train/images/foot-ulcer-0005_3.png,data/datasets/external/wound-segmentation/data/Medetec_foot_ulcer_224/train/labels/foot-ulcer-0005_3.png,PUBLIC_REAL_PHOTOS,Medetec + UWM annotated 224px,9e508d40b9ff358567ba0622eee53c592267c51384634653f7504b580d1fc578
medetec_train_foot-ulcer-0007,test,positive,foot_ulcer,False,0.114078,medetec:foot-ulcer-0007,data/datasets/unet_deduped_subject/images/medetec_train_foot-ulcer-0007.png,data/datasets/unet_deduped_subject/masks/medetec_train_foot-ulcer-0007.png,medetec_foot_ulcer_224,data/datasets/external/wound-segmentation/data/Medetec_foot_ulcer_224/train/images/foot-ulcer-0007.png,data/datasets/external/wound-segmentation/data/Medetec_foot_ulcer_224/train/labels/foot-ulcer-0007.png,PUBLIC_REAL_PHOTOS,Medetec + UWM annotated 224px,e967293df54ab9e44530570eee320f63c98c616fd40a49004b7b3495fb37e4d4
medetec_train_foot-ulcer-0007_1,val,positive,foot_ulcer,False,0.114138,medetec:foot-ulcer-0007_1,data/datasets/unet_deduped_subject/images/medetec_train_foot-ulcer-0007_1.png,data/datasets/unet_deduped_subject/masks/medetec_train_foot-ulcer-0007_1.png,medetec_foot_ulcer_224,data/datasets/external/wound-segmentation/data/Medetec_foot_ulcer_224/train/images/foot-ulcer-0007_1.png,data/datasets/external/wound-segmentation/data/Medetec_foot_ulcer_224/train/labels/foot-ulcer-0007_1.png,PUBLIC_REAL_PHOTOS,Medetec + UWM annotated 224px,29707ad842321ed9d87e41f55eac91e41c16b21a96b66e25b32c1fd86b3021a5
medetec_train_foot-ulcer-0007_2,train,positive,foot_ulcer,False,0.114078,medetec:foot-ulcer-0007_2,data/datasets/unet_deduped_subject/images/medetec_train_foot-ulcer-0007_2.png,data/datasets/unet_deduped_subject/masks/medetec_train_foot-ulcer-0007_2.png,medetec_foot_ulcer_224,data/datasets/external/wound-segmentation/data/Medetec_foot_ulcer_224/train/images/foot-ulcer-0007_2.png,data/datasets/external/wound-segmentation/data/Medetec_foot_ulcer_224/train/labels/foot-ulcer-0007_2.png,PUBLIC_REAL_PHOTOS,Medetec + UWM annotated 224px,9ed3491308e69978af803d5d02721100c7234849755a58fe86ef7beac9c9a7bf
medetec_train_foot-ulcer-0008,train,positive,foot_ulcer,False,0.111149,medetec:foot-ulcer-0008,data/datasets/unet_deduped_subject/images/medetec_train_foot-ulcer-0008.png,data/datasets/unet_deduped_subject/masks/medetec_train_foot-ulcer-0008.png,medetec_foot_ulcer_224,data/datasets/external/wound-segmentation/data/Medetec_foot_ulcer_224/train/images/foot-ulcer-0008.png,data/datasets/external/wound-segmentation/data/Medetec_foot_ulcer_224/train/labels/foot-ulcer-0008.png,PUBLIC_REAL_PHOTOS,Medetec + UWM annotated 224px,5ebf6ce5ab153e56806bfd1246a5cb0dba5f9fef5be30f59beed667b325c554f
medetec_train_foot-ulcer-0008_1,train,positive,foot_ulcer,False,0.11089,medetec:foot-ulcer-0008_1,data/datasets/unet_deduped_subject/images/medetec_train_foot-ulcer-0008_1.png,data/datasets/unet_deduped_subject/masks/medetec_train_foot-ulcer-0008_1.png,medetec_foot_ulcer_224,data/datasets/external/wound-segmentation/data/Medetec_foot_ulcer_224/train/images/foot-ulcer-0008_1.png,data/datasets/external/wound-segmentation/data/Medetec_foot_ulcer_224/train/labels/foot-ulcer-0008_1.png,PUBLIC_REAL_PHOTOS,Medetec + UWM annotated 224px,f3f57db75fb10eb57ea37de7d5104cd03123b9c1031431f3295be4762cef1834
medetec_train_foot-ulcer-0008_2,val,positive,foot_ulcer,False,0.111149,medetec:foot-ulcer-0008_2,data/datasets/unet_deduped_subject/images/medetec_train_foot-ulcer-0008_2.png,data/datasets/unet_deduped_subject/masks/medetec_train_foot-ulcer-0008_2.png,medetec_foot_ulcer_224,data/datasets/external/wound-segmentation/data/Medetec_foot_ulcer_224/train/images/foot-ulcer-0008_2.png,data/datasets/external/wound-segmentation/data/Medetec_foot_ulcer_224/train/labels/foot-ulcer-0008_2.png,PUBLIC_REAL_PHOTOS,Medetec + UWM annotated 224px,7fe8f02b7d7a0d724849c0be9529d98f2e839d5423ee26e0680f37f73998bf11
medetec_train_foot-ulcer-0008_3,test,positive,foot_ulcer,False,0.11089,medetec:foot-ulcer-0008_3,data/datasets/unet_deduped_subject/images/medetec_train_foot-ulcer-0008_3.png,data/datasets/unet_deduped_subject/masks/medetec_train_foot-ulcer-0008_3.png,medetec_foot_ulcer_224,data/datasets/external/wound-segmentation/data/Medetec_foot_ulcer_224/train/images/foot-ulcer-0008_3.png,data/datasets/external/wound-segmentation/data/Medetec_foot_ulcer_224/train/labels/foot-ulcer-0008_3.png,PUBLIC_REAL_PHOTOS,Medetec + UWM annotated 224px,49fffc5c3d9b6df4949320aa48c616a8752b721092036e4024d86bf89cf4509a
medetec_train_foot-ulcer-0010,train,positive,foot_ulcer,False,0.118064,medetec:foot-ulcer-0010,data/datasets/unet_deduped_subject/images/medetec_train_foot-ulcer-0010.png,data/datasets/unet_deduped_subject/masks/medetec_train_foot-ulcer-0010.png,medetec_foot_ulcer_224,data/datasets/external/wound-segmentation/data/Medetec_foot_ulcer_224/train/images/foot-ulcer-0010.png,data/datasets/external/wound-segmentation/data/Medetec_foot_ulcer_224/train/labels/foot-ulcer-0010.png,PUBLIC_REAL_PHOTOS,Medetec + UWM annotated 224px,3bfa9824eb6b89b1c03464f1d5096b9a966ecaa6ae72a702cf1f17236e069e1a
medetec_train_foot-ulcer-0010_1,test,positive,foot_ulcer,False,0.117925,medetec:foot-ulcer-0010_1,data/datasets/unet_deduped_subject/images/medetec_train_foot-ulcer-0010_1.png,data/datasets/unet_deduped_subject/masks/medetec_train_foot-ulcer-0010_1.png,medetec_foot_ulcer_224,data/datasets/external/wound-segmentation/data/Medetec_foot_ulcer_224/train/images/foot-ulcer-0010_1.png,data/datasets/external/wound-segmentation/data/Medetec_foot_ulcer_224/train/labels/foot-ulcer-0010_1.png,PUBLIC_REAL_PHOTOS,Medetec + UWM annotated 224px,6763a3d67ddd0d9248fed51f79096dc4a07989f0b7e650be78e19179accad8a2
medetec_train_foot-ulcer-0010_2,train,positive,foot_ulcer,False,0.118064,medetec:foot-ulcer-0010_2,data/datasets/unet_deduped_subject/images/medetec_train_foot-ulcer-0010_2.png,data/datasets/unet_deduped_subject/masks/medetec_train_foot-ulcer-0010_2.png,medetec_foot_ulcer_224,data/datasets/external/wound-segmentation/data/Medetec_foot_ulcer_224/train/images/foot-ulcer-0010_2.png,data/datasets/external/wound-segmentation/data/Medetec_foot_ulcer_224/train/labels/foot-ulcer-0010_2.png,PUBLIC_REAL_PHOTOS,Medetec + UWM annotated 224px,cec4a3b3c68ddb6c5a7ae0f2168f8b0370c23f8f5e1c7bedca364fccbb7253e4
medetec_train_foot-ulcer-0010_3,val,positive,foot_ulcer,False,0.117925,medetec:foot-ulcer-0010_3,data/datasets/unet_deduped_subject/images/medetec_train_foot-ulcer-0010_3.png,data/datasets/unet_deduped_subject/masks/medetec_train_foot-ulcer-0010_3.png,medetec_foot_ulcer_224,data/datasets/external/wound-segmentation/data/Medetec_foot_ulcer_224/train/images/foot-ulcer-0010_3.png,data/datasets/external/wound-segmentation/data/Medetec_foot_ulcer_224/train/labels/foot-ulcer-0010_3.png,PUBLIC_REAL_PHOTOS,Medetec + UWM annotated 224px,9032a10abb93bf43d6ae2594e036d128088dd814ae743cb5eca8d8da57fce494
medetec_train_foot-ulcer-0011_1,train,positive,foot_ulcer,False,0.030014,medetec:foot-ulcer-0011_1,data/datasets/unet_deduped_subject/images/medetec_train_foot-ulcer-0011_1.png,data/datasets/unet_deduped_subject/masks/medetec_train_foot-ulcer-0011_1.png,medetec_foot_ulcer_224,data/datasets/external/wound-segmentation/data/Medetec_foot_ulcer_224/train/images/foot-ulcer-0011_1.png,data/datasets/external/wound-segmentation/data/Medetec_foot_ulcer_224/train/labels/foot-ulcer-0011_1.png,PUBLIC_REAL_PHOTOS,Medetec + UWM annotated 224px,93629837637982083a7d2f64c97e6d71a71c9cdb946ad43539ce03c74643d8aa
medetec_train_foot-ulcer-0011_3,train,positive,foot_ulcer,False,0.030014,medetec:foot-ulcer-0011_3,data/datasets/unet_deduped_subject/images/medetec_train_foot-ulcer-0011_3.png,data/datasets/unet_deduped_subject/masks/medetec_train_foot-ulcer-0011_3.png,medetec_foot_ulcer_224,data/datasets/external/wound-segmentation/data/Medetec_foot_ulcer_224/train/images/foot-ulcer-0011_3.png,data/datasets/external/wound-segmentation/data/Medetec_foot_ulcer_224/train/labels/foot-ulcer-0011_3.png,PUBLIC_REAL_PHOTOS,Medetec + UWM annotated 224px,4d7220d1a4798802e8b5e9ddacfe3b711ec265349fbd2f8c0658c9138ff42c14
medetec_train_foot-ulcer-0012,test,positive,foot_ulcer,False,0.079879,medetec:foot-ulcer-0012,data/datasets/unet_deduped_subject/images/medetec_train_foot-ulcer-0012.png,data/datasets/unet_deduped_subject/masks/medetec_train_foot-ulcer-0012.png,medetec_foot_ulcer_224,data/datasets/external/wound-segmentation/data/Medetec_foot_ulcer_224/train/images/foot-ulcer-0012.png,data/datasets/external/wound-segmentation/data/Medetec_foot_ulcer_224/train/labels/foot-ulcer-0012.png,PUBLIC_REAL_PHOTOS,Medetec + UWM annotated 224px,e7676e8fbe6f3e76621e8cd86942e69e4bd36e2ae8f39a1bbd606ad69074c420
medetec_train_foot-ulcer-0012_1,train,positive,foot_ulcer,False,0.079759,medetec:foot-ulcer-0012_1,data/datasets/unet_deduped_subject/images/medetec_train_foot-ulcer-0012_1.png,data/datasets/unet_deduped_subject/masks/medetec_train_foot-ulcer-0012_1.png,medetec_foot_ulcer_224,data/datasets/external/wound-segmentation/data/Medetec_foot_ulcer_224/train/images/foot-ulcer-0012_1.png,data/datasets/external/wound-segmentation/data/Medetec_foot_ulcer_224/train/labels/foot-ulcer-0012_1.png,PUBLIC_REAL_PHOTOS,Medetec + UWM annotated 224px,9151ced877561ba4d6de14bc3966eb97e10e40af6283695809554f56249df500
medetec_train_foot-ulcer-0012_2,train,positive,foot_ulcer,False,0.079879,medetec:foot-ulcer-0012_2,data/datasets/unet_deduped_subject/images/medetec_train_foot-ulcer-0012_2.png,data/datasets/unet_deduped_subject/masks/medetec_train_foot-ulcer-0012_2.png,medetec_foot_ulcer_224,data/datasets/external/wound-segmentation/data/Medetec_foot_ulcer_224/train/images/foot-ulcer-0012_2.png,data/datasets/external/wound-segmentation/data/Medetec_foot_ulcer_224/train/labels/foot-ulcer-0012_2.png,PUBLIC_REAL_PHOTOS,Medetec + UWM annotated 224px,627d17289f2b56b0f06d0b2bee6446dba47efa836ca31d779919fb25b3300dc3
medetec_train_foot-ulcer-0012_3,test,positive,foot_ulcer,False,0.079759,medetec:foot-ulcer-0012_3,data/datasets/unet_deduped_subject/images/medetec_train_foot-ulcer-0012_3.png,data/datasets/unet_deduped_subject/masks/medetec_train_foot-ulcer-0012_3.png,medetec_foot_ulcer_224,data/datasets/external/wound-segmentation/data/Medetec_foot_ulcer_224/train/images/foot-ulcer-0012_3.png,data/datasets/external/wound-segmentation/data/Medetec_foot_ulcer_224/train/labels/foot-ulcer-0012_3.png,PUBLIC_REAL_PHOTOS,Medetec + UWM annotated 224px,5906c62454a7f96915ff6cc1262c775810c88dcc51308b34492d47e24437a195
medetec_train_foot-ulcer-0013,train,positive,foot_ulcer,False,0.149155,medetec:foot-ulcer-0013,data/datasets/unet_deduped_subject/images/medetec_train_foot-ulcer-0013.png,data/datasets/unet_deduped_subject/masks/medetec_train_foot-ulcer-0013.png,medetec_foot_ulcer_224,data/datasets/external/wound-segmentation/data/Medetec_foot_ulcer_224/train/images/foot-ulcer-0013.png,data/datasets/external/wound-segmentation/data/Medetec_foot_ulcer_224/train/labels/foot-ulcer-0013.png,PUBLIC_REAL_PHOTOS,Medetec + UWM annotated 224px,275906072645bdb70691c60f52a6d8fff8f87a472598efd869e6bf414476885c
medetec_train_foot-ulcer-0013_1,train,positive,foot_ulcer,False,0.149095,medetec:foot-ulcer-0013_1,data/datasets/unet_deduped_subject/images/medetec_train_foot-ulcer-0013_1.png,data/datasets/unet_deduped_subject/masks/medetec_train_foot-ulcer-0013_1.png,medetec_foot_ulcer_224,data/datasets/external/wound-segmentation/data/Medetec_foot_ulcer_224/train/images/foot-ulcer-0013_1.png,data/datasets/external/wound-segmentation/data/Medetec_foot_ulcer_224/train/labels/foot-ulcer-0013_1.png,PUBLIC_REAL_PHOTOS,Medetec + UWM annotated 224px,904819be3707aab15162a11f931220bebc4f680abac1283caba9f7b9131b6323
medetec_train_foot-ulcer-0013_2,val,positive,foot_ulcer,False,0.149155,medetec:foot-ulcer-0013_2,data/datasets/unet_deduped_subject/images/medetec_train_foot-ulcer-0013_2.png,data/datasets/unet_deduped_subject/masks/medetec_train_foot-ulcer-0013_2.png,medetec_foot_ulcer_224,data/datasets/external/wound-segmentation/data/Medetec_foot_ulcer_224/train/images/foot-ulcer-0013_2.png,data/datasets/external/wound-segmentation/data/Medetec_foot_ulcer_224/train/labels/foot-ulcer-0013_2.png,PUBLIC_REAL_PHOTOS,Medetec + UWM annotated 224px,d85ff358b1260d537b358bdef45f3a4b00cdee0d853c5244642312057e1d604d
medetec_train_foot-ulcer-0013_3,train,positive,foot_ulcer,False,0.149095,medetec:foot-ulcer-0013_3,data/datasets/unet_deduped_subject/images/medetec_train_foot-ulcer-0013_3.png,data/datasets/unet_deduped_subject/masks/medetec_train_foot-ulcer-0013_3.png,medetec_foot_ulcer_224,data/datasets/external/wound-segmentation/data/Medetec_foot_ulcer_224/train/images/foot-ulcer-0013_3.png,data/datasets/external/wound-segmentation/data/Medetec_foot_ulcer_224/train/labels/foot-ulcer-0013_3.png,PUBLIC_REAL_PHOTOS,Medetec + UWM annotated 224px,29d029744f2323cb9dd79eed47a47be6c859ba6fbc31c34ac71117565d606a92
medetec_train_foot-ulcer-0014,train,positive,foot_ulcer,False,0.051738,medetec:foot-ulcer-0014,data/datasets/unet_deduped_subject/images/medetec_train_foot-ulcer-0014.png,data/datasets/unet_deduped_subject/masks/medetec_train_foot-ulcer-0014.png,medetec_foot_ulcer_224,data/datasets/external/wound-segmentation/data/Medetec_foot_ulcer_224/train/images/foot-ulcer-0014.png,data/datasets/external/wound-segmentation/data/Medetec_foot_ulcer_224/train/labels/foot-ulcer-0014.png,PUBLIC_REAL_PHOTOS,Medetec + UWM annotated 224px,1e981d90d0f27d7a0ea9cf39ae53eb266d6243c50ddb75f842edb474ec50a7a5
medetec_train_foot-ulcer-0014_1,train,positive,foot_ulcer,False,0.051738,medetec:foot-ulcer-0014_1,data/datasets/unet_deduped_subject/images/medetec_train_foot-ulcer-0014_1.png,data/datasets/unet_deduped_subject/masks/medetec_train_foot-ulcer-0014_1.png,medetec_foot_ulcer_224,data/datasets/external/wound-segmentation/data/Medetec_foot_ulcer_224/train/images/foot-ulcer-0014_1.png,data/datasets/external/wound-segmentation/data/Medetec_foot_ulcer_224/train/labels/foot-ulcer-0014_1.png,PUBLIC_REAL_PHOTOS,Medetec + UWM annotated 224px,54793984702a07965ce0c460e929298f3f94f02d445e658f3c70dde0cc4342a6
medetec_train_foot-ulcer-0014_2,train,positive,foot_ulcer,False,0.051738,medetec:foot-ulcer-0014_2,data/datasets/unet_deduped_subject/images/medetec_train_foot-ulcer-0014_2.png,data/datasets/unet_deduped_subject/masks/medetec_train_foot-ulcer-0014_2.png,medetec_foot_ulcer_224,data/datasets/external/wound-segmentation/data/Medetec_foot_ulcer_224/train/images/foot-ulcer-0014_2.png,data/datasets/external/wound-segmentation/data/Medetec_foot_ulcer_224/train/labels/foot-ulcer-0014_2.png,PUBLIC_REAL_PHOTOS,Medetec + UWM annotated 224px,44a246ba689df444d4081272354f67f86d68be5419203f261283fe7f1f7931d6
medetec_train_foot-ulcer-0014_3,train,positive,foot_ulcer,False,0.051738,medetec:foot-ulcer-0014_3,data/datasets/unet_deduped_subject/images/medetec_train_foot-ulcer-0014_3.png,data/datasets/unet_deduped_subject/masks/medetec_train_foot-ulcer-0014_3.png,medetec_foot_ulcer_224,data/datasets/external/wound-segmentation/data/Medetec_foot_ulcer_224/train/images/foot-ulcer-0014_3.png,data/datasets/external/wound-segmentation/data/Medetec_foot_ulcer_224/train/labels/foot-ulcer-0014_3.png,PUBLIC_REAL_PHOTOS,Medetec + UWM annotated 224px,1b3f8ce8d034f1104004790f27ac463564c5271c22c6f03cf4077c0d38b91715
medetec_train_foot-ulcer-0015,train,positive,foot_ulcer,False,0.096261,medetec:foot-ulcer-0015,data/datasets/unet_deduped_subject/images/medetec_train_foot-ulcer-0015.png,data/datasets/unet_deduped_subject/masks/medetec_train_foot-ulcer-0015.png,medetec_foot_ulcer_224,data/datasets/external/wound-segmentation/data/Medetec_foot_ulcer_224/train/images/foot-ulcer-0015.png,data/datasets/external/wound-segmentation/data/Medetec_foot_ulcer_224/train/labels/foot-ulcer-0015.png,PUBLIC_REAL_PHOTOS,Medetec + UWM annotated 224px,109e7462200e6295512678e88290c99830199831a7bbe249b48bca33c9191d0a
medetec_train_foot-ulcer-0015_1,train,positive,foot_ulcer,False,0.096082,medetec:foot-ulcer-0015_1,data/datasets/unet_deduped_subject/images/medetec_train_foot-ulcer-0015_1.png,data/datasets/unet_deduped_subject/masks/medetec_train_foot-ulcer-0015_1.png,medetec_foot_ulcer_224,data/datasets/external/wound-segmentation/data/Medetec_foot_ulcer_224/train/images/foot-ulcer-0015_1.png,data/datasets/external/wound-segmentation/data/Medetec_foot_ulcer_224/train/labels/foot-ulcer-0015_1.png,PUBLIC_REAL_PHOTOS,Medetec + UWM annotated 224px,4968eef2d1a1b3e924a2fffc4bf6a2b83213fc47114227ebb8709a111b4f36f2
medetec_train_foot-ulcer-0015_2,test,positive,foot_ulcer,False,0.096261,medetec:foot-ulcer-0015_2,data/datasets/unet_deduped_subject/images/medetec_train_foot-ulcer-0015_2.png,data/datasets/unet_deduped_subject/masks/medetec_train_foot-ulcer-0015_2.png,medetec_foot_ulcer_224,data/datasets/external/wound-segmentation/data/Medetec_foot_ulcer_224/train/images/foot-ulcer-0015_2.png,data/datasets/external/wound-segmentation/data/Medetec_foot_ulcer_224/train/labels/foot-ulcer-0015_2.png,PUBLIC_REAL_PHOTOS,Medetec + UWM annotated 224px,ad4fde42f604cd7e92ec179e9584094c32be53b92079ff6122559d6da457afdc
medetec_train_foot-ulcer-0015_3,train,positive,foot_ulcer,False,0.096082,medetec:foot-ulcer-0015_3,data/datasets/unet_deduped_subject/images/medetec_train_foot-ulcer-0015_3.png,data/datasets/unet_deduped_subject/masks/medetec_train_foot-ulcer-0015_3.png,medetec_foot_ulcer_224,data/datasets/external/wound-segmentation/data/Medetec_foot_ulcer_224/train/images/foot-ulcer-0015_3.png,data/datasets/external/wound-segmentation/data/Medetec_foot_ulcer_224/train/labels/foot-ulcer-0015_3.png,PUBLIC_REAL_PHOTOS,Medetec + UWM annotated 224px,e2da336470eb5bd7f94cca2572abef55a9a5e75c184845972eb35a14d8184cd2
medetec_train_foot-ulcer-0016_1,train,positive,foot_ulcer,False,0.071189,medetec:foot-ulcer-0016_1,data/datasets/unet_deduped_subject/images/medetec_train_foot-ulcer-0016_1.png,data/datasets/unet_deduped_subject/masks/medetec_train_foot-ulcer-0016_1.png,medetec_foot_ulcer_224,data/datasets/external/wound-segmentation/data/Medetec_foot_ulcer_224/train/images/foot-ulcer-0016_1.png,data/datasets/external/wound-segmentation/data/Medetec_foot_ulcer_224/train/labels/foot-ulcer-0016_1.png,PUBLIC_REAL_PHOTOS,Medetec + UWM annotated 224px,b2ebab4f253be2926c425ded1aed95200dca3a9b54f5f4da941f6c6e2440907b
medetec_train_foot-ulcer-0017,train,positive,foot_ulcer,False,0.053352,medetec:foot-ulcer-0017,data/datasets/unet_deduped_subject/images/medetec_train_foot-ulcer-0017.png,data/datasets/unet_deduped_subject/masks/medetec_train_foot-ulcer-0017.png,medetec_foot_ulcer_224,data/datasets/external/wound-segmentation/data/Medetec_foot_ulcer_224/train/images/foot-ulcer-0017.png,data/datasets/external/wound-segmentation/data/Medetec_foot_ulcer_224/train/labels/foot-ulcer-0017.png,PUBLIC_REAL_PHOTOS,Medetec + UWM annotated 224px,c99f623f42525860deece5645336f7efe40e82beea98138d475297c5d8757c61
medetec_train_foot-ulcer-0018,train,positive,foot_ulcer,False,0.167012,medetec:foot-ulcer-0018,data/datasets/unet_deduped_subject/images/medetec_train_foot-ulcer-0018.png,data/datasets/unet_deduped_subject/masks/medetec_train_foot-ulcer-0018.png,medetec_foot_ulcer_224,data/datasets/external/wound-segmentation/data/Medetec_foot_ulcer_224/train/images/foot-ulcer-0018.png,data/datasets/external/wound-segmentation/data/Medetec_foot_ulcer_224/train/labels/foot-ulcer-0018.png,PUBLIC_REAL_PHOTOS,Medetec + UWM annotated 224px,f60c030580d71ac9ae2eb39a543ac81cd7f4cd292bab56db2c684b096c4487e3
medetec_train_foot-ulcer-0019,test,positive,foot_ulcer,False,0.116649,medetec:foot-ulcer-0019,data/datasets/unet_deduped_subject/images/medetec_train_foot-ulcer-0019.png,data/datasets/unet_deduped_subject/masks/medetec_train_foot-ulcer-0019.png,medetec_foot_ulcer_224,data/datasets/external/wound-segmentation/data/Medetec_foot_ulcer_224/train/images/foot-ulcer-0019.png,data/datasets/external/wound-segmentation/data/Medetec_foot_ulcer_224/train/labels/foot-ulcer-0019.png,PUBLIC_REAL_PHOTOS,Medetec + UWM annotated 224px,3ede2d4b9d95f9751615b0351e7b716d635f627d4c07cc8c0d6619512a0b745a
medetec_train_foot-ulcer-0019_1,train,positive,foot_ulcer,False,0.116729,medetec:foot-ulcer-0019_1,data/datasets/unet_deduped_subject/images/medetec_train_foot-ulcer-0019_1.png,data/datasets/unet_deduped_subject/masks/medetec_train_foot-ulcer-0019_1.png,medetec_foot_ulcer_224,data/datasets/external/wound-segmentation/data/Medetec_foot_ulcer_224/train/images/foot-ulcer-0019_1.png,data/datasets/external/wound-segmentation/data/Medetec_foot_ulcer_224/train/labels/foot-ulcer-0019_1.png,PUBLIC_REAL_PHOTOS,Medetec + UWM annotated 224px,d216ac2df20c8d207c28ca6a7660e7d34c4586b4d0035511ba747b916ec9e52e
medetec_train_foot-ulcer-0019_2,val,positive,foot_ulcer,False,0.116649,medetec:foot-ulcer-0019_2,data/datasets/unet_deduped_subject/images/medetec_train_foot-ulcer-0019_2.png,data/datasets/unet_deduped_subject/masks/medetec_train_foot-ulcer-0019_2.png,medetec_foot_ulcer_224,data/datasets/external/wound-segmentation/data/Medetec_foot_ulcer_224/train/images/foot-ulcer-0019_2.png,data/datasets/external/wound-segmentation/data/Medetec_foot_ulcer_224/train/labels/foot-ulcer-0019_2.png,PUBLIC_REAL_PHOTOS,Medetec + UWM annotated 224px,73f5c9676aa0f12bfe0a0d83ec3a56eff47564ed26aa5e83d66e86e81eb9c741
medetec_train_foot-ulcer-0019_3,test,positive,foot_ulcer,False,0.116729,medetec:foot-ulcer-0019_3,data/datasets/unet_deduped_subject/images/medetec_train_foot-ulcer-0019_3.png,data/datasets/unet_deduped_subject/masks/medetec_train_foot-ulcer-0019_3.png,medetec_foot_ulcer_224,data/datasets/external/wound-segmentation/data/Medetec_foot_ulcer_224/train/images/foot-ulcer-0019_3.png,data/datasets/external/wound-segmentation/data/Medetec_foot_ulcer_224/train/labels/foot-ulcer-0019_3.png,PUBLIC_REAL_PHOTOS,Medetec + UWM annotated 224px,dab5f5c778667d9cd31087b5c4b19a083be1399f5c08dc228f040397eb292964
medetec_train_foot-ulcer-0020,train,positive,foot_ulcer,False,0.018355,medetec:foot-ulcer-0020,data/datasets/unet_deduped_subject/images/medetec_train_foot-ulcer-0020.png,data/datasets/unet_deduped_subject/masks/medetec_train_foot-ulcer-0020.png,medetec_foot_ulcer_224,data/datasets/external/wound-segmentation/data/Medetec_foot_ulcer_224/train/images/foot-ulcer-0020.png,data/datasets/external/wound-segmentation/data/Medetec_foot_ulcer_224/train/labels/foot-ulcer-0020.png,PUBLIC_REAL_PHOTOS,Medetec + UWM annotated 224px,757ba333bb73e55ec4e53f83bf712a6bd72ddb9bb8825df968a6e181812320ef
medetec_train_foot-ulcer-0020_2,val,positive,foot_ulcer,False,0.018355,medetec:foot-ulcer-0020_2,data/datasets/unet_deduped_subject/images/medetec_train_foot-ulcer-0020_2.png,data/datasets/unet_deduped_subject/masks/medetec_train_foot-ulcer-0020_2.png,medetec_foot_ulcer_224,data/datasets/external/wound-segmentation/data/Medetec_foot_ulcer_224/train/images/foot-ulcer-0020_2.png,data/datasets/external/wound-segmentation/data/Medetec_foot_ulcer_224/train/labels/foot-ulcer-0020_2.png,PUBLIC_REAL_PHOTOS,Medetec + UWM annotated 224px,4336865084b66ca86790decc7850b362b36c01374e28d58e9d24a3cb2fa69544
medetec_train_foot-ulcer-0021_1,val,positive,foot_ulcer,False,0.074876,medetec:foot-ulcer-0021_1,data/datasets/unet_deduped_subject/images/medetec_train_foot-ulcer-0021_1.png,data/datasets/unet_deduped_subject/masks/medetec_train_foot-ulcer-0021_1.png,medetec_foot_ulcer_224,data/datasets/external/wound-segmentation/data/Medetec_foot_ulcer_224/train/images/foot-ulcer-0021_1.png,data/datasets/external/wound-segmentation/data/Medetec_foot_ulcer_224/train/labels/foot-ulcer-0021_1.png,PUBLIC_REAL_PHOTOS,Medetec + UWM annotated 224px,cde645e0151588948755032b1492814a66e3fe6df78f601bf3c65a3d64531847
medetec_train_foot-ulcer-0021_3,train,positive,foot_ulcer,False,0.074876,medetec:foot-ulcer-0021_3,data/datasets/unet_deduped_subject/images/medetec_train_foot-ulcer-0021_3.png,data/datasets/unet_deduped_subject/masks/medetec_train_foot-ulcer-0021_3.png,medetec_foot_ulcer_224,data/datasets/external/wound-segmentation/data/Medetec_foot_ulcer_224/train/images/foot-ulcer-0021_3.png,data/datasets/external/wound-segmentation/data/Medetec_foot_ulcer_224/train/labels/foot-ulcer-0021_3.png,PUBLIC_REAL_PHOTOS,Medetec + UWM annotated 224px,09cd39256f284c1a9c4c8e85a3f94bd66ed0702c42f8231648e7620497d3caab
medetec_train_foot-ulcer-0025,train,positive,foot_ulcer,False,0.192941,medetec:foot-ulcer-0025,data/datasets/unet_deduped_subject/images/medetec_train_foot-ulcer-0025.png,data/datasets/unet_deduped_subject/masks/medetec_train_foot-ulcer-0025.png,medetec_foot_ulcer_224,data/datasets/external/wound-segmentation/data/Medetec_foot_ulcer_224/train/images/foot-ulcer-0025.png,data/datasets/external/wound-segmentation/data/Medetec_foot_ulcer_224/train/labels/foot-ulcer-0025.png,PUBLIC_REAL_PHOTOS,Medetec + UWM annotated 224px,a384d7729b3f74eaac1af6ba4cd01a59c2efdf8fdfc7edd4c0645954d5748d72
medetec_train_foot-ulcer-0025_1,val,positive,foot_ulcer,False,0.192941,medetec:foot-ulcer-0025_1,data/datasets/unet_deduped_subject/images/medetec_train_foot-ulcer-0025_1.png,data/datasets/unet_deduped_subject/masks/medetec_train_foot-ulcer-0025_1.png,medetec_foot_ulcer_224,data/datasets/external/wound-segmentation/data/Medetec_foot_ulcer_224/train/images/foot-ulcer-0025_1.png,data/datasets/external/wound-segmentation/data/Medetec_foot_ulcer_224/train/labels/foot-ulcer-0025_1.png,PUBLIC_REAL_PHOTOS,Medetec + UWM annotated 224px,01d6b69b6ab8c294336350c3bc9c5528dba103bc8ca53da422df7a880649d7cd
medetec_train_foot-ulcer-0025_2,train,positive,foot_ulcer,False,0.192941,medetec:foot-ulcer-0025_2,data/datasets/unet_deduped_subject/images/medetec_train_foot-ulcer-0025_2.png,data/datasets/unet_deduped_subject/masks/medetec_train_foot-ulcer-0025_2.png,medetec_foot_ulcer_224,data/datasets/external/wound-segmentation/data/Medetec_foot_ulcer_224/train/images/foot-ulcer-0025_2.png,data/datasets/external/wound-segmentation/data/Medetec_foot_ulcer_224/train/labels/foot-ulcer-0025_2.png,PUBLIC_REAL_PHOTOS,Medetec + UWM annotated 224px,cb28c5d356ad4d6d3a0e0ca112cb404ceccac5d429f8d206ebf477a5ead4cbb3
medetec_train_foot-ulcer-0025_3,train,positive,foot_ulcer,False,0.192941,medetec:foot-ulcer-0025_3,data/datasets/unet_deduped_subject/images/medetec_train_foot-ulcer-0025_3.png,data/datasets/unet_deduped_subject/masks/medetec_train_foot-ulcer-0025_3.png,medetec_foot_ulcer_224,data/datasets/external/wound-segmentation/data/Medetec_foot_ulcer_224/train/images/foot-ulcer-0025_3.png,data/datasets/external/wound-segmentation/data/Medetec_foot_ulcer_224/train/labels/foot-ulcer-0025_3.png,PUBLIC_REAL_PHOTOS,Medetec + UWM annotated 224px,5fc53fcaad5ee4fb8b8b0e10b2e3be1ffa102ed50153f9db8a25775ec6721ce3
medetec_train_foot-ulcer-0026,train,positive,foot_ulcer,False,0.146604,medetec:foot-ulcer-0026,data/datasets/unet_deduped_subject/images/medetec_train_foot-ulcer-0026.png,data/datasets/unet_deduped_subject/masks/medetec_train_foot-ulcer-0026.png,medetec_foot_ulcer_224,data/datasets/external/wound-segmentation/data/Medetec_foot_ulcer_224/train/images/foot-ulcer-0026.png,data/datasets/external/wound-segmentation/data/Medetec_foot_ulcer_224/train/labels/foot-ulcer-0026.png,PUBLIC_REAL_PHOTOS,Medetec + UWM annotated 224px,e0e1480b306f4c7f199c148a8116d7d061cd68e16dea14f4a5267f53eb6e74e3
medetec_train_foot-ulcer-0026_1,train,positive,foot_ulcer,False,0.146265,medetec:foot-ulcer-0026_1,data/datasets/unet_deduped_subject/images/medetec_train_foot-ulcer-0026_1.png,data/datasets/unet_deduped_subject/masks/medetec_train_foot-ulcer-0026_1.png,medetec_foot_ulcer_224,data/datasets/external/wound-segmentation/data/Medetec_foot_ulcer_224/train/images/foot-ulcer-0026_1.png,data/datasets/external/wound-segmentation/data/Medetec_foot_ulcer_224/train/labels/foot-ulcer-0026_1.png,PUBLIC_REAL_PHOTOS,Medetec + UWM annotated 224px,51ddd41811830f732ee0e10f1cb2fe463c158b10e17af0941cc0a760f6e7608a
medetec_train_foot-ulcer-0026_2,train,positive,foot_ulcer,False,0.146604,medetec:foot-ulcer-0026_2,data/datasets/unet_deduped_subject/images/medetec_train_foot-ulcer-0026_2.png,data/datasets/unet_deduped_subject/masks/medetec_train_foot-ulcer-0026_2.png,medetec_foot_ulcer_224,data/datasets/external/wound-segmentation/data/Medetec_foot_ulcer_224/train/images/foot-ulcer-0026_2.png,data/datasets/external/wound-segmentation/data/Medetec_foot_ulcer_224/train/labels/foot-ulcer-0026_2.png,PUBLIC_REAL_PHOTOS,Medetec + UWM annotated 224px,b5321f3ee87b8df7f5bc341b744d0958f4d7969cd62dec22c105aa7d1aace03a
medetec_train_foot-ulcer-0026_3,train,positive,foot_ulcer,False,0.146265,medetec:foot-ulcer-0026_3,data/datasets/unet_deduped_subject/images/medetec_train_foot-ulcer-0026_3.png,data/datasets/unet_deduped_subject/masks/medetec_train_foot-ulcer-0026_3.png,medetec_foot_ulcer_224,data/datasets/external/wound-segmentation/data/Medetec_foot_ulcer_224/train/images/foot-ulcer-0026_3.png,data/datasets/external/wound-segmentation/data/Medetec_foot_ulcer_224/train/labels/foot-ulcer-0026_3.png,PUBLIC_REAL_PHOTOS,Medetec + UWM annotated 224px,4538a1a97b8ad33d76528eddbb5e901637d8001d3252702b6fb38b780467a1eb
medetec_train_foot-ulcer-0027,train,positive,foot_ulcer,False,0.042929,medetec:foot-ulcer-0027,data/datasets/unet_deduped_subject/images/medetec_train_foot-ulcer-0027.png,data/datasets/unet_deduped_subject/masks/medetec_train_foot-ulcer-0027.png,medetec_foot_ulcer_224,data/datasets/external/wound-segmentation/data/Medetec_foot_ulcer_224/train/images/foot-ulcer-0027.png,data/datasets/external/wound-segmentation/data/Medetec_foot_ulcer_224/train/labels/foot-ulcer-0027.png,PUBLIC_REAL_PHOTOS,Medetec + UWM annotated 224px,c7c95f36d76e3bdad4753bd2c0d51e12cfbcdaf57c50062f075c6fc7874ac19e
medetec_train_foot-ulcer-0027_1,train,positive,foot_ulcer,False,0.042929,medetec:foot-ulcer-0027_1,data/datasets/unet_deduped_subject/images/medetec_train_foot-ulcer-0027_1.png,data/datasets/unet_deduped_subject/masks/medetec_train_foot-ulcer-0027_1.png,medetec_foot_ulcer_224,data/datasets/external/wound-segmentation/data/Medetec_foot_ulcer_224/train/images/foot-ulcer-0027_1.png,data/datasets/external/wound-segmentation/data/Medetec_foot_ulcer_224/train/labels/foot-ulcer-0027_1.png,PUBLIC_REAL_PHOTOS,Medetec + UWM annotated 224px,59d3a2b5ab49d68e4ddea18c29c9a88d9e7216c0b7232d3452c25f7fcd551e36
medetec_train_foot-ulcer-0027_2,train,positive,foot_ulcer,False,0.042929,medetec:foot-ulcer-0027_2,data/datasets/unet_deduped_subject/images/medetec_train_foot-ulcer-0027_2.png,data/datasets/unet_deduped_subject/masks/medetec_train_foot-ulcer-0027_2.png,medetec_foot_ulcer_224,data/datasets/external/wound-segmentation/data/Medetec_foot_ulcer_224/train/images/foot-ulcer-0027_2.png,data/datasets/external/wound-segmentation/data/Medetec_foot_ulcer_224/train/labels/foot-ulcer-0027_2.png,PUBLIC_REAL_PHOTOS,Medetec + UWM annotated 224px,828ee22bafcd1b9507e9476e5c73826b8d5f44378d63de8b73bfcd9267fe4f70
medetec_train_foot-ulcer-0027_3,val,positive,foot_ulcer,False,0.042929,medetec:foot-ulcer-0027_3,data/datasets/unet_deduped_subject/images/medetec_train_foot-ulcer-0027_3.png,data/datasets/unet_deduped_subject/masks/medetec_train_foot-ulcer-0027_3.png,medetec_foot_ulcer_224,data/datasets/external/wound-segmentation/data/Medetec_foot_ulcer_224/train/images/foot-ulcer-0027_3.png,data/datasets/external/wound-segmentation/data/Medetec_foot_ulcer_224/train/labels/foot-ulcer-0027_3.png,PUBLIC_REAL_PHOTOS,Medetec + UWM annotated 224px,944df640a2af31cd338a3ad975cf60f567e29cddeae7c4b2ce56a3f797ef80c0
medetec_train_foot-ulcer-0028_1,train,positive,foot_ulcer,False,0.112743,medetec:foot-ulcer-0028_1,data/datasets/unet_deduped_subject/images/medetec_train_foot-ulcer-0028_1.png,data/datasets/unet_deduped_subject/masks/medetec_train_foot-ulcer-0028_1.png,medetec_foot_ulcer_224,data/datasets/external/wound-segmentation/data/Medetec_foot_ulcer_224/train/images/foot-ulcer-0028_1.png,data/datasets/external/wound-segmentation/data/Medetec_foot_ulcer_224/train/labels/foot-ulcer-0028_1.png,PUBLIC_REAL_PHOTOS,Medetec + UWM annotated 224px,7f850fdfaf8fe7969925edef0080b064301a5032f0623773eb6b25ad613394f9
medetec_train_foot-ulcer-0028_2,train,positive,foot_ulcer,False,0.112863,medetec:foot-ulcer-0028_2,data/datasets/unet_deduped_subject/images/medetec_train_foot-ulcer-0028_2.png,data/datasets/unet_deduped_subject/masks/medetec_train_foot-ulcer-0028_2.png,medetec_foot_ulcer_224,data/datasets/external/wound-segmentation/data/Medetec_foot_ulcer_224/train/images/foot-ulcer-0028_2.png,data/datasets/external/wound-segmentation/data/Medetec_foot_ulcer_224/train/labels/foot-ulcer-0028_2.png,PUBLIC_REAL_PHOTOS,Medetec + UWM annotated 224px,f5e051f7726a691bd76c3da0882c32a3ca99494b604c48dd40a2af069dc4e2a2
medetec_train_foot-ulcer-0028_3,train,positive,foot_ulcer,False,0.112743,medetec:foot-ulcer-0028_3,data/datasets/unet_deduped_subject/images/medetec_train_foot-ulcer-0028_3.png,data/datasets/unet_deduped_subject/masks/medetec_train_foot-ulcer-0028_3.png,medetec_foot_ulcer_224,data/datasets/external/wound-segmentation/data/Medetec_foot_ulcer_224/train/images/foot-ulcer-0028_3.png,data/datasets/external/wound-segmentation/data/Medetec_foot_ulcer_224/train/labels/foot-ulcer-0028_3.png,PUBLIC_REAL_PHOTOS,Medetec + UWM annotated 224px,39f71845766f3d513027ea88fc9b45b6206dfc84b227823da4bc1df05d4521a3
medetec_train_foot-ulcer-0029,val,positive,foot_ulcer,False,0.051857,medetec:foot-ulcer-0029,data/datasets/unet_deduped_subject/images/medetec_train_foot-ulcer-0029.png,data/datasets/unet_deduped_subject/masks/medetec_train_foot-ulcer-0029.png,medetec_foot_ulcer_224,data/datasets/external/wound-segmentation/data/Medetec_foot_ulcer_224/train/images/foot-ulcer-0029.png,data/datasets/external/wound-segmentation/data/Medetec_foot_ulcer_224/train/labels/foot-ulcer-0029.png,PUBLIC_REAL_PHOTOS,Medetec + UWM annotated 224px,77f4e7055db3d7f351ce0adee19ec6df60531a547d8c702e85e97bd7ae4db272
medetec_train_foot-ulcer-0032_1,val,positive,foot_ulcer,False,0.128528,medetec:foot-ulcer-0032_1,data/datasets/unet_deduped_subject/images/medetec_train_foot-ulcer-0032_1.png,data/datasets/unet_deduped_subject/masks/medetec_train_foot-ulcer-0032_1.png,medetec_foot_ulcer_224,data/datasets/external/wound-segmentation/data/Medetec_foot_ulcer_224/train/images/foot-ulcer-0032_1.png,data/datasets/external/wound-segmentation/data/Medetec_foot_ulcer_224/train/labels/foot-ulcer-0032_1.png,PUBLIC_REAL_PHOTOS,Medetec + UWM annotated 224px,1a8fd117996e468862036629dfa94c43fc2999970331049abcf5d255fa9f36c0
medetec_train_foot-ulcer-0032_3,train,positive,foot_ulcer,False,0.128528,medetec:foot-ulcer-0032_3,data/datasets/unet_deduped_subject/images/medetec_train_foot-ulcer-0032_3.png,data/datasets/unet_deduped_subject/masks/medetec_train_foot-ulcer-0032_3.png,medetec_foot_ulcer_224,data/datasets/external/wound-segmentation/data/Medetec_foot_ulcer_224/train/images/foot-ulcer-0032_3.png,data/datasets/external/wound-segmentation/data/Medetec_foot_ulcer_224/train/labels/foot-ulcer-0032_3.png,PUBLIC_REAL_PHOTOS,Medetec + UWM annotated 224px,bf2a5f1b587ed78b690e75b45f49b3dfefbe9dfb78c336e69c7d7e69d49c58ca
medetec_train_foot-ulcer-2-1,train,positive,foot_ulcer,False,0.050522,medetec:foot-ulcer-2-1,data/datasets/unet_deduped_subject/images/medetec_train_foot-ulcer-2-1.png,data/datasets/unet_deduped_subject/masks/medetec_train_foot-ulcer-2-1.png,medetec_foot_ulcer_224,data/datasets/external/wound-segmentation/data/Medetec_foot_ulcer_224/train/images/foot-ulcer-2-1.png,data/datasets/external/wound-segmentation/data/Medetec_foot_ulcer_224/train/labels/foot-ulcer-2-1.png,PUBLIC_REAL_PHOTOS,Medetec + UWM annotated 224px,495f28d48b854dce18dbf2d60ab12c8c51c03f47767f3749fb9c72deb2fd5ab8
medetec_train_foot-ulcer-2-1_1,train,positive,foot_ulcer,False,0.050522,medetec:foot-ulcer-2-1_1,data/datasets/unet_deduped_subject/images/medetec_train_foot-ulcer-2-1_1.png,data/datasets/unet_deduped_subject/masks/medetec_train_foot-ulcer-2-1_1.png,medetec_foot_ulcer_224,data/datasets/external/wound-segmentation/data/Medetec_foot_ulcer_224/train/images/foot-ulcer-2-1_1.png,data/datasets/external/wound-segmentation/data/Medetec_foot_ulcer_224/train/labels/foot-ulcer-2-1_1.png,PUBLIC_REAL_PHOTOS,Medetec + UWM annotated 224px,57bab8ce0edc5b46cdb695df24409d04e404377027bc3021081904275a99cb44
medetec_train_foot-ulcer-2-1_2,train,positive,foot_ulcer,False,0.050522,medetec:foot-ulcer-2-1_2,data/datasets/unet_deduped_subject/images/medetec_train_foot-ulcer-2-1_2.png,data/datasets/unet_deduped_subject/masks/medetec_train_foot-ulcer-2-1_2.png,medetec_foot_ulcer_224,data/datasets/external/wound-segmentation/data/Medetec_foot_ulcer_224/train/images/foot-ulcer-2-1_2.png,data/datasets/external/wound-segmentation/data/Medetec_foot_ulcer_224/train/labels/foot-ulcer-2-1_2.png,PUBLIC_REAL_PHOTOS,Medetec + UWM annotated 224px,087ef5578b60b5cd63d53071ac5474818ff3b02f607922d821a9a8ca33950ae1
medetec_train_foot-ulcer-2-1_3,train,positive,foot_ulcer,False,0.050522,medetec:foot-ulcer-2-1_3,data/datasets/unet_deduped_subject/images/medetec_train_foot-ulcer-2-1_3.png,data/datasets/unet_deduped_subject/masks/medetec_train_foot-ulcer-2-1_3.png,medetec_foot_ulcer_224,data/datasets/external/wound-segmentation/data/Medetec_foot_ulcer_224/train/images/foot-ulcer-2-1_3.png,data/datasets/external/wound-segmentation/data/Medetec_foot_ulcer_224/train/labels/foot-ulcer-2-1_3.png,PUBLIC_REAL_PHOTOS,Medetec + UWM annotated 224px,9f01bbc128a1da9e3ae2d545e816d8c44c621ec5004a3c7705203c8f310b8a39
medetec_train_foot-ulcer-2-2,val,positive,foot_ulcer,False,0.04821,medetec:foot-ulcer-2-2,data/datasets/unet_deduped_subject/images/medetec_train_foot-ulcer-2-2.png,data/datasets/unet_deduped_subject/masks/medetec_train_foot-ulcer-2-2.png,medetec_foot_ulcer_224,data/datasets/external/wound-segmentation/data/Medetec_foot_ulcer_224/train/images/foot-ulcer-2-2.png,data/datasets/external/wound-segmentation/data/Medetec_foot_ulcer_224/train/labels/foot-ulcer-2-2.png,PUBLIC_REAL_PHOTOS,Medetec + UWM annotated 224px,2f693422b2ff71ef8f3bc2162f655f8b8cd7f0753fe04ad4c8a270e1a3005d67
medetec_train_foot-ulcer-2-2_2,train,positive,foot_ulcer,False,0.04821,medetec:foot-ulcer-2-2_2,data/datasets/unet_deduped_subject/images/medetec_train_foot-ulcer-2-2_2.png,data/datasets/unet_deduped_subject/masks/medetec_train_foot-ulcer-2-2_2.png,medetec_foot_ulcer_224,data/datasets/external/wound-segmentation/data/Medetec_foot_ulcer_224/train/images/foot-ulcer-2-2_2.png,data/datasets/external/wound-segmentation/data/Medetec_foot_ulcer_224/train/labels/foot-ulcer-2-2_2.png,PUBLIC_REAL_PHOTOS,Medetec + UWM annotated 224px,e79b2548b5ee94f2152b5d72ef93aebeaec7a209be914429269bf7148fa1dd0d
medetec_train_foot-ulcer-2-3,train,positive,foot_ulcer,False,0.040677,medetec:foot-ulcer-2-3,data/datasets/unet_deduped_subject/images/medetec_train_foot-ulcer-2-3.png,data/datasets/unet_deduped_subject/masks/medetec_train_foot-ulcer-2-3.png,medetec_foot_ulcer_224,data/datasets/external/wound-segmentation/data/Medetec_foot_ulcer_224/train/images/foot-ulcer-2-3.png,data/datasets/external/wound-segmentation/data/Medetec_foot_ulcer_224/train/labels/foot-ulcer-2-3.png,PUBLIC_REAL_PHOTOS,Medetec + UWM annotated 224px,17073c59173a268bb763f9da5d956ad742e35fdf9f0fede077a5d557dd745086
medetec_train_foot-ulcer-2-3_1,train,positive,foot_ulcer,False,0.040677,medetec:foot-ulcer-2-3_1,data/datasets/unet_deduped_subject/images/medetec_train_foot-ulcer-2-3_1.png,data/datasets/unet_deduped_subject/masks/medetec_train_foot-ulcer-2-3_1.png,medetec_foot_ulcer_224,data/datasets/external/wound-segmentation/data/Medetec_foot_ulcer_224/train/images/foot-ulcer-2-3_1.png,data/datasets/external/wound-segmentation/data/Medetec_foot_ulcer_224/train/labels/foot-ulcer-2-3_1.png,PUBLIC_REAL_PHOTOS,Medetec + UWM annotated 224px,032a5864e86848e6c2ccc8c65cdd2bf6d398871a03a4ac41e8726b451471c7fa
medetec_train_foot-ulcer-2-4,train,positive,foot_ulcer,False,0.050961,medetec:foot-ulcer-2-4,data/datasets/unet_deduped_subject/images/medetec_train_foot-ulcer-2-4.png,data/datasets/unet_deduped_subject/masks/medetec_train_foot-ulcer-2-4.png,medetec_foot_ulcer_224,data/datasets/external/wound-segmentation/data/Medetec_foot_ulcer_224/train/images/foot-ulcer-2-4.png,data/datasets/external/wound-segmentation/data/Medetec_foot_ulcer_224/train/labels/foot-ulcer-2-4.png,PUBLIC_REAL_PHOTOS,Medetec + UWM annotated 224px,9d55cc7a3e09c372bd8b3a2ce64096551f22c96a5729da2c0c2d3b88f80193fa
medetec_train_foot-ulcer-2-4_1,train,positive,foot_ulcer,False,0.050961,medetec:foot-ulcer-2-4_1,data/datasets/unet_deduped_subject/images/medetec_train_foot-ulcer-2-4_1.png,data/datasets/unet_deduped_subject/masks/medetec_train_foot-ulcer-2-4_1.png,medetec_foot_ulcer_224,data/datasets/external/wound-segmentation/data/Medetec_foot_ulcer_224/train/images/foot-ulcer-2-4_1.png,data/datasets/external/wound-segmentation/data/Medetec_foot_ulcer_224/train/labels/foot-ulcer-2-4_1.png,PUBLIC_REAL_PHOTOS,Medetec + UWM annotated 224px,5e37c2740b0c031f241e3e54a850011693325b28f2bf8b2150cc6104e48b01d4
medetec_train_foot-ulcer-2-4_2,train,positive,foot_ulcer,False,0.050961,medetec:foot-ulcer-2-4_2,data/datasets/unet_deduped_subject/images/medetec_train_foot-ulcer-2-4_2.png,data/datasets/unet_deduped_subject/masks/medetec_train_foot-ulcer-2-4_2.png,medetec_foot_ulcer_224,data/datasets/external/wound-segmentation/data/Medetec_foot_ulcer_224/train/images/foot-ulcer-2-4_2.png,data/datasets/external/wound-segmentation/data/Medetec_foot_ulcer_224/train/labels/foot-ulcer-2-4_2.png,PUBLIC_REAL_PHOTOS,Medetec + UWM annotated 224px,6ca929509c1b9ff0d490cc609733b926534796c397429e57d474d39e9d21fec1
medetec_train_foot-ulcer-2-4_3,train,positive,foot_ulcer,False,0.050961,medetec:foot-ulcer-2-4_3,data/datasets/unet_deduped_subject/images/medetec_train_foot-ulcer-2-4_3.png,data/datasets/unet_deduped_subject/masks/medetec_train_foot-ulcer-2-4_3.png,medetec_foot_ulcer_224,data/datasets/external/wound-segmentation/data/Medetec_foot_ulcer_224/train/images/foot-ulcer-2-4_3.png,data/datasets/external/wound-segmentation/data/Medetec_foot_ulcer_224/train/labels/foot-ulcer-2-4_3.png,PUBLIC_REAL_PHOTOS,Medetec + UWM annotated 224px,cabcbe1437c22e79370b00c0e600299dd9286eacf5ff49b73f2ec1c42da7fb55
medetec_train_foot-ulcer-3-2,val,positive,foot_ulcer,False,0.044643,medetec:foot-ulcer-3-2,data/datasets/unet_deduped_subject/images/medetec_train_foot-ulcer-3-2.png,data/datasets/unet_deduped_subject/masks/medetec_train_foot-ulcer-3-2.png,medetec_foot_ulcer_224,data/datasets/external/wound-segmentation/data/Medetec_foot_ulcer_224/train/images/foot-ulcer-3-2.png,data/datasets/external/wound-segmentation/data/Medetec_foot_ulcer_224/train/labels/foot-ulcer-3-2.png,PUBLIC_REAL_PHOTOS,Medetec + UWM annotated 224px,188e756e96699dee70b668ff7334cab9361f17fd5d69ffd8d18bc026c28bf9ef
medetec_train_foot-ulcer-3-2_1,train,positive,foot_ulcer,False,0.044643,medetec:foot-ulcer-3-2_1,data/datasets/unet_deduped_subject/images/medetec_train_foot-ulcer-3-2_1.png,data/datasets/unet_deduped_subject/masks/medetec_train_foot-ulcer-3-2_1.png,medetec_foot_ulcer_224,data/datasets/external/wound-segmentation/data/Medetec_foot_ulcer_224/train/images/foot-ulcer-3-2_1.png,data/datasets/external/wound-segmentation/data/Medetec_foot_ulcer_224/train/labels/foot-ulcer-3-2_1.png,PUBLIC_REAL_PHOTOS,Medetec + UWM annotated 224px,342f8350e19069c3c13f625795d10f37a8b60921b72ce6eb81ab2a2ccf775f4a
medetec_train_foot-ulcer-3-2_2,train,positive,foot_ulcer,False,0.044643,medetec:foot-ulcer-3-2_2,data/datasets/unet_deduped_subject/images/medetec_train_foot-ulcer-3-2_2.png,data/datasets/unet_deduped_subject/masks/medetec_train_foot-ulcer-3-2_2.png,medetec_foot_ulcer_224,data/datasets/external/wound-segmentation/data/Medetec_foot_ulcer_224/train/images/foot-ulcer-3-2_2.png,data/datasets/external/wound-segmentation/data/Medetec_foot_ulcer_224/train/labels/foot-ulcer-3-2_2.png,PUBLIC_REAL_PHOTOS,Medetec + UWM annotated 224px,8e74e035c2a9c0de6f9c4d1a1520eee45a61d35c5b841c72abf85a4d371e6b91
medetec_train_foot-ulcer-3-2_3,train,positive,foot_ulcer,False,0.044643,medetec:foot-ulcer-3-2_3,data/datasets/unet_deduped_subject/images/medetec_train_foot-ulcer-3-2_3.png,data/datasets/unet_deduped_subject/masks/medetec_train_foot-ulcer-3-2_3.png,medetec_foot_ulcer_224,data/datasets/external/wound-segmentation/data/Medetec_foot_ulcer_224/train/images/foot-ulcer-3-2_3.png,data/datasets/external/wound-segmentation/data/Medetec_foot_ulcer_224/train/labels/foot-ulcer-3-2_3.png,PUBLIC_REAL_PHOTOS,Medetec + UWM annotated 224px,df1dc5fdd0ccaea1796c6d93c207b55f8d0f04541545ee00783d803917552782
medetec_train_foot-ulcer-3-3,train,positive,foot_ulcer,False,0.047891,medetec:foot-ulcer-3-3,data/datasets/unet_deduped_subject/images/medetec_train_foot-ulcer-3-3.png,data/datasets/unet_deduped_subject/masks/medetec_train_foot-ulcer-3-3.png,medetec_foot_ulcer_224,data/datasets/external/wound-segmentation/data/Medetec_foot_ulcer_224/train/images/foot-ulcer-3-3.png,data/datasets/external/wound-segmentation/data/Medetec_foot_ulcer_224/train/labels/foot-ulcer-3-3.png,PUBLIC_REAL_PHOTOS,Medetec + UWM annotated 224px,b87dcd4da3a675027d02c3674505d4e596e7630246219bf20cafa22689d593c9
medetec_train_foot-ulcer-3-3_1,test,positive,foot_ulcer,False,0.047891,medetec:foot-ulcer-3-3_1,data/datasets/unet_deduped_subject/images/medetec_train_foot-ulcer-3-3_1.png,data/datasets/unet_deduped_subject/masks/medetec_train_foot-ulcer-3-3_1.png,medetec_foot_ulcer_224,data/datasets/external/wound-segmentation/data/Medetec_foot_ulcer_224/train/images/foot-ulcer-3-3_1.png,data/datasets/external/wound-segmentation/data/Medetec_foot_ulcer_224/train/labels/foot-ulcer-3-3_1.png,PUBLIC_REAL_PHOTOS,Medetec + UWM annotated 224px,64bfb8e859237ca1b29750092ce537c206f15b06b28bc201a1eeef057d3f8dd9
medetec_train_foot-ulcer-3-3_2,train,positive,foot_ulcer,False,0.047891,medetec:foot-ulcer-3-3_2,data/datasets/unet_deduped_subject/images/medetec_train_foot-ulcer-3-3_2.png,data/datasets/unet_deduped_subject/masks/medetec_train_foot-ulcer-3-3_2.png,medetec_foot_ulcer_224,data/datasets/external/wound-segmentation/data/Medetec_foot_ulcer_224/train/images/foot-ulcer-3-3_2.png,data/datasets/external/wound-segmentation/data/Medetec_foot_ulcer_224/train/labels/foot-ulcer-3-3_2.png,PUBLIC_REAL_PHOTOS,Medetec + UWM annotated 224px,5064d4b6e28633d5578d22d0cb6357857f778204eff5bd38d58478790802114d
medetec_train_foot-ulcer-3-3_3,train,positive,foot_ulcer,False,0.047891,medetec:foot-ulcer-3-3_3,data/datasets/unet_deduped_subject/images/medetec_train_foot-ulcer-3-3_3.png,data/datasets/unet_deduped_subject/masks/medetec_train_foot-ulcer-3-3_3.png,medetec_foot_ulcer_224,data/datasets/external/wound-segmentation/data/Medetec_foot_ulcer_224/train/images/foot-ulcer-3-3_3.png,data/datasets/external/wound-segmentation/data/Medetec_foot_ulcer_224/train/labels/foot-ulcer-3-3_3.png,PUBLIC_REAL_PHOTOS,Medetec + UWM annotated 224px,6ab5ee327ad69309937919de449cb8dff662ae834073b65822555da9bd7f8498
medetec_train_foot-ulcer-3-4,train,positive,foot_ulcer,False,0.111667,medetec:foot-ulcer-3-4,data/datasets/unet_deduped_subject/images/medetec_train_foot-ulcer-3-4.png,data/datasets/unet_deduped_subject/masks/medetec_train_foot-ulcer-3-4.png,medetec_foot_ulcer_224,data/datasets/external/wound-segmentation/data/Medetec_foot_ulcer_224/train/images/foot-ulcer-3-4.png,data/datasets/external/wound-segmentation/data/Medetec_foot_ulcer_224/train/labels/foot-ulcer-3-4.png,PUBLIC_REAL_PHOTOS,Medetec + UWM annotated 224px,291bbbe23fdd73acfa9812ed1e7e0e527f589284056010caed79a015df9cd3f0
medetec_train_foot-ulcer-3-4_1,test,positive,foot_ulcer,False,0.111627,medetec:foot-ulcer-3-4_1,data/datasets/unet_deduped_subject/images/medetec_train_foot-ulcer-3-4_1.png,data/datasets/unet_deduped_subject/masks/medetec_train_foot-ulcer-3-4_1.png,medetec_foot_ulcer_224,data/datasets/external/wound-segmentation/data/Medetec_foot_ulcer_224/train/images/foot-ulcer-3-4_1.png,data/datasets/external/wound-segmentation/data/Medetec_foot_ulcer_224/train/labels/foot-ulcer-3-4_1.png,PUBLIC_REAL_PHOTOS,Medetec + UWM annotated 224px,49cd6b78edab6eb3703cc28086494e80a2cafeee7a73c197788cbfd389f9f70c
medetec_train_foot-ulcer-3-4_3,train,positive,foot_ulcer,False,0.111627,medetec:foot-ulcer-3-4_3,data/datasets/unet_deduped_subject/images/medetec_train_foot-ulcer-3-4_3.png,data/datasets/unet_deduped_subject/masks/medetec_train_foot-ulcer-3-4_3.png,medetec_foot_ulcer_224,data/datasets/external/wound-segmentation/data/Medetec_foot_ulcer_224/train/images/foot-ulcer-3-4_3.png,data/datasets/external/wound-segmentation/data/Medetec_foot_ulcer_224/train/labels/foot-ulcer-3-4_3.png,PUBLIC_REAL_PHOTOS,Medetec + UWM annotated 224px,bbf8793886d957ca97e4028b51bad718040b5982019b92f3ed5155d45522319d
medetec_train_foot-ulcer-3-5,train,positive,foot_ulcer,False,0.039919,medetec:foot-ulcer-3-5,data/datasets/unet_deduped_subject/images/medetec_train_foot-ulcer-3-5.png,data/datasets/unet_deduped_subject/masks/medetec_train_foot-ulcer-3-5.png,medetec_foot_ulcer_224,data/datasets/external/wound-segmentation/data/Medetec_foot_ulcer_224/train/images/foot-ulcer-3-5.png,data/datasets/external/wound-segmentation/data/Medetec_foot_ulcer_224/train/labels/foot-ulcer-3-5.png,PUBLIC_REAL_PHOTOS,Medetec + UWM annotated 224px,b55da18c841438bc12dc6124d8c410902f4e6f0eccb096557aa4b46bd37a8580
medetec_train_foot-ulcer-3-5_1,train,positive,foot_ulcer,False,0.039939,medetec:foot-ulcer-3-5_1,data/datasets/unet_deduped_subject/images/medetec_train_foot-ulcer-3-5_1.png,data/datasets/unet_deduped_subject/masks/medetec_train_foot-ulcer-3-5_1.png,medetec_foot_ulcer_224,data/datasets/external/wound-segmentation/data/Medetec_foot_ulcer_224/train/images/foot-ulcer-3-5_1.png,data/datasets/external/wound-segmentation/data/Medetec_foot_ulcer_224/train/labels/foot-ulcer-3-5_1.png,PUBLIC_REAL_PHOTOS,Medetec + UWM annotated 224px,54adfc5189d0c1b33aa9d94eba95e30fd733637bcd5be79d37cea6269fdf4b6b
medetec_train_foot-ulcer-3-5_2,train,positive,foot_ulcer,False,0.039919,medetec:foot-ulcer-3-5_2,data/datasets/unet_deduped_subject/images/medetec_train_foot-ulcer-3-5_2.png,data/datasets/unet_deduped_subject/masks/medetec_train_foot-ulcer-3-5_2.png,medetec_foot_ulcer_224,data/datasets/external/wound-segmentation/data/Medetec_foot_ulcer_224/train/images/foot-ulcer-3-5_2.png,data/datasets/external/wound-segmentation/data/Medetec_foot_ulcer_224/train/labels/foot-ulcer-3-5_2.png,PUBLIC_REAL_PHOTOS,Medetec + UWM annotated 224px,1bc83916ce7f1a387a5d6d58eab7a31de6799e6bd38a8346754d9b8b26e34323
medetec_train_foot-ulcer-3-5_3,train,positive,foot_ulcer,False,0.039939,medetec:foot-ulcer-3-5_3,data/datasets/unet_deduped_subject/images/medetec_train_foot-ulcer-3-5_3.png,data/datasets/unet_deduped_subject/masks/medetec_train_foot-ulcer-3-5_3.png,medetec_foot_ulcer_224,data/datasets/external/wound-segmentation/data/Medetec_foot_ulcer_224/train/images/foot-ulcer-3-5_3.png,data/datasets/external/wound-segmentation/data/Medetec_foot_ulcer_224/train/labels/foot-ulcer-3-5_3.png,PUBLIC_REAL_PHOTOS,Medetec + UWM annotated 224px,254cd40db609439c2fd612b7babe689342d88ca4091762f33afd4a76fe8d76ad
medetec_train_foot-ulcer1-1,train,positive,foot_ulcer,False,0.168786,medetec:foot-ulcer1-1,data/datasets/unet_deduped_subject/images/medetec_train_foot-ulcer1-1.png,data/datasets/unet_deduped_subject/masks/medetec_train_foot-ulcer1-1.png,medetec_foot_ulcer_224,data/datasets/external/wound-segmentation/data/Medetec_foot_ulcer_224/train/images/foot-ulcer1-1.png,data/datasets/external/wound-segmentation/data/Medetec_foot_ulcer_224/train/labels/foot-ulcer1-1.png,PUBLIC_REAL_PHOTOS,Medetec + UWM annotated 224px,1e15f5a854ccc69baa83c3469dc8c0ea5ab69ab19edbe3876cb00583365e7a94
medetec_train_foot-ulcer1-1_2,test,positive,foot_ulcer,False,0.168786,medetec:foot-ulcer1-1_2,data/datasets/unet_deduped_subject/images/medetec_train_foot-ulcer1-1_2.png,data/datasets/unet_deduped_subject/masks/medetec_train_foot-ulcer1-1_2.png,medetec_foot_ulcer_224,data/datasets/external/wound-segmentation/data/Medetec_foot_ulcer_224/train/images/foot-ulcer1-1_2.png,data/datasets/external/wound-segmentation/data/Medetec_foot_ulcer_224/train/labels/foot-ulcer1-1_2.png,PUBLIC_REAL_PHOTOS,Medetec + UWM annotated 224px,e3e23a512f387f07e2d33897e9d1c3663f66b7d2106ce6715139efd07060a888
medetec_train_foot-ulcer1-2_1,test,positive,foot_ulcer,False,0.120057,medetec:foot-ulcer1-2_1,data/datasets/unet_deduped_subject/images/medetec_train_foot-ulcer1-2_1.png,data/datasets/unet_deduped_subject/masks/medetec_train_foot-ulcer1-2_1.png,medetec_foot_ulcer_224,data/datasets/external/wound-segmentation/data/Medetec_foot_ulcer_224/train/images/foot-ulcer1-2_1.png,data/datasets/external/wound-segmentation/data/Medetec_foot_ulcer_224/train/labels/foot-ulcer1-2_1.png,PUBLIC_REAL_PHOTOS,Medetec + UWM annotated 224px,b1d088cc8a4e9a3cf32e932eb5ca3344b000d7e46ceb8d4d5cb040845791f1e7
medetec_train_foot-ulcer1-2_3,val,positive,foot_ulcer,False,0.120057,medetec:foot-ulcer1-2_3,data/datasets/unet_deduped_subject/images/medetec_train_foot-ulcer1-2_3.png,data/datasets/unet_deduped_subject/masks/medetec_train_foot-ulcer1-2_3.png,medetec_foot_ulcer_224,data/datasets/external/wound-segmentation/data/Medetec_foot_ulcer_224/train/images/foot-ulcer1-2_3.png,data/datasets/external/wound-segmentation/data/Medetec_foot_ulcer_224/train/labels/foot-ulcer1-2_3.png,PUBLIC_REAL_PHOTOS,Medetec + UWM annotated 224px,81fa8941d6411877c752bcb75a0c229a5f66265bb99ad3f127f208e0c570305b
medetec_train_foot-ulcer1-3,train,positive,foot_ulcer,False,0.297054,medetec:foot-ulcer1-3,data/datasets/unet_deduped_subject/images/medetec_train_foot-ulcer1-3.png,data/datasets/unet_deduped_subject/masks/medetec_train_foot-ulcer1-3.png,medetec_foot_ulcer_224,data/datasets/external/wound-segmentation/data/Medetec_foot_ulcer_224/train/images/foot-ulcer1-3.png,data/datasets/external/wound-segmentation/data/Medetec_foot_ulcer_224/train/labels/foot-ulcer1-3.png,PUBLIC_REAL_PHOTOS,Medetec + UWM annotated 224px,5e225b0d28b5c843400287cc26818ffa24b20230e06f1266f51aa3b04d2a9291
medetec_train_foot-ulcer1-3_2,train,positive,foot_ulcer,False,0.297054,medetec:foot-ulcer1-3_2,data/datasets/unet_deduped_subject/images/medetec_train_foot-ulcer1-3_2.png,data/datasets/unet_deduped_subject/masks/medetec_train_foot-ulcer1-3_2.png,medetec_foot_ulcer_224,data/datasets/external/wound-segmentation/data/Medetec_foot_ulcer_224/train/images/foot-ulcer1-3_2.png,data/datasets/external/wound-segmentation/data/Medetec_foot_ulcer_224/train/labels/foot-ulcer1-3_2.png,PUBLIC_REAL_PHOTOS,Medetec + UWM annotated 224px,a8e58cdc9b831289b03eaa6d6a880489399f41f1c999cb11f1ab0f383cd9cb29
medetec_train_foot-ulcer1-4_1,train,positive,foot_ulcer,False,0.320173,medetec:foot-ulcer1-4_1,data/datasets/unet_deduped_subject/images/medetec_train_foot-ulcer1-4_1.png,data/datasets/unet_deduped_subject/masks/medetec_train_foot-ulcer1-4_1.png,medetec_foot_ulcer_224,data/datasets/external/wound-segmentation/data/Medetec_foot_ulcer_224/train/images/foot-ulcer1-4_1.png,data/datasets/external/wound-segmentation/data/Medetec_foot_ulcer_224/train/labels/foot-ulcer1-4_1.png,PUBLIC_REAL_PHOTOS,Medetec + UWM annotated 224px,7a395df3e4903a2963a24a779de01bcad2e56da3a504489d037e17922a3fce1f
medetec_train_foot-ulcer1-4_3,train,positive,foot_ulcer,False,0.320173,medetec:foot-ulcer1-4_3,data/datasets/unet_deduped_subject/images/medetec_train_foot-ulcer1-4_3.png,data/datasets/unet_deduped_subject/masks/medetec_train_foot-ulcer1-4_3.png,medetec_foot_ulcer_224,data/datasets/external/wound-segmentation/data/Medetec_foot_ulcer_224/train/images/foot-ulcer1-4_3.png,data/datasets/external/wound-segmentation/data/Medetec_foot_ulcer_224/train/labels/foot-ulcer1-4_3.png,PUBLIC_REAL_PHOTOS,Medetec + UWM annotated 224px,fc6ed4c91060ed8b7dcc3f6bce5487ea17908adaed47a117c67c8127b204af39
medetec_train_foot-ulcer1-8,val,positive,foot_ulcer,False,0.169862,medetec:foot-ulcer1-8,data/datasets/unet_deduped_subject/images/medetec_train_foot-ulcer1-8.png,data/datasets/unet_deduped_subject/masks/medetec_train_foot-ulcer1-8.png,medetec_foot_ulcer_224,data/datasets/external/wound-segmentation/data/Medetec_foot_ulcer_224/train/images/foot-ulcer1-8.png,data/datasets/external/wound-segmentation/data/Medetec_foot_ulcer_224/train/labels/foot-ulcer1-8.png,PUBLIC_REAL_PHOTOS,Medetec + UWM annotated 224px,9d99fa656a92a9d6a2b0e1283e84e686f8e1f403ccedd6cb817e7796c7acf21a
medetec_train_foot-ulcer1-8_1,train,positive,foot_ulcer,False,0.169902,medetec:foot-ulcer1-8_1,data/datasets/unet_deduped_subject/images/medetec_train_foot-ulcer1-8_1.png,data/datasets/unet_deduped_subject/masks/medetec_train_foot-ulcer1-8_1.png,medetec_foot_ulcer_224,data/datasets/external/wound-segmentation/data/Medetec_foot_ulcer_224/train/images/foot-ulcer1-8_1.png,data/datasets/external/wound-segmentation/data/Medetec_foot_ulcer_224/train/labels/foot-ulcer1-8_1.png,PUBLIC_REAL_PHOTOS,Medetec + UWM annotated 224px,eacb6f0df1969d6cb5cb23b1ce9a96a01f0b4bbad6d4e3b10fe58157f6d279df
medetec_train_foot-ulcer1-8_3,val,positive,foot_ulcer,False,0.169902,medetec:foot-ulcer1-8_3,data/datasets/unet_deduped_subject/images/medetec_train_foot-ulcer1-8_3.png,data/datasets/unet_deduped_subject/masks/medetec_train_foot-ulcer1-8_3.png,medetec_foot_ulcer_224,data/datasets/external/wound-segmentation/data/Medetec_foot_ulcer_224/train/images/foot-ulcer1-8_3.png,data/datasets/external/wound-segmentation/data/Medetec_foot_ulcer_224/train/labels/foot-ulcer1-8_3.png,PUBLIC_REAL_PHOTOS,Medetec + UWM annotated 224px,da4e1b0f25e9ab85e0b437decb36bb765a41d63a303a80d4b361c98947e938f6
empty_black_0,val,empty,none,True,0.0,synth_empty:black_0,data/datasets/unet_deduped_subject/images/empty_black_0.png,data/datasets/unet_deduped_subject/masks/empty_black_0.png,synthetic_empty_target,data/datasets/unet_deduped_subject/images/empty_black_0.png,data/datasets/unet_deduped_subject/masks/empty_black_0.png,SYNTHETIC_EMPTY_TARGET,internal,bf04b9097c2230556b318bdce59ad8541b43a17f1f2a73a5982c7b745558e16f
empty_white_0,val,empty,none,True,0.0,synth_empty:white_0,data/datasets/unet_deduped_subject/images/empty_white_0.png,data/datasets/unet_deduped_subject/masks/empty_white_0.png,synthetic_empty_target,data/datasets/unet_deduped_subject/images/empty_white_0.png,data/datasets/unet_deduped_subject/masks/empty_white_0.png,SYNTHETIC_EMPTY_TARGET,internal,2fc1bf00a82eba791458ff93f4166cb843bcbcc93f155ae248f73b574498a212
empty_gray_0,train,empty,none,True,0.0,synth_empty:gray_0,data/datasets/unet_deduped_subject/images/empty_gray_0.png,data/datasets/unet_deduped_subject/masks/empty_gray_0.png,synthetic_empty_target,data/datasets/unet_deduped_subject/images/empty_gray_0.png,data/datasets/unet_deduped_subject/masks/empty_gray_0.png,SYNTHETIC_EMPTY_TARGET,internal,499f6426eee043fc3c3e232f6412a12fd2ba2ef1b7385c3160dea245ac799579
empty_skin_0,val,empty,none,True,0.0,synth_empty:skin_0,data/datasets/unet_deduped_subject/images/empty_skin_0.png,data/datasets/unet_deduped_subject/masks/empty_skin_0.png,synthetic_empty_target,data/datasets/unet_deduped_subject/images/empty_skin_0.png,data/datasets/unet_deduped_subject/masks/empty_skin_0.png,SYNTHETIC_EMPTY_TARGET,internal,f4eef1c229e4172749e8151d1e08095cbf715adf4591c050ebe9764b81cb4c3c
empty_noise_0,train,empty,none,True,0.0,synth_empty:noise_0,data/datasets/unet_deduped_subject/images/empty_noise_0.png,data/datasets/unet_deduped_subject/masks/empty_noise_0.png,synthetic_empty_target,data/datasets/unet_deduped_subject/images/empty_noise_0.png,data/datasets/unet_deduped_subject/masks/empty_noise_0.png,SYNTHETIC_EMPTY_TARGET,internal,1517860d5c2cb9d2463bc51f587d50005698e80f042a0c494391dda09376e2c8
empty_gray_1,train,empty,none,True,0.0,synth_empty:gray_1,data/datasets/unet_deduped_subject/images/empty_gray_1.png,data/datasets/unet_deduped_subject/masks/empty_gray_1.png,synthetic_empty_target,data/datasets/unet_deduped_subject/images/empty_gray_1.png,data/datasets/unet_deduped_subject/masks/empty_gray_1.png,SYNTHETIC_EMPTY_TARGET,internal,599d28b8193c26584590dd77e3a306c0b709f5f73dbbac1f0372051066348186
empty_skin_1,train,empty,none,True,0.0,synth_empty:skin_1,data/datasets/unet_deduped_subject/images/empty_skin_1.png,data/datasets/unet_deduped_subject/masks/empty_skin_1.png,synthetic_empty_target,data/datasets/unet_deduped_subject/images/empty_skin_1.png,data/datasets/unet_deduped_subject/masks/empty_skin_1.png,SYNTHETIC_EMPTY_TARGET,internal,02a8f93d526d867876b5768183c539544e66d08637c15a7b19a5b58c1bea11a5
empty_noise_1,train,empty,none,True,0.0,synth_empty:noise_1,data/datasets/unet_deduped_subject/images/empty_noise_1.png,data/datasets/unet_deduped_subject/masks/empty_noise_1.png,synthetic_empty_target,data/datasets/unet_deduped_subject/images/empty_noise_1.png,data/datasets/unet_deduped_subject/masks/empty_noise_1.png,SYNTHETIC_EMPTY_TARGET,internal,70101972fafa7e2da6cc5654091b417f3da84b6397bfe50e9b9b5fb31d979eb9
empty_gray_2,test,empty,none,True,0.0,synth_empty:gray_2,data/datasets/unet_deduped_subject/images/empty_gray_2.png,data/datasets/unet_deduped_subject/masks/empty_gray_2.png,synthetic_empty_target,data/datasets/unet_deduped_subject/images/empty_gray_2.png,data/datasets/unet_deduped_subject/masks/empty_gray_2.png,SYNTHETIC_EMPTY_TARGET,internal,4bf96ff845b811d9268cee4df264a6a5f2a445cdaa33de41e19c23c19579cb48
empty_skin_2,train,empty,none,True,0.0,synth_empty:skin_2,data/datasets/unet_deduped_subject/images/empty_skin_2.png,data/datasets/unet_deduped_subject/masks/empty_skin_2.png,synthetic_empty_target,data/datasets/unet_deduped_subject/images/empty_skin_2.png,data/datasets/unet_deduped_subject/masks/empty_skin_2.png,SYNTHETIC_EMPTY_TARGET,internal,3dc24f043275a6548fa667bec1d31fab034e33b38f92e31bf444137ff48f2e15
empty_noise_2,train,empty,none,True,0.0,synth_empty:noise_2,data/datasets/unet_deduped_subject/images/empty_noise_2.png,data/datasets/unet_deduped_subject/masks/empty_noise_2.png,synthetic_empty_target,data/datasets/unet_deduped_subject/images/empty_noise_2.png,data/datasets/unet_deduped_subject/masks/empty_noise_2.png,SYNTHETIC_EMPTY_TARGET,internal,59c257b87bb772241c8815d943492e65971b5b430821348eda5e505dc83dd7af
empty_gray_3,train,empty,none,True,0.0,synth_empty:gray_3,data/datasets/unet_deduped_subject/images/empty_gray_3.png,data/datasets/unet_deduped_subject/masks/empty_gray_3.png,synthetic_empty_target,data/datasets/unet_deduped_subject/images/empty_gray_3.png,data/datasets/unet_deduped_subject/masks/empty_gray_3.png,SYNTHETIC_EMPTY_TARGET,internal,b2e6327f0a642204531111be1bbda0f9151465eecf90ece770854c19c73b6558
empty_skin_3,test,empty,none,True,0.0,synth_empty:skin_3,data/datasets/unet_deduped_subject/images/empty_skin_3.png,data/datasets/unet_deduped_subject/masks/empty_skin_3.png,synthetic_empty_target,data/datasets/unet_deduped_subject/images/empty_skin_3.png,data/datasets/unet_deduped_subject/masks/empty_skin_3.png,SYNTHETIC_EMPTY_TARGET,internal,dc7ea011558c85e696fe02d629f1b87d1e4c8c800f9a392eba47cd076c699f8b
empty_noise_3,train,empty,none,True,0.0,synth_empty:noise_3,data/datasets/unet_deduped_subject/images/empty_noise_3.png,data/datasets/unet_deduped_subject/masks/empty_noise_3.png,synthetic_empty_target,data/datasets/unet_deduped_subject/images/empty_noise_3.png,data/datasets/unet_deduped_subject/masks/empty_noise_3.png,SYNTHETIC_EMPTY_TARGET,internal,5be8ed85f8aab3121309209db4209de1f57e379965ceffd5564fe2cf55162e9e
empty_gray_4,train,empty,none,True,0.0,synth_empty:gray_4,data/datasets/unet_deduped_subject/images/empty_gray_4.png,data/datasets/unet_deduped_subject/masks/empty_gray_4.png,synthetic_empty_target,data/datasets/unet_deduped_subject/images/empty_gray_4.png,data/datasets/unet_deduped_subject/masks/empty_gray_4.png,SYNTHETIC_EMPTY_TARGET,internal,7e8ba8b66e510e5964d572a11408546aca9a9018692c01d2f0d9334eab014408
empty_skin_4,train,empty,none,True,0.0,synth_empty:skin_4,data/datasets/unet_deduped_subject/images/empty_skin_4.png,data/datasets/unet_deduped_subject/masks/empty_skin_4.png,synthetic_empty_target,data/datasets/unet_deduped_subject/images/empty_skin_4.png,data/datasets/unet_deduped_subject/masks/empty_skin_4.png,SYNTHETIC_EMPTY_TARGET,internal,7bfcb1b5a912aa23eb74397f0f84f5c2a301ab7790ef6c7c897307779ce402ea
empty_noise_4,train,empty,none,True,0.0,synth_empty:noise_4,data/datasets/unet_deduped_subject/images/empty_noise_4.png,data/datasets/unet_deduped_subject/masks/empty_noise_4.png,synthetic_empty_target,data/datasets/unet_deduped_subject/images/empty_noise_4.png,data/datasets/unet_deduped_subject/masks/empty_noise_4.png,SYNTHETIC_EMPTY_TARGET,internal,daeaf228e1b571011cfdb7a5869a50d9f4e7e4e48d9b2d295ac707161fa8637a
empty_gray_5,train,empty,none,True,0.0,synth_empty:gray_5,data/datasets/unet_deduped_subject/images/empty_gray_5.png,data/datasets/unet_deduped_subject/masks/empty_gray_5.png,synthetic_empty_target,data/datasets/unet_deduped_subject/images/empty_gray_5.png,data/datasets/unet_deduped_subject/masks/empty_gray_5.png,SYNTHETIC_EMPTY_TARGET,internal,68a938008711afaaee8ff078f5513ce10bd1a4032981519879b7d10151224ade
empty_skin_5,train,empty,none,True,0.0,synth_empty:skin_5,data/datasets/unet_deduped_subject/images/empty_skin_5.png,data/datasets/unet_deduped_subject/masks/empty_skin_5.png,synthetic_empty_target,data/datasets/unet_deduped_subject/images/empty_skin_5.png,data/datasets/unet_deduped_subject/masks/empty_skin_5.png,SYNTHETIC_EMPTY_TARGET,internal,de709e83067329a325cb1f38de215066b6a67c16f25fcda0374d54241fce3e9b
empty_noise_5,test,empty,none,True,0.0,synth_empty:noise_5,data/datasets/unet_deduped_subject/images/empty_noise_5.png,data/datasets/unet_deduped_subject/masks/empty_noise_5.png,synthetic_empty_target,data/datasets/unet_deduped_subject/images/empty_noise_5.png,data/datasets/unet_deduped_subject/masks/empty_noise_5.png,SYNTHETIC_EMPTY_TARGET,internal,df227d0b1c778f2f668e8e5665ddb43a6f91c3f62ab4d091dae9ac65ab6f7f04
