dataset,sample_id,split,subject_id,source_id,path,file_sha256,pixel_sha256
yolo_retrain_v2,raw_synthetic_wound__syn_wound_0185,test,,data/datasets/raw/synthetic_wound/test/images/syn_wound_0185.jpg,data/datasets/yolo_retrain_v2/images/test/raw_synthetic_wound__syn_wound_0185.jpg,35519b00aef367de4108d0043257773c9ab2148a431095212af2d016b90df592,56816a578b5b7aa81c2108b5ef9e8f0154b503d451508938ca4296cae5c984b2
yolo_retrain_v2,raw_synthetic_wound__syn_wound_0186,test,,data/datasets/raw/synthetic_wound/test/images/syn_wound_0186.jpg,data/datasets/yolo_retrain_v2/images/test/raw_synthetic_wound__syn_wound_0186.jpg,206242b57af4eccb1b4073bbc7c447bb7b6253b16332846272d8a0b367798aaf,7bd05bd92b668e46a9e21318352a2a45d44baefa91ede7568b3c410fcf12fb60
yolo_retrain_v2,raw_synthetic_wound__syn_wound_0187,test,,data/datasets/raw/synthetic_wound/test/images/syn_wound_0187.jpg,data/datasets/yolo_retrain_v2/images/test/raw_synthetic_wound__syn_wound_0187.jpg,ab2190f3456529be1fad567e711730e9f7799248ddae981ae67bf65455790a32,682b0313e70d4a73bf16f8cf142d7180024459752599ceb9cb0be351748e5271
yolo_retrain_v2,raw_synthetic_wound__syn_wound_0189,test,,data/datasets/raw/synthetic_wound/test/images/syn_wound_0189.jpg,data/datasets/yolo_retrain_v2/images/test/raw_synthetic_wound__syn_wound_0189.jpg,b67c79167904e63a0c4c6c6e06470d70cc79dcead060426a9153dbc052e84e41,b81daf409d7d41555b11c4d4ac30f1eb9f90d62a2328d802f179d78c3387fc7b
yolo_retrain_v2,raw_synthetic_wound__syn_wound_0195,test,,data/datasets/raw/synthetic_wound/test/images/syn_wound_0195.jpg,data/datasets/yolo_retrain_v2/images/test/raw_synthetic_wound__syn_wound_0195.jpg,5fcbce35b25eed0db7a58f0f0a77a59da3e262ba47fe84d472816bd98b8e8ea1,8ee1cf5acbb4f1d777ce98acaa2e834c5fadcf1a01ce00e3a4b45eb0ba6e029b
yolo_retrain_v2,raw_synthetic_wound__syn_wound_0199,test,,data/datasets/raw/synthetic_wound/test/images/syn_wound_0199.jpg,data/datasets/yolo_retrain_v2/images/test/raw_synthetic_wound__syn_wound_0199.jpg,d24c451943b186c493ba729c20046029db5ce5323773a004c6afa209ac98f150,8c3e1eb43e6cd454a355e743989c6626bfaebbbda253a67028e1e36602bfcb05
yolo_retrain_v2,raw_synthetic_wound__syn_wound_0200,test,,data/datasets/raw/synthetic_wound/test/images/syn_wound_0200.jpg,data/datasets/yolo_retrain_v2/images/test/raw_synthetic_wound__syn_wound_0200.jpg,0850cf3d1cc843181068770727e111ef32c07f6acc635af94c564c97117ba0fe,bfe6c75fadd7ef755de824680e3b46c6a18e2c5d311f676d34a036a312ac3c5b
yolo_retrain_v2,raw_synthetic_wound__syn_wound_0202,test,,data/datasets/raw/synthetic_wound/test/images/syn_wound_0202.jpg,data/datasets/yolo_retrain_v2/images/test/raw_synthetic_wound__syn_wound_0202.jpg,8f96170f317aeffe4870f953da45b8b00e6cbfef49aebe7087a28d75ab146c7b,34da665fd217b79e58e4bb1bf531a31aa4c3691dbf8144a223bfb4fede080fa6
yolo_retrain_v2,raw_synthetic_wound__syn_wound_0206,test,,data/datasets/raw/synthetic_wound/test/images/syn_wound_0206.jpg,data/datasets/yolo_retrain_v2/images/test/raw_synthetic_wound__syn_wound_0206.jpg,4db387c5f2d3cf1778f1028471d80cec4b18ea31770c76e778b3ed7b1c5d770d,4ecdeb3db24858402a6543346e5c153cb9e1e6d3faca8ee74834c27f60f15cea
yolo_retrain_v2,raw_synthetic_wound__syn_wound_0207,test,,data/datasets/raw/synthetic_wound/test/images/syn_wound_0207.jpg,data/datasets/yolo_retrain_v2/images/test/raw_synthetic_wound__syn_wound_0207.jpg,01a5f30ffc41cc6d4133b5d6461528fdae68e8e0d3356ed3e9965130ec7b375c,32a81bbc75b64fa29c2dc95933fe4bb0c03502046bda7f26f820402a118c7eb3
yolo_retrain_v2,raw_synthetic_wound__syn_wound_0208,test,,data/datasets/raw/synthetic_wound/test/images/syn_wound_0208.jpg,data/datasets/yolo_retrain_v2/images/test/raw_synthetic_wound__syn_wound_0208.jpg,e7da66b4e54bd1c7d4bdfa867288df0eb9f2b572e58070dd387c016aaac4c8a4,6b6200ba66df766da1f6e4373f42d858389199b95a971b8230b2a94042170528
yolo_retrain_v2,raw_synthetic_wound__syn_wound_0211,test,,data/datasets/raw/synthetic_wound/test/images/syn_wound_0211.jpg,data/datasets/yolo_retrain_v2/images/test/raw_synthetic_wound__syn_wound_0211.jpg,488c741efb5b581313d5483c908469a728229d935b6ecc6027979f09181c948f,ca2b0bc7911951a81831d7dcfef70cbd173b4df7cd980778eb6c9c7c158d60f0
yolo_retrain_v2,raw_synthetic_wound__syn_wound_0213,test,,data/datasets/raw/synthetic_wound/test/images/syn_wound_0213.jpg,data/datasets/yolo_retrain_v2/images/test/raw_synthetic_wound__syn_wound_0213.jpg,800b251c417f84c348fd6511f501a4980e5bddccdd984d8c18101446df1e00ec,6635b23e0c4c245e612cd410af60de9505d3db023e3be1d88885c677bbfe07b6
yolo_retrain_v2,raw_synthetic_wound__syn_wound_0216,test,,data/datasets/raw/synthetic_wound/test/images/syn_wound_0216.jpg,data/datasets/yolo_retrain_v2/images/test/raw_synthetic_wound__syn_wound_0216.jpg,6bef9bf6656b83da50efeff429dbedd6745a1440de6a38588095f8817030d8cc,74577d7af8187d0a4877ed16f766ee03122e356f73b07e235a659e1ddf50caa0
yolo_retrain_v2,raw_synthetic_wound__syn_wound_0218,test,,data/datasets/raw/synthetic_wound/test/images/syn_wound_0218.jpg,data/datasets/yolo_retrain_v2/images/test/raw_synthetic_wound__syn_wound_0218.jpg,269164fde03d8b81b43721814664264dc14a92bf4725188872117e8517c4421c,0ef002639b7b3c2cdea640b9e612e021a9ace869875030ed16fd658f77533d67
yolo_retrain_v2,raw_synthetic_wound__syn_wound_0219,test,,data/datasets/raw/synthetic_wound/test/images/syn_wound_0219.jpg,data/datasets/yolo_retrain_v2/images/test/raw_synthetic_wound__syn_wound_0219.jpg,42c92b1cdd3b2936cd69f9186a396841acad1927ce996f108d8c4174e930535c,f9a519428dbbcc9c9b1e7fd043ff78883ca22e104d5e792227d4f57494a8be40
yolo_retrain_v2,raw_synthetic_wound__syn_wound_0001,train,,data/datasets/raw/synthetic_wound/train/images/syn_wound_0001.jpg,data/datasets/yolo_retrain_v2/images/train/raw_synthetic_wound__syn_wound_0001.jpg,90daa6403a2d807f7d68710f70b45685a1d1712237369a6c53d437b2c6d9ec8f,9ffcfede7f152f05e5261a62023c4408e80f8da1a4464071ab0ffea99caa320a
yolo_retrain_v2,raw_synthetic_wound__syn_wound_0004,train,,data/datasets/raw/synthetic_wound/train/images/syn_wound_0004.jpg,data/datasets/yolo_retrain_v2/images/train/raw_synthetic_wound__syn_wound_0004.jpg,5922de6ba0b2b6bc9f80377a7eb6ea701fbc6fb07644d378ebec41bc0b11ec77,e5fddf02502f232b741adb95ebdad2f74ff42d64e5c586d8050e8168dda2b5bd
yolo_retrain_v2,raw_synthetic_wound__syn_wound_0005,train,,data/datasets/raw/synthetic_wound/train/images/syn_wound_0005.jpg,data/datasets/yolo_retrain_v2/images/train/raw_synthetic_wound__syn_wound_0005.jpg,4d4965671eeb456cc6893477bdd0b0a48da13feb26266b39899b3ae8f66e1deb,8fe078ec1e16a9ba3700ff7c01f621bd3e9512238bec4f5d9ff78e94dfb6ec8a
yolo_retrain_v2,raw_synthetic_wound__syn_wound_0006,train,,data/datasets/raw/synthetic_wound/train/images/syn_wound_0006.jpg,data/datasets/yolo_retrain_v2/images/train/raw_synthetic_wound__syn_wound_0006.jpg,a61f6acf20723af460e367599a8526c5aa99d6edafd95d939e9dfd2757eba6f9,7ad5ae53f3b4ee9854420eafdd86f0a81e1fa3fe6dcb5763bf5dbfab389db9c0
yolo_retrain_v2,raw_synthetic_wound__syn_wound_0007,train,,data/datasets/raw/synthetic_wound/train/images/syn_wound_0007.jpg,data/datasets/yolo_retrain_v2/images/train/raw_synthetic_wound__syn_wound_0007.jpg,52e18343bb7685a934650e891bacde66d5843e6a61d5c082da4f5b1dff305050,11ea13803f9cfa3cb47a9dc18bcdb4e7ec0834efa3cee0f3847ef17551812780
yolo_retrain_v2,raw_synthetic_wound__syn_wound_0008,train,,data/datasets/raw/synthetic_wound/train/images/syn_wound_0008.jpg,data/datasets/yolo_retrain_v2/images/train/raw_synthetic_wound__syn_wound_0008.jpg,7fe7e2d01f470d45e8e35b3e47c6d5685cb0ca074b4e7f3da1e949f9e92f27a9,35a17cf7191e7f02092db9e3957376e56671cb0581c1cf457b4e9940684bfead
yolo_retrain_v2,raw_synthetic_wound__syn_wound_0011,train,,data/datasets/raw/synthetic_wound/train/images/syn_wound_0011.jpg,data/datasets/yolo_retrain_v2/images/train/raw_synthetic_wound__syn_wound_0011.jpg,236103de6130e64075ec1ac8e9c98a4df8367a8c4d24ab62535b6ea70a3e039e,776acd754d6576b406e5861bbd446d5c784c2f2271df9984510131e5964d46f4
yolo_retrain_v2,raw_synthetic_wound__syn_wound_0012,train,,data/datasets/raw/synthetic_wound/train/images/syn_wound_0012.jpg,data/datasets/yolo_retrain_v2/images/train/raw_synthetic_wound__syn_wound_0012.jpg,4707fc69c6cdf2b68d1e01c499d554d3c51fbbe1dcce7fc7da43a9127f2cfdb5,03fc195440e5a2fd5806a6f6db5d44453917471c47af94f11d75337ad4f4c06d
yolo_retrain_v2,raw_synthetic_wound__syn_wound_0016,train,,data/datasets/raw/synthetic_wound/train/images/syn_wound_0016.jpg,data/datasets/yolo_retrain_v2/images/train/raw_synthetic_wound__syn_wound_0016.jpg,afefe5e7ca5432b706fb568b85d1bada801ff1121281c1421d22d72eb544a86c,202605c84328617a85b8e6e4962ec8f89690c0bec77fd1955d10139a930d25ad
yolo_retrain_v2,raw_synthetic_wound__syn_wound_0017,train,,data/datasets/raw/synthetic_wound/train/images/syn_wound_0017.jpg,data/datasets/yolo_retrain_v2/images/train/raw_synthetic_wound__syn_wound_0017.jpg,f67a241be034bbbcf895071f26c365b6bc4e15730cba45fee89f0177cc2bbc80,cd21e19258efed1b670493f66f9bfd6c4f139027d0967f8f445724071fc762e4
yolo_retrain_v2,raw_synthetic_wound__syn_wound_0018,train,,data/datasets/raw/synthetic_wound/train/images/syn_wound_0018.jpg,data/datasets/yolo_retrain_v2/images/train/raw_synthetic_wound__syn_wound_0018.jpg,4c63b77cb3d8e59a19d0b27e3ca43079f62c224b69cfb7999e740385a2f24da9,4d61622d0c4ad024e15b5e0a44412edca2288aae66cea9d30f85830ccb86bae1
yolo_retrain_v2,raw_synthetic_wound__syn_wound_0020,train,,data/datasets/raw/synthetic_wound/train/images/syn_wound_0020.jpg,data/datasets/yolo_retrain_v2/images/train/raw_synthetic_wound__syn_wound_0020.jpg,e94bfad68a1bec5ded3e91e226de59bbc8a378088259569e0d632eaab6826b56,80118bc8b372d1192e1e19fe616727e86f894ea2c55e447c8ea56fc977f874dd
yolo_retrain_v2,raw_synthetic_wound__syn_wound_0023,train,,data/datasets/raw/synthetic_wound/train/images/syn_wound_0023.jpg,data/datasets/yolo_retrain_v2/images/train/raw_synthetic_wound__syn_wound_0023.jpg,32d763d05f91f61a7d0ee811fdc0cf86bd6a074606b543c48eb900426909cc95,74d0bde71cb0a99a989622176cac32edfa42b1d4df4fd5d634f8be364fbf664f
yolo_retrain_v2,raw_synthetic_wound__syn_wound_0024,train,,data/datasets/raw/synthetic_wound/train/images/syn_wound_0024.jpg,data/datasets/yolo_retrain_v2/images/train/raw_synthetic_wound__syn_wound_0024.jpg,2c3a0d856003e8877201b88a27656ed8001d3e3d6fd30ef7d2d4568aba6d8025,ff2d472240f9d8a998a525ff7d97f6b32771b8a3c3ced8e874b37a9531b61d33
yolo_retrain_v2,raw_synthetic_wound__syn_wound_0027,train,,data/datasets/raw/synthetic_wound/train/images/syn_wound_0027.jpg,data/datasets/yolo_retrain_v2/images/train/raw_synthetic_wound__syn_wound_0027.jpg,0dfaa5824372b44882e81d895fc90bc3d8d00f44fef8d33bfb5f8893536a50e8,d4a8e3212606c2a9cbc63bedea91a845708daa08e8493b050931f25b97e01767
yolo_retrain_v2,raw_synthetic_wound__syn_wound_0028,train,,data/datasets/raw/synthetic_wound/train/images/syn_wound_0028.jpg,data/datasets/yolo_retrain_v2/images/train/raw_synthetic_wound__syn_wound_0028.jpg,0b2e59ece710162b1158cf4bfe5843e3e8bb8fa2a6d59bf9f1d35e361e183e50,c6635afe37e425d6cee0236a5d082bde3e9699b05e44f3dac15627bf28f9bc5e
yolo_retrain_v2,raw_synthetic_wound__syn_wound_0029,train,,data/datasets/raw/synthetic_wound/train/images/syn_wound_0029.jpg,data/datasets/yolo_retrain_v2/images/train/raw_synthetic_wound__syn_wound_0029.jpg,d9f9b97aa182afdad44862282cb282c5da8c52058997f152b94d060c6972f77e,517f0671c1805d0de92a9b2d9101714409f2750abf2cfa00d0113bc475618022
yolo_retrain_v2,raw_synthetic_wound__syn_wound_0030,train,,data/datasets/raw/synthetic_wound/train/images/syn_wound_0030.jpg,data/datasets/yolo_retrain_v2/images/train/raw_synthetic_wound__syn_wound_0030.jpg,4f409aace0cec41ce82325e2847a2b37bca51f936d289d45f36e9148055df650,e36ba7ecaf1886eebe8bde65d821af47f34a72615847a33203997ac3494251aa
yolo_retrain_v2,raw_synthetic_wound__syn_wound_0032,train,,data/datasets/raw/synthetic_wound/train/images/syn_wound_0032.jpg,data/datasets/yolo_retrain_v2/images/train/raw_synthetic_wound__syn_wound_0032.jpg,55dff52ad3983f3d97c76fccc0fb7c32ca406ab5f3c3093abd44d17d82fc447b,51f335c24ca909136b455b19b21e0659e11cb6a8cf9812753ea1a7b5af4f15c5
yolo_retrain_v2,raw_synthetic_wound__syn_wound_0033,train,,data/datasets/raw/synthetic_wound/train/images/syn_wound_0033.jpg,data/datasets/yolo_retrain_v2/images/train/raw_synthetic_wound__syn_wound_0033.jpg,dcc69293c22fad661b4a62350cdaff20b72861f90296894be16632d114860ff4,9fa3f74191b46c523875be7d3164031247bff24b46ce27de3e56b688b916a7d2
yolo_retrain_v2,raw_synthetic_wound__syn_wound_0034,train,,data/datasets/raw/synthetic_wound/train/images/syn_wound_0034.jpg,data/datasets/yolo_retrain_v2/images/train/raw_synthetic_wound__syn_wound_0034.jpg,0f86914aa2e1eb948438806263d982b26c0bfae3b86c6f258de3e91fea2411f5,d2333fbf22d5428e7a325044e36bf2ac8b00f7dc0f707dbf8439ef7a7979f3aa
yolo_retrain_v2,raw_synthetic_wound__syn_wound_0037,train,,data/datasets/raw/synthetic_wound/train/images/syn_wound_0037.jpg,data/datasets/yolo_retrain_v2/images/train/raw_synthetic_wound__syn_wound_0037.jpg,36f1a951af1863e2933f5ca242e72f71e41c866c57b5af3699736ca5f823632e,fe55fc94fe7fc635db3fcb2c282b641c1da6f03e3746f11f6f52fb58efe77216
yolo_retrain_v2,raw_synthetic_wound__syn_wound_0039,train,,data/datasets/raw/synthetic_wound/train/images/syn_wound_0039.jpg,data/datasets/yolo_retrain_v2/images/train/raw_synthetic_wound__syn_wound_0039.jpg,59a400e1e1b18d3007254d261f8255589f4d6b9bc4007a84f6f98c217bd5fc6c,29927c645e87dd60b83449adf621261632cf08dec0a0bf0ecbf8b99eeea6cbff
yolo_retrain_v2,raw_synthetic_wound__syn_wound_0040,train,,data/datasets/raw/synthetic_wound/train/images/syn_wound_0040.jpg,data/datasets/yolo_retrain_v2/images/train/raw_synthetic_wound__syn_wound_0040.jpg,4482b6f4d50eb6d8ffd0e0bc9a77b5fd19fbf6df3eb22ae301d3241495b2833f,49368c5a4247b6f0e56924a15bb48c76860789f062faa84b58e149d5aafa6ed7
yolo_retrain_v2,raw_synthetic_wound__syn_wound_0041,train,,data/datasets/raw/synthetic_wound/train/images/syn_wound_0041.jpg,data/datasets/yolo_retrain_v2/images/train/raw_synthetic_wound__syn_wound_0041.jpg,5d55879d8e2b5308c45d2b6991475e10f5a02a895a3575392df59b32120bd6ab,da1a90b7f77df4e4023f8868f3fe6c640fc2683049f375fad1d7a32281e8ef06
yolo_retrain_v2,raw_synthetic_wound__syn_wound_0042,train,,data/datasets/raw/synthetic_wound/train/images/syn_wound_0042.jpg,data/datasets/yolo_retrain_v2/images/train/raw_synthetic_wound__syn_wound_0042.jpg,e3a948b5e717ab02182659f6cf8f4756c8374ee04485708f9e3654aaed3b7a83,f1745a578b0a6fca25b0c4773e725deb8e7463c145cc638999a56915b1f21762
yolo_retrain_v2,raw_synthetic_wound__syn_wound_0045,train,,data/datasets/raw/synthetic_wound/train/images/syn_wound_0045.jpg,data/datasets/yolo_retrain_v2/images/train/raw_synthetic_wound__syn_wound_0045.jpg,1d388d5ada4475e457f18e40f98337d13dcba26af203d549ed35b32c113339e6,4fa764c119b66724a963258871385eb1dbed0a621cf8ce612f9731397da039f4
yolo_retrain_v2,raw_synthetic_wound__syn_wound_0047,train,,data/datasets/raw/synthetic_wound/train/images/syn_wound_0047.jpg,data/datasets/yolo_retrain_v2/images/train/raw_synthetic_wound__syn_wound_0047.jpg,54a7d62b658f7dbf265d0fd8179cecc68ed3ec391d24c4462ee2731403886351,67da7241c67ac1b0fb44360d6dcfac7405f44c904b585465986fc1ecf4df4858
yolo_retrain_v2,raw_synthetic_wound__syn_wound_0048,train,,data/datasets/raw/synthetic_wound/train/images/syn_wound_0048.jpg,data/datasets/yolo_retrain_v2/images/train/raw_synthetic_wound__syn_wound_0048.jpg,86ab79cffb4b5565a7aa71c7d1b02e5fad9c6cba5c928e2ed82716c92de2a520,0eda472d29f702a7b52a75ed6d3259898e1b0d41dc441388980dbee73c9cae81
yolo_retrain_v2,raw_synthetic_wound__syn_wound_0049,train,,data/datasets/raw/synthetic_wound/train/images/syn_wound_0049.jpg,data/datasets/yolo_retrain_v2/images/train/raw_synthetic_wound__syn_wound_0049.jpg,d05f0725d30928b179f591f608823ae1403957ae2965b122108c15b354e75ce6,86be03f00526ff04a3646460ac96dc44239332b363fdf2007a64a2ec01fe11a9
yolo_retrain_v2,raw_synthetic_wound__syn_wound_0053,train,,data/datasets/raw/synthetic_wound/train/images/syn_wound_0053.jpg,data/datasets/yolo_retrain_v2/images/train/raw_synthetic_wound__syn_wound_0053.jpg,204e60cd90a76ad7db30938ddc53710ccbd9cf35f6d977d74ed3f6f6809671ee,32bb1d93126d5025fcc34ed747f3872c74d13e6e924f783a9260f0a9761d6707
yolo_retrain_v2,raw_synthetic_wound__syn_wound_0054,train,,data/datasets/raw/synthetic_wound/train/images/syn_wound_0054.jpg,data/datasets/yolo_retrain_v2/images/train/raw_synthetic_wound__syn_wound_0054.jpg,21dca03636d9938aa14d9203fb399932605c69d4aa8d3179516c407c6d143b08,edbb673356ebc2046f84a9ddac4b5ceeb04173cf2239c713be9a8472de61829b
yolo_retrain_v2,raw_synthetic_wound__syn_wound_0059,train,,data/datasets/raw/synthetic_wound/train/images/syn_wound_0059.jpg,data/datasets/yolo_retrain_v2/images/train/raw_synthetic_wound__syn_wound_0059.jpg,abd43458c0b22dc5191a752ff5784d6711bc2ddf4fcb21402ef4c02356ad0aa4,6a40e377b3607e2b6cd4063bf4542c89faa93a12f1c9d93504b0eebc6a5a7d2e
yolo_retrain_v2,raw_synthetic_wound__syn_wound_0062,train,,data/datasets/raw/synthetic_wound/train/images/syn_wound_0062.jpg,data/datasets/yolo_retrain_v2/images/train/raw_synthetic_wound__syn_wound_0062.jpg,46aec19889eb439e52cb2b0534c9d8f6b65a79dbe63a1943db6f05e4c3dab57f,db5dd4882085cd8da15fd4454506dd50b8a67c6145cc35cfce919ec55b57762c
yolo_retrain_v2,raw_synthetic_wound__syn_wound_0063,train,,data/datasets/raw/synthetic_wound/train/images/syn_wound_0063.jpg,data/datasets/yolo_retrain_v2/images/train/raw_synthetic_wound__syn_wound_0063.jpg,6fd78a45d925099bd76b8a5913f493d64c22626202b563ee9988124c50f2e0b9,a6a1239463b7d76efe0b70d41320f6ec246a465662d68ea8aab8e39ac9345134
yolo_retrain_v2,raw_synthetic_wound__syn_wound_0064,train,,data/datasets/raw/synthetic_wound/train/images/syn_wound_0064.jpg,data/datasets/yolo_retrain_v2/images/train/raw_synthetic_wound__syn_wound_0064.jpg,aec60dbd102e8724dda7be76b7740da8329ca0552b6057cc3ec39becef05ca90,692e2dbaad2e4178cd2fcc77065653abf2e75a37ec25d3d7e4519ce8f4bdef1b
yolo_retrain_v2,raw_synthetic_wound__syn_wound_0065,train,,data/datasets/raw/synthetic_wound/train/images/syn_wound_0065.jpg,data/datasets/yolo_retrain_v2/images/train/raw_synthetic_wound__syn_wound_0065.jpg,80fc6a788f5e20c955fbabbed784b4046a2df9df9cf52335f44392a9162fb010,e2052474a2321d051a605dd2ea652c88eee60f12f392fec1ebee13ca1da7cd79
yolo_retrain_v2,raw_synthetic_wound__syn_wound_0066,train,,data/datasets/raw/synthetic_wound/train/images/syn_wound_0066.jpg,data/datasets/yolo_retrain_v2/images/train/raw_synthetic_wound__syn_wound_0066.jpg,8d7cec20a440617547a2185c3d58ea7a8951730c61af43b5287863c5e26a7483,5dd36df44561e5da3902d3ef73a60475719c352e4344a068de11765aaa05af1e
yolo_retrain_v2,raw_synthetic_wound__syn_wound_0067,train,,data/datasets/raw/synthetic_wound/train/images/syn_wound_0067.jpg,data/datasets/yolo_retrain_v2/images/train/raw_synthetic_wound__syn_wound_0067.jpg,4cb17cd41e0fd066a794cbc8eba19a109f4642cbc37e1f0d9374ed4c7ee5652d,34c0dc2db58161df2f1957c07524ec6dcd2fb3171bf6aaf270d401cb2ce2cc3c
yolo_retrain_v2,raw_synthetic_wound__syn_wound_0069,train,,data/datasets/raw/synthetic_wound/train/images/syn_wound_0069.jpg,data/datasets/yolo_retrain_v2/images/train/raw_synthetic_wound__syn_wound_0069.jpg,23108e278b4740aee89cfbe7902b7013bb55c6254dc2cdc15a6a82718d6be343,925bdfb5b278b54eef2a533052bd99846fd8da3ecdeaac41d15ee8aefa09956b
yolo_retrain_v2,raw_synthetic_wound__syn_wound_0070,train,,data/datasets/raw/synthetic_wound/train/images/syn_wound_0070.jpg,data/datasets/yolo_retrain_v2/images/train/raw_synthetic_wound__syn_wound_0070.jpg,a14d68c0322bb4465811c83e84667c7a330b54a6830cc6f3cc02e96575cd9925,daab2ebc9dc1336062ac4eed7740cac36f1fd9a984619a860719bc78ce74ea16
yolo_retrain_v2,raw_synthetic_wound__syn_wound_0071,train,,data/datasets/raw/synthetic_wound/train/images/syn_wound_0071.jpg,data/datasets/yolo_retrain_v2/images/train/raw_synthetic_wound__syn_wound_0071.jpg,9d48a1add936d188bf258989f65f37d09090be87cb36e105646b58ee62e93dbe,bc2acb60fbe3c46f99b18e341538801c11a8cdbb4accc2293d1825bcf5c45b94
yolo_retrain_v2,raw_synthetic_wound__syn_wound_0072,train,,data/datasets/raw/synthetic_wound/train/images/syn_wound_0072.jpg,data/datasets/yolo_retrain_v2/images/train/raw_synthetic_wound__syn_wound_0072.jpg,07c51af0368141af5145e34bd74b5606c412b4503c1fdac53cf8d7ce4181e191,dd248d0999ead6cd5d109c7c04df62a8ac404a688dba43ff718494a6f8908a06
yolo_retrain_v2,raw_synthetic_wound__syn_wound_0075,train,,data/datasets/raw/synthetic_wound/train/images/syn_wound_0075.jpg,data/datasets/yolo_retrain_v2/images/train/raw_synthetic_wound__syn_wound_0075.jpg,7f7ec801aceebec636af0ef09d7891d5028e64bbdaf828db9395d3a32cc8ada6,dc45d94a4bc2b47d2cffde8d95f3e148f45b3ae39d2c477bba584a085a43419e
yolo_retrain_v2,raw_synthetic_wound__syn_wound_0076,train,,data/datasets/raw/synthetic_wound/train/images/syn_wound_0076.jpg,data/datasets/yolo_retrain_v2/images/train/raw_synthetic_wound__syn_wound_0076.jpg,31fa84ce06badd5c4a040ad40f29c25d26e8282425dddb41574c77cfe49e9069,28d905b4d0871152c2837cd96c254733a1a718345a109e3c525fdcd2f4453856
yolo_retrain_v2,raw_synthetic_wound__syn_wound_0077,train,,data/datasets/raw/synthetic_wound/train/images/syn_wound_0077.jpg,data/datasets/yolo_retrain_v2/images/train/raw_synthetic_wound__syn_wound_0077.jpg,6e2606a459dcbeace089208c98c5c305c13960915179464a1ae389e5e1d766bd,5b491afb846489aaa85989a6d4e80ddb8f413e4994e4452e20850ca07a97d8e5
yolo_retrain_v2,raw_synthetic_wound__syn_wound_0078,train,,data/datasets/raw/synthetic_wound/train/images/syn_wound_0078.jpg,data/datasets/yolo_retrain_v2/images/train/raw_synthetic_wound__syn_wound_0078.jpg,9a9547a0dcbab387080ab2fc328c45edf061d8a63a02e94dbf56558b7f778da6,654653130df0732d029d5e05ac314285a843e3c41a53ea2a4f2bd3e80d33402e
yolo_retrain_v2,raw_synthetic_wound__syn_wound_0079,train,,data/datasets/raw/synthetic_wound/train/images/syn_wound_0079.jpg,data/datasets/yolo_retrain_v2/images/train/raw_synthetic_wound__syn_wound_0079.jpg,e5ca2eed93d5e12645fc10f81c000d2da26ea06f2eb18e60e3f85f54a7441dfd,7b5c6ab7c757b7e3ac63a93bf31b712bcaf88de529185ced33756256ad907e3c
yolo_retrain_v2,raw_synthetic_wound__syn_wound_0080,train,,data/datasets/raw/synthetic_wound/train/images/syn_wound_0080.jpg,data/datasets/yolo_retrain_v2/images/train/raw_synthetic_wound__syn_wound_0080.jpg,993b26ee8ba7bc0834684132326073d891f213892893508f477bb816f8fdb014,28bf913e4a859b23fc50c21f0e443f6d5ab9e3a6e65e8522e93e74f5bb1bd0b0
yolo_retrain_v2,raw_synthetic_wound__syn_wound_0081,train,,data/datasets/raw/synthetic_wound/train/images/syn_wound_0081.jpg,data/datasets/yolo_retrain_v2/images/train/raw_synthetic_wound__syn_wound_0081.jpg,cc5e33ba5341889b9968b10d761161760db50b32d48f069901a8ef1287ca5bfc,8a64b366b35b4e7c24d20a239a6ef1069ca1e4b697712170de0baa44d7d56e4f
yolo_retrain_v2,raw_synthetic_wound__syn_wound_0082,train,,data/datasets/raw/synthetic_wound/train/images/syn_wound_0082.jpg,data/datasets/yolo_retrain_v2/images/train/raw_synthetic_wound__syn_wound_0082.jpg,6e46ca8b12ead4728de4c49387aeb4afbb25a4ffcc3934d388ae0f12adc84317,6a3f514158344d5323d34c1616e43c8a442237200c66447b93a670c00c528cd6
yolo_retrain_v2,raw_synthetic_wound__syn_wound_0084,train,,data/datasets/raw/synthetic_wound/train/images/syn_wound_0084.jpg,data/datasets/yolo_retrain_v2/images/train/raw_synthetic_wound__syn_wound_0084.jpg,1a67419baa8dfa1da0fb900f527942023e871b8281dd615c65c43d242507265e,5754d85eeedcf71aa4937ab93030aac1f21f63a4e6eec9673443058f03bed4e7
yolo_retrain_v2,raw_synthetic_wound__syn_wound_0085,train,,data/datasets/raw/synthetic_wound/train/images/syn_wound_0085.jpg,data/datasets/yolo_retrain_v2/images/train/raw_synthetic_wound__syn_wound_0085.jpg,cec6e58bef1593d682a260c18bd6c81e7ae056e779044aef3e06ffa962c10ca6,50fc934bac39729d7d1d14af2408d4ac94d7b8050f04863989830a5c09994240
yolo_retrain_v2,raw_synthetic_wound__syn_wound_0088,train,,data/datasets/raw/synthetic_wound/train/images/syn_wound_0088.jpg,data/datasets/yolo_retrain_v2/images/train/raw_synthetic_wound__syn_wound_0088.jpg,e9941eb1d8c9aba1b0f9a0e8f5779f0f134de64825665f8057b53701fe9cb485,d1c2582da98d02162eb6d4b39d70b44ded98bada86e19b3587197371eaa411fb
yolo_retrain_v2,raw_synthetic_wound__syn_wound_0091,train,,data/datasets/raw/synthetic_wound/train/images/syn_wound_0091.jpg,data/datasets/yolo_retrain_v2/images/train/raw_synthetic_wound__syn_wound_0091.jpg,9ad50ee74fe2ad6b9f34ab74e1f6e2ce2e6d3460d9086ed3e2dd360469b53e9c,ac9fe58103021acb23e7ef0b9a3660908611c664ef3136ea28e7a3f2f9d3bcdc
yolo_retrain_v2,raw_synthetic_wound__syn_wound_0096,train,,data/datasets/raw/synthetic_wound/train/images/syn_wound_0096.jpg,data/datasets/yolo_retrain_v2/images/train/raw_synthetic_wound__syn_wound_0096.jpg,c6e05565d80cc0be218f296056d0cfd02d2e14e9eda0f824ef00430b1c3963eb,8194b49e8ee81fefb103917c2b698a4d1f3a7e19f756e1f647a7daa405e5f020
yolo_retrain_v2,raw_synthetic_wound__syn_wound_0098,train,,data/datasets/raw/synthetic_wound/train/images/syn_wound_0098.jpg,data/datasets/yolo_retrain_v2/images/train/raw_synthetic_wound__syn_wound_0098.jpg,c7564ce048629bd98cb1c47504b811ca6d3db51943f27f07313c3a4629f02c75,b4a1a5be68ab6e61ce3a374dc0338993deed01d0e5695e2df014344d223e0647
yolo_retrain_v2,raw_synthetic_wound__syn_wound_0099,train,,data/datasets/raw/synthetic_wound/train/images/syn_wound_0099.jpg,data/datasets/yolo_retrain_v2/images/train/raw_synthetic_wound__syn_wound_0099.jpg,24a9649cc4d506b5dc0c558ca38d988516c62fa46ebe37e155a7b42b035f9225,ab7aad4bca99cb706ec9851af25168abd710e6cb7447e17cb89b6f86d27368e7
yolo_retrain_v2,raw_synthetic_wound__syn_wound_0101,train,,data/datasets/raw/synthetic_wound/train/images/syn_wound_0101.jpg,data/datasets/yolo_retrain_v2/images/train/raw_synthetic_wound__syn_wound_0101.jpg,3eea02e18dfba99cca9ebcd75c27ab93a7a2f11a1719c39707316a63afdc0e43,a10c5362ccdc0ce7da5631997ec0691f3aa49fc6eb3c8ffe23ce343d59d38e58
yolo_retrain_v2,raw_synthetic_wound__syn_wound_0103,train,,data/datasets/raw/synthetic_wound/train/images/syn_wound_0103.jpg,data/datasets/yolo_retrain_v2/images/train/raw_synthetic_wound__syn_wound_0103.jpg,40361ee95c1f6b536204151146dfaf5911335b16b8833bd488702a222e1c805f,fb7c5c8a894fff3d5be0407efdb3bf4a1bc21ad95c60ae532a8a5f7fdd6a1aa0
yolo_retrain_v2,raw_synthetic_wound__syn_wound_0104,train,,data/datasets/raw/synthetic_wound/train/images/syn_wound_0104.jpg,data/datasets/yolo_retrain_v2/images/train/raw_synthetic_wound__syn_wound_0104.jpg,d8e710c1e22577bb3c541ef9f61ac8d84052aacdc84d10783bce486f208254b3,60a89062f51b269833f0ad7f5495514deae54e95cd3fcbdf8505a4de0b7a243f
yolo_retrain_v2,raw_synthetic_wound__syn_wound_0108,train,,data/datasets/raw/synthetic_wound/train/images/syn_wound_0108.jpg,data/datasets/yolo_retrain_v2/images/train/raw_synthetic_wound__syn_wound_0108.jpg,f6a8c3422823dc3a2d2a95f5307b40ce05158f64bf7bde75d9b6ba91d0e4050a,da87945e7334cabad32d3d8f7e92f4ed740072d963b53abe17f4c88d84f96d11
yolo_retrain_v2,raw_synthetic_wound__syn_wound_0109,train,,data/datasets/raw/synthetic_wound/train/images/syn_wound_0109.jpg,data/datasets/yolo_retrain_v2/images/train/raw_synthetic_wound__syn_wound_0109.jpg,5beb85252668fe45860ad7d013238fd3ed64e7308f4b11d076567cc1fcf2cf00,e73c24c0f63617f90460b383085a1b28e13309280d6a74fbfcd079ed551ea7a5
yolo_retrain_v2,raw_synthetic_wound__syn_wound_0110,train,,data/datasets/raw/synthetic_wound/train/images/syn_wound_0110.jpg,data/datasets/yolo_retrain_v2/images/train/raw_synthetic_wound__syn_wound_0110.jpg,5c80f17c6a3a1aacba06463aa691a6f1c1089f065f1d49291ccccbc2906fa321,7c91a3e2501cc51555e194c0b379d4c1ea98eb8a829dadf5ac249bf9fb290f75
yolo_retrain_v2,raw_synthetic_wound__syn_wound_0113,train,,data/datasets/raw/synthetic_wound/train/images/syn_wound_0113.jpg,data/datasets/yolo_retrain_v2/images/train/raw_synthetic_wound__syn_wound_0113.jpg,c817cf830298db08cffc2b298fb4d3566bfff7ceadb3db512abe315ebba2f1ee,733502099df2eb2c429877f37138877bea9fdac5e7001ddda5a106951bef234f
yolo_retrain_v2,raw_synthetic_wound__syn_wound_0114,train,,data/datasets/raw/synthetic_wound/train/images/syn_wound_0114.jpg,data/datasets/yolo_retrain_v2/images/train/raw_synthetic_wound__syn_wound_0114.jpg,2e75bc4514bb760b4c5548d665f1556623a35fe8f1457733480b0e28b8811f00,a78032d95baa273c110338089334e61a672684132cf1213e97d7ef1544f0bdce
yolo_retrain_v2,raw_synthetic_wound__syn_wound_0115,train,,data/datasets/raw/synthetic_wound/train/images/syn_wound_0115.jpg,data/datasets/yolo_retrain_v2/images/train/raw_synthetic_wound__syn_wound_0115.jpg,23868fb2286afa907f1514e44a5f743c61ec21870ca5502a3eec96f91bb6a823,25fdf32e54ff879a4eaa7470b597c306dea0170a17706002ccfd11292836e913
yolo_retrain_v2,raw_synthetic_wound__syn_wound_0116,train,,data/datasets/raw/synthetic_wound/train/images/syn_wound_0116.jpg,data/datasets/yolo_retrain_v2/images/train/raw_synthetic_wound__syn_wound_0116.jpg,fe848179ce6968e13d7ba50eece82e3d139b8a6d7972feee9dd1833de30cda2b,893db64d5100c56f59b76d605e34666a0fa60bf48ea5cc750770f182bbab1136
yolo_retrain_v2,raw_synthetic_wound__syn_wound_0117,train,,data/datasets/raw/synthetic_wound/train/images/syn_wound_0117.jpg,data/datasets/yolo_retrain_v2/images/train/raw_synthetic_wound__syn_wound_0117.jpg,a833e614879fc0e2bbc085bfb824b5e22085cd94a8bbabb467e616b943f51a2c,72f1d62bbc4ed1d836b5c694aa05c256cc0f419c259c30aeda3b0c1199cc679d
yolo_retrain_v2,raw_synthetic_wound__syn_wound_0118,train,,data/datasets/raw/synthetic_wound/train/images/syn_wound_0118.jpg,data/datasets/yolo_retrain_v2/images/train/raw_synthetic_wound__syn_wound_0118.jpg,1b5394ed2640ad76cd9940a1f9c7e606930ad98703f4fdd75ed1ff23ac5b086e,623f447bacbe898e31e20d194a78a9f4dbb9ca6df1bd53df7ee23d0af791cec5
yolo_retrain_v2,raw_synthetic_wound__syn_wound_0119,train,,data/datasets/raw/synthetic_wound/train/images/syn_wound_0119.jpg,data/datasets/yolo_retrain_v2/images/train/raw_synthetic_wound__syn_wound_0119.jpg,3292f8ff49b6b8ef95a36c84dbe9f22ef00dc71fde7eecfa1d08b76857f81138,1e1370fa4d51e683ec117e06847c117dec74ffe9ff9639a3ecb3389f98f08391
yolo_retrain_v2,raw_synthetic_wound__syn_wound_0120,train,,data/datasets/raw/synthetic_wound/train/images/syn_wound_0120.jpg,data/datasets/yolo_retrain_v2/images/train/raw_synthetic_wound__syn_wound_0120.jpg,cf15ddf7bd1c5cef6d20d4311020116d500b3013d2e33870e5f8d433bb0b0621,1f8c26d48347a544fd1d2145b4d5080985219487533f4b0726a88424c6c169c6
yolo_retrain_v2,raw_synthetic_wound__syn_wound_0126,train,,data/datasets/raw/synthetic_wound/train/images/syn_wound_0126.jpg,data/datasets/yolo_retrain_v2/images/train/raw_synthetic_wound__syn_wound_0126.jpg,125a9ae9bb4c8cbe61725dfa2475915907c72d2484da766b1b99ea80ac24f99e,6edde0d252e2213c5e3bf7642be24df120839edd8998206504da4bcbf97725d2
yolo_retrain_v2,raw_synthetic_wound__syn_wound_0128,train,,data/datasets/raw/synthetic_wound/train/images/syn_wound_0128.jpg,data/datasets/yolo_retrain_v2/images/train/raw_synthetic_wound__syn_wound_0128.jpg,a0572398698231fab96c5d6925bce7257bab28b99788606df0a5aed32fb680c5,98e8a6d3e4eb5e98bf9d3bad941c98022b6b2847deac9ef5a5cf2baa21e04930
yolo_retrain_v2,raw_synthetic_wound__syn_wound_0130,train,,data/datasets/raw/synthetic_wound/train/images/syn_wound_0130.jpg,data/datasets/yolo_retrain_v2/images/train/raw_synthetic_wound__syn_wound_0130.jpg,edf8068edceb2a68465660eb4c098f629bde8b246e29ecc80e6e20e261351123,5b74d35e87dc39717b0c73015467344b69087fd2a387a2114065017ce731632b
yolo_retrain_v2,raw_synthetic_wound__syn_wound_0132,train,,data/datasets/raw/synthetic_wound/train/images/syn_wound_0132.jpg,data/datasets/yolo_retrain_v2/images/train/raw_synthetic_wound__syn_wound_0132.jpg,41563152167f965615a3566fec2e0564a29074b6f712f1cc35568bba76acb713,23cf2dd0231eb14db6594f52e00bac4497a978d024dc4f3d1ec8bfb8ccf1b7e1
yolo_retrain_v2,raw_synthetic_wound__syn_wound_0133,train,,data/datasets/raw/synthetic_wound/train/images/syn_wound_0133.jpg,data/datasets/yolo_retrain_v2/images/train/raw_synthetic_wound__syn_wound_0133.jpg,ec33bb2db1f8a7d8e42890295182161ed23370ca6049816c1fa57fec5678ca0c,a98691538a5367483824e0644619b3f1b64e79f776c3c7c1068c0207b940aae9
yolo_retrain_v2,raw_synthetic_wound__syn_wound_0134,train,,data/datasets/raw/synthetic_wound/train/images/syn_wound_0134.jpg,data/datasets/yolo_retrain_v2/images/train/raw_synthetic_wound__syn_wound_0134.jpg,b7af43e77e66e3b8737cf41496b4dece7be79f51bf9deb385bacaba463ea4a1f,00485dd85710630f0e2407b95beea37e9464da0dc888bf187bf19c854b3f5984
yolo_retrain_v2,raw_synthetic_wound__syn_wound_0136,train,,data/datasets/raw/synthetic_wound/train/images/syn_wound_0136.jpg,data/datasets/yolo_retrain_v2/images/train/raw_synthetic_wound__syn_wound_0136.jpg,f3e4f224a9ceb52fdede592b0bd5ef012808dff708691f4738206f070d37c1e2,a53111eddbf844ed202389308bc78b0e757ec16670d44e3f1551b6250edaa6b7
yolo_retrain_v2,raw_synthetic_wound__syn_wound_0137,train,,data/datasets/raw/synthetic_wound/train/images/syn_wound_0137.jpg,data/datasets/yolo_retrain_v2/images/train/raw_synthetic_wound__syn_wound_0137.jpg,aae4102868c42e1b4417a06c01f2e57ea903e14a2732841c59df60781855571e,e727d55dc60cd0f728f30dc3d40584b1d9e856fdc4a0a107ed30bf9303c0b800
yolo_retrain_v2,raw_synthetic_wound__syn_wound_0139,train,,data/datasets/raw/synthetic_wound/train/images/syn_wound_0139.jpg,data/datasets/yolo_retrain_v2/images/train/raw_synthetic_wound__syn_wound_0139.jpg,1738dbb94685872d48a4661b4b8af835eb3ce8790b7307b46eb976a881288925,c6388b1af1855acdb65864a42bc75d752c9d0a5355301e60d2c8f8433f8731bd
yolo_retrain_v2,raw_synthetic_wound__syn_wound_0141,train,,data/datasets/raw/synthetic_wound/train/images/syn_wound_0141.jpg,data/datasets/yolo_retrain_v2/images/train/raw_synthetic_wound__syn_wound_0141.jpg,e462f2d1cf3df0be0e3fbb296ee2de00d917d3a412a1c13993b5e7eb2ac372a4,61db06bbdf389e1f6a4c963d0a32a8df545029ce393f4aaa3e368771e00948eb
yolo_retrain_v2,raw_synthetic_wound__syn_wound_0142,train,,data/datasets/raw/synthetic_wound/train/images/syn_wound_0142.jpg,data/datasets/yolo_retrain_v2/images/train/raw_synthetic_wound__syn_wound_0142.jpg,00ffd5063a5bd0c23920d1d12d8217aa717006fe6248675d4f23ed5c7ae851f5,6108c496a267a051e5a80983e262266feafb24e99992f4ff894925d393c79d53
yolo_retrain_v2,raw_synthetic_wound__syn_wound_0145,train,,data/datasets/raw/synthetic_wound/train/images/syn_wound_0145.jpg,data/datasets/yolo_retrain_v2/images/train/raw_synthetic_wound__syn_wound_0145.jpg,7c5f9e9ead0fe2b9aa3bec57e4c179c41d5dff473ada2284a40d3231bfa11b09,ce7f4d39303978c1809dbe564b17109884687df0436c69647db54ac6ec8657dd
yolo_retrain_v2,raw_synthetic_wound__syn_wound_0146,train,,data/datasets/raw/synthetic_wound/train/images/syn_wound_0146.jpg,data/datasets/yolo_retrain_v2/images/train/raw_synthetic_wound__syn_wound_0146.jpg,36c038f7e54b35b4a318f967faf7f9190c01ddee5175503fc14fda745dbb191f,1f4964724178e7314576e680c7c33d76f4385b92ad5bfaeb136850c4dfc690d1
yolo_retrain_v2,raw_synthetic_wound__syn_wound_0148,train,,data/datasets/raw/synthetic_wound/train/images/syn_wound_0148.jpg,data/datasets/yolo_retrain_v2/images/train/raw_synthetic_wound__syn_wound_0148.jpg,1674fe9d904c4c1f2dc12838df88ec7ff0e493bad87ae6a54655b441a8d08491,a8cb387520297b6ca4d3eed333fe1eb8b75930244b3834bbf113d8d2475c4eba
yolo_retrain_v2,raw_synthetic_wound__syn_wound_neardup,train,,data/datasets/raw/synthetic_wound/train/images/syn_wound_neardup.jpg,data/datasets/yolo_retrain_v2/images/train/raw_synthetic_wound__syn_wound_neardup.jpg,6ea97d6703ba096ac01a710fec4f5ff00c3b194f70735e1fdb445bf63ca3e24a,f496a857e06206e104ceff5fdcf23f6c73c6b76df58d32b18b941ebe84cd7dfa
yolo_retrain_v2,raw_synthetic_wound__syn_wound_0150,val,,data/datasets/raw/synthetic_wound/valid/images/syn_wound_0150.jpg,data/datasets/yolo_retrain_v2/images/val/raw_synthetic_wound__syn_wound_0150.jpg,36bd205ae164f37eaaeaa3a49fa90c2299360649be6ee75738ec3b106f5d3923,f5ea47080ae7a8fec319b73792f160ca10dbd3523b2e6b9359dbfb7210865681
yolo_retrain_v2,raw_synthetic_wound__syn_wound_0153,val,,data/datasets/raw/synthetic_wound/valid/images/syn_wound_0153.jpg,data/datasets/yolo_retrain_v2/images/val/raw_synthetic_wound__syn_wound_0153.jpg,c0a6d7b170a7d9656477fbcafb09d5a4ee2c0e81e6893bbcafc9991adace7e98,aa6efb2d9ec564ff35ba2bf3539a9f64cdc7aabf86c78f571f9b3b2679f79d02
yolo_retrain_v2,raw_synthetic_wound__syn_wound_0156,val,,data/datasets/raw/synthetic_wound/valid/images/syn_wound_0156.jpg,data/datasets/yolo_retrain_v2/images/val/raw_synthetic_wound__syn_wound_0156.jpg,7c7034a47ec81d51e40bb2a40b913434f0ec47eff5ada6891b2f87c25d21dfab,1433924f81f4e20b0ee28194afb24bbd00592f02e918bee4f065a31ecd23d2cb
yolo_retrain_v2,raw_synthetic_wound__syn_wound_0157,val,,data/datasets/raw/synthetic_wound/valid/images/syn_wound_0157.jpg,data/datasets/yolo_retrain_v2/images/val/raw_synthetic_wound__syn_wound_0157.jpg,d3cf73a74cff04f51d6fa43854997f1faf773aa54d5653d9fa86ef3da3c6d41c,775b5e0024a1481c1d0fb21c1382e5777debc3326d704036efb580475cb38f17
yolo_retrain_v2,raw_synthetic_wound__syn_wound_0158,val,,data/datasets/raw/synthetic_wound/valid/images/syn_wound_0158.jpg,data/datasets/yolo_retrain_v2/images/val/raw_synthetic_wound__syn_wound_0158.jpg,e0ac733b8fd77e408ffa5132c565c0515ecb5db85e260c33897f7d8338be592c,e9fc936c4da1ba72e8d675f49f0cc110350bdde5e134ffd09d9ea8d349f21e08
yolo_retrain_v2,raw_synthetic_wound__syn_wound_0160,val,,data/datasets/raw/synthetic_wound/valid/images/syn_wound_0160.jpg,data/datasets/yolo_retrain_v2/images/val/raw_synthetic_wound__syn_wound_0160.jpg,657004b1eca24048e8dfa53f61ee3e57e8ae92bd316711d650915ed020a5dac4,2017bb9e3faa0e7f8f7ca504b5d3e067e84734e6b1a6885a98a6a2679cfa625e
yolo_retrain_v2,raw_synthetic_wound__syn_wound_0161,val,,data/datasets/raw/synthetic_wound/valid/images/syn_wound_0161.jpg,data/datasets/yolo_retrain_v2/images/val/raw_synthetic_wound__syn_wound_0161.jpg,f3526ef3fed58c72c3a922d4d851a02a8cf782dc52f6b7d10fe05e57facce92b,1ce22d1265cd3fe1aca75600273124daba5de4cf937f10e2055ff0a0db91aa2f
yolo_retrain_v2,raw_synthetic_wound__syn_wound_0163,val,,data/datasets/raw/synthetic_wound/valid/images/syn_wound_0163.jpg,data/datasets/yolo_retrain_v2/images/val/raw_synthetic_wound__syn_wound_0163.jpg,a16317e9883a84a512ebe2e0b1954f4fc8a4f1883a57ecd1c1658099bbd470d9,3dd6391548c4d7cb4e0dcab2fe4b74b6e102c86b7d7ff6e46e9b9845b6a1894a
yolo_retrain_v2,raw_synthetic_wound__syn_wound_0164,val,,data/datasets/raw/synthetic_wound/valid/images/syn_wound_0164.jpg,data/datasets/yolo_retrain_v2/images/val/raw_synthetic_wound__syn_wound_0164.jpg,c1cb2f0bbad8b2ecd5d62b120d09490ac38626e6af6a613aab1c5c7de06e2ec3,35f5491ad6ae9a929a05b922627d0df13b7d4a3c1672072146cbd07995675d89
yolo_retrain_v2,raw_synthetic_wound__syn_wound_0167,val,,data/datasets/raw/synthetic_wound/valid/images/syn_wound_0167.jpg,data/datasets/yolo_retrain_v2/images/val/raw_synthetic_wound__syn_wound_0167.jpg,4bdffbee64e54a8c8ed97f8638a73e6f9ac12179bf8e4f74d56ae99954d89d8d,76f777727ebb573f146a0ac40e41739fa415c4858ba92d65cad527b73806f6a8
yolo_retrain_v2,raw_synthetic_wound__syn_wound_0170,val,,data/datasets/raw/synthetic_wound/valid/images/syn_wound_0170.jpg,data/datasets/yolo_retrain_v2/images/val/raw_synthetic_wound__syn_wound_0170.jpg,efa9ab0ddbb95f2d16badd14989395ee570ae676031903957bf902abca08902c,d620cfdb08dd6507d5d47b391fb7b810991ab9affac729afb644dc4cbeec7e0d
yolo_retrain_v2,raw_synthetic_wound__syn_wound_0171,val,,data/datasets/raw/synthetic_wound/valid/images/syn_wound_0171.jpg,data/datasets/yolo_retrain_v2/images/val/raw_synthetic_wound__syn_wound_0171.jpg,5000040f1b625ab084f79ddb4f53b5249322012949559a2a75746241b0b602d2,31ca3edfec00a430856fee2e6634a63d71626b33449b9acc941e2e73f07088fa
yolo_retrain_v2,raw_synthetic_wound__syn_wound_0172,val,,data/datasets/raw/synthetic_wound/valid/images/syn_wound_0172.jpg,data/datasets/yolo_retrain_v2/images/val/raw_synthetic_wound__syn_wound_0172.jpg,80c2821fc0d5c5d4271d19e952493147033f65dbcb11dcd10fff2ae230be25c1,2366fc54920fa73c3798408322493a1a506be101500481e658534b43f5258c8b
yolo_retrain_v2,raw_synthetic_wound__syn_wound_0173,val,,data/datasets/raw/synthetic_wound/valid/images/syn_wound_0173.jpg,data/datasets/yolo_retrain_v2/images/val/raw_synthetic_wound__syn_wound_0173.jpg,3b04916467c05ca5d2ef2370e95ed4028e3877f8d9a4f214987000896eb74944,eef3df9dab5e6787dfc64cb133a682c867391889c0883ace0fc11b5dee21151d
yolo_retrain_v2,raw_synthetic_wound__syn_wound_0179,val,,data/datasets/raw/synthetic_wound/valid/images/syn_wound_0179.jpg,data/datasets/yolo_retrain_v2/images/val/raw_synthetic_wound__syn_wound_0179.jpg,d130f9cc4e16813cf37e0ba681d8b7a972a0481ac879c49e3e61e43abb503faf,74d2f425cfd9b1539a3f906d59a57afb96f0af25f939fb4febcd8f996c10a9b0
yolo_retrain_v2,raw_synthetic_wound__syn_wound_0181,val,,data/datasets/raw/synthetic_wound/valid/images/syn_wound_0181.jpg,data/datasets/yolo_retrain_v2/images/val/raw_synthetic_wound__syn_wound_0181.jpg,4a534828947d9ee6be3c1f96e2efd7ab67700d58f0d29db9f9e626b7269a13d2,55b166e53088175380ecc3c35ffe89b1f53d79127fd6ddf8039ee9a8246f7950
yolo_retrain_v2,raw_synthetic_wound__syn_wound_0182,val,,data/datasets/raw/synthetic_wound/valid/images/syn_wound_0182.jpg,data/datasets/yolo_retrain_v2/images/val/raw_synthetic_wound__syn_wound_0182.jpg,4ab3d95f85114bcadea357c87fb6608ee9098f04e1bdf0e45ebc472e2d374779,c4566ab2ca117aeadfaf4def176e7f17dc612f46a6e8c9c9a853d5fc56740ee1
yolo_retrain_v2,raw_synthetic_wound__syn_wound_0183,val,,data/datasets/raw/synthetic_wound/valid/images/syn_wound_0183.jpg,data/datasets/yolo_retrain_v2/images/val/raw_synthetic_wound__syn_wound_0183.jpg,f01d1481fecb624ca20deb5f76433a9af8e263ec3bb51e23b1b269c6bfd0f057,a6e2b21d81b09eb0a2ec0a52ec2c9989881ef09fc3e4806f6d106d61f6c56277
yolo_retrain_v2,raw_synthetic_wound__syn_wound_0184,val,,data/datasets/raw/synthetic_wound/valid/images/syn_wound_0184.jpg,data/datasets/yolo_retrain_v2/images/val/raw_synthetic_wound__syn_wound_0184.jpg,d872bb26a51e3467fbebae3527073a29444b011bf3b05b9a4040614e9013b7f3,f02a9c55f599522b3a34cbd34a788d0a241e28909ff3fc14aca86ce690d666a0
yolo_retrain_v2,yolo_real_wound__public_sample_0001,test,,data/datasets/yolo_real_wound/images/test/public_sample_0001.jpg,data/datasets/yolo_retrain_v2/images/test/yolo_real_wound__public_sample_0001.jpg,56294535b00ba9e34bb210d3b636bc2df8b532d0161fd7fc12d6f96aab44500b,1d901627a860f30c283371f6645fc76b70b3de6fd3188d54e6686ff6be91e265
yolo_retrain_v2,yolo_real_wound__public_sample_0002,test,,data/datasets/yolo_real_wound/images/test/public_sample_0002.jpg,data/datasets/yolo_retrain_v2/images/test/yolo_real_wound__public_sample_0002.jpg,fe46d4db54a79a59bc7e6645e1db90842fb1df503ba7f8d66eef1f67af218a45,a668ab2a9cb7e065e02379e5985564a0c94ecb262c9608c6bfe25d170de409bd
yolo_retrain_v2,negative__blank_skin,val,,data/datasets/yolo_injury/blank_skin.jpg,data/datasets/yolo_retrain_v2/images/val/negative__blank_skin.jpg,1659376a039e71e45d4b0a859d0aecd02dbf6e523fbd78d608960f92ff7d2e40,4d434e9e5363d6ba3f7561b1ec163fe38ad0d7ddebc0ea6cb9d295cf7dededce
yolo_retrain_v2,negative__dummy_test,test,,data/datasets/yolo_injury/dummy_test.jpg,data/datasets/yolo_retrain_v2/images/test/negative__dummy_test.jpg,6c7f94c5011354db7518c1991519f580b42bcb51021ed8e527cc59f13fecf325,0e5852861e08da9afb471da75f6f42f55d42d5e413aef1271428dd132b145886
public_wound_dataset,public_sample_0001,train,subj_001,Kaggle/Roboflow/WOUNDSEG Public Wound Taxonomy,data/datasets/public_wound_dataset/images/public_sample_0001.jpg,56294535b00ba9e34bb210d3b636bc2df8b532d0161fd7fc12d6f96aab44500b,1d901627a860f30c283371f6645fc76b70b3de6fd3188d54e6686ff6be91e265
public_wound_dataset,public_sample_0002,train,subj_001,Kaggle/Roboflow/WOUNDSEG Public Wound Taxonomy,data/datasets/public_wound_dataset/images/public_sample_0002.jpg,fe46d4db54a79a59bc7e6645e1db90842fb1df503ba7f8d66eef1f67af218a45,a668ab2a9cb7e065e02379e5985564a0c94ecb262c9608c6bfe25d170de409bd
public_wound_dataset,public_sample_0003,train,subj_001,Kaggle/Roboflow/WOUNDSEG Public Wound Taxonomy,data/datasets/public_wound_dataset/images/public_sample_0003.jpg,0312925c3b2a3744e10b53691c2aaaea5de72dc251364f018edc3439d11acc7c,c0ae1a675795081cb00a1c1424291a96a0d8d28197586b23834c4eb6a1305c2d
public_wound_dataset,public_sample_0004,train,subj_001,Kaggle/Roboflow/WOUNDSEG Public Wound Taxonomy,data/datasets/public_wound_dataset/images/public_sample_0004.jpg,bdbb6005540177d7b1dafff6292ce532c8dc533caa2033ff4cbe93dd2ce0f58a,2359ede2bdd55523e12a6b4722ac0d8dbef6ed567f16c7d0d7413644d1fc83eb
public_wound_dataset,public_sample_0005,train,subj_001,Kaggle/Roboflow/WOUNDSEG Public Wound Taxonomy,data/datasets/public_wound_dataset/images/public_sample_0005.jpg,420415fca390a294438b222850c465f54e2571d5194fd8a785f0210ee664fac7,84245b6070a3bfff44bdd1231840fb80fbacc1734d26b3ce43a83eefddfcf8a8
public_wound_dataset,public_sample_0006,train,subj_002,Kaggle/Roboflow/WOUNDSEG Public Wound Taxonomy,data/datasets/public_wound_dataset/images/public_sample_0006.jpg,bde3b9fae6a61553638ce51b69c10c313cea3f914e75f6bdc4b9514fe9572a5f,9977eca76901da0626c9884681a8dffd147b76abc8097adee1c4f8018d8e556b
public_wound_dataset,public_sample_0007,train,subj_002,Kaggle/Roboflow/WOUNDSEG Public Wound Taxonomy,data/datasets/public_wound_dataset/images/public_sample_0007.jpg,56294535b00ba9e34bb210d3b636bc2df8b532d0161fd7fc12d6f96aab44500b,1d901627a860f30c283371f6645fc76b70b3de6fd3188d54e6686ff6be91e265
public_wound_dataset,public_sample_0008,train,subj_002,Kaggle/Roboflow/WOUNDSEG Public Wound Taxonomy,data/datasets/public_wound_dataset/images/public_sample_0008.jpg,fe46d4db54a79a59bc7e6645e1db90842fb1df503ba7f8d66eef1f67af218a45,a668ab2a9cb7e065e02379e5985564a0c94ecb262c9608c6bfe25d170de409bd
public_wound_dataset,public_sample_0009,train,subj_002,Kaggle/Roboflow/WOUNDSEG Public Wound Taxonomy,data/datasets/public_wound_dataset/images/public_sample_0009.jpg,0312925c3b2a3744e10b53691c2aaaea5de72dc251364f018edc3439d11acc7c,c0ae1a675795081cb00a1c1424291a96a0d8d28197586b23834c4eb6a1305c2d
public_wound_dataset,public_sample_0010,train,subj_002,Kaggle/Roboflow/WOUNDSEG Public Wound Taxonomy,data/datasets/public_wound_dataset/images/public_sample_0010.jpg,fc1d5ca02e489fd39f6b84be1d63e73af451f5f68f5f2cf7e4190cde17217e79,12dcaea874a14f2c19b6db61dae6b2dcd7ea6428b4fa530cab90044c404115de
public_wound_dataset,public_sample_0011,train,subj_003,Kaggle/Roboflow/WOUNDSEG Public Wound Taxonomy,data/datasets/public_wound_dataset/images/public_sample_0011.jpg,420415fca390a294438b222850c465f54e2571d5194fd8a785f0210ee664fac7,84245b6070a3bfff44bdd1231840fb80fbacc1734d26b3ce43a83eefddfcf8a8
public_wound_dataset,public_sample_0012,train,subj_003,Kaggle/Roboflow/WOUNDSEG Public Wound Taxonomy,data/datasets/public_wound_dataset/images/public_sample_0012.jpg,bde3b9fae6a61553638ce51b69c10c313cea3f914e75f6bdc4b9514fe9572a5f,9977eca76901da0626c9884681a8dffd147b76abc8097adee1c4f8018d8e556b
public_wound_dataset,public_sample_0013,train,subj_003,Kaggle/Roboflow/WOUNDSEG Public Wound Taxonomy,data/datasets/public_wound_dataset/images/public_sample_0013.jpg,56294535b00ba9e34bb210d3b636bc2df8b532d0161fd7fc12d6f96aab44500b,1d901627a860f30c283371f6645fc76b70b3de6fd3188d54e6686ff6be91e265
public_wound_dataset,public_sample_0014,train,subj_003,Kaggle/Roboflow/WOUNDSEG Public Wound Taxonomy,data/datasets/public_wound_dataset/images/public_sample_0014.jpg,fe46d4db54a79a59bc7e6645e1db90842fb1df503ba7f8d66eef1f67af218a45,a668ab2a9cb7e065e02379e5985564a0c94ecb262c9608c6bfe25d170de409bd
public_wound_dataset,public_sample_0015,train,subj_003,Kaggle/Roboflow/WOUNDSEG Public Wound Taxonomy,data/datasets/public_wound_dataset/images/public_sample_0015.jpg,0312925c3b2a3744e10b53691c2aaaea5de72dc251364f018edc3439d11acc7c,c0ae1a675795081cb00a1c1424291a96a0d8d28197586b23834c4eb6a1305c2d
public_wound_dataset,public_sample_0016,train,subj_004,Kaggle/Roboflow/WOUNDSEG Public Wound Taxonomy,data/datasets/public_wound_dataset/images/public_sample_0016.jpg,631404111aad47d741252332efb177054961be466ddddc8d78c9fabfe20b13f4,4bffce4453171368feef4f6c4ff43211924d798496829e0b440f5b4fe32f058b
public_wound_dataset,public_sample_0017,train,subj_004,Kaggle/Roboflow/WOUNDSEG Public Wound Taxonomy,data/datasets/public_wound_dataset/images/public_sample_0017.jpg,420415fca390a294438b222850c465f54e2571d5194fd8a785f0210ee664fac7,84245b6070a3bfff44bdd1231840fb80fbacc1734d26b3ce43a83eefddfcf8a8
public_wound_dataset,public_sample_0018,train,subj_004,Kaggle/Roboflow/WOUNDSEG Public Wound Taxonomy,data/datasets/public_wound_dataset/images/public_sample_0018.jpg,bde3b9fae6a61553638ce51b69c10c313cea3f914e75f6bdc4b9514fe9572a5f,9977eca76901da0626c9884681a8dffd147b76abc8097adee1c4f8018d8e556b
public_wound_dataset,public_sample_0019,train,subj_004,Kaggle/Roboflow/WOUNDSEG Public Wound Taxonomy,data/datasets/public_wound_dataset/images/public_sample_0019.jpg,56294535b00ba9e34bb210d3b636bc2df8b532d0161fd7fc12d6f96aab44500b,1d901627a860f30c283371f6645fc76b70b3de6fd3188d54e6686ff6be91e265
public_wound_dataset,public_sample_0020,train,subj_004,Kaggle/Roboflow/WOUNDSEG Public Wound Taxonomy,data/datasets/public_wound_dataset/images/public_sample_0020.jpg,fe46d4db54a79a59bc7e6645e1db90842fb1df503ba7f8d66eef1f67af218a45,a668ab2a9cb7e065e02379e5985564a0c94ecb262c9608c6bfe25d170de409bd
public_wound_dataset,public_sample_0021,train,subj_005,Kaggle/Roboflow/WOUNDSEG Public Wound Taxonomy,data/datasets/public_wound_dataset/images/public_sample_0021.jpg,0312925c3b2a3744e10b53691c2aaaea5de72dc251364f018edc3439d11acc7c,c0ae1a675795081cb00a1c1424291a96a0d8d28197586b23834c4eb6a1305c2d
public_wound_dataset,public_sample_0022,train,subj_005,Kaggle/Roboflow/WOUNDSEG Public Wound Taxonomy,data/datasets/public_wound_dataset/images/public_sample_0022.jpg,862b9726a7e9c0fadedbb8d18f728d57f296afb1b405541ed3d82f129ec3752e,bbb26052ef3734a8da8895e05d0d84923fa25eaecb7f2d1e7741e433679389dc
public_wound_dataset,public_sample_0023,train,subj_005,Kaggle/Roboflow/WOUNDSEG Public Wound Taxonomy,data/datasets/public_wound_dataset/images/public_sample_0023.jpg,420415fca390a294438b222850c465f54e2571d5194fd8a785f0210ee664fac7,84245b6070a3bfff44bdd1231840fb80fbacc1734d26b3ce43a83eefddfcf8a8
public_wound_dataset,public_sample_0024,train,subj_005,Kaggle/Roboflow/WOUNDSEG Public Wound Taxonomy,data/datasets/public_wound_dataset/images/public_sample_0024.jpg,bde3b9fae6a61553638ce51b69c10c313cea3f914e75f6bdc4b9514fe9572a5f,9977eca76901da0626c9884681a8dffd147b76abc8097adee1c4f8018d8e556b
public_wound_dataset,public_sample_0025,train,subj_005,Kaggle/Roboflow/WOUNDSEG Public Wound Taxonomy,data/datasets/public_wound_dataset/images/public_sample_0025.jpg,56294535b00ba9e34bb210d3b636bc2df8b532d0161fd7fc12d6f96aab44500b,1d901627a860f30c283371f6645fc76b70b3de6fd3188d54e6686ff6be91e265
public_wound_dataset,public_sample_0026,train,subj_006,Kaggle/Roboflow/WOUNDSEG Public Wound Taxonomy,data/datasets/public_wound_dataset/images/public_sample_0026.jpg,fe46d4db54a79a59bc7e6645e1db90842fb1df503ba7f8d66eef1f67af218a45,a668ab2a9cb7e065e02379e5985564a0c94ecb262c9608c6bfe25d170de409bd
public_wound_dataset,public_sample_0027,train,subj_006,Kaggle/Roboflow/WOUNDSEG Public Wound Taxonomy,data/datasets/public_wound_dataset/images/public_sample_0027.jpg,0312925c3b2a3744e10b53691c2aaaea5de72dc251364f018edc3439d11acc7c,c0ae1a675795081cb00a1c1424291a96a0d8d28197586b23834c4eb6a1305c2d
public_wound_dataset,public_sample_0028,train,subj_006,Kaggle/Roboflow/WOUNDSEG Public Wound Taxonomy,data/datasets/public_wound_dataset/images/public_sample_0028.jpg,ee589a56bd4c9367957d83da634e93dfa3b47b7ad6b31e7d7eba00c1f664df77,fbc3c1c41405e748794b15a34239d4875c4f702bc546bffc6b771fcab18fa857
public_wound_dataset,public_sample_0029,train,subj_006,Kaggle/Roboflow/WOUNDSEG Public Wound Taxonomy,data/datasets/public_wound_dataset/images/public_sample_0029.jpg,420415fca390a294438b222850c465f54e2571d5194fd8a785f0210ee664fac7,84245b6070a3bfff44bdd1231840fb80fbacc1734d26b3ce43a83eefddfcf8a8
public_wound_dataset,public_sample_0030,train,subj_006,Kaggle/Roboflow/WOUNDSEG Public Wound Taxonomy,data/datasets/public_wound_dataset/images/public_sample_0030.jpg,bde3b9fae6a61553638ce51b69c10c313cea3f914e75f6bdc4b9514fe9572a5f,9977eca76901da0626c9884681a8dffd147b76abc8097adee1c4f8018d8e556b
public_wound_dataset,public_sample_0031,train,subj_007,Kaggle/Roboflow/WOUNDSEG Public Wound Taxonomy,data/datasets/public_wound_dataset/images/public_sample_0031.jpg,56294535b00ba9e34bb210d3b636bc2df8b532d0161fd7fc12d6f96aab44500b,1d901627a860f30c283371f6645fc76b70b3de6fd3188d54e6686ff6be91e265
public_wound_dataset,public_sample_0032,train,subj_007,Kaggle/Roboflow/WOUNDSEG Public Wound Taxonomy,data/datasets/public_wound_dataset/images/public_sample_0032.jpg,fe46d4db54a79a59bc7e6645e1db90842fb1df503ba7f8d66eef1f67af218a45,a668ab2a9cb7e065e02379e5985564a0c94ecb262c9608c6bfe25d170de409bd
public_wound_dataset,public_sample_0033,train,subj_007,Kaggle/Roboflow/WOUNDSEG Public Wound Taxonomy,data/datasets/public_wound_dataset/images/public_sample_0033.jpg,0312925c3b2a3744e10b53691c2aaaea5de72dc251364f018edc3439d11acc7c,c0ae1a675795081cb00a1c1424291a96a0d8d28197586b23834c4eb6a1305c2d
public_wound_dataset,public_sample_0034,train,subj_007,Kaggle/Roboflow/WOUNDSEG Public Wound Taxonomy,data/datasets/public_wound_dataset/images/public_sample_0034.jpg,5a5ff8bfc2e666185983c552e42776226a432f8cdd998e3569e0c01ec8d15db1,671315e2793bf733cbba8351aa437dc399a1cc560231db50b4b73efe6981f37a
public_wound_dataset,public_sample_0035,train,subj_007,Kaggle/Roboflow/WOUNDSEG Public Wound Taxonomy,data/datasets/public_wound_dataset/images/public_sample_0035.jpg,420415fca390a294438b222850c465f54e2571d5194fd8a785f0210ee664fac7,84245b6070a3bfff44bdd1231840fb80fbacc1734d26b3ce43a83eefddfcf8a8
public_wound_dataset,public_sample_0036,train,subj_008,Kaggle/Roboflow/WOUNDSEG Public Wound Taxonomy,data/datasets/public_wound_dataset/images/public_sample_0036.jpg,bde3b9fae6a61553638ce51b69c10c313cea3f914e75f6bdc4b9514fe9572a5f,9977eca76901da0626c9884681a8dffd147b76abc8097adee1c4f8018d8e556b
public_wound_dataset,public_sample_0037,train,subj_008,Kaggle/Roboflow/WOUNDSEG Public Wound Taxonomy,data/datasets/public_wound_dataset/images/public_sample_0037.jpg,56294535b00ba9e34bb210d3b636bc2df8b532d0161fd7fc12d6f96aab44500b,1d901627a860f30c283371f6645fc76b70b3de6fd3188d54e6686ff6be91e265
public_wound_dataset,public_sample_0038,train,subj_008,Kaggle/Roboflow/WOUNDSEG Public Wound Taxonomy,data/datasets/public_wound_dataset/images/public_sample_0038.jpg,fe46d4db54a79a59bc7e6645e1db90842fb1df503ba7f8d66eef1f67af218a45,a668ab2a9cb7e065e02379e5985564a0c94ecb262c9608c6bfe25d170de409bd
public_wound_dataset,public_sample_0039,train,subj_008,Kaggle/Roboflow/WOUNDSEG Public Wound Taxonomy,data/datasets/public_wound_dataset/images/public_sample_0039.jpg,0312925c3b2a3744e10b53691c2aaaea5de72dc251364f018edc3439d11acc7c,c0ae1a675795081cb00a1c1424291a96a0d8d28197586b23834c4eb6a1305c2d
public_wound_dataset,public_sample_0040,train,subj_008,Kaggle/Roboflow/WOUNDSEG Public Wound Taxonomy,data/datasets/public_wound_dataset/images/public_sample_0040.jpg,f87e32a7a54bb2bc41ad7169621604e9d07b41c44f848dda67fcffd8181fa7a7,9824c04818b1081bc36e31d6bf56caae52f5322d93ba62d3cac5040c8729636d
public_wound_dataset,public_sample_0041,train,subj_009,Kaggle/Roboflow/WOUNDSEG Public Wound Taxonomy,data/datasets/public_wound_dataset/images/public_sample_0041.jpg,420415fca390a294438b222850c465f54e2571d5194fd8a785f0210ee664fac7,84245b6070a3bfff44bdd1231840fb80fbacc1734d26b3ce43a83eefddfcf8a8
public_wound_dataset,public_sample_0042,train,subj_009,Kaggle/Roboflow/WOUNDSEG Public Wound Taxonomy,data/datasets/public_wound_dataset/images/public_sample_0042.jpg,bde3b9fae6a61553638ce51b69c10c313cea3f914e75f6bdc4b9514fe9572a5f,9977eca76901da0626c9884681a8dffd147b76abc8097adee1c4f8018d8e556b
public_wound_dataset,public_sample_0043,train,subj_009,Kaggle/Roboflow/WOUNDSEG Public Wound Taxonomy,data/datasets/public_wound_dataset/images/public_sample_0043.jpg,56294535b00ba9e34bb210d3b636bc2df8b532d0161fd7fc12d6f96aab44500b,1d901627a860f30c283371f6645fc76b70b3de6fd3188d54e6686ff6be91e265
public_wound_dataset,public_sample_0044,train,subj_009,Kaggle/Roboflow/WOUNDSEG Public Wound Taxonomy,data/datasets/public_wound_dataset/images/public_sample_0044.jpg,fe46d4db54a79a59bc7e6645e1db90842fb1df503ba7f8d66eef1f67af218a45,a668ab2a9cb7e065e02379e5985564a0c94ecb262c9608c6bfe25d170de409bd
public_wound_dataset,public_sample_0045,train,subj_009,Kaggle/Roboflow/WOUNDSEG Public Wound Taxonomy,data/datasets/public_wound_dataset/images/public_sample_0045.jpg,0312925c3b2a3744e10b53691c2aaaea5de72dc251364f018edc3439d11acc7c,c0ae1a675795081cb00a1c1424291a96a0d8d28197586b23834c4eb6a1305c2d
public_wound_dataset,public_sample_0046,train,subj_010,Kaggle/Roboflow/WOUNDSEG Public Wound Taxonomy,data/datasets/public_wound_dataset/images/public_sample_0046.jpg,aa2233c9d141f366ff9d5766912b50ff417a64551d467a760cd668cfcb6c9f38,0b8bb4e3578b4c403e19b3e47cf77e412c92b4d070e501daebe83aa96ef20771
public_wound_dataset,public_sample_0047,train,subj_010,Kaggle/Roboflow/WOUNDSEG Public Wound Taxonomy,data/datasets/public_wound_dataset/images/public_sample_0047.jpg,420415fca390a294438b222850c465f54e2571d5194fd8a785f0210ee664fac7,84245b6070a3bfff44bdd1231840fb80fbacc1734d26b3ce43a83eefddfcf8a8
public_wound_dataset,public_sample_0048,train,subj_010,Kaggle/Roboflow/WOUNDSEG Public Wound Taxonomy,data/datasets/public_wound_dataset/images/public_sample_0048.jpg,bde3b9fae6a61553638ce51b69c10c313cea3f914e75f6bdc4b9514fe9572a5f,9977eca76901da0626c9884681a8dffd147b76abc8097adee1c4f8018d8e556b
public_wound_dataset,public_sample_0049,train,subj_010,Kaggle/Roboflow/WOUNDSEG Public Wound Taxonomy,data/datasets/public_wound_dataset/images/public_sample_0049.jpg,56294535b00ba9e34bb210d3b636bc2df8b532d0161fd7fc12d6f96aab44500b,1d901627a860f30c283371f6645fc76b70b3de6fd3188d54e6686ff6be91e265
public_wound_dataset,public_sample_0050,train,subj_010,Kaggle/Roboflow/WOUNDSEG Public Wound Taxonomy,data/datasets/public_wound_dataset/images/public_sample_0050.jpg,fe46d4db54a79a59bc7e6645e1db90842fb1df503ba7f8d66eef1f67af218a45,a668ab2a9cb7e065e02379e5985564a0c94ecb262c9608c6bfe25d170de409bd
public_wound_dataset,public_sample_0051,train,subj_011,Kaggle/Roboflow/WOUNDSEG Public Wound Taxonomy,data/datasets/public_wound_dataset/images/public_sample_0051.jpg,0312925c3b2a3744e10b53691c2aaaea5de72dc251364f018edc3439d11acc7c,c0ae1a675795081cb00a1c1424291a96a0d8d28197586b23834c4eb6a1305c2d
public_wound_dataset,public_sample_0052,train,subj_011,Kaggle/Roboflow/WOUNDSEG Public Wound Taxonomy,data/datasets/public_wound_dataset/images/public_sample_0052.jpg,26886aeee4b7b980ce4870c4ff990b8465d8ed05656ddb1dae4a32426e3733e5,c2372d66b101ae1a9e0601c461fc812a88c0a527b3bbe6608b1c8af1295820a8
public_wound_dataset,public_sample_0053,train,subj_011,Kaggle/Roboflow/WOUNDSEG Public Wound Taxonomy,data/datasets/public_wound_dataset/images/public_sample_0053.jpg,420415fca390a294438b222850c465f54e2571d5194fd8a785f0210ee664fac7,84245b6070a3bfff44bdd1231840fb80fbacc1734d26b3ce43a83eefddfcf8a8
public_wound_dataset,public_sample_0054,train,subj_011,Kaggle/Roboflow/WOUNDSEG Public Wound Taxonomy,data/datasets/public_wound_dataset/images/public_sample_0054.jpg,bde3b9fae6a61553638ce51b69c10c313cea3f914e75f6bdc4b9514fe9572a5f,9977eca76901da0626c9884681a8dffd147b76abc8097adee1c4f8018d8e556b
public_wound_dataset,public_sample_0055,train,subj_011,Kaggle/Roboflow/WOUNDSEG Public Wound Taxonomy,data/datasets/public_wound_dataset/images/public_sample_0055.jpg,56294535b00ba9e34bb210d3b636bc2df8b532d0161fd7fc12d6f96aab44500b,1d901627a860f30c283371f6645fc76b70b3de6fd3188d54e6686ff6be91e265
public_wound_dataset,public_sample_0056,train,subj_012,Kaggle/Roboflow/WOUNDSEG Public Wound Taxonomy,data/datasets/public_wound_dataset/images/public_sample_0056.jpg,fe46d4db54a79a59bc7e6645e1db90842fb1df503ba7f8d66eef1f67af218a45,a668ab2a9cb7e065e02379e5985564a0c94ecb262c9608c6bfe25d170de409bd
public_wound_dataset,public_sample_0057,train,subj_012,Kaggle/Roboflow/WOUNDSEG Public Wound Taxonomy,data/datasets/public_wound_dataset/images/public_sample_0057.jpg,0312925c3b2a3744e10b53691c2aaaea5de72dc251364f018edc3439d11acc7c,c0ae1a675795081cb00a1c1424291a96a0d8d28197586b23834c4eb6a1305c2d
public_wound_dataset,public_sample_0058,train,subj_012,Kaggle/Roboflow/WOUNDSEG Public Wound Taxonomy,data/datasets/public_wound_dataset/images/public_sample_0058.jpg,f3db2d5ebff9d0929b806721b68d2b1b130496970dc10d17950340eaaa544406,44bec05fbcf41d94851a4838b2546ec34835afc48ffa5b551cc9b0b827ec17e0
public_wound_dataset,public_sample_0059,train,subj_012,Kaggle/Roboflow/WOUNDSEG Public Wound Taxonomy,data/datasets/public_wound_dataset/images/public_sample_0059.jpg,420415fca390a294438b222850c465f54e2571d5194fd8a785f0210ee664fac7,84245b6070a3bfff44bdd1231840fb80fbacc1734d26b3ce43a83eefddfcf8a8
public_wound_dataset,public_sample_0060,train,subj_012,Kaggle/Roboflow/WOUNDSEG Public Wound Taxonomy,data/datasets/public_wound_dataset/images/public_sample_0060.jpg,bde3b9fae6a61553638ce51b69c10c313cea3f914e75f6bdc4b9514fe9572a5f,9977eca76901da0626c9884681a8dffd147b76abc8097adee1c4f8018d8e556b
public_wound_dataset,public_sample_0061,train,subj_013,Kaggle/Roboflow/WOUNDSEG Public Wound Taxonomy,data/datasets/public_wound_dataset/images/public_sample_0061.jpg,56294535b00ba9e34bb210d3b636bc2df8b532d0161fd7fc12d6f96aab44500b,1d901627a860f30c283371f6645fc76b70b3de6fd3188d54e6686ff6be91e265
public_wound_dataset,public_sample_0062,train,subj_013,Kaggle/Roboflow/WOUNDSEG Public Wound Taxonomy,data/datasets/public_wound_dataset/images/public_sample_0062.jpg,fe46d4db54a79a59bc7e6645e1db90842fb1df503ba7f8d66eef1f67af218a45,a668ab2a9cb7e065e02379e5985564a0c94ecb262c9608c6bfe25d170de409bd
public_wound_dataset,public_sample_0063,train,subj_013,Kaggle/Roboflow/WOUNDSEG Public Wound Taxonomy,data/datasets/public_wound_dataset/images/public_sample_0063.jpg,0312925c3b2a3744e10b53691c2aaaea5de72dc251364f018edc3439d11acc7c,c0ae1a675795081cb00a1c1424291a96a0d8d28197586b23834c4eb6a1305c2d
public_wound_dataset,public_sample_0064,train,subj_013,Kaggle/Roboflow/WOUNDSEG Public Wound Taxonomy,data/datasets/public_wound_dataset/images/public_sample_0064.jpg,2a115c64fe53cfd410ad9b1f42327cfa9d4acff0b56db8b72843255c80e0675e,0a8fa2a593960cb4506384abd798c388b2915c2d14bb90d5659981026c6d654e
public_wound_dataset,public_sample_0065,train,subj_013,Kaggle/Roboflow/WOUNDSEG Public Wound Taxonomy,data/datasets/public_wound_dataset/images/public_sample_0065.jpg,420415fca390a294438b222850c465f54e2571d5194fd8a785f0210ee664fac7,84245b6070a3bfff44bdd1231840fb80fbacc1734d26b3ce43a83eefddfcf8a8
public_wound_dataset,public_sample_0066,train,subj_014,Kaggle/Roboflow/WOUNDSEG Public Wound Taxonomy,data/datasets/public_wound_dataset/images/public_sample_0066.jpg,bde3b9fae6a61553638ce51b69c10c313cea3f914e75f6bdc4b9514fe9572a5f,9977eca76901da0626c9884681a8dffd147b76abc8097adee1c4f8018d8e556b
public_wound_dataset,public_sample_0067,train,subj_014,Kaggle/Roboflow/WOUNDSEG Public Wound Taxonomy,data/datasets/public_wound_dataset/images/public_sample_0067.jpg,56294535b00ba9e34bb210d3b636bc2df8b532d0161fd7fc12d6f96aab44500b,1d901627a860f30c283371f6645fc76b70b3de6fd3188d54e6686ff6be91e265
public_wound_dataset,public_sample_0068,train,subj_014,Kaggle/Roboflow/WOUNDSEG Public Wound Taxonomy,data/datasets/public_wound_dataset/images/public_sample_0068.jpg,fe46d4db54a79a59bc7e6645e1db90842fb1df503ba7f8d66eef1f67af218a45,a668ab2a9cb7e065e02379e5985564a0c94ecb262c9608c6bfe25d170de409bd
public_wound_dataset,public_sample_0069,train,subj_014,Kaggle/Roboflow/WOUNDSEG Public Wound Taxonomy,data/datasets/public_wound_dataset/images/public_sample_0069.jpg,0312925c3b2a3744e10b53691c2aaaea5de72dc251364f018edc3439d11acc7c,c0ae1a675795081cb00a1c1424291a96a0d8d28197586b23834c4eb6a1305c2d
public_wound_dataset,public_sample_0070,train,subj_014,Kaggle/Roboflow/WOUNDSEG Public Wound Taxonomy,data/datasets/public_wound_dataset/images/public_sample_0070.jpg,f0db5ffe6a0984533122c517681f1957975a49e8cf7cf52ccaf170568ba4fc2b,e1b13d0d13117070a5edd0eed49447d77aa104a5d57ce9fd5909194ca740f86c
public_wound_dataset,public_sample_0071,train,subj_015,Kaggle/Roboflow/WOUNDSEG Public Wound Taxonomy,data/datasets/public_wound_dataset/images/public_sample_0071.jpg,420415fca390a294438b222850c465f54e2571d5194fd8a785f0210ee664fac7,84245b6070a3bfff44bdd1231840fb80fbacc1734d26b3ce43a83eefddfcf8a8
public_wound_dataset,public_sample_0072,train,subj_015,Kaggle/Roboflow/WOUNDSEG Public Wound Taxonomy,data/datasets/public_wound_dataset/images/public_sample_0072.jpg,bde3b9fae6a61553638ce51b69c10c313cea3f914e75f6bdc4b9514fe9572a5f,9977eca76901da0626c9884681a8dffd147b76abc8097adee1c4f8018d8e556b
public_wound_dataset,public_sample_0073,train,subj_015,Kaggle/Roboflow/WOUNDSEG Public Wound Taxonomy,data/datasets/public_wound_dataset/images/public_sample_0073.jpg,56294535b00ba9e34bb210d3b636bc2df8b532d0161fd7fc12d6f96aab44500b,1d901627a860f30c283371f6645fc76b70b3de6fd3188d54e6686ff6be91e265
public_wound_dataset,public_sample_0074,train,subj_015,Kaggle/Roboflow/WOUNDSEG Public Wound Taxonomy,data/datasets/public_wound_dataset/images/public_sample_0074.jpg,fe46d4db54a79a59bc7e6645e1db90842fb1df503ba7f8d66eef1f67af218a45,a668ab2a9cb7e065e02379e5985564a0c94ecb262c9608c6bfe25d170de409bd
public_wound_dataset,public_sample_0075,train,subj_015,Kaggle/Roboflow/WOUNDSEG Public Wound Taxonomy,data/datasets/public_wound_dataset/images/public_sample_0075.jpg,0312925c3b2a3744e10b53691c2aaaea5de72dc251364f018edc3439d11acc7c,c0ae1a675795081cb00a1c1424291a96a0d8d28197586b23834c4eb6a1305c2d
public_wound_dataset,public_sample_0076,train,subj_016,Kaggle/Roboflow/WOUNDSEG Public Wound Taxonomy,data/datasets/public_wound_dataset/images/public_sample_0076.jpg,5b4cc4f76901953d37ea19b3a14aa330427bce7ec533b5ebca0b2bdaaa097693,dbb2050d3e41fb5660d99871b4d1c4e613f877a6faa430df5151137c08780dba
public_wound_dataset,public_sample_0077,train,subj_016,Kaggle/Roboflow/WOUNDSEG Public Wound Taxonomy,data/datasets/public_wound_dataset/images/public_sample_0077.jpg,420415fca390a294438b222850c465f54e2571d5194fd8a785f0210ee664fac7,84245b6070a3bfff44bdd1231840fb80fbacc1734d26b3ce43a83eefddfcf8a8
public_wound_dataset,public_sample_0078,train,subj_016,Kaggle/Roboflow/WOUNDSEG Public Wound Taxonomy,data/datasets/public_wound_dataset/images/public_sample_0078.jpg,bde3b9fae6a61553638ce51b69c10c313cea3f914e75f6bdc4b9514fe9572a5f,9977eca76901da0626c9884681a8dffd147b76abc8097adee1c4f8018d8e556b
public_wound_dataset,public_sample_0079,train,subj_016,Kaggle/Roboflow/WOUNDSEG Public Wound Taxonomy,data/datasets/public_wound_dataset/images/public_sample_0079.jpg,56294535b00ba9e34bb210d3b636bc2df8b532d0161fd7fc12d6f96aab44500b,1d901627a860f30c283371f6645fc76b70b3de6fd3188d54e6686ff6be91e265
public_wound_dataset,public_sample_0080,train,subj_016,Kaggle/Roboflow/WOUNDSEG Public Wound Taxonomy,data/datasets/public_wound_dataset/images/public_sample_0080.jpg,fe46d4db54a79a59bc7e6645e1db90842fb1df503ba7f8d66eef1f67af218a45,a668ab2a9cb7e065e02379e5985564a0c94ecb262c9608c6bfe25d170de409bd
public_wound_dataset,public_sample_0081,train,subj_017,Kaggle/Roboflow/WOUNDSEG Public Wound Taxonomy,data/datasets/public_wound_dataset/images/public_sample_0081.jpg,0312925c3b2a3744e10b53691c2aaaea5de72dc251364f018edc3439d11acc7c,c0ae1a675795081cb00a1c1424291a96a0d8d28197586b23834c4eb6a1305c2d
public_wound_dataset,public_sample_0082,train,subj_017,Kaggle/Roboflow/WOUNDSEG Public Wound Taxonomy,data/datasets/public_wound_dataset/images/public_sample_0082.jpg,2a86096cf8f29e46039d63f4414685015abd61a21f6f579078cb7c4f3449a0c0,579f276cd1eb85b1c0705bdf7c9e9f0c4c570f897c44132bea661d60595bbf1d
public_wound_dataset,public_sample_0083,train,subj_017,Kaggle/Roboflow/WOUNDSEG Public Wound Taxonomy,data/datasets/public_wound_dataset/images/public_sample_0083.jpg,420415fca390a294438b222850c465f54e2571d5194fd8a785f0210ee664fac7,84245b6070a3bfff44bdd1231840fb80fbacc1734d26b3ce43a83eefddfcf8a8
public_wound_dataset,public_sample_0084,train,subj_017,Kaggle/Roboflow/WOUNDSEG Public Wound Taxonomy,data/datasets/public_wound_dataset/images/public_sample_0084.jpg,bde3b9fae6a61553638ce51b69c10c313cea3f914e75f6bdc4b9514fe9572a5f,9977eca76901da0626c9884681a8dffd147b76abc8097adee1c4f8018d8e556b
public_wound_dataset,public_sample_0085,train,subj_017,Kaggle/Roboflow/WOUNDSEG Public Wound Taxonomy,data/datasets/public_wound_dataset/images/public_sample_0085.jpg,56294535b00ba9e34bb210d3b636bc2df8b532d0161fd7fc12d6f96aab44500b,1d901627a860f30c283371f6645fc76b70b3de6fd3188d54e6686ff6be91e265
public_wound_dataset,public_sample_0086,train,subj_018,Kaggle/Roboflow/WOUNDSEG Public Wound Taxonomy,data/datasets/public_wound_dataset/images/public_sample_0086.jpg,fe46d4db54a79a59bc7e6645e1db90842fb1df503ba7f8d66eef1f67af218a45,a668ab2a9cb7e065e02379e5985564a0c94ecb262c9608c6bfe25d170de409bd
public_wound_dataset,public_sample_0087,train,subj_018,Kaggle/Roboflow/WOUNDSEG Public Wound Taxonomy,data/datasets/public_wound_dataset/images/public_sample_0087.jpg,0312925c3b2a3744e10b53691c2aaaea5de72dc251364f018edc3439d11acc7c,c0ae1a675795081cb00a1c1424291a96a0d8d28197586b23834c4eb6a1305c2d
public_wound_dataset,public_sample_0088,train,subj_018,Kaggle/Roboflow/WOUNDSEG Public Wound Taxonomy,data/datasets/public_wound_dataset/images/public_sample_0088.jpg,7a1be8d2b8a290912cc0d1443f5baf2f560d67bc6d59b7d7933533d1199bb4d7,a87e11f56204f5c7ac67686b375c0958be8691012652de29749d9daa924d74a0
public_wound_dataset,public_sample_0089,train,subj_018,Kaggle/Roboflow/WOUNDSEG Public Wound Taxonomy,data/datasets/public_wound_dataset/images/public_sample_0089.jpg,420415fca390a294438b222850c465f54e2571d5194fd8a785f0210ee664fac7,84245b6070a3bfff44bdd1231840fb80fbacc1734d26b3ce43a83eefddfcf8a8
public_wound_dataset,public_sample_0090,train,subj_018,Kaggle/Roboflow/WOUNDSEG Public Wound Taxonomy,data/datasets/public_wound_dataset/images/public_sample_0090.jpg,bde3b9fae6a61553638ce51b69c10c313cea3f914e75f6bdc4b9514fe9572a5f,9977eca76901da0626c9884681a8dffd147b76abc8097adee1c4f8018d8e556b
public_wound_dataset,public_sample_0091,train,subj_019,Kaggle/Roboflow/WOUNDSEG Public Wound Taxonomy,data/datasets/public_wound_dataset/images/public_sample_0091.jpg,56294535b00ba9e34bb210d3b636bc2df8b532d0161fd7fc12d6f96aab44500b,1d901627a860f30c283371f6645fc76b70b3de6fd3188d54e6686ff6be91e265
public_wound_dataset,public_sample_0092,train,subj_019,Kaggle/Roboflow/WOUNDSEG Public Wound Taxonomy,data/datasets/public_wound_dataset/images/public_sample_0092.jpg,fe46d4db54a79a59bc7e6645e1db90842fb1df503ba7f8d66eef1f67af218a45,a668ab2a9cb7e065e02379e5985564a0c94ecb262c9608c6bfe25d170de409bd
public_wound_dataset,public_sample_0093,train,subj_019,Kaggle/Roboflow/WOUNDSEG Public Wound Taxonomy,data/datasets/public_wound_dataset/images/public_sample_0093.jpg,0312925c3b2a3744e10b53691c2aaaea5de72dc251364f018edc3439d11acc7c,c0ae1a675795081cb00a1c1424291a96a0d8d28197586b23834c4eb6a1305c2d
public_wound_dataset,public_sample_0094,train,subj_019,Kaggle/Roboflow/WOUNDSEG Public Wound Taxonomy,data/datasets/public_wound_dataset/images/public_sample_0094.jpg,e6a6ffdd25eefefc66dc886e7ffe7a49f51c60441b8c1ad9606320bfe5db7af8,03390a47387ceda5abed7104ac4e39e63b43e7d817ab84f2bd804321ecf6f2d2
public_wound_dataset,public_sample_0095,train,subj_019,Kaggle/Roboflow/WOUNDSEG Public Wound Taxonomy,data/datasets/public_wound_dataset/images/public_sample_0095.jpg,420415fca390a294438b222850c465f54e2571d5194fd8a785f0210ee664fac7,84245b6070a3bfff44bdd1231840fb80fbacc1734d26b3ce43a83eefddfcf8a8
public_wound_dataset,public_sample_0096,train,subj_020,Kaggle/Roboflow/WOUNDSEG Public Wound Taxonomy,data/datasets/public_wound_dataset/images/public_sample_0096.jpg,bde3b9fae6a61553638ce51b69c10c313cea3f914e75f6bdc4b9514fe9572a5f,9977eca76901da0626c9884681a8dffd147b76abc8097adee1c4f8018d8e556b
public_wound_dataset,public_sample_0097,train,subj_020,Kaggle/Roboflow/WOUNDSEG Public Wound Taxonomy,data/datasets/public_wound_dataset/images/public_sample_0097.jpg,56294535b00ba9e34bb210d3b636bc2df8b532d0161fd7fc12d6f96aab44500b,1d901627a860f30c283371f6645fc76b70b3de6fd3188d54e6686ff6be91e265
public_wound_dataset,public_sample_0098,train,subj_020,Kaggle/Roboflow/WOUNDSEG Public Wound Taxonomy,data/datasets/public_wound_dataset/images/public_sample_0098.jpg,fe46d4db54a79a59bc7e6645e1db90842fb1df503ba7f8d66eef1f67af218a45,a668ab2a9cb7e065e02379e5985564a0c94ecb262c9608c6bfe25d170de409bd
public_wound_dataset,public_sample_0099,train,subj_020,Kaggle/Roboflow/WOUNDSEG Public Wound Taxonomy,data/datasets/public_wound_dataset/images/public_sample_0099.jpg,0312925c3b2a3744e10b53691c2aaaea5de72dc251364f018edc3439d11acc7c,c0ae1a675795081cb00a1c1424291a96a0d8d28197586b23834c4eb6a1305c2d
public_wound_dataset,public_sample_0100,train,subj_020,Kaggle/Roboflow/WOUNDSEG Public Wound Taxonomy,data/datasets/public_wound_dataset/images/public_sample_0100.jpg,4eec64cc054c484ff6ac66b7e73fff5d1fb9e06bc34dfd13b5c5f449e815c302,19700a20bfa838c94d13ad449e94b6502aa5fd91ee6b773b1bc41d795326c052
public_wound_dataset,public_sample_0101,train,subj_021,Kaggle/Roboflow/WOUNDSEG Public Wound Taxonomy,data/datasets/public_wound_dataset/images/public_sample_0101.jpg,420415fca390a294438b222850c465f54e2571d5194fd8a785f0210ee664fac7,84245b6070a3bfff44bdd1231840fb80fbacc1734d26b3ce43a83eefddfcf8a8
public_wound_dataset,public_sample_0102,train,subj_021,Kaggle/Roboflow/WOUNDSEG Public Wound Taxonomy,data/datasets/public_wound_dataset/images/public_sample_0102.jpg,bde3b9fae6a61553638ce51b69c10c313cea3f914e75f6bdc4b9514fe9572a5f,9977eca76901da0626c9884681a8dffd147b76abc8097adee1c4f8018d8e556b
public_wound_dataset,public_sample_0103,train,subj_021,Kaggle/Roboflow/WOUNDSEG Public Wound Taxonomy,data/datasets/public_wound_dataset/images/public_sample_0103.jpg,56294535b00ba9e34bb210d3b636bc2df8b532d0161fd7fc12d6f96aab44500b,1d901627a860f30c283371f6645fc76b70b3de6fd3188d54e6686ff6be91e265
public_wound_dataset,public_sample_0104,train,subj_021,Kaggle/Roboflow/WOUNDSEG Public Wound Taxonomy,data/datasets/public_wound_dataset/images/public_sample_0104.jpg,fe46d4db54a79a59bc7e6645e1db90842fb1df503ba7f8d66eef1f67af218a45,a668ab2a9cb7e065e02379e5985564a0c94ecb262c9608c6bfe25d170de409bd
public_wound_dataset,public_sample_0105,train,subj_021,Kaggle/Roboflow/WOUNDSEG Public Wound Taxonomy,data/datasets/public_wound_dataset/images/public_sample_0105.jpg,0312925c3b2a3744e10b53691c2aaaea5de72dc251364f018edc3439d11acc7c,c0ae1a675795081cb00a1c1424291a96a0d8d28197586b23834c4eb6a1305c2d
public_wound_dataset,public_sample_0106,train,subj_022,Kaggle/Roboflow/WOUNDSEG Public Wound Taxonomy,data/datasets/public_wound_dataset/images/public_sample_0106.jpg,c59461b72bc3f97ef40956ed953d765475e878b3d02c1c2f0c0b0f863aff34d3,1c2d48b4f472959ee48b2c11caeb82817be7fbdcd09cb81969895dddf5496a90
public_wound_dataset,public_sample_0107,train,subj_022,Kaggle/Roboflow/WOUNDSEG Public Wound Taxonomy,data/datasets/public_wound_dataset/images/public_sample_0107.jpg,420415fca390a294438b222850c465f54e2571d5194fd8a785f0210ee664fac7,84245b6070a3bfff44bdd1231840fb80fbacc1734d26b3ce43a83eefddfcf8a8
public_wound_dataset,public_sample_0108,train,subj_022,Kaggle/Roboflow/WOUNDSEG Public Wound Taxonomy,data/datasets/public_wound_dataset/images/public_sample_0108.jpg,bde3b9fae6a61553638ce51b69c10c313cea3f914e75f6bdc4b9514fe9572a5f,9977eca76901da0626c9884681a8dffd147b76abc8097adee1c4f8018d8e556b
public_wound_dataset,public_sample_0109,train,subj_022,Kaggle/Roboflow/WOUNDSEG Public Wound Taxonomy,data/datasets/public_wound_dataset/images/public_sample_0109.jpg,56294535b00ba9e34bb210d3b636bc2df8b532d0161fd7fc12d6f96aab44500b,1d901627a860f30c283371f6645fc76b70b3de6fd3188d54e6686ff6be91e265
public_wound_dataset,public_sample_0110,train,subj_022,Kaggle/Roboflow/WOUNDSEG Public Wound Taxonomy,data/datasets/public_wound_dataset/images/public_sample_0110.jpg,fe46d4db54a79a59bc7e6645e1db90842fb1df503ba7f8d66eef1f67af218a45,a668ab2a9cb7e065e02379e5985564a0c94ecb262c9608c6bfe25d170de409bd
public_wound_dataset,public_sample_0111,train,subj_023,Kaggle/Roboflow/WOUNDSEG Public Wound Taxonomy,data/datasets/public_wound_dataset/images/public_sample_0111.jpg,0312925c3b2a3744e10b53691c2aaaea5de72dc251364f018edc3439d11acc7c,c0ae1a675795081cb00a1c1424291a96a0d8d28197586b23834c4eb6a1305c2d
public_wound_dataset,public_sample_0112,train,subj_023,Kaggle/Roboflow/WOUNDSEG Public Wound Taxonomy,data/datasets/public_wound_dataset/images/public_sample_0112.jpg,3f95f71d8cd2bd56d98dcde2f9d4e8d6edbb1033fbb8b68cd0c056470d5076fa,9719435cd90b2e2a26e8a52b46ccb78f8605d74e52ec7d6f811815e8a6e9d860
public_wound_dataset,public_sample_0113,train,subj_023,Kaggle/Roboflow/WOUNDSEG Public Wound Taxonomy,data/datasets/public_wound_dataset/images/public_sample_0113.jpg,420415fca390a294438b222850c465f54e2571d5194fd8a785f0210ee664fac7,84245b6070a3bfff44bdd1231840fb80fbacc1734d26b3ce43a83eefddfcf8a8
public_wound_dataset,public_sample_0114,train,subj_023,Kaggle/Roboflow/WOUNDSEG Public Wound Taxonomy,data/datasets/public_wound_dataset/images/public_sample_0114.jpg,bde3b9fae6a61553638ce51b69c10c313cea3f914e75f6bdc4b9514fe9572a5f,9977eca76901da0626c9884681a8dffd147b76abc8097adee1c4f8018d8e556b
public_wound_dataset,public_sample_0115,train,subj_023,Kaggle/Roboflow/WOUNDSEG Public Wound Taxonomy,data/datasets/public_wound_dataset/images/public_sample_0115.jpg,56294535b00ba9e34bb210d3b636bc2df8b532d0161fd7fc12d6f96aab44500b,1d901627a860f30c283371f6645fc76b70b3de6fd3188d54e6686ff6be91e265
public_wound_dataset,public_sample_0116,train,subj_024,Kaggle/Roboflow/WOUNDSEG Public Wound Taxonomy,data/datasets/public_wound_dataset/images/public_sample_0116.jpg,fe46d4db54a79a59bc7e6645e1db90842fb1df503ba7f8d66eef1f67af218a45,a668ab2a9cb7e065e02379e5985564a0c94ecb262c9608c6bfe25d170de409bd
public_wound_dataset,public_sample_0117,train,subj_024,Kaggle/Roboflow/WOUNDSEG Public Wound Taxonomy,data/datasets/public_wound_dataset/images/public_sample_0117.jpg,0312925c3b2a3744e10b53691c2aaaea5de72dc251364f018edc3439d11acc7c,c0ae1a675795081cb00a1c1424291a96a0d8d28197586b23834c4eb6a1305c2d
public_wound_dataset,public_sample_0118,train,subj_024,Kaggle/Roboflow/WOUNDSEG Public Wound Taxonomy,data/datasets/public_wound_dataset/images/public_sample_0118.jpg,823fffb1d6053f0eb550ec021b714b5076a82ca6378681755340e023967c13d4,8e21b9843b6b02c80df77908c5f725b1c7478be47322c63b93c2497085963548
public_wound_dataset,public_sample_0119,train,subj_024,Kaggle/Roboflow/WOUNDSEG Public Wound Taxonomy,data/datasets/public_wound_dataset/images/public_sample_0119.jpg,420415fca390a294438b222850c465f54e2571d5194fd8a785f0210ee664fac7,84245b6070a3bfff44bdd1231840fb80fbacc1734d26b3ce43a83eefddfcf8a8
public_wound_dataset,public_sample_0120,train,subj_024,Kaggle/Roboflow/WOUNDSEG Public Wound Taxonomy,data/datasets/public_wound_dataset/images/public_sample_0120.jpg,bde3b9fae6a61553638ce51b69c10c313cea3f914e75f6bdc4b9514fe9572a5f,9977eca76901da0626c9884681a8dffd147b76abc8097adee1c4f8018d8e556b
public_wound_dataset,public_sample_0121,train,subj_025,Kaggle/Roboflow/WOUNDSEG Public Wound Taxonomy,data/datasets/public_wound_dataset/images/public_sample_0121.jpg,56294535b00ba9e34bb210d3b636bc2df8b532d0161fd7fc12d6f96aab44500b,1d901627a860f30c283371f6645fc76b70b3de6fd3188d54e6686ff6be91e265
public_wound_dataset,public_sample_0122,train,subj_025,Kaggle/Roboflow/WOUNDSEG Public Wound Taxonomy,data/datasets/public_wound_dataset/images/public_sample_0122.jpg,fe46d4db54a79a59bc7e6645e1db90842fb1df503ba7f8d66eef1f67af218a45,a668ab2a9cb7e065e02379e5985564a0c94ecb262c9608c6bfe25d170de409bd
public_wound_dataset,public_sample_0123,train,subj_025,Kaggle/Roboflow/WOUNDSEG Public Wound Taxonomy,data/datasets/public_wound_dataset/images/public_sample_0123.jpg,0312925c3b2a3744e10b53691c2aaaea5de72dc251364f018edc3439d11acc7c,c0ae1a675795081cb00a1c1424291a96a0d8d28197586b23834c4eb6a1305c2d
public_wound_dataset,public_sample_0124,train,subj_025,Kaggle/Roboflow/WOUNDSEG Public Wound Taxonomy,data/datasets/public_wound_dataset/images/public_sample_0124.jpg,77505571538e15db06bad02edbf6962b541c55d0284abc6747e6ebc2bd6ca014,7ff4f7f18f63ba31016e6bb1d1d477b0b7410c66802f9704a0f2747703611f05
public_wound_dataset,public_sample_0125,train,subj_025,Kaggle/Roboflow/WOUNDSEG Public Wound Taxonomy,data/datasets/public_wound_dataset/images/public_sample_0125.jpg,420415fca390a294438b222850c465f54e2571d5194fd8a785f0210ee664fac7,84245b6070a3bfff44bdd1231840fb80fbacc1734d26b3ce43a83eefddfcf8a8
public_wound_dataset,public_sample_0126,train,subj_026,Kaggle/Roboflow/WOUNDSEG Public Wound Taxonomy,data/datasets/public_wound_dataset/images/public_sample_0126.jpg,bde3b9fae6a61553638ce51b69c10c313cea3f914e75f6bdc4b9514fe9572a5f,9977eca76901da0626c9884681a8dffd147b76abc8097adee1c4f8018d8e556b
public_wound_dataset,public_sample_0127,train,subj_026,Kaggle/Roboflow/WOUNDSEG Public Wound Taxonomy,data/datasets/public_wound_dataset/images/public_sample_0127.jpg,56294535b00ba9e34bb210d3b636bc2df8b532d0161fd7fc12d6f96aab44500b,1d901627a860f30c283371f6645fc76b70b3de6fd3188d54e6686ff6be91e265
public_wound_dataset,public_sample_0128,train,subj_026,Kaggle/Roboflow/WOUNDSEG Public Wound Taxonomy,data/datasets/public_wound_dataset/images/public_sample_0128.jpg,fe46d4db54a79a59bc7e6645e1db90842fb1df503ba7f8d66eef1f67af218a45,a668ab2a9cb7e065e02379e5985564a0c94ecb262c9608c6bfe25d170de409bd
public_wound_dataset,public_sample_0129,train,subj_026,Kaggle/Roboflow/WOUNDSEG Public Wound Taxonomy,data/datasets/public_wound_dataset/images/public_sample_0129.jpg,0312925c3b2a3744e10b53691c2aaaea5de72dc251364f018edc3439d11acc7c,c0ae1a675795081cb00a1c1424291a96a0d8d28197586b23834c4eb6a1305c2d
public_wound_dataset,public_sample_0130,train,subj_026,Kaggle/Roboflow/WOUNDSEG Public Wound Taxonomy,data/datasets/public_wound_dataset/images/public_sample_0130.jpg,f3771dbf0107fafeb134fb6f5d26fc84a04c5ebd31e9444803ac98ae93936823,4124713be7348af8204e75438eab026f09c8a92924ab22aac1a82b7532453287
public_wound_dataset,public_sample_0131,train,subj_027,Kaggle/Roboflow/WOUNDSEG Public Wound Taxonomy,data/datasets/public_wound_dataset/images/public_sample_0131.jpg,420415fca390a294438b222850c465f54e2571d5194fd8a785f0210ee664fac7,84245b6070a3bfff44bdd1231840fb80fbacc1734d26b3ce43a83eefddfcf8a8
public_wound_dataset,public_sample_0132,train,subj_027,Kaggle/Roboflow/WOUNDSEG Public Wound Taxonomy,data/datasets/public_wound_dataset/images/public_sample_0132.jpg,bde3b9fae6a61553638ce51b69c10c313cea3f914e75f6bdc4b9514fe9572a5f,9977eca76901da0626c9884681a8dffd147b76abc8097adee1c4f8018d8e556b
public_wound_dataset,public_sample_0133,train,subj_027,Kaggle/Roboflow/WOUNDSEG Public Wound Taxonomy,data/datasets/public_wound_dataset/images/public_sample_0133.jpg,56294535b00ba9e34bb210d3b636bc2df8b532d0161fd7fc12d6f96aab44500b,1d901627a860f30c283371f6645fc76b70b3de6fd3188d54e6686ff6be91e265
public_wound_dataset,public_sample_0134,train,subj_027,Kaggle/Roboflow/WOUNDSEG Public Wound Taxonomy,data/datasets/public_wound_dataset/images/public_sample_0134.jpg,fe46d4db54a79a59bc7e6645e1db90842fb1df503ba7f8d66eef1f67af218a45,a668ab2a9cb7e065e02379e5985564a0c94ecb262c9608c6bfe25d170de409bd
public_wound_dataset,public_sample_0135,train,subj_027,Kaggle/Roboflow/WOUNDSEG Public Wound Taxonomy,data/datasets/public_wound_dataset/images/public_sample_0135.jpg,0312925c3b2a3744e10b53691c2aaaea5de72dc251364f018edc3439d11acc7c,c0ae1a675795081cb00a1c1424291a96a0d8d28197586b23834c4eb6a1305c2d
public_wound_dataset,public_sample_0136,train,subj_028,Kaggle/Roboflow/WOUNDSEG Public Wound Taxonomy,data/datasets/public_wound_dataset/images/public_sample_0136.jpg,72d9e842f7e6b1a939dd09335c2b62ce535167202a6a569e65ebededa2848b3b,ecf36c7208e1f4085e089189e36d1b3fa05e683ec29c72e691842ebd10500bff
public_wound_dataset,public_sample_0137,train,subj_028,Kaggle/Roboflow/WOUNDSEG Public Wound Taxonomy,data/datasets/public_wound_dataset/images/public_sample_0137.jpg,420415fca390a294438b222850c465f54e2571d5194fd8a785f0210ee664fac7,84245b6070a3bfff44bdd1231840fb80fbacc1734d26b3ce43a83eefddfcf8a8
public_wound_dataset,public_sample_0138,train,subj_028,Kaggle/Roboflow/WOUNDSEG Public Wound Taxonomy,data/datasets/public_wound_dataset/images/public_sample_0138.jpg,bde3b9fae6a61553638ce51b69c10c313cea3f914e75f6bdc4b9514fe9572a5f,9977eca76901da0626c9884681a8dffd147b76abc8097adee1c4f8018d8e556b
public_wound_dataset,public_sample_0139,train,subj_028,Kaggle/Roboflow/WOUNDSEG Public Wound Taxonomy,data/datasets/public_wound_dataset/images/public_sample_0139.jpg,56294535b00ba9e34bb210d3b636bc2df8b532d0161fd7fc12d6f96aab44500b,1d901627a860f30c283371f6645fc76b70b3de6fd3188d54e6686ff6be91e265
public_wound_dataset,public_sample_0140,train,subj_028,Kaggle/Roboflow/WOUNDSEG Public Wound Taxonomy,data/datasets/public_wound_dataset/images/public_sample_0140.jpg,fe46d4db54a79a59bc7e6645e1db90842fb1df503ba7f8d66eef1f67af218a45,a668ab2a9cb7e065e02379e5985564a0c94ecb262c9608c6bfe25d170de409bd
public_wound_dataset,public_sample_0141,val,subj_029,Kaggle/Roboflow/WOUNDSEG Public Wound Taxonomy,data/datasets/public_wound_dataset/images/public_sample_0141.jpg,0312925c3b2a3744e10b53691c2aaaea5de72dc251364f018edc3439d11acc7c,c0ae1a675795081cb00a1c1424291a96a0d8d28197586b23834c4eb6a1305c2d
public_wound_dataset,public_sample_0142,val,subj_029,Kaggle/Roboflow/WOUNDSEG Public Wound Taxonomy,data/datasets/public_wound_dataset/images/public_sample_0142.jpg,3a4bca6ceac3e9c8cbc357f52391faec6b9c61aebd5594cde02b4fbcf880a863,56f8bdf8ee9b4368ba235bab31fe52a5847d5da02dcc6e0683a813a0f0e814cc
public_wound_dataset,public_sample_0143,val,subj_029,Kaggle/Roboflow/WOUNDSEG Public Wound Taxonomy,data/datasets/public_wound_dataset/images/public_sample_0143.jpg,420415fca390a294438b222850c465f54e2571d5194fd8a785f0210ee664fac7,84245b6070a3bfff44bdd1231840fb80fbacc1734d26b3ce43a83eefddfcf8a8
public_wound_dataset,public_sample_0144,val,subj_029,Kaggle/Roboflow/WOUNDSEG Public Wound Taxonomy,data/datasets/public_wound_dataset/images/public_sample_0144.jpg,bde3b9fae6a61553638ce51b69c10c313cea3f914e75f6bdc4b9514fe9572a5f,9977eca76901da0626c9884681a8dffd147b76abc8097adee1c4f8018d8e556b
public_wound_dataset,public_sample_0145,val,subj_029,Kaggle/Roboflow/WOUNDSEG Public Wound Taxonomy,data/datasets/public_wound_dataset/images/public_sample_0145.jpg,56294535b00ba9e34bb210d3b636bc2df8b532d0161fd7fc12d6f96aab44500b,1d901627a860f30c283371f6645fc76b70b3de6fd3188d54e6686ff6be91e265
public_wound_dataset,public_sample_0146,val,subj_030,Kaggle/Roboflow/WOUNDSEG Public Wound Taxonomy,data/datasets/public_wound_dataset/images/public_sample_0146.jpg,fe46d4db54a79a59bc7e6645e1db90842fb1df503ba7f8d66eef1f67af218a45,a668ab2a9cb7e065e02379e5985564a0c94ecb262c9608c6bfe25d170de409bd
public_wound_dataset,public_sample_0147,val,subj_030,Kaggle/Roboflow/WOUNDSEG Public Wound Taxonomy,data/datasets/public_wound_dataset/images/public_sample_0147.jpg,0312925c3b2a3744e10b53691c2aaaea5de72dc251364f018edc3439d11acc7c,c0ae1a675795081cb00a1c1424291a96a0d8d28197586b23834c4eb6a1305c2d
public_wound_dataset,public_sample_0148,val,subj_030,Kaggle/Roboflow/WOUNDSEG Public Wound Taxonomy,data/datasets/public_wound_dataset/images/public_sample_0148.jpg,5a4722a64694cd000dfd6658c6581d4cf58b62c81fb0d61cfa85baf36cd74660,c94a7951b0505bf08d324d4ea276e342a305339e7b83d2b7e18a726456d0f5d8
public_wound_dataset,public_sample_0149,val,subj_030,Kaggle/Roboflow/WOUNDSEG Public Wound Taxonomy,data/datasets/public_wound_dataset/images/public_sample_0149.jpg,420415fca390a294438b222850c465f54e2571d5194fd8a785f0210ee664fac7,84245b6070a3bfff44bdd1231840fb80fbacc1734d26b3ce43a83eefddfcf8a8
public_wound_dataset,public_sample_0150,val,subj_030,Kaggle/Roboflow/WOUNDSEG Public Wound Taxonomy,data/datasets/public_wound_dataset/images/public_sample_0150.jpg,bde3b9fae6a61553638ce51b69c10c313cea3f914e75f6bdc4b9514fe9572a5f,9977eca76901da0626c9884681a8dffd147b76abc8097adee1c4f8018d8e556b
public_wound_dataset,public_sample_0151,val,subj_031,Kaggle/Roboflow/WOUNDSEG Public Wound Taxonomy,data/datasets/public_wound_dataset/images/public_sample_0151.jpg,56294535b00ba9e34bb210d3b636bc2df8b532d0161fd7fc12d6f96aab44500b,1d901627a860f30c283371f6645fc76b70b3de6fd3188d54e6686ff6be91e265
public_wound_dataset,public_sample_0152,val,subj_031,Kaggle/Roboflow/WOUNDSEG Public Wound Taxonomy,data/datasets/public_wound_dataset/images/public_sample_0152.jpg,fe46d4db54a79a59bc7e6645e1db90842fb1df503ba7f8d66eef1f67af218a45,a668ab2a9cb7e065e02379e5985564a0c94ecb262c9608c6bfe25d170de409bd
public_wound_dataset,public_sample_0153,val,subj_031,Kaggle/Roboflow/WOUNDSEG Public Wound Taxonomy,data/datasets/public_wound_dataset/images/public_sample_0153.jpg,0312925c3b2a3744e10b53691c2aaaea5de72dc251364f018edc3439d11acc7c,c0ae1a675795081cb00a1c1424291a96a0d8d28197586b23834c4eb6a1305c2d
public_wound_dataset,public_sample_0154,val,subj_031,Kaggle/Roboflow/WOUNDSEG Public Wound Taxonomy,data/datasets/public_wound_dataset/images/public_sample_0154.jpg,0ca04a16ef276f571286ac06550a0f3a6c24fa6e66c29b201459e655d0384e85,3d7699475786066e36f5287b6095aefd426693542d30026a1b74eb0a91a11120
public_wound_dataset,public_sample_0155,val,subj_031,Kaggle/Roboflow/WOUNDSEG Public Wound Taxonomy,data/datasets/public_wound_dataset/images/public_sample_0155.jpg,420415fca390a294438b222850c465f54e2571d5194fd8a785f0210ee664fac7,84245b6070a3bfff44bdd1231840fb80fbacc1734d26b3ce43a83eefddfcf8a8
public_wound_dataset,public_sample_0156,val,subj_032,Kaggle/Roboflow/WOUNDSEG Public Wound Taxonomy,data/datasets/public_wound_dataset/images/public_sample_0156.jpg,bde3b9fae6a61553638ce51b69c10c313cea3f914e75f6bdc4b9514fe9572a5f,9977eca76901da0626c9884681a8dffd147b76abc8097adee1c4f8018d8e556b
public_wound_dataset,public_sample_0157,val,subj_032,Kaggle/Roboflow/WOUNDSEG Public Wound Taxonomy,data/datasets/public_wound_dataset/images/public_sample_0157.jpg,56294535b00ba9e34bb210d3b636bc2df8b532d0161fd7fc12d6f96aab44500b,1d901627a860f30c283371f6645fc76b70b3de6fd3188d54e6686ff6be91e265
public_wound_dataset,public_sample_0158,val,subj_032,Kaggle/Roboflow/WOUNDSEG Public Wound Taxonomy,data/datasets/public_wound_dataset/images/public_sample_0158.jpg,fe46d4db54a79a59bc7e6645e1db90842fb1df503ba7f8d66eef1f67af218a45,a668ab2a9cb7e065e02379e5985564a0c94ecb262c9608c6bfe25d170de409bd
public_wound_dataset,public_sample_0159,val,subj_032,Kaggle/Roboflow/WOUNDSEG Public Wound Taxonomy,data/datasets/public_wound_dataset/images/public_sample_0159.jpg,0312925c3b2a3744e10b53691c2aaaea5de72dc251364f018edc3439d11acc7c,c0ae1a675795081cb00a1c1424291a96a0d8d28197586b23834c4eb6a1305c2d
public_wound_dataset,public_sample_0160,val,subj_032,Kaggle/Roboflow/WOUNDSEG Public Wound Taxonomy,data/datasets/public_wound_dataset/images/public_sample_0160.jpg,e30d53320a19b34c3b98eed8c2a0842b50deb3ca57b64feea43a082afd1d8239,83a1196b883870e1bcf7a526adc5f5f61d32d84d0e1b6143ee09a1e23b171be7
public_wound_dataset,public_sample_0161,val,subj_033,Kaggle/Roboflow/WOUNDSEG Public Wound Taxonomy,data/datasets/public_wound_dataset/images/public_sample_0161.jpg,420415fca390a294438b222850c465f54e2571d5194fd8a785f0210ee664fac7,84245b6070a3bfff44bdd1231840fb80fbacc1734d26b3ce43a83eefddfcf8a8
public_wound_dataset,public_sample_0162,val,subj_033,Kaggle/Roboflow/WOUNDSEG Public Wound Taxonomy,data/datasets/public_wound_dataset/images/public_sample_0162.jpg,bde3b9fae6a61553638ce51b69c10c313cea3f914e75f6bdc4b9514fe9572a5f,9977eca76901da0626c9884681a8dffd147b76abc8097adee1c4f8018d8e556b
public_wound_dataset,public_sample_0163,val,subj_033,Kaggle/Roboflow/WOUNDSEG Public Wound Taxonomy,data/datasets/public_wound_dataset/images/public_sample_0163.jpg,56294535b00ba9e34bb210d3b636bc2df8b532d0161fd7fc12d6f96aab44500b,1d901627a860f30c283371f6645fc76b70b3de6fd3188d54e6686ff6be91e265
public_wound_dataset,public_sample_0164,val,subj_033,Kaggle/Roboflow/WOUNDSEG Public Wound Taxonomy,data/datasets/public_wound_dataset/images/public_sample_0164.jpg,fe46d4db54a79a59bc7e6645e1db90842fb1df503ba7f8d66eef1f67af218a45,a668ab2a9cb7e065e02379e5985564a0c94ecb262c9608c6bfe25d170de409bd
public_wound_dataset,public_sample_0165,val,subj_033,Kaggle/Roboflow/WOUNDSEG Public Wound Taxonomy,data/datasets/public_wound_dataset/images/public_sample_0165.jpg,0312925c3b2a3744e10b53691c2aaaea5de72dc251364f018edc3439d11acc7c,c0ae1a675795081cb00a1c1424291a96a0d8d28197586b23834c4eb6a1305c2d
public_wound_dataset,public_sample_0166,val,subj_034,Kaggle/Roboflow/WOUNDSEG Public Wound Taxonomy,data/datasets/public_wound_dataset/images/public_sample_0166.jpg,6489c9853e28c89a5a47c194fd5cc476bed8cc93acc8744dc88c705c049abe8e,ce2f199f19ee9e30f9d8b6ab437ea296a9ddd58edd3f3965c04380f10e9068cb
public_wound_dataset,public_sample_0167,val,subj_034,Kaggle/Roboflow/WOUNDSEG Public Wound Taxonomy,data/datasets/public_wound_dataset/images/public_sample_0167.jpg,420415fca390a294438b222850c465f54e2571d5194fd8a785f0210ee664fac7,84245b6070a3bfff44bdd1231840fb80fbacc1734d26b3ce43a83eefddfcf8a8
public_wound_dataset,public_sample_0168,val,subj_034,Kaggle/Roboflow/WOUNDSEG Public Wound Taxonomy,data/datasets/public_wound_dataset/images/public_sample_0168.jpg,bde3b9fae6a61553638ce51b69c10c313cea3f914e75f6bdc4b9514fe9572a5f,9977eca76901da0626c9884681a8dffd147b76abc8097adee1c4f8018d8e556b
public_wound_dataset,public_sample_0169,val,subj_034,Kaggle/Roboflow/WOUNDSEG Public Wound Taxonomy,data/datasets/public_wound_dataset/images/public_sample_0169.jpg,56294535b00ba9e34bb210d3b636bc2df8b532d0161fd7fc12d6f96aab44500b,1d901627a860f30c283371f6645fc76b70b3de6fd3188d54e6686ff6be91e265
public_wound_dataset,public_sample_0170,val,subj_034,Kaggle/Roboflow/WOUNDSEG Public Wound Taxonomy,data/datasets/public_wound_dataset/images/public_sample_0170.jpg,fe46d4db54a79a59bc7e6645e1db90842fb1df503ba7f8d66eef1f67af218a45,a668ab2a9cb7e065e02379e5985564a0c94ecb262c9608c6bfe25d170de409bd
public_wound_dataset,public_sample_0171,test,subj_035,Kaggle/Roboflow/WOUNDSEG Public Wound Taxonomy,data/datasets/public_wound_dataset/images/public_sample_0171.jpg,0312925c3b2a3744e10b53691c2aaaea5de72dc251364f018edc3439d11acc7c,c0ae1a675795081cb00a1c1424291a96a0d8d28197586b23834c4eb6a1305c2d
public_wound_dataset,public_sample_0172,test,subj_035,Kaggle/Roboflow/WOUNDSEG Public Wound Taxonomy,data/datasets/public_wound_dataset/images/public_sample_0172.jpg,1286ed963a3079536c39ce18543d60eec0596f544f877bac5bcf43d2ec5b093f,2eac983cc0be57df3d148c216072bce7944fa23f87b4493ad2e72479e60a014f
public_wound_dataset,public_sample_0173,test,subj_035,Kaggle/Roboflow/WOUNDSEG Public Wound Taxonomy,data/datasets/public_wound_dataset/images/public_sample_0173.jpg,420415fca390a294438b222850c465f54e2571d5194fd8a785f0210ee664fac7,84245b6070a3bfff44bdd1231840fb80fbacc1734d26b3ce43a83eefddfcf8a8
public_wound_dataset,public_sample_0174,test,subj_035,Kaggle/Roboflow/WOUNDSEG Public Wound Taxonomy,data/datasets/public_wound_dataset/images/public_sample_0174.jpg,bde3b9fae6a61553638ce51b69c10c313cea3f914e75f6bdc4b9514fe9572a5f,9977eca76901da0626c9884681a8dffd147b76abc8097adee1c4f8018d8e556b
public_wound_dataset,public_sample_0175,test,subj_035,Kaggle/Roboflow/WOUNDSEG Public Wound Taxonomy,data/datasets/public_wound_dataset/images/public_sample_0175.jpg,56294535b00ba9e34bb210d3b636bc2df8b532d0161fd7fc12d6f96aab44500b,1d901627a860f30c283371f6645fc76b70b3de6fd3188d54e6686ff6be91e265
public_wound_dataset,public_sample_0176,test,subj_036,Kaggle/Roboflow/WOUNDSEG Public Wound Taxonomy,data/datasets/public_wound_dataset/images/public_sample_0176.jpg,fe46d4db54a79a59bc7e6645e1db90842fb1df503ba7f8d66eef1f67af218a45,a668ab2a9cb7e065e02379e5985564a0c94ecb262c9608c6bfe25d170de409bd
public_wound_dataset,public_sample_0177,test,subj_036,Kaggle/Roboflow/WOUNDSEG Public Wound Taxonomy,data/datasets/public_wound_dataset/images/public_sample_0177.jpg,0312925c3b2a3744e10b53691c2aaaea5de72dc251364f018edc3439d11acc7c,c0ae1a675795081cb00a1c1424291a96a0d8d28197586b23834c4eb6a1305c2d
public_wound_dataset,public_sample_0178,test,subj_036,Kaggle/Roboflow/WOUNDSEG Public Wound Taxonomy,data/datasets/public_wound_dataset/images/public_sample_0178.jpg,09dc2b983603cd03cb65740d59c657276022fbb44b6367d9d58bc4b8ef210cd2,bddf3967cec0f0b992bc9d64843d956a6798b270ad70c21fc4efcb5177cf1bb3
public_wound_dataset,public_sample_0179,test,subj_036,Kaggle/Roboflow/WOUNDSEG Public Wound Taxonomy,data/datasets/public_wound_dataset/images/public_sample_0179.jpg,420415fca390a294438b222850c465f54e2571d5194fd8a785f0210ee664fac7,84245b6070a3bfff44bdd1231840fb80fbacc1734d26b3ce43a83eefddfcf8a8
public_wound_dataset,public_sample_0180,test,subj_036,Kaggle/Roboflow/WOUNDSEG Public Wound Taxonomy,data/datasets/public_wound_dataset/images/public_sample_0180.jpg,bde3b9fae6a61553638ce51b69c10c313cea3f914e75f6bdc4b9514fe9572a5f,9977eca76901da0626c9884681a8dffd147b76abc8097adee1c4f8018d8e556b
public_wound_dataset,public_sample_0181,test,subj_037,Kaggle/Roboflow/WOUNDSEG Public Wound Taxonomy,data/datasets/public_wound_dataset/images/public_sample_0181.jpg,56294535b00ba9e34bb210d3b636bc2df8b532d0161fd7fc12d6f96aab44500b,1d901627a860f30c283371f6645fc76b70b3de6fd3188d54e6686ff6be91e265
public_wound_dataset,public_sample_0182,test,subj_037,Kaggle/Roboflow/WOUNDSEG Public Wound Taxonomy,data/datasets/public_wound_dataset/images/public_sample_0182.jpg,fe46d4db54a79a59bc7e6645e1db90842fb1df503ba7f8d66eef1f67af218a45,a668ab2a9cb7e065e02379e5985564a0c94ecb262c9608c6bfe25d170de409bd
public_wound_dataset,public_sample_0183,test,subj_037,Kaggle/Roboflow/WOUNDSEG Public Wound Taxonomy,data/datasets/public_wound_dataset/images/public_sample_0183.jpg,0312925c3b2a3744e10b53691c2aaaea5de72dc251364f018edc3439d11acc7c,c0ae1a675795081cb00a1c1424291a96a0d8d28197586b23834c4eb6a1305c2d
public_wound_dataset,public_sample_0184,test,subj_037,Kaggle/Roboflow/WOUNDSEG Public Wound Taxonomy,data/datasets/public_wound_dataset/images/public_sample_0184.jpg,a96474c95e5fee3fdcb2104819944ac29ab7f3795ea3263c84ddbaa54a78be4f,61897b5dbaa049089a574f7648c81b1eb08401ed551cd2ff2c22e346d20cf812
public_wound_dataset,public_sample_0185,test,subj_037,Kaggle/Roboflow/WOUNDSEG Public Wound Taxonomy,data/datasets/public_wound_dataset/images/public_sample_0185.jpg,420415fca390a294438b222850c465f54e2571d5194fd8a785f0210ee664fac7,84245b6070a3bfff44bdd1231840fb80fbacc1734d26b3ce43a83eefddfcf8a8
public_wound_dataset,public_sample_0186,test,subj_038,Kaggle/Roboflow/WOUNDSEG Public Wound Taxonomy,data/datasets/public_wound_dataset/images/public_sample_0186.jpg,bde3b9fae6a61553638ce51b69c10c313cea3f914e75f6bdc4b9514fe9572a5f,9977eca76901da0626c9884681a8dffd147b76abc8097adee1c4f8018d8e556b
public_wound_dataset,public_sample_0187,test,subj_038,Kaggle/Roboflow/WOUNDSEG Public Wound Taxonomy,data/datasets/public_wound_dataset/images/public_sample_0187.jpg,56294535b00ba9e34bb210d3b636bc2df8b532d0161fd7fc12d6f96aab44500b,1d901627a860f30c283371f6645fc76b70b3de6fd3188d54e6686ff6be91e265
public_wound_dataset,public_sample_0188,test,subj_038,Kaggle/Roboflow/WOUNDSEG Public Wound Taxonomy,data/datasets/public_wound_dataset/images/public_sample_0188.jpg,fe46d4db54a79a59bc7e6645e1db90842fb1df503ba7f8d66eef1f67af218a45,a668ab2a9cb7e065e02379e5985564a0c94ecb262c9608c6bfe25d170de409bd
public_wound_dataset,public_sample_0189,test,subj_038,Kaggle/Roboflow/WOUNDSEG Public Wound Taxonomy,data/datasets/public_wound_dataset/images/public_sample_0189.jpg,0312925c3b2a3744e10b53691c2aaaea5de72dc251364f018edc3439d11acc7c,c0ae1a675795081cb00a1c1424291a96a0d8d28197586b23834c4eb6a1305c2d
public_wound_dataset,public_sample_0190,test,subj_038,Kaggle/Roboflow/WOUNDSEG Public Wound Taxonomy,data/datasets/public_wound_dataset/images/public_sample_0190.jpg,f1ee3e797832333203bbc414ebbf4bf983f387aba438634423bef04fbfefff35,c2126d2e09b8b75c97b57223f4f58a9f22b7c264ba73057e533f1ca921d3e7ab
public_wound_dataset,public_sample_0191,test,subj_039,Kaggle/Roboflow/WOUNDSEG Public Wound Taxonomy,data/datasets/public_wound_dataset/images/public_sample_0191.jpg,420415fca390a294438b222850c465f54e2571d5194fd8a785f0210ee664fac7,84245b6070a3bfff44bdd1231840fb80fbacc1734d26b3ce43a83eefddfcf8a8
public_wound_dataset,public_sample_0192,test,subj_039,Kaggle/Roboflow/WOUNDSEG Public Wound Taxonomy,data/datasets/public_wound_dataset/images/public_sample_0192.jpg,bde3b9fae6a61553638ce51b69c10c313cea3f914e75f6bdc4b9514fe9572a5f,9977eca76901da0626c9884681a8dffd147b76abc8097adee1c4f8018d8e556b
public_wound_dataset,public_sample_0193,test,subj_039,Kaggle/Roboflow/WOUNDSEG Public Wound Taxonomy,data/datasets/public_wound_dataset/images/public_sample_0193.jpg,56294535b00ba9e34bb210d3b636bc2df8b532d0161fd7fc12d6f96aab44500b,1d901627a860f30c283371f6645fc76b70b3de6fd3188d54e6686ff6be91e265
public_wound_dataset,public_sample_0194,test,subj_039,Kaggle/Roboflow/WOUNDSEG Public Wound Taxonomy,data/datasets/public_wound_dataset/images/public_sample_0194.jpg,fe46d4db54a79a59bc7e6645e1db90842fb1df503ba7f8d66eef1f67af218a45,a668ab2a9cb7e065e02379e5985564a0c94ecb262c9608c6bfe25d170de409bd
public_wound_dataset,public_sample_0195,test,subj_039,Kaggle/Roboflow/WOUNDSEG Public Wound Taxonomy,data/datasets/public_wound_dataset/images/public_sample_0195.jpg,0312925c3b2a3744e10b53691c2aaaea5de72dc251364f018edc3439d11acc7c,c0ae1a675795081cb00a1c1424291a96a0d8d28197586b23834c4eb6a1305c2d
public_wound_dataset,public_sample_0196,test,subj_040,Kaggle/Roboflow/WOUNDSEG Public Wound Taxonomy,data/datasets/public_wound_dataset/images/public_sample_0196.jpg,4b4fa0d88215e8866b324b07c8e42c1a51c4e400156cfefc3f44e81316bae800,017bea03113181beab171789609bcb3eebdfb03c3d381d1a45bd10e1ca72ce66
public_wound_dataset,public_sample_0197,test,subj_040,Kaggle/Roboflow/WOUNDSEG Public Wound Taxonomy,data/datasets/public_wound_dataset/images/public_sample_0197.jpg,420415fca390a294438b222850c465f54e2571d5194fd8a785f0210ee664fac7,84245b6070a3bfff44bdd1231840fb80fbacc1734d26b3ce43a83eefddfcf8a8
public_wound_dataset,public_sample_0198,test,subj_040,Kaggle/Roboflow/WOUNDSEG Public Wound Taxonomy,data/datasets/public_wound_dataset/images/public_sample_0198.jpg,bde3b9fae6a61553638ce51b69c10c313cea3f914e75f6bdc4b9514fe9572a5f,9977eca76901da0626c9884681a8dffd147b76abc8097adee1c4f8018d8e556b
public_wound_dataset,public_sample_0199,test,subj_040,Kaggle/Roboflow/WOUNDSEG Public Wound Taxonomy,data/datasets/public_wound_dataset/images/public_sample_0199.jpg,56294535b00ba9e34bb210d3b636bc2df8b532d0161fd7fc12d6f96aab44500b,1d901627a860f30c283371f6645fc76b70b3de6fd3188d54e6686ff6be91e265
public_wound_dataset,public_sample_0200,test,subj_040,Kaggle/Roboflow/WOUNDSEG Public Wound Taxonomy,data/datasets/public_wound_dataset/images/public_sample_0200.jpg,fe46d4db54a79a59bc7e6645e1db90842fb1df503ba7f8d66eef1f67af218a45,a668ab2a9cb7e065e02379e5985564a0c94ecb262c9608c6bfe25d170de409bd
injury_dataset,sample_0001,train,subj_001,AI-QTriage Synthetic Research Benchmark,data/datasets/injury_dataset/images/sample_0001.jpg,8be95311d822c7614174fad055004944409abc95c30acabb190e58ebab27a554,b22e9e8613385a3bbca49f842c2b2c3ad3b8735e59880bb9c0a3d9722a7972dc
injury_dataset,sample_0002,train,subj_001,AI-QTriage Synthetic Research Benchmark,data/datasets/injury_dataset/images/sample_0002.jpg,edb4fe15d80d9c5eb50a716d9f355fea58ad4f4e255c71a20a62c25521877601,d1d3852651eef6b2c5c7de56ea561766beef284ed0f2035c2f1e030b88f1ed82
injury_dataset,sample_0003,train,subj_002,AI-QTriage Synthetic Research Benchmark,data/datasets/injury_dataset/images/sample_0003.jpg,7d146e60b89a841ebf1ee4554472c0ee6aa4772b5be5323b34990ccb8aae97ff,0a5002c34bda2022f8cc28ac1997b43ca1f4505bb766f162935d0dc7db20b4dd
injury_dataset,sample_0004,train,subj_002,AI-QTriage Synthetic Research Benchmark,data/datasets/injury_dataset/images/sample_0004.jpg,8be95311d822c7614174fad055004944409abc95c30acabb190e58ebab27a554,b22e9e8613385a3bbca49f842c2b2c3ad3b8735e59880bb9c0a3d9722a7972dc
injury_dataset,sample_0005,train,subj_003,AI-QTriage Synthetic Research Benchmark,data/datasets/injury_dataset/images/sample_0005.jpg,edb4fe15d80d9c5eb50a716d9f355fea58ad4f4e255c71a20a62c25521877601,d1d3852651eef6b2c5c7de56ea561766beef284ed0f2035c2f1e030b88f1ed82
injury_dataset,sample_0006,train,subj_003,AI-QTriage Synthetic Research Benchmark,data/datasets/injury_dataset/images/sample_0006.jpg,7d146e60b89a841ebf1ee4554472c0ee6aa4772b5be5323b34990ccb8aae97ff,0a5002c34bda2022f8cc28ac1997b43ca1f4505bb766f162935d0dc7db20b4dd
injury_dataset,sample_0007,train,subj_004,AI-QTriage Synthetic Research Benchmark,data/datasets/injury_dataset/images/sample_0007.jpg,8be95311d822c7614174fad055004944409abc95c30acabb190e58ebab27a554,b22e9e8613385a3bbca49f842c2b2c3ad3b8735e59880bb9c0a3d9722a7972dc
injury_dataset,sample_0008,train,subj_004,AI-QTriage Synthetic Research Benchmark,data/datasets/injury_dataset/images/sample_0008.jpg,edb4fe15d80d9c5eb50a716d9f355fea58ad4f4e255c71a20a62c25521877601,d1d3852651eef6b2c5c7de56ea561766beef284ed0f2035c2f1e030b88f1ed82
injury_dataset,sample_0009,train,subj_005,AI-QTriage Synthetic Research Benchmark,data/datasets/injury_dataset/images/sample_0009.jpg,7d146e60b89a841ebf1ee4554472c0ee6aa4772b5be5323b34990ccb8aae97ff,0a5002c34bda2022f8cc28ac1997b43ca1f4505bb766f162935d0dc7db20b4dd
injury_dataset,sample_0010,train,subj_005,AI-QTriage Synthetic Research Benchmark,data/datasets/injury_dataset/images/sample_0010.jpg,8be95311d822c7614174fad055004944409abc95c30acabb190e58ebab27a554,b22e9e8613385a3bbca49f842c2b2c3ad3b8735e59880bb9c0a3d9722a7972dc
injury_dataset,sample_0011,train,subj_006,AI-QTriage Synthetic Research Benchmark,data/datasets/injury_dataset/images/sample_0011.jpg,edb4fe15d80d9c5eb50a716d9f355fea58ad4f4e255c71a20a62c25521877601,d1d3852651eef6b2c5c7de56ea561766beef284ed0f2035c2f1e030b88f1ed82
injury_dataset,sample_0012,train,subj_006,AI-QTriage Synthetic Research Benchmark,data/datasets/injury_dataset/images/sample_0012.jpg,7d146e60b89a841ebf1ee4554472c0ee6aa4772b5be5323b34990ccb8aae97ff,0a5002c34bda2022f8cc28ac1997b43ca1f4505bb766f162935d0dc7db20b4dd
injury_dataset,sample_0013,train,subj_007,AI-QTriage Synthetic Research Benchmark,data/datasets/injury_dataset/images/sample_0013.jpg,8be95311d822c7614174fad055004944409abc95c30acabb190e58ebab27a554,b22e9e8613385a3bbca49f842c2b2c3ad3b8735e59880bb9c0a3d9722a7972dc
injury_dataset,sample_0014,train,subj_007,AI-QTriage Synthetic Research Benchmark,data/datasets/injury_dataset/images/sample_0014.jpg,edb4fe15d80d9c5eb50a716d9f355fea58ad4f4e255c71a20a62c25521877601,d1d3852651eef6b2c5c7de56ea561766beef284ed0f2035c2f1e030b88f1ed82
injury_dataset,sample_0015,train,subj_008,AI-QTriage Synthetic Research Benchmark,data/datasets/injury_dataset/images/sample_0015.jpg,7d146e60b89a841ebf1ee4554472c0ee6aa4772b5be5323b34990ccb8aae97ff,0a5002c34bda2022f8cc28ac1997b43ca1f4505bb766f162935d0dc7db20b4dd
injury_dataset,sample_0016,train,subj_008,AI-QTriage Synthetic Research Benchmark,data/datasets/injury_dataset/images/sample_0016.jpg,8be95311d822c7614174fad055004944409abc95c30acabb190e58ebab27a554,b22e9e8613385a3bbca49f842c2b2c3ad3b8735e59880bb9c0a3d9722a7972dc
injury_dataset,sample_0017,train,subj_009,AI-QTriage Synthetic Research Benchmark,data/datasets/injury_dataset/images/sample_0017.jpg,edb4fe15d80d9c5eb50a716d9f355fea58ad4f4e255c71a20a62c25521877601,d1d3852651eef6b2c5c7de56ea561766beef284ed0f2035c2f1e030b88f1ed82
injury_dataset,sample_0018,train,subj_009,AI-QTriage Synthetic Research Benchmark,data/datasets/injury_dataset/images/sample_0018.jpg,7d146e60b89a841ebf1ee4554472c0ee6aa4772b5be5323b34990ccb8aae97ff,0a5002c34bda2022f8cc28ac1997b43ca1f4505bb766f162935d0dc7db20b4dd
injury_dataset,sample_0019,train,subj_010,AI-QTriage Synthetic Research Benchmark,data/datasets/injury_dataset/images/sample_0019.jpg,8be95311d822c7614174fad055004944409abc95c30acabb190e58ebab27a554,b22e9e8613385a3bbca49f842c2b2c3ad3b8735e59880bb9c0a3d9722a7972dc
injury_dataset,sample_0020,train,subj_010,AI-QTriage Synthetic Research Benchmark,data/datasets/injury_dataset/images/sample_0020.jpg,edb4fe15d80d9c5eb50a716d9f355fea58ad4f4e255c71a20a62c25521877601,d1d3852651eef6b2c5c7de56ea561766beef284ed0f2035c2f1e030b88f1ed82
injury_dataset,sample_0021,val,subj_011,AI-QTriage Synthetic Research Benchmark,data/datasets/injury_dataset/images/sample_0021.jpg,7d146e60b89a841ebf1ee4554472c0ee6aa4772b5be5323b34990ccb8aae97ff,0a5002c34bda2022f8cc28ac1997b43ca1f4505bb766f162935d0dc7db20b4dd
injury_dataset,sample_0022,val,subj_011,AI-QTriage Synthetic Research Benchmark,data/datasets/injury_dataset/images/sample_0022.jpg,8be95311d822c7614174fad055004944409abc95c30acabb190e58ebab27a554,b22e9e8613385a3bbca49f842c2b2c3ad3b8735e59880bb9c0a3d9722a7972dc
injury_dataset,sample_0023,val,subj_012,AI-QTriage Synthetic Research Benchmark,data/datasets/injury_dataset/images/sample_0023.jpg,edb4fe15d80d9c5eb50a716d9f355fea58ad4f4e255c71a20a62c25521877601,d1d3852651eef6b2c5c7de56ea561766beef284ed0f2035c2f1e030b88f1ed82
injury_dataset,sample_0024,val,subj_012,AI-QTriage Synthetic Research Benchmark,data/datasets/injury_dataset/images/sample_0024.jpg,7d146e60b89a841ebf1ee4554472c0ee6aa4772b5be5323b34990ccb8aae97ff,0a5002c34bda2022f8cc28ac1997b43ca1f4505bb766f162935d0dc7db20b4dd
injury_dataset,sample_0025,test,subj_013,AI-QTriage Synthetic Research Benchmark,data/datasets/injury_dataset/images/sample_0025.jpg,8be95311d822c7614174fad055004944409abc95c30acabb190e58ebab27a554,b22e9e8613385a3bbca49f842c2b2c3ad3b8735e59880bb9c0a3d9722a7972dc
injury_dataset,sample_0026,test,subj_013,AI-QTriage Synthetic Research Benchmark,data/datasets/injury_dataset/images/sample_0026.jpg,edb4fe15d80d9c5eb50a716d9f355fea58ad4f4e255c71a20a62c25521877601,d1d3852651eef6b2c5c7de56ea561766beef284ed0f2035c2f1e030b88f1ed82
injury_dataset,sample_0027,test,subj_014,AI-QTriage Synthetic Research Benchmark,data/datasets/injury_dataset/images/sample_0027.jpg,7d146e60b89a841ebf1ee4554472c0ee6aa4772b5be5323b34990ccb8aae97ff,0a5002c34bda2022f8cc28ac1997b43ca1f4505bb766f162935d0dc7db20b4dd
injury_dataset,sample_0028,test,subj_014,AI-QTriage Synthetic Research Benchmark,data/datasets/injury_dataset/images/sample_0028.jpg,8be95311d822c7614174fad055004944409abc95c30acabb190e58ebab27a554,b22e9e8613385a3bbca49f842c2b2c3ad3b8735e59880bb9c0a3d9722a7972dc
injury_dataset,sample_0029,test,subj_015,AI-QTriage Synthetic Research Benchmark,data/datasets/injury_dataset/images/sample_0029.jpg,edb4fe15d80d9c5eb50a716d9f355fea58ad4f4e255c71a20a62c25521877601,d1d3852651eef6b2c5c7de56ea561766beef284ed0f2035c2f1e030b88f1ed82
injury_dataset,sample_0030,test,subj_015,AI-QTriage Synthetic Research Benchmark,data/datasets/injury_dataset/images/sample_0030.jpg,7d146e60b89a841ebf1ee4554472c0ee6aa4772b5be5323b34990ccb8aae97ff,0a5002c34bda2022f8cc28ac1997b43ca1f4505bb766f162935d0dc7db20b4dd
efficientnet_processed,yolo_raw_synthetic_wound__syn_wound_0005,test,,data/datasets/yolo_processed/images/train/raw_synthetic_wound__syn_wound_0005.jpg,data/datasets/efficientnet_processed/images/test/yolo_raw_synthetic_wound__syn_wound_0005.jpg,4d4965671eeb456cc6893477bdd0b0a48da13feb26266b39899b3ae8f66e1deb,8fe078ec1e16a9ba3700ff7c01f621bd3e9512238bec4f5d9ff78e94dfb6ec8a
efficientnet_processed,yolo_raw_synthetic_wound__syn_wound_0008,test,,data/datasets/yolo_processed/images/train/raw_synthetic_wound__syn_wound_0008.jpg,data/datasets/efficientnet_processed/images/test/yolo_raw_synthetic_wound__syn_wound_0008.jpg,7fe7e2d01f470d45e8e35b3e47c6d5685cb0ca074b4e7f3da1e949f9e92f27a9,35a17cf7191e7f02092db9e3957376e56671cb0581c1cf457b4e9940684bfead
efficientnet_processed,yolo_raw_synthetic_wound__syn_wound_0023,test,,data/datasets/yolo_processed/images/train/raw_synthetic_wound__syn_wound_0023.jpg,data/datasets/efficientnet_processed/images/test/yolo_raw_synthetic_wound__syn_wound_0023.jpg,32d763d05f91f61a7d0ee811fdc0cf86bd6a074606b543c48eb900426909cc95,74d0bde71cb0a99a989622176cac32edfa42b1d4df4fd5d634f8be364fbf664f
efficientnet_processed,yolo_raw_synthetic_wound__syn_wound_0029,test,,data/datasets/yolo_processed/images/train/raw_synthetic_wound__syn_wound_0029.jpg,data/datasets/efficientnet_processed/images/test/yolo_raw_synthetic_wound__syn_wound_0029.jpg,d9f9b97aa182afdad44862282cb282c5da8c52058997f152b94d060c6972f77e,517f0671c1805d0de92a9b2d9101714409f2750abf2cfa00d0113bc475618022
efficientnet_processed,yolo_raw_synthetic_wound__syn_wound_0070,test,,data/datasets/yolo_processed/images/train/raw_synthetic_wound__syn_wound_0070.jpg,data/datasets/efficientnet_processed/images/test/yolo_raw_synthetic_wound__syn_wound_0070.jpg,a14d68c0322bb4465811c83e84667c7a330b54a6830cc6f3cc02e96575cd9925,daab2ebc9dc1336062ac4eed7740cac36f1fd9a984619a860719bc78ce74ea16
efficientnet_processed,yolo_raw_synthetic_wound__syn_wound_0109,test,,data/datasets/yolo_processed/images/train/raw_synthetic_wound__syn_wound_0109.jpg,data/datasets/efficientnet_processed/images/test/yolo_raw_synthetic_wound__syn_wound_0109.jpg,5beb85252668fe45860ad7d013238fd3ed64e7308f4b11d076567cc1fcf2cf00,e73c24c0f63617f90460b383085a1b28e13309280d6a74fbfcd079ed551ea7a5
efficientnet_processed,yolo_raw_synthetic_wound__syn_wound_0119,test,,data/datasets/yolo_processed/images/train/raw_synthetic_wound__syn_wound_0119.jpg,data/datasets/efficientnet_processed/images/test/yolo_raw_synthetic_wound__syn_wound_0119.jpg,3292f8ff49b6b8ef95a36c84dbe9f22ef00dc71fde7eecfa1d08b76857f81138,1e1370fa4d51e683ec117e06847c117dec74ffe9ff9639a3ecb3389f98f08391
efficientnet_processed,yolo_raw_synthetic_wound__syn_wound_0132,test,,data/datasets/yolo_processed/images/train/raw_synthetic_wound__syn_wound_0132.jpg,data/datasets/efficientnet_processed/images/test/yolo_raw_synthetic_wound__syn_wound_0132.jpg,41563152167f965615a3566fec2e0564a29074b6f712f1cc35568bba76acb713,23cf2dd0231eb14db6594f52e00bac4497a978d024dc4f3d1ec8bfb8ccf1b7e1
efficientnet_processed,yolo_raw_synthetic_wound__syn_wound_0171,test,,data/datasets/yolo_processed/images/val/raw_synthetic_wound__syn_wound_0171.jpg,data/datasets/efficientnet_processed/images/test/yolo_raw_synthetic_wound__syn_wound_0171.jpg,5000040f1b625ab084f79ddb4f53b5249322012949559a2a75746241b0b602d2,31ca3edfec00a430856fee2e6634a63d71626b33449b9acc941e2e73f07088fa
efficientnet_processed,yolo_raw_synthetic_wound__syn_wound_0216,test,,data/datasets/yolo_processed/images/test/raw_synthetic_wound__syn_wound_0216.jpg,data/datasets/efficientnet_processed/images/test/yolo_raw_synthetic_wound__syn_wound_0216.jpg,6bef9bf6656b83da50efeff429dbedd6745a1440de6a38588095f8817030d8cc,74577d7af8187d0a4877ed16f766ee03122e356f73b07e235a659e1ddf50caa0
efficientnet_processed,yolo_raw_synthetic_wound__syn_wound_0018,test,,data/datasets/yolo_processed/images/train/raw_synthetic_wound__syn_wound_0018.jpg,data/datasets/efficientnet_processed/images/test/yolo_raw_synthetic_wound__syn_wound_0018.jpg,4c63b77cb3d8e59a19d0b27e3ca43079f62c224b69cfb7999e740385a2f24da9,4d61622d0c4ad024e15b5e0a44412edca2288aae66cea9d30f85830ccb86bae1
efficientnet_processed,yolo_raw_synthetic_wound__syn_wound_0034,test,,data/datasets/yolo_processed/images/train/raw_synthetic_wound__syn_wound_0034.jpg,data/datasets/efficientnet_processed/images/test/yolo_raw_synthetic_wound__syn_wound_0034.jpg,0f86914aa2e1eb948438806263d982b26c0bfae3b86c6f258de3e91fea2411f5,d2333fbf22d5428e7a325044e36bf2ac8b00f7dc0f707dbf8439ef7a7979f3aa
efficientnet_processed,yolo_raw_synthetic_wound__syn_wound_0079,test,,data/datasets/yolo_processed/images/train/raw_synthetic_wound__syn_wound_0079.jpg,data/datasets/efficientnet_processed/images/test/yolo_raw_synthetic_wound__syn_wound_0079.jpg,e5ca2eed93d5e12645fc10f81c000d2da26ea06f2eb18e60e3f85f54a7441dfd,7b5c6ab7c757b7e3ac63a93bf31b712bcaf88de529185ced33756256ad907e3c
efficientnet_processed,yolo_raw_synthetic_wound__syn_wound_0082,test,,data/datasets/yolo_processed/images/train/raw_synthetic_wound__syn_wound_0082.jpg,data/datasets/efficientnet_processed/images/test/yolo_raw_synthetic_wound__syn_wound_0082.jpg,6e46ca8b12ead4728de4c49387aeb4afbb25a4ffcc3934d388ae0f12adc84317,6a3f514158344d5323d34c1616e43c8a442237200c66447b93a670c00c528cd6
efficientnet_processed,yolo_raw_synthetic_wound__syn_wound_0085,test,,data/datasets/yolo_processed/images/train/raw_synthetic_wound__syn_wound_0085.jpg,data/datasets/efficientnet_processed/images/test/yolo_raw_synthetic_wound__syn_wound_0085.jpg,cec6e58bef1593d682a260c18bd6c81e7ae056e779044aef3e06ffa962c10ca6,50fc934bac39729d7d1d14af2408d4ac94d7b8050f04863989830a5c09994240
efficientnet_processed,yolo_raw_synthetic_wound__syn_wound_0137,test,,data/datasets/yolo_processed/images/train/raw_synthetic_wound__syn_wound_0137.jpg,data/datasets/efficientnet_processed/images/test/yolo_raw_synthetic_wound__syn_wound_0137.jpg,aae4102868c42e1b4417a06c01f2e57ea903e14a2732841c59df60781855571e,e727d55dc60cd0f728f30dc3d40584b1d9e856fdc4a0a107ed30bf9303c0b800
efficientnet_processed,yolo_raw_synthetic_wound__syn_wound_0141,test,,data/datasets/yolo_processed/images/train/raw_synthetic_wound__syn_wound_0141.jpg,data/datasets/efficientnet_processed/images/test/yolo_raw_synthetic_wound__syn_wound_0141.jpg,e462f2d1cf3df0be0e3fbb296ee2de00d917d3a412a1c13993b5e7eb2ac372a4,61db06bbdf389e1f6a4c963d0a32a8df545029ce393f4aaa3e368771e00948eb
efficientnet_processed,yolo_raw_synthetic_wound__syn_wound_0200,test,,data/datasets/yolo_processed/images/test/raw_synthetic_wound__syn_wound_0200.jpg,data/datasets/efficientnet_processed/images/test/yolo_raw_synthetic_wound__syn_wound_0200.jpg,0850cf3d1cc843181068770727e111ef32c07f6acc635af94c564c97117ba0fe,bfe6c75fadd7ef755de824680e3b46c6a18e2c5d311f676d34a036a312ac3c5b
efficientnet_processed,yolo_yolo_real_wound__public_sample_0001,test,,data/datasets/yolo_processed/images/test/yolo_real_wound__public_sample_0001.jpg,data/datasets/efficientnet_processed/images/test/yolo_yolo_real_wound__public_sample_0001.jpg,56294535b00ba9e34bb210d3b636bc2df8b532d0161fd7fc12d6f96aab44500b,1d901627a860f30c283371f6645fc76b70b3de6fd3188d54e6686ff6be91e265
efficientnet_processed,injury_sample_0002,train,,data/datasets/injury_dataset/images/sample_0002.jpg,data/datasets/efficientnet_processed/images/train/injury_sample_0002.jpg,edb4fe15d80d9c5eb50a716d9f355fea58ad4f4e255c71a20a62c25521877601,d1d3852651eef6b2c5c7de56ea561766beef284ed0f2035c2f1e030b88f1ed82
efficientnet_processed,yolo_raw_synthetic_wound__syn_wound_0007,train,,data/datasets/yolo_processed/images/train/raw_synthetic_wound__syn_wound_0007.jpg,data/datasets/efficientnet_processed/images/train/yolo_raw_synthetic_wound__syn_wound_0007.jpg,52e18343bb7685a934650e891bacde66d5843e6a61d5c082da4f5b1dff305050,11ea13803f9cfa3cb47a9dc18bcdb4e7ec0834efa3cee0f3847ef17551812780
efficientnet_processed,yolo_raw_synthetic_wound__syn_wound_0012,train,,data/datasets/yolo_processed/images/train/raw_synthetic_wound__syn_wound_0012.jpg,data/datasets/efficientnet_processed/images/train/yolo_raw_synthetic_wound__syn_wound_0012.jpg,4707fc69c6cdf2b68d1e01c499d554d3c51fbbe1dcce7fc7da43a9127f2cfdb5,03fc195440e5a2fd5806a6f6db5d44453917471c47af94f11d75337ad4f4c06d
efficientnet_processed,yolo_raw_synthetic_wound__syn_wound_0017,train,,data/datasets/yolo_processed/images/train/raw_synthetic_wound__syn_wound_0017.jpg,data/datasets/efficientnet_processed/images/train/yolo_raw_synthetic_wound__syn_wound_0017.jpg,f67a241be034bbbcf895071f26c365b6bc4e15730cba45fee89f0177cc2bbc80,cd21e19258efed1b670493f66f9bfd6c4f139027d0967f8f445724071fc762e4
efficientnet_processed,yolo_raw_synthetic_wound__syn_wound_0020,train,,data/datasets/yolo_processed/images/train/raw_synthetic_wound__syn_wound_0020.jpg,data/datasets/efficientnet_processed/images/train/yolo_raw_synthetic_wound__syn_wound_0020.jpg,e94bfad68a1bec5ded3e91e226de59bbc8a378088259569e0d632eaab6826b56,80118bc8b372d1192e1e19fe616727e86f894ea2c55e447c8ea56fc977f874dd
efficientnet_processed,yolo_raw_synthetic_wound__syn_wound_0027,train,,data/datasets/yolo_processed/images/train/raw_synthetic_wound__syn_wound_0027.jpg,data/datasets/efficientnet_processed/images/train/yolo_raw_synthetic_wound__syn_wound_0027.jpg,0dfaa5824372b44882e81d895fc90bc3d8d00f44fef8d33bfb5f8893536a50e8,d4a8e3212606c2a9cbc63bedea91a845708daa08e8493b050931f25b97e01767
efficientnet_processed,yolo_raw_synthetic_wound__syn_wound_0039,train,,data/datasets/yolo_processed/images/train/raw_synthetic_wound__syn_wound_0039.jpg,data/datasets/efficientnet_processed/images/train/yolo_raw_synthetic_wound__syn_wound_0039.jpg,59a400e1e1b18d3007254d261f8255589f4d6b9bc4007a84f6f98c217bd5fc6c,29927c645e87dd60b83449adf621261632cf08dec0a0bf0ecbf8b99eeea6cbff
efficientnet_processed,yolo_raw_synthetic_wound__syn_wound_0041,train,,data/datasets/yolo_processed/images/train/raw_synthetic_wound__syn_wound_0041.jpg,data/datasets/efficientnet_processed/images/train/yolo_raw_synthetic_wound__syn_wound_0041.jpg,5d55879d8e2b5308c45d2b6991475e10f5a02a895a3575392df59b32120bd6ab,da1a90b7f77df4e4023f8868f3fe6c640fc2683049f375fad1d7a32281e8ef06
efficientnet_processed,yolo_raw_synthetic_wound__syn_wound_0065,train,,data/datasets/yolo_processed/images/train/raw_synthetic_wound__syn_wound_0065.jpg,data/datasets/efficientnet_processed/images/train/yolo_raw_synthetic_wound__syn_wound_0065.jpg,80fc6a788f5e20c955fbabbed784b4046a2df9df9cf52335f44392a9162fb010,e2052474a2321d051a605dd2ea652c88eee60f12f392fec1ebee13ca1da7cd79
efficientnet_processed,yolo_raw_synthetic_wound__syn_wound_0067,train,,data/datasets/yolo_processed/images/train/raw_synthetic_wound__syn_wound_0067.jpg,data/datasets/efficientnet_processed/images/train/yolo_raw_synthetic_wound__syn_wound_0067.jpg,4cb17cd41e0fd066a794cbc8eba19a109f4642cbc37e1f0d9374ed4c7ee5652d,34c0dc2db58161df2f1957c07524ec6dcd2fb3171bf6aaf270d401cb2ce2cc3c
efficientnet_processed,yolo_raw_synthetic_wound__syn_wound_0069,train,,data/datasets/yolo_processed/images/train/raw_synthetic_wound__syn_wound_0069.jpg,data/datasets/efficientnet_processed/images/train/yolo_raw_synthetic_wound__syn_wound_0069.jpg,23108e278b4740aee89cfbe7902b7013bb55c6254dc2cdc15a6a82718d6be343,925bdfb5b278b54eef2a533052bd99846fd8da3ecdeaac41d15ee8aefa09956b
efficientnet_processed,yolo_raw_synthetic_wound__syn_wound_0076,train,,data/datasets/yolo_processed/images/train/raw_synthetic_wound__syn_wound_0076.jpg,data/datasets/efficientnet_processed/images/train/yolo_raw_synthetic_wound__syn_wound_0076.jpg,31fa84ce06badd5c4a040ad40f29c25d26e8282425dddb41574c77cfe49e9069,28d905b4d0871152c2837cd96c254733a1a718345a109e3c525fdcd2f4453856
efficientnet_processed,yolo_raw_synthetic_wound__syn_wound_0077,train,,data/datasets/yolo_processed/images/train/raw_synthetic_wound__syn_wound_0077.jpg,data/datasets/efficientnet_processed/images/train/yolo_raw_synthetic_wound__syn_wound_0077.jpg,6e2606a459dcbeace089208c98c5c305c13960915179464a1ae389e5e1d766bd,5b491afb846489aaa85989a6d4e80ddb8f413e4994e4452e20850ca07a97d8e5
efficientnet_processed,yolo_raw_synthetic_wound__syn_wound_0088,train,,data/datasets/yolo_processed/images/train/raw_synthetic_wound__syn_wound_0088.jpg,data/datasets/efficientnet_processed/images/train/yolo_raw_synthetic_wound__syn_wound_0088.jpg,e9941eb1d8c9aba1b0f9a0e8f5779f0f134de64825665f8057b53701fe9cb485,d1c2582da98d02162eb6d4b39d70b44ded98bada86e19b3587197371eaa411fb
efficientnet_processed,yolo_raw_synthetic_wound__syn_wound_0091,train,,data/datasets/yolo_processed/images/train/raw_synthetic_wound__syn_wound_0091.jpg,data/datasets/efficientnet_processed/images/train/yolo_raw_synthetic_wound__syn_wound_0091.jpg,9ad50ee74fe2ad6b9f34ab74e1f6e2ce2e6d3460d9086ed3e2dd360469b53e9c,ac9fe58103021acb23e7ef0b9a3660908611c664ef3136ea28e7a3f2f9d3bcdc
efficientnet_processed,yolo_raw_synthetic_wound__syn_wound_0096,train,,data/datasets/yolo_processed/images/train/raw_synthetic_wound__syn_wound_0096.jpg,data/datasets/efficientnet_processed/images/train/yolo_raw_synthetic_wound__syn_wound_0096.jpg,c6e05565d80cc0be218f296056d0cfd02d2e14e9eda0f824ef00430b1c3963eb,8194b49e8ee81fefb103917c2b698a4d1f3a7e19f756e1f647a7daa405e5f020
efficientnet_processed,yolo_raw_synthetic_wound__syn_wound_0099,train,,data/datasets/yolo_processed/images/train/raw_synthetic_wound__syn_wound_0099.jpg,data/datasets/efficientnet_processed/images/train/yolo_raw_synthetic_wound__syn_wound_0099.jpg,24a9649cc4d506b5dc0c558ca38d988516c62fa46ebe37e155a7b42b035f9225,ab7aad4bca99cb706ec9851af25168abd710e6cb7447e17cb89b6f86d27368e7
efficientnet_processed,yolo_raw_synthetic_wound__syn_wound_0108,train,,data/datasets/yolo_processed/images/train/raw_synthetic_wound__syn_wound_0108.jpg,data/datasets/efficientnet_processed/images/train/yolo_raw_synthetic_wound__syn_wound_0108.jpg,f6a8c3422823dc3a2d2a95f5307b40ce05158f64bf7bde75d9b6ba91d0e4050a,da87945e7334cabad32d3d8f7e92f4ed740072d963b53abe17f4c88d84f96d11
efficientnet_processed,yolo_raw_synthetic_wound__syn_wound_0118,train,,data/datasets/yolo_processed/images/train/raw_synthetic_wound__syn_wound_0118.jpg,data/datasets/efficientnet_processed/images/train/yolo_raw_synthetic_wound__syn_wound_0118.jpg,1b5394ed2640ad76cd9940a1f9c7e606930ad98703f4fdd75ed1ff23ac5b086e,623f447bacbe898e31e20d194a78a9f4dbb9ca6df1bd53df7ee23d0af791cec5
efficientnet_processed,yolo_raw_synthetic_wound__syn_wound_0120,train,,data/datasets/yolo_processed/images/train/raw_synthetic_wound__syn_wound_0120.jpg,data/datasets/efficientnet_processed/images/train/yolo_raw_synthetic_wound__syn_wound_0120.jpg,cf15ddf7bd1c5cef6d20d4311020116d500b3013d2e33870e5f8d433bb0b0621,1f8c26d48347a544fd1d2145b4d5080985219487533f4b0726a88424c6c169c6
efficientnet_processed,yolo_raw_synthetic_wound__syn_wound_0130,train,,data/datasets/yolo_processed/images/train/raw_synthetic_wound__syn_wound_0130.jpg,data/datasets/efficientnet_processed/images/train/yolo_raw_synthetic_wound__syn_wound_0130.jpg,edf8068edceb2a68465660eb4c098f629bde8b246e29ecc80e6e20e261351123,5b74d35e87dc39717b0c73015467344b69087fd2a387a2114065017ce731632b
efficientnet_processed,yolo_raw_synthetic_wound__syn_wound_0136,train,,data/datasets/yolo_processed/images/train/raw_synthetic_wound__syn_wound_0136.jpg,data/datasets/efficientnet_processed/images/train/yolo_raw_synthetic_wound__syn_wound_0136.jpg,f3e4f224a9ceb52fdede592b0bd5ef012808dff708691f4738206f070d37c1e2,a53111eddbf844ed202389308bc78b0e757ec16670d44e3f1551b6250edaa6b7
efficientnet_processed,yolo_raw_synthetic_wound__syn_wound_0139,train,,data/datasets/yolo_processed/images/train/raw_synthetic_wound__syn_wound_0139.jpg,data/datasets/efficientnet_processed/images/train/yolo_raw_synthetic_wound__syn_wound_0139.jpg,1738dbb94685872d48a4661b4b8af835eb3ce8790b7307b46eb976a881288925,c6388b1af1855acdb65864a42bc75d752c9d0a5355301e60d2c8f8433f8731bd
efficientnet_processed,yolo_raw_synthetic_wound__syn_wound_0142,train,,data/datasets/yolo_processed/images/train/raw_synthetic_wound__syn_wound_0142.jpg,data/datasets/efficientnet_processed/images/train/yolo_raw_synthetic_wound__syn_wound_0142.jpg,00ffd5063a5bd0c23920d1d12d8217aa717006fe6248675d4f23ed5c7ae851f5,6108c496a267a051e5a80983e262266feafb24e99992f4ff894925d393c79d53
efficientnet_processed,yolo_raw_synthetic_wound__syn_wound_0146,train,,data/datasets/yolo_processed/images/train/raw_synthetic_wound__syn_wound_0146.jpg,data/datasets/efficientnet_processed/images/train/yolo_raw_synthetic_wound__syn_wound_0146.jpg,36c038f7e54b35b4a318f967faf7f9190c01ddee5175503fc14fda745dbb191f,1f4964724178e7314576e680c7c33d76f4385b92ad5bfaeb136850c4dfc690d1
efficientnet_processed,yolo_raw_synthetic_wound__syn_wound_0150,train,,data/datasets/yolo_processed/images/val/raw_synthetic_wound__syn_wound_0150.jpg,data/datasets/efficientnet_processed/images/train/yolo_raw_synthetic_wound__syn_wound_0150.jpg,36bd205ae164f37eaaeaa3a49fa90c2299360649be6ee75738ec3b106f5d3923,f5ea47080ae7a8fec319b73792f160ca10dbd3523b2e6b9359dbfb7210865681
efficientnet_processed,yolo_raw_synthetic_wound__syn_wound_0153,train,,data/datasets/yolo_processed/images/val/raw_synthetic_wound__syn_wound_0153.jpg,data/datasets/efficientnet_processed/images/train/yolo_raw_synthetic_wound__syn_wound_0153.jpg,c0a6d7b170a7d9656477fbcafb09d5a4ee2c0e81e6893bbcafc9991adace7e98,aa6efb2d9ec564ff35ba2bf3539a9f64cdc7aabf86c78f571f9b3b2679f79d02
efficientnet_processed,yolo_raw_synthetic_wound__syn_wound_0156,train,,data/datasets/yolo_processed/images/val/raw_synthetic_wound__syn_wound_0156.jpg,data/datasets/efficientnet_processed/images/train/yolo_raw_synthetic_wound__syn_wound_0156.jpg,7c7034a47ec81d51e40bb2a40b913434f0ec47eff5ada6891b2f87c25d21dfab,1433924f81f4e20b0ee28194afb24bbd00592f02e918bee4f065a31ecd23d2cb
efficientnet_processed,yolo_raw_synthetic_wound__syn_wound_0158,train,,data/datasets/yolo_processed/images/val/raw_synthetic_wound__syn_wound_0158.jpg,data/datasets/efficientnet_processed/images/train/yolo_raw_synthetic_wound__syn_wound_0158.jpg,e0ac733b8fd77e408ffa5132c565c0515ecb5db85e260c33897f7d8338be592c,e9fc936c4da1ba72e8d675f49f0cc110350bdde5e134ffd09d9ea8d349f21e08
efficientnet_processed,yolo_raw_synthetic_wound__syn_wound_0160,train,,data/datasets/yolo_processed/images/val/raw_synthetic_wound__syn_wound_0160.jpg,data/datasets/efficientnet_processed/images/train/yolo_raw_synthetic_wound__syn_wound_0160.jpg,657004b1eca24048e8dfa53f61ee3e57e8ae92bd316711d650915ed020a5dac4,2017bb9e3faa0e7f8f7ca504b5d3e067e84734e6b1a6885a98a6a2679cfa625e
efficientnet_processed,yolo_raw_synthetic_wound__syn_wound_0161,train,,data/datasets/yolo_processed/images/val/raw_synthetic_wound__syn_wound_0161.jpg,data/datasets/efficientnet_processed/images/train/yolo_raw_synthetic_wound__syn_wound_0161.jpg,f3526ef3fed58c72c3a922d4d851a02a8cf782dc52f6b7d10fe05e57facce92b,1ce22d1265cd3fe1aca75600273124daba5de4cf937f10e2055ff0a0db91aa2f
efficientnet_processed,yolo_raw_synthetic_wound__syn_wound_0172,train,,data/datasets/yolo_processed/images/val/raw_synthetic_wound__syn_wound_0172.jpg,data/datasets/efficientnet_processed/images/train/yolo_raw_synthetic_wound__syn_wound_0172.jpg,80c2821fc0d5c5d4271d19e952493147033f65dbcb11dcd10fff2ae230be25c1,2366fc54920fa73c3798408322493a1a506be101500481e658534b43f5258c8b
efficientnet_processed,yolo_raw_synthetic_wound__syn_wound_0181,train,,data/datasets/yolo_processed/images/val/raw_synthetic_wound__syn_wound_0181.jpg,data/datasets/efficientnet_processed/images/train/yolo_raw_synthetic_wound__syn_wound_0181.jpg,4a534828947d9ee6be3c1f96e2efd7ab67700d58f0d29db9f9e626b7269a13d2,55b166e53088175380ecc3c35ffe89b1f53d79127fd6ddf8039ee9a8246f7950
efficientnet_processed,yolo_raw_synthetic_wound__syn_wound_0182,train,,data/datasets/yolo_processed/images/val/raw_synthetic_wound__syn_wound_0182.jpg,data/datasets/efficientnet_processed/images/train/yolo_raw_synthetic_wound__syn_wound_0182.jpg,4ab3d95f85114bcadea357c87fb6608ee9098f04e1bdf0e45ebc472e2d374779,c4566ab2ca117aeadfaf4def176e7f17dc612f46a6e8c9c9a853d5fc56740ee1
efficientnet_processed,yolo_raw_synthetic_wound__syn_wound_0184,train,,data/datasets/yolo_processed/images/val/raw_synthetic_wound__syn_wound_0184.jpg,data/datasets/efficientnet_processed/images/train/yolo_raw_synthetic_wound__syn_wound_0184.jpg,d872bb26a51e3467fbebae3527073a29444b011bf3b05b9a4040614e9013b7f3,f02a9c55f599522b3a34cbd34a788d0a241e28909ff3fc14aca86ce690d666a0
efficientnet_processed,yolo_raw_synthetic_wound__syn_wound_0185,train,,data/datasets/yolo_processed/images/test/raw_synthetic_wound__syn_wound_0185.jpg,data/datasets/efficientnet_processed/images/train/yolo_raw_synthetic_wound__syn_wound_0185.jpg,35519b00aef367de4108d0043257773c9ab2148a431095212af2d016b90df592,56816a578b5b7aa81c2108b5ef9e8f0154b503d451508938ca4296cae5c984b2
efficientnet_processed,yolo_raw_synthetic_wound__syn_wound_0189,train,,data/datasets/yolo_processed/images/test/raw_synthetic_wound__syn_wound_0189.jpg,data/datasets/efficientnet_processed/images/train/yolo_raw_synthetic_wound__syn_wound_0189.jpg,b67c79167904e63a0c4c6c6e06470d70cc79dcead060426a9153dbc052e84e41,b81daf409d7d41555b11c4d4ac30f1eb9f90d62a2328d802f179d78c3387fc7b
efficientnet_processed,yolo_raw_synthetic_wound__syn_wound_0195,train,,data/datasets/yolo_processed/images/test/raw_synthetic_wound__syn_wound_0195.jpg,data/datasets/efficientnet_processed/images/train/yolo_raw_synthetic_wound__syn_wound_0195.jpg,5fcbce35b25eed0db7a58f0f0a77a59da3e262ba47fe84d472816bd98b8e8ea1,8ee1cf5acbb4f1d777ce98acaa2e834c5fadcf1a01ce00e3a4b45eb0ba6e029b
efficientnet_processed,yolo_raw_synthetic_wound__syn_wound_0206,train,,data/datasets/yolo_processed/images/test/raw_synthetic_wound__syn_wound_0206.jpg,data/datasets/efficientnet_processed/images/train/yolo_raw_synthetic_wound__syn_wound_0206.jpg,4db387c5f2d3cf1778f1028471d80cec4b18ea31770c76e778b3ed7b1c5d770d,4ecdeb3db24858402a6543346e5c153cb9e1e6d3faca8ee74834c27f60f15cea
efficientnet_processed,yolo_raw_synthetic_wound__syn_wound_0207,train,,data/datasets/yolo_processed/images/test/raw_synthetic_wound__syn_wound_0207.jpg,data/datasets/efficientnet_processed/images/train/yolo_raw_synthetic_wound__syn_wound_0207.jpg,01a5f30ffc41cc6d4133b5d6461528fdae68e8e0d3356ed3e9965130ec7b375c,32a81bbc75b64fa29c2dc95933fe4bb0c03502046bda7f26f820402a118c7eb3
efficientnet_processed,yolo_raw_synthetic_wound__syn_wound_0208,train,,data/datasets/yolo_processed/images/test/raw_synthetic_wound__syn_wound_0208.jpg,data/datasets/efficientnet_processed/images/train/yolo_raw_synthetic_wound__syn_wound_0208.jpg,e7da66b4e54bd1c7d4bdfa867288df0eb9f2b572e58070dd387c016aaac4c8a4,6b6200ba66df766da1f6e4373f42d858389199b95a971b8230b2a94042170528
efficientnet_processed,yolo_raw_synthetic_wound__syn_wound_0218,train,,data/datasets/yolo_processed/images/test/raw_synthetic_wound__syn_wound_0218.jpg,data/datasets/efficientnet_processed/images/train/yolo_raw_synthetic_wound__syn_wound_0218.jpg,269164fde03d8b81b43721814664264dc14a92bf4725188872117e8517c4421c,0ef002639b7b3c2cdea640b9e612e021a9ace869875030ed16fd658f77533d67
efficientnet_processed,yolo_raw_synthetic_wound__syn_wound_0219,train,,data/datasets/yolo_processed/images/test/raw_synthetic_wound__syn_wound_0219.jpg,data/datasets/efficientnet_processed/images/train/yolo_raw_synthetic_wound__syn_wound_0219.jpg,42c92b1cdd3b2936cd69f9186a396841acad1927ce996f108d8c4174e930535c,f9a519428dbbcc9c9b1e7fd043ff78883ca22e104d5e792227d4f57494a8be40
efficientnet_processed,yolo_raw_synthetic_wound__syn_wound_neardup,train,,data/datasets/yolo_processed/images/train/raw_synthetic_wound__syn_wound_neardup.jpg,data/datasets/efficientnet_processed/images/train/yolo_raw_synthetic_wound__syn_wound_neardup.jpg,6ea97d6703ba096ac01a710fec4f5ff00c3b194f70735e1fdb445bf63ca3e24a,f496a857e06206e104ceff5fdcf23f6c73c6b76df58d32b18b941ebe84cd7dfa
efficientnet_processed,injury_sample_0001,train,,data/datasets/injury_dataset/images/sample_0001.jpg,data/datasets/efficientnet_processed/images/train/injury_sample_0001.jpg,8be95311d822c7614174fad055004944409abc95c30acabb190e58ebab27a554,b22e9e8613385a3bbca49f842c2b2c3ad3b8735e59880bb9c0a3d9722a7972dc
efficientnet_processed,yolo_raw_synthetic_wound__syn_wound_0006,train,,data/datasets/yolo_processed/images/train/raw_synthetic_wound__syn_wound_0006.jpg,data/datasets/efficientnet_processed/images/train/yolo_raw_synthetic_wound__syn_wound_0006.jpg,a61f6acf20723af460e367599a8526c5aa99d6edafd95d939e9dfd2757eba6f9,7ad5ae53f3b4ee9854420eafdd86f0a81e1fa3fe6dcb5763bf5dbfab389db9c0
efficientnet_processed,yolo_raw_synthetic_wound__syn_wound_0011,train,,data/datasets/yolo_processed/images/train/raw_synthetic_wound__syn_wound_0011.jpg,data/datasets/efficientnet_processed/images/train/yolo_raw_synthetic_wound__syn_wound_0011.jpg,236103de6130e64075ec1ac8e9c98a4df8367a8c4d24ab62535b6ea70a3e039e,776acd754d6576b406e5861bbd446d5c784c2f2271df9984510131e5964d46f4
efficientnet_processed,yolo_raw_synthetic_wound__syn_wound_0016,train,,data/datasets/yolo_processed/images/train/raw_synthetic_wound__syn_wound_0016.jpg,data/datasets/efficientnet_processed/images/train/yolo_raw_synthetic_wound__syn_wound_0016.jpg,afefe5e7ca5432b706fb568b85d1bada801ff1121281c1421d22d72eb544a86c,202605c84328617a85b8e6e4962ec8f89690c0bec77fd1955d10139a930d25ad
efficientnet_processed,yolo_raw_synthetic_wound__syn_wound_0024,train,,data/datasets/yolo_processed/images/train/raw_synthetic_wound__syn_wound_0024.jpg,data/datasets/efficientnet_processed/images/train/yolo_raw_synthetic_wound__syn_wound_0024.jpg,2c3a0d856003e8877201b88a27656ed8001d3e3d6fd30ef7d2d4568aba6d8025,ff2d472240f9d8a998a525ff7d97f6b32771b8a3c3ced8e874b37a9531b61d33
efficientnet_processed,yolo_raw_synthetic_wound__syn_wound_0032,train,,data/datasets/yolo_processed/images/train/raw_synthetic_wound__syn_wound_0032.jpg,data/datasets/efficientnet_processed/images/train/yolo_raw_synthetic_wound__syn_wound_0032.jpg,55dff52ad3983f3d97c76fccc0fb7c32ca406ab5f3c3093abd44d17d82fc447b,51f335c24ca909136b455b19b21e0659e11cb6a8cf9812753ea1a7b5af4f15c5
efficientnet_processed,yolo_raw_synthetic_wound__syn_wound_0040,train,,data/datasets/yolo_processed/images/train/raw_synthetic_wound__syn_wound_0040.jpg,data/datasets/efficientnet_processed/images/train/yolo_raw_synthetic_wound__syn_wound_0040.jpg,4482b6f4d50eb6d8ffd0e0bc9a77b5fd19fbf6df3eb22ae301d3241495b2833f,49368c5a4247b6f0e56924a15bb48c76860789f062faa84b58e149d5aafa6ed7
efficientnet_processed,yolo_raw_synthetic_wound__syn_wound_0042,train,,data/datasets/yolo_processed/images/train/raw_synthetic_wound__syn_wound_0042.jpg,data/datasets/efficientnet_processed/images/train/yolo_raw_synthetic_wound__syn_wound_0042.jpg,e3a948b5e717ab02182659f6cf8f4756c8374ee04485708f9e3654aaed3b7a83,f1745a578b0a6fca25b0c4773e725deb8e7463c145cc638999a56915b1f21762
efficientnet_processed,yolo_raw_synthetic_wound__syn_wound_0045,train,,data/datasets/yolo_processed/images/train/raw_synthetic_wound__syn_wound_0045.jpg,data/datasets/efficientnet_processed/images/train/yolo_raw_synthetic_wound__syn_wound_0045.jpg,1d388d5ada4475e457f18e40f98337d13dcba26af203d549ed35b32c113339e6,4fa764c119b66724a963258871385eb1dbed0a621cf8ce612f9731397da039f4
efficientnet_processed,yolo_raw_synthetic_wound__syn_wound_0048,train,,data/datasets/yolo_processed/images/train/raw_synthetic_wound__syn_wound_0048.jpg,data/datasets/efficientnet_processed/images/train/yolo_raw_synthetic_wound__syn_wound_0048.jpg,86ab79cffb4b5565a7aa71c7d1b02e5fad9c6cba5c928e2ed82716c92de2a520,0eda472d29f702a7b52a75ed6d3259898e1b0d41dc441388980dbee73c9cae81
efficientnet_processed,yolo_raw_synthetic_wound__syn_wound_0049,train,,data/datasets/yolo_processed/images/train/raw_synthetic_wound__syn_wound_0049.jpg,data/datasets/efficientnet_processed/images/train/yolo_raw_synthetic_wound__syn_wound_0049.jpg,d05f0725d30928b179f591f608823ae1403957ae2965b122108c15b354e75ce6,86be03f00526ff04a3646460ac96dc44239332b363fdf2007a64a2ec01fe11a9
efficientnet_processed,yolo_raw_synthetic_wound__syn_wound_0053,train,,data/datasets/yolo_processed/images/train/raw_synthetic_wound__syn_wound_0053.jpg,data/datasets/efficientnet_processed/images/train/yolo_raw_synthetic_wound__syn_wound_0053.jpg,204e60cd90a76ad7db30938ddc53710ccbd9cf35f6d977d74ed3f6f6809671ee,32bb1d93126d5025fcc34ed747f3872c74d13e6e924f783a9260f0a9761d6707
efficientnet_processed,yolo_raw_synthetic_wound__syn_wound_0054,train,,data/datasets/yolo_processed/images/train/raw_synthetic_wound__syn_wound_0054.jpg,data/datasets/efficientnet_processed/images/train/yolo_raw_synthetic_wound__syn_wound_0054.jpg,21dca03636d9938aa14d9203fb399932605c69d4aa8d3179516c407c6d143b08,edbb673356ebc2046f84a9ddac4b5ceeb04173cf2239c713be9a8472de61829b
efficientnet_processed,yolo_raw_synthetic_wound__syn_wound_0059,train,,data/datasets/yolo_processed/images/train/raw_synthetic_wound__syn_wound_0059.jpg,data/datasets/efficientnet_processed/images/train/yolo_raw_synthetic_wound__syn_wound_0059.jpg,abd43458c0b22dc5191a752ff5784d6711bc2ddf4fcb21402ef4c02356ad0aa4,6a40e377b3607e2b6cd4063bf4542c89faa93a12f1c9d93504b0eebc6a5a7d2e
efficientnet_processed,yolo_raw_synthetic_wound__syn_wound_0062,train,,data/datasets/yolo_processed/images/train/raw_synthetic_wound__syn_wound_0062.jpg,data/datasets/efficientnet_processed/images/train/yolo_raw_synthetic_wound__syn_wound_0062.jpg,46aec19889eb439e52cb2b0534c9d8f6b65a79dbe63a1943db6f05e4c3dab57f,db5dd4882085cd8da15fd4454506dd50b8a67c6145cc35cfce919ec55b57762c
efficientnet_processed,yolo_raw_synthetic_wound__syn_wound_0063,train,,data/datasets/yolo_processed/images/train/raw_synthetic_wound__syn_wound_0063.jpg,data/datasets/efficientnet_processed/images/train/yolo_raw_synthetic_wound__syn_wound_0063.jpg,6fd78a45d925099bd76b8a5913f493d64c22626202b563ee9988124c50f2e0b9,a6a1239463b7d76efe0b70d41320f6ec246a465662d68ea8aab8e39ac9345134
efficientnet_processed,yolo_raw_synthetic_wound__syn_wound_0064,train,,data/datasets/yolo_processed/images/train/raw_synthetic_wound__syn_wound_0064.jpg,data/datasets/efficientnet_processed/images/train/yolo_raw_synthetic_wound__syn_wound_0064.jpg,aec60dbd102e8724dda7be76b7740da8329ca0552b6057cc3ec39becef05ca90,692e2dbaad2e4178cd2fcc77065653abf2e75a37ec25d3d7e4519ce8f4bdef1b
efficientnet_processed,yolo_raw_synthetic_wound__syn_wound_0066,train,,data/datasets/yolo_processed/images/train/raw_synthetic_wound__syn_wound_0066.jpg,data/datasets/efficientnet_processed/images/train/yolo_raw_synthetic_wound__syn_wound_0066.jpg,8d7cec20a440617547a2185c3d58ea7a8951730c61af43b5287863c5e26a7483,5dd36df44561e5da3902d3ef73a60475719c352e4344a068de11765aaa05af1e
efficientnet_processed,yolo_raw_synthetic_wound__syn_wound_0072,train,,data/datasets/yolo_processed/images/train/raw_synthetic_wound__syn_wound_0072.jpg,data/datasets/efficientnet_processed/images/train/yolo_raw_synthetic_wound__syn_wound_0072.jpg,07c51af0368141af5145e34bd74b5606c412b4503c1fdac53cf8d7ce4181e191,dd248d0999ead6cd5d109c7c04df62a8ac404a688dba43ff718494a6f8908a06
efficientnet_processed,yolo_raw_synthetic_wound__syn_wound_0078,train,,data/datasets/yolo_processed/images/train/raw_synthetic_wound__syn_wound_0078.jpg,data/datasets/efficientnet_processed/images/train/yolo_raw_synthetic_wound__syn_wound_0078.jpg,9a9547a0dcbab387080ab2fc328c45edf061d8a63a02e94dbf56558b7f778da6,654653130df0732d029d5e05ac314285a843e3c41a53ea2a4f2bd3e80d33402e
efficientnet_processed,yolo_raw_synthetic_wound__syn_wound_0084,train,,data/datasets/yolo_processed/images/train/raw_synthetic_wound__syn_wound_0084.jpg,data/datasets/efficientnet_processed/images/train/yolo_raw_synthetic_wound__syn_wound_0084.jpg,1a67419baa8dfa1da0fb900f527942023e871b8281dd615c65c43d242507265e,5754d85eeedcf71aa4937ab93030aac1f21f63a4e6eec9673443058f03bed4e7
efficientnet_processed,yolo_raw_synthetic_wound__syn_wound_0098,train,,data/datasets/yolo_processed/images/train/raw_synthetic_wound__syn_wound_0098.jpg,data/datasets/efficientnet_processed/images/train/yolo_raw_synthetic_wound__syn_wound_0098.jpg,c7564ce048629bd98cb1c47504b811ca6d3db51943f27f07313c3a4629f02c75,b4a1a5be68ab6e61ce3a374dc0338993deed01d0e5695e2df014344d223e0647
efficientnet_processed,yolo_raw_synthetic_wound__syn_wound_0101,train,,data/datasets/yolo_processed/images/train/raw_synthetic_wound__syn_wound_0101.jpg,data/datasets/efficientnet_processed/images/train/yolo_raw_synthetic_wound__syn_wound_0101.jpg,3eea02e18dfba99cca9ebcd75c27ab93a7a2f11a1719c39707316a63afdc0e43,a10c5362ccdc0ce7da5631997ec0691f3aa49fc6eb3c8ffe23ce343d59d38e58
efficientnet_processed,yolo_raw_synthetic_wound__syn_wound_0103,train,,data/datasets/yolo_processed/images/train/raw_synthetic_wound__syn_wound_0103.jpg,data/datasets/efficientnet_processed/images/train/yolo_raw_synthetic_wound__syn_wound_0103.jpg,40361ee95c1f6b536204151146dfaf5911335b16b8833bd488702a222e1c805f,fb7c5c8a894fff3d5be0407efdb3bf4a1bc21ad95c60ae532a8a5f7fdd6a1aa0
efficientnet_processed,yolo_raw_synthetic_wound__syn_wound_0104,train,,data/datasets/yolo_processed/images/train/raw_synthetic_wound__syn_wound_0104.jpg,data/datasets/efficientnet_processed/images/train/yolo_raw_synthetic_wound__syn_wound_0104.jpg,d8e710c1e22577bb3c541ef9f61ac8d84052aacdc84d10783bce486f208254b3,60a89062f51b269833f0ad7f5495514deae54e95cd3fcbdf8505a4de0b7a243f
efficientnet_processed,yolo_raw_synthetic_wound__syn_wound_0110,train,,data/datasets/yolo_processed/images/train/raw_synthetic_wound__syn_wound_0110.jpg,data/datasets/efficientnet_processed/images/train/yolo_raw_synthetic_wound__syn_wound_0110.jpg,5c80f17c6a3a1aacba06463aa691a6f1c1089f065f1d49291ccccbc2906fa321,7c91a3e2501cc51555e194c0b379d4c1ea98eb8a829dadf5ac249bf9fb290f75
efficientnet_processed,yolo_raw_synthetic_wound__syn_wound_0113,train,,data/datasets/yolo_processed/images/train/raw_synthetic_wound__syn_wound_0113.jpg,data/datasets/efficientnet_processed/images/train/yolo_raw_synthetic_wound__syn_wound_0113.jpg,c817cf830298db08cffc2b298fb4d3566bfff7ceadb3db512abe315ebba2f1ee,733502099df2eb2c429877f37138877bea9fdac5e7001ddda5a106951bef234f
efficientnet_processed,yolo_raw_synthetic_wound__syn_wound_0114,train,,data/datasets/yolo_processed/images/train/raw_synthetic_wound__syn_wound_0114.jpg,data/datasets/efficientnet_processed/images/train/yolo_raw_synthetic_wound__syn_wound_0114.jpg,2e75bc4514bb760b4c5548d665f1556623a35fe8f1457733480b0e28b8811f00,a78032d95baa273c110338089334e61a672684132cf1213e97d7ef1544f0bdce
efficientnet_processed,yolo_raw_synthetic_wound__syn_wound_0115,train,,data/datasets/yolo_processed/images/train/raw_synthetic_wound__syn_wound_0115.jpg,data/datasets/efficientnet_processed/images/train/yolo_raw_synthetic_wound__syn_wound_0115.jpg,23868fb2286afa907f1514e44a5f743c61ec21870ca5502a3eec96f91bb6a823,25fdf32e54ff879a4eaa7470b597c306dea0170a17706002ccfd11292836e913
efficientnet_processed,yolo_raw_synthetic_wound__syn_wound_0116,train,,data/datasets/yolo_processed/images/train/raw_synthetic_wound__syn_wound_0116.jpg,data/datasets/efficientnet_processed/images/train/yolo_raw_synthetic_wound__syn_wound_0116.jpg,fe848179ce6968e13d7ba50eece82e3d139b8a6d7972feee9dd1833de30cda2b,893db64d5100c56f59b76d605e34666a0fa60bf48ea5cc750770f182bbab1136
efficientnet_processed,yolo_raw_synthetic_wound__syn_wound_0117,train,,data/datasets/yolo_processed/images/train/raw_synthetic_wound__syn_wound_0117.jpg,data/datasets/efficientnet_processed/images/train/yolo_raw_synthetic_wound__syn_wound_0117.jpg,a833e614879fc0e2bbc085bfb824b5e22085cd94a8bbabb467e616b943f51a2c,72f1d62bbc4ed1d836b5c694aa05c256cc0f419c259c30aeda3b0c1199cc679d
efficientnet_processed,yolo_raw_synthetic_wound__syn_wound_0126,train,,data/datasets/yolo_processed/images/train/raw_synthetic_wound__syn_wound_0126.jpg,data/datasets/efficientnet_processed/images/train/yolo_raw_synthetic_wound__syn_wound_0126.jpg,125a9ae9bb4c8cbe61725dfa2475915907c72d2484da766b1b99ea80ac24f99e,6edde0d252e2213c5e3bf7642be24df120839edd8998206504da4bcbf97725d2
efficientnet_processed,yolo_raw_synthetic_wound__syn_wound_0148,train,,data/datasets/yolo_processed/images/train/raw_synthetic_wound__syn_wound_0148.jpg,data/datasets/efficientnet_processed/images/train/yolo_raw_synthetic_wound__syn_wound_0148.jpg,1674fe9d904c4c1f2dc12838df88ec7ff0e493bad87ae6a54655b441a8d08491,a8cb387520297b6ca4d3eed333fe1eb8b75930244b3834bbf113d8d2475c4eba
efficientnet_processed,yolo_raw_synthetic_wound__syn_wound_0157,train,,data/datasets/yolo_processed/images/val/raw_synthetic_wound__syn_wound_0157.jpg,data/datasets/efficientnet_processed/images/train/yolo_raw_synthetic_wound__syn_wound_0157.jpg,d3cf73a74cff04f51d6fa43854997f1faf773aa54d5653d9fa86ef3da3c6d41c,775b5e0024a1481c1d0fb21c1382e5777debc3326d704036efb580475cb38f17
efficientnet_processed,yolo_raw_synthetic_wound__syn_wound_0164,train,,data/datasets/yolo_processed/images/val/raw_synthetic_wound__syn_wound_0164.jpg,data/datasets/efficientnet_processed/images/train/yolo_raw_synthetic_wound__syn_wound_0164.jpg,c1cb2f0bbad8b2ecd5d62b120d09490ac38626e6af6a613aab1c5c7de06e2ec3,35f5491ad6ae9a929a05b922627d0df13b7d4a3c1672072146cbd07995675d89
efficientnet_processed,yolo_raw_synthetic_wound__syn_wound_0170,train,,data/datasets/yolo_processed/images/val/raw_synthetic_wound__syn_wound_0170.jpg,data/datasets/efficientnet_processed/images/train/yolo_raw_synthetic_wound__syn_wound_0170.jpg,efa9ab0ddbb95f2d16badd14989395ee570ae676031903957bf902abca08902c,d620cfdb08dd6507d5d47b391fb7b810991ab9affac729afb644dc4cbeec7e0d
efficientnet_processed,yolo_raw_synthetic_wound__syn_wound_0173,train,,data/datasets/yolo_processed/images/val/raw_synthetic_wound__syn_wound_0173.jpg,data/datasets/efficientnet_processed/images/train/yolo_raw_synthetic_wound__syn_wound_0173.jpg,3b04916467c05ca5d2ef2370e95ed4028e3877f8d9a4f214987000896eb74944,eef3df9dab5e6787dfc64cb133a682c867391889c0883ace0fc11b5dee21151d
efficientnet_processed,yolo_raw_synthetic_wound__syn_wound_0179,train,,data/datasets/yolo_processed/images/val/raw_synthetic_wound__syn_wound_0179.jpg,data/datasets/efficientnet_processed/images/train/yolo_raw_synthetic_wound__syn_wound_0179.jpg,d130f9cc4e16813cf37e0ba681d8b7a972a0481ac879c49e3e61e43abb503faf,74d2f425cfd9b1539a3f906d59a57afb96f0af25f939fb4febcd8f996c10a9b0
efficientnet_processed,yolo_raw_synthetic_wound__syn_wound_0183,train,,data/datasets/yolo_processed/images/val/raw_synthetic_wound__syn_wound_0183.jpg,data/datasets/efficientnet_processed/images/train/yolo_raw_synthetic_wound__syn_wound_0183.jpg,f01d1481fecb624ca20deb5f76433a9af8e263ec3bb51e23b1b269c6bfd0f057,a6e2b21d81b09eb0a2ec0a52ec2c9989881ef09fc3e4806f6d106d61f6c56277
efficientnet_processed,yolo_raw_synthetic_wound__syn_wound_0186,train,,data/datasets/yolo_processed/images/test/raw_synthetic_wound__syn_wound_0186.jpg,data/datasets/efficientnet_processed/images/train/yolo_raw_synthetic_wound__syn_wound_0186.jpg,206242b57af4eccb1b4073bbc7c447bb7b6253b16332846272d8a0b367798aaf,7bd05bd92b668e46a9e21318352a2a45d44baefa91ede7568b3c410fcf12fb60
efficientnet_processed,yolo_raw_synthetic_wound__syn_wound_0187,train,,data/datasets/yolo_processed/images/test/raw_synthetic_wound__syn_wound_0187.jpg,data/datasets/efficientnet_processed/images/train/yolo_raw_synthetic_wound__syn_wound_0187.jpg,ab2190f3456529be1fad567e711730e9f7799248ddae981ae67bf65455790a32,682b0313e70d4a73bf16f8cf142d7180024459752599ceb9cb0be351748e5271
efficientnet_processed,yolo_raw_synthetic_wound__syn_wound_0199,train,,data/datasets/yolo_processed/images/test/raw_synthetic_wound__syn_wound_0199.jpg,data/datasets/efficientnet_processed/images/train/yolo_raw_synthetic_wound__syn_wound_0199.jpg,d24c451943b186c493ba729c20046029db5ce5323773a004c6afa209ac98f150,8c3e1eb43e6cd454a355e743989c6626bfaebbbda253a67028e1e36602bfcb05
efficientnet_processed,yolo_raw_synthetic_wound__syn_wound_0211,train,,data/datasets/yolo_processed/images/test/raw_synthetic_wound__syn_wound_0211.jpg,data/datasets/efficientnet_processed/images/train/yolo_raw_synthetic_wound__syn_wound_0211.jpg,488c741efb5b581313d5483c908469a728229d935b6ecc6027979f09181c948f,ca2b0bc7911951a81831d7dcfef70cbd173b4df7cd980778eb6c9c7c158d60f0
efficientnet_processed,yolo_raw_synthetic_wound__syn_wound_0213,train,,data/datasets/yolo_processed/images/test/raw_synthetic_wound__syn_wound_0213.jpg,data/datasets/efficientnet_processed/images/train/yolo_raw_synthetic_wound__syn_wound_0213.jpg,800b251c417f84c348fd6511f501a4980e5bddccdd984d8c18101446df1e00ec,6635b23e0c4c245e612cd410af60de9505d3db023e3be1d88885c677bbfe07b6
efficientnet_processed,yolo_raw_synthetic_wound__syn_wound_0001,val,,data/datasets/yolo_processed/images/train/raw_synthetic_wound__syn_wound_0001.jpg,data/datasets/efficientnet_processed/images/val/yolo_raw_synthetic_wound__syn_wound_0001.jpg,90daa6403a2d807f7d68710f70b45685a1d1712237369a6c53d437b2c6d9ec8f,9ffcfede7f152f05e5261a62023c4408e80f8da1a4464071ab0ffea99caa320a
efficientnet_processed,yolo_raw_synthetic_wound__syn_wound_0028,val,,data/datasets/yolo_processed/images/train/raw_synthetic_wound__syn_wound_0028.jpg,data/datasets/efficientnet_processed/images/val/yolo_raw_synthetic_wound__syn_wound_0028.jpg,0b2e59ece710162b1158cf4bfe5843e3e8bb8fa2a6d59bf9f1d35e361e183e50,c6635afe37e425d6cee0236a5d082bde3e9699b05e44f3dac15627bf28f9bc5e
efficientnet_processed,yolo_raw_synthetic_wound__syn_wound_0037,val,,data/datasets/yolo_processed/images/train/raw_synthetic_wound__syn_wound_0037.jpg,data/datasets/efficientnet_processed/images/val/yolo_raw_synthetic_wound__syn_wound_0037.jpg,36f1a951af1863e2933f5ca242e72f71e41c866c57b5af3699736ca5f823632e,fe55fc94fe7fc635db3fcb2c282b641c1da6f03e3746f11f6f52fb58efe77216
efficientnet_processed,yolo_raw_synthetic_wound__syn_wound_0047,val,,data/datasets/yolo_processed/images/train/raw_synthetic_wound__syn_wound_0047.jpg,data/datasets/efficientnet_processed/images/val/yolo_raw_synthetic_wound__syn_wound_0047.jpg,54a7d62b658f7dbf265d0fd8179cecc68ed3ec391d24c4462ee2731403886351,67da7241c67ac1b0fb44360d6dcfac7405f44c904b585465986fc1ecf4df4858
efficientnet_processed,yolo_raw_synthetic_wound__syn_wound_0075,val,,data/datasets/yolo_processed/images/train/raw_synthetic_wound__syn_wound_0075.jpg,data/datasets/efficientnet_processed/images/val/yolo_raw_synthetic_wound__syn_wound_0075.jpg,7f7ec801aceebec636af0ef09d7891d5028e64bbdaf828db9395d3a32cc8ada6,dc45d94a4bc2b47d2cffde8d95f3e148f45b3ae39d2c477bba584a085a43419e
efficientnet_processed,yolo_raw_synthetic_wound__syn_wound_0080,val,,data/datasets/yolo_processed/images/train/raw_synthetic_wound__syn_wound_0080.jpg,data/datasets/efficientnet_processed/images/val/yolo_raw_synthetic_wound__syn_wound_0080.jpg,993b26ee8ba7bc0834684132326073d891f213892893508f477bb816f8fdb014,28bf913e4a859b23fc50c21f0e443f6d5ab9e3a6e65e8522e93e74f5bb1bd0b0
efficientnet_processed,yolo_raw_synthetic_wound__syn_wound_0128,val,,data/datasets/yolo_processed/images/train/raw_synthetic_wound__syn_wound_0128.jpg,data/datasets/efficientnet_processed/images/val/yolo_raw_synthetic_wound__syn_wound_0128.jpg,a0572398698231fab96c5d6925bce7257bab28b99788606df0a5aed32fb680c5,98e8a6d3e4eb5e98bf9d3bad941c98022b6b2847deac9ef5a5cf2baa21e04930
efficientnet_processed,yolo_raw_synthetic_wound__syn_wound_0163,val,,data/datasets/yolo_processed/images/val/raw_synthetic_wound__syn_wound_0163.jpg,data/datasets/efficientnet_processed/images/val/yolo_raw_synthetic_wound__syn_wound_0163.jpg,a16317e9883a84a512ebe2e0b1954f4fc8a4f1883a57ecd1c1658099bbd470d9,3dd6391548c4d7cb4e0dcab2fe4b74b6e102c86b7d7ff6e46e9b9845b6a1894a
efficientnet_processed,yolo_raw_synthetic_wound__syn_wound_0167,val,,data/datasets/yolo_processed/images/val/raw_synthetic_wound__syn_wound_0167.jpg,data/datasets/efficientnet_processed/images/val/yolo_raw_synthetic_wound__syn_wound_0167.jpg,4bdffbee64e54a8c8ed97f8638a73e6f9ac12179bf8e4f74d56ae99954d89d8d,76f777727ebb573f146a0ac40e41739fa415c4858ba92d65cad527b73806f6a8
efficientnet_processed,yolo_yolo_real_wound__public_sample_0002,val,,data/datasets/yolo_processed/images/test/yolo_real_wound__public_sample_0002.jpg,data/datasets/efficientnet_processed/images/val/yolo_yolo_real_wound__public_sample_0002.jpg,fe46d4db54a79a59bc7e6645e1db90842fb1df503ba7f8d66eef1f67af218a45,a668ab2a9cb7e065e02379e5985564a0c94ecb262c9608c6bfe25d170de409bd
efficientnet_processed,yolo_raw_synthetic_wound__syn_wound_0004,val,,data/datasets/yolo_processed/images/train/raw_synthetic_wound__syn_wound_0004.jpg,data/datasets/efficientnet_processed/images/val/yolo_raw_synthetic_wound__syn_wound_0004.jpg,5922de6ba0b2b6bc9f80377a7eb6ea701fbc6fb07644d378ebec41bc0b11ec77,e5fddf02502f232b741adb95ebdad2f74ff42d64e5c586d8050e8168dda2b5bd
efficientnet_processed,yolo_raw_synthetic_wound__syn_wound_0030,val,,data/datasets/yolo_processed/images/train/raw_synthetic_wound__syn_wound_0030.jpg,data/datasets/efficientnet_processed/images/val/yolo_raw_synthetic_wound__syn_wound_0030.jpg,4f409aace0cec41ce82325e2847a2b37bca51f936d289d45f36e9148055df650,e36ba7ecaf1886eebe8bde65d821af47f34a72615847a33203997ac3494251aa
efficientnet_processed,yolo_raw_synthetic_wound__syn_wound_0033,val,,data/datasets/yolo_processed/images/train/raw_synthetic_wound__syn_wound_0033.jpg,data/datasets/efficientnet_processed/images/val/yolo_raw_synthetic_wound__syn_wound_0033.jpg,dcc69293c22fad661b4a62350cdaff20b72861f90296894be16632d114860ff4,9fa3f74191b46c523875be7d3164031247bff24b46ce27de3e56b688b916a7d2
efficientnet_processed,yolo_raw_synthetic_wound__syn_wound_0071,val,,data/datasets/yolo_processed/images/train/raw_synthetic_wound__syn_wound_0071.jpg,data/datasets/efficientnet_processed/images/val/yolo_raw_synthetic_wound__syn_wound_0071.jpg,9d48a1add936d188bf258989f65f37d09090be87cb36e105646b58ee62e93dbe,bc2acb60fbe3c46f99b18e341538801c11a8cdbb4accc2293d1825bcf5c45b94
efficientnet_processed,yolo_raw_synthetic_wound__syn_wound_0081,val,,data/datasets/yolo_processed/images/train/raw_synthetic_wound__syn_wound_0081.jpg,data/datasets/efficientnet_processed/images/val/yolo_raw_synthetic_wound__syn_wound_0081.jpg,cc5e33ba5341889b9968b10d761161760db50b32d48f069901a8ef1287ca5bfc,8a64b366b35b4e7c24d20a239a6ef1069ca1e4b697712170de0baa44d7d56e4f
efficientnet_processed,yolo_raw_synthetic_wound__syn_wound_0133,val,,data/datasets/yolo_processed/images/train/raw_synthetic_wound__syn_wound_0133.jpg,data/datasets/efficientnet_processed/images/val/yolo_raw_synthetic_wound__syn_wound_0133.jpg,ec33bb2db1f8a7d8e42890295182161ed23370ca6049816c1fa57fec5678ca0c,a98691538a5367483824e0644619b3f1b64e79f776c3c7c1068c0207b940aae9
efficientnet_processed,yolo_raw_synthetic_wound__syn_wound_0134,val,,data/datasets/yolo_processed/images/train/raw_synthetic_wound__syn_wound_0134.jpg,data/datasets/efficientnet_processed/images/val/yolo_raw_synthetic_wound__syn_wound_0134.jpg,b7af43e77e66e3b8737cf41496b4dece7be79f51bf9deb385bacaba463ea4a1f,00485dd85710630f0e2407b95beea37e9464da0dc888bf187bf19c854b3f5984
efficientnet_processed,yolo_raw_synthetic_wound__syn_wound_0145,val,,data/datasets/yolo_processed/images/train/raw_synthetic_wound__syn_wound_0145.jpg,data/datasets/efficientnet_processed/images/val/yolo_raw_synthetic_wound__syn_wound_0145.jpg,7c5f9e9ead0fe2b9aa3bec57e4c179c41d5dff473ada2284a40d3231bfa11b09,ce7f4d39303978c1809dbe564b17109884687df0436c69647db54ac6ec8657dd
efficientnet_processed,yolo_raw_synthetic_wound__syn_wound_0202,val,,data/datasets/yolo_processed/images/test/raw_synthetic_wound__syn_wound_0202.jpg,data/datasets/efficientnet_processed/images/val/yolo_raw_synthetic_wound__syn_wound_0202.jpg,8f96170f317aeffe4870f953da45b8b00e6cbfef49aebe7087a28d75ab146c7b,34da665fd217b79e58e4bb1bf531a31aa4c3691dbf8144a223bfb4fede080fa6
unet_processed,injury_sample_0003,test,,data/datasets/injury_dataset/images/sample_0003.jpg,data/datasets/unet_processed/images/test/injury_sample_0003.jpg,60f13e8f5f8e890ce22e47e534c96afa153f9534d85340e922e3de64d8c33ddc,69c346d9bfa3b5038fe88235aabe0ec67784e0444fd9dba979b8c2f2b5c99329
unet_processed,public_public_sample_0001,test,,data/datasets/public_wound_dataset/images/public_sample_0001.jpg,data/datasets/unet_processed/images/test/public_public_sample_0001.jpg,0bbeed5bad635f35119176f002cee55f636a6cf83647086f1badf07bf4d265dc,5e59a1b68134a12bb0c3c1abe39b7685e54e9e04daa1f4fd58576a23d4ddf683
unet_processed,public_public_sample_0040,test,,data/datasets/public_wound_dataset/images/public_sample_0040.jpg,data/datasets/unet_processed/images/test/public_public_sample_0040.jpg,382ab8995114628176ff4d300d93bec60aebb19cd682e966cfee971498301d38,63da5cfc43f4d47930d4bac2151494e68a5e4c3d88dfff6771398701aef302ec
unet_processed,public_public_sample_0124,test,,data/datasets/public_wound_dataset/images/public_sample_0124.jpg,data/datasets/unet_processed/images/test/public_public_sample_0124.jpg,fff27427f3ffb64d18ef3a443cd9086062aa4a6524be42bca191d0f9623fcef3,fdf3a9e1769c4d83e09245017822f30d95b3c8a0d00a37b4bcd827f7d085e559
unet_processed,public_public_sample_0154,test,,data/datasets/public_wound_dataset/images/public_sample_0154.jpg,data/datasets/unet_processed/images/test/public_public_sample_0154.jpg,1486dfe411fd90daeed76b5bfdd64b4002e76fe3f235be466ab7e6b37238de46,9fea7cf7361852c1bc742032d91508504675588b867752ee54311e81a41197fa
unet_processed,public_public_sample_0160,test,,data/datasets/public_wound_dataset/images/public_sample_0160.jpg,data/datasets/unet_processed/images/test/public_public_sample_0160.jpg,0dd15f4d6dd5b0346ec8712ab8c75797c231d552dacdb937fdcbb51129e74818,536f330c17fdced359fd6772007c7231c4ee217e64559eabe2fae07e0b2ff68d
unet_processed,injury_sample_0001,train,,data/datasets/injury_dataset/images/sample_0001.jpg,data/datasets/unet_processed/images/train/injury_sample_0001.jpg,bc730fc9ba8fd8e9d835b8f3b3a7f2b43fbfd1e052a1e23110ac436c09fb4fec,4e3e3c5b06f4413a41d4aed3f9695abff45f09f1c712e588c8e6856f71247e65
unet_processed,injury_sample_0002,train,,data/datasets/injury_dataset/images/sample_0002.jpg,data/datasets/unet_processed/images/train/injury_sample_0002.jpg,f4f494ae435dc7112d8ded92407094411046606f995180d47ea16196e2f6eb36,c51e3f6c682acaafc0d00b301d01ef157673f360ca933b6fc05db30666a3ae7b
unet_processed,public_public_sample_0003,train,,data/datasets/public_wound_dataset/images/public_sample_0003.jpg,data/datasets/unet_processed/images/train/public_public_sample_0003.jpg,923af674231fbd001aa448af4af78aa1c68a57b9c93250d79500b088a7cfd57c,5d5704a951322a914ba8a8b7b577c54c1b3bf6b215cb4245e048ec2943a0fb4d
unet_processed,public_public_sample_0004,train,,data/datasets/public_wound_dataset/images/public_sample_0004.jpg,data/datasets/unet_processed/images/train/public_public_sample_0004.jpg,5bc55562f3aabb6ed84f8805b74c0ab092a4cc0b733e1b02b416b95e3e432688,30f10e2949dfc984fd05650300f15447146f1959e89248bfab20e48162282fcb
unet_processed,public_public_sample_0005,train,,data/datasets/public_wound_dataset/images/public_sample_0005.jpg,data/datasets/unet_processed/images/train/public_public_sample_0005.jpg,60cafc9be6699b3653b2e26291ea896a4b0a47c9000028932ae3624873d6b1c0,c61ad15300966154bbec0ef1536ce8923012aaf7d7eaacb8298d152284a47da9
unet_processed,public_public_sample_0006,train,,data/datasets/public_wound_dataset/images/public_sample_0006.jpg,data/datasets/unet_processed/images/train/public_public_sample_0006.jpg,e98e0232720b292839e4e84905c9dc1ad3fa9fca27eb1f4e43eef783aecef47c,04fd5abadbb4716707f19ea8de58b304115ec4cf92b1c21f92307d942c8fa8b8
unet_processed,public_public_sample_0010,train,,data/datasets/public_wound_dataset/images/public_sample_0010.jpg,data/datasets/unet_processed/images/train/public_public_sample_0010.jpg,c02cf5c07e5c4b337aceef4fac1d0915abf12bc8ce9499461634af2b58ebed0f,e2a2d73996a84acdfd0b09168a1781da871f5402b5eb4222a64dd3905e077585
unet_processed,public_public_sample_0016,train,,data/datasets/public_wound_dataset/images/public_sample_0016.jpg,data/datasets/unet_processed/images/train/public_public_sample_0016.jpg,9b892a5e8f841aca4ddd0267d5e6e3b0437fc840d4e2350a3e5896e6aee2424c,df0ec07e1d935d01b36228286147d98658ed290564008dad640b792640ad3a31
unet_processed,public_public_sample_0022,train,,data/datasets/public_wound_dataset/images/public_sample_0022.jpg,data/datasets/unet_processed/images/train/public_public_sample_0022.jpg,bb1eeb2c92b75b3722ab5aaf2fbee65f49868d20f28246a0a2c7a0555dbfcb6b,3aef58ce38889867e07695d5d170364e86402059e02a8a8ab8646978747372f3
unet_processed,public_public_sample_0028,train,,data/datasets/public_wound_dataset/images/public_sample_0028.jpg,data/datasets/unet_processed/images/train/public_public_sample_0028.jpg,2c76dfe12c338c873e0359e4580ed007841a67cf35ba3103c171335754b3e4ec,5a0e4757cc16478c4b1a6cf935d1dba90caaef5b46c8baafab021f079b7eb9be
unet_processed,public_public_sample_0034,train,,data/datasets/public_wound_dataset/images/public_sample_0034.jpg,data/datasets/unet_processed/images/train/public_public_sample_0034.jpg,1d22c8dd72f1be10afada90d64c62ca06aabcbecc936ba51cbf1ff9a5b9f9ebd,053c7b29aa1dfe3e5a6204607cedcbb57ed5c39c63aaadb4926e0427dfe58e2e
unet_processed,public_public_sample_0046,train,,data/datasets/public_wound_dataset/images/public_sample_0046.jpg,data/datasets/unet_processed/images/train/public_public_sample_0046.jpg,274644a32a345349eb8345d0ddca5c0f211d4d552d0b63b0b2196824ebd056d1,ba76b53c9a940820828e6c768f02995fe567f4ed0eba54effc3882ad120524d0
unet_processed,public_public_sample_0052,train,,data/datasets/public_wound_dataset/images/public_sample_0052.jpg,data/datasets/unet_processed/images/train/public_public_sample_0052.jpg,e260111df260f4a3a9dd28ff022a6c0a9dbdc7be978e9f2463f65e30c93b6fda,4e104e86b4ca4bcabc2251fcaced6d58feb5f69a193d4e56f2bf9bc502cfe30b
unet_processed,public_public_sample_0058,train,,data/datasets/public_wound_dataset/images/public_sample_0058.jpg,data/datasets/unet_processed/images/train/public_public_sample_0058.jpg,e4a28a7983e82531bcc2442d2f314ee12e29426ed3e9972a07061527241067a0,dbbd36e74ba9bd429aa383dad1e61f44f9f68854341e7fe169b3c993dc69862f
unet_processed,public_public_sample_0070,train,,data/datasets/public_wound_dataset/images/public_sample_0070.jpg,data/datasets/unet_processed/images/train/public_public_sample_0070.jpg,40aa3a9205ad516b8c358c241aa58045db82702289e3887a20bf83b6b6b9827a,8975787cd6efc39c3caec7150fa55e1e5f792d6bf78cdb948ca75b7010297142
unet_processed,public_public_sample_0076,train,,data/datasets/public_wound_dataset/images/public_sample_0076.jpg,data/datasets/unet_processed/images/train/public_public_sample_0076.jpg,a1e1755391e2a2e5fed7dc7fc768a96d016a5ec8571a3f55076e340f9915b28d,948db6b858a9c2198185dfc44fc134972797edc33301cb72dcfbdc6fa31218fc
unet_processed,public_public_sample_0082,train,,data/datasets/public_wound_dataset/images/public_sample_0082.jpg,data/datasets/unet_processed/images/train/public_public_sample_0082.jpg,8311ad756896468db39532db1ee7e4fdbc744fccbd11e77911de709a9fc3c0fe,f55cb6a481d7b2d45342a446c722292605785b91da80632074fb19d47086842b
unet_processed,public_public_sample_0088,train,,data/datasets/public_wound_dataset/images/public_sample_0088.jpg,data/datasets/unet_processed/images/train/public_public_sample_0088.jpg,25dbcf5c42a3363bb29d0220a9be50aad521eca708550a5b7d2be7ae4cc9b2f5,d3f1102b0e02ed251d0a55a369b9173ad4787531af62647cefe7089b083d2a6d
unet_processed,public_public_sample_0100,train,,data/datasets/public_wound_dataset/images/public_sample_0100.jpg,data/datasets/unet_processed/images/train/public_public_sample_0100.jpg,94b6bdf737e10f5c121e0b5cb5001d2e46adad379e08e742e225ee30ce90ccfd,e25e7275dd19d8a6ed44aaa32507edfb672a77a84d133102be29dc96701e1e57
unet_processed,public_public_sample_0106,train,,data/datasets/public_wound_dataset/images/public_sample_0106.jpg,data/datasets/unet_processed/images/train/public_public_sample_0106.jpg,3935aaaeee52db54583717ef23679e4b5633e0e0b5ba397cd840305deba8eb03,b023eee10dd90df4d2bc222cdc1cba2b0d1ac858e7033af8dfa5cbc6c74e2325
unet_processed,public_public_sample_0118,train,,data/datasets/public_wound_dataset/images/public_sample_0118.jpg,data/datasets/unet_processed/images/train/public_public_sample_0118.jpg,fba8d3cef13826d9094d64d13b0d43439549f5f6dc443d8d8330502ed2fcbfb6,7ce6af30b18f4f2c018ea4da086fa55b57781d1ba637da7cd2a83d7095c345c1
unet_processed,public_public_sample_0136,train,,data/datasets/public_wound_dataset/images/public_sample_0136.jpg,data/datasets/unet_processed/images/train/public_public_sample_0136.jpg,3a2f60c2db82064f1dfb598e6ba9c9c1794a0504d885a24d9671d4efc3ce9445,266309b082bbc85ed292bb9b6a527179a870ac291eeca5e7c0f68067336a5009
unet_processed,public_public_sample_0142,train,,data/datasets/public_wound_dataset/images/public_sample_0142.jpg,data/datasets/unet_processed/images/train/public_public_sample_0142.jpg,a8511731bcf9b442fd3649908b81896c3662732012d9ae51e2bc6d8e67aa1e48,ae482a902318930a00e96ba18e29d69dd3c271caf8a9e3477db34060aaf7d04c
unet_processed,public_public_sample_0148,train,,data/datasets/public_wound_dataset/images/public_sample_0148.jpg,data/datasets/unet_processed/images/train/public_public_sample_0148.jpg,42bf3ed5dada91ec063beb2a8789f3d8e265a8dc9edf408b822e0bca54192191,b727ad868819bd5895b0eea359b51d5fee10a5dca40b905b5da5f2be9f59dfc1
unet_processed,public_public_sample_0166,train,,data/datasets/public_wound_dataset/images/public_sample_0166.jpg,data/datasets/unet_processed/images/train/public_public_sample_0166.jpg,b7417111afff33bea681a77e66895c1f1a557144fba4eecda4ac586f7b13227d,510fe3fca6ab36e14127dc84bb1ff4443d2708fd6abc6b0609306bdede824176
unet_processed,public_public_sample_0172,train,,data/datasets/public_wound_dataset/images/public_sample_0172.jpg,data/datasets/unet_processed/images/train/public_public_sample_0172.jpg,98b63a31f451d9e4ffae58e43c1f06a0e18f3a2cab443128b9897c2a3de6658e,d65141b9e0cc8ae4538d278ad0de89cadc84e5fd8df0d64d95c27e153abd61b4
unet_processed,public_public_sample_0178,train,,data/datasets/public_wound_dataset/images/public_sample_0178.jpg,data/datasets/unet_processed/images/train/public_public_sample_0178.jpg,33e870b4385b8515ab5e413d990d7fb6a88be83ab0d11238cbb1e9e34fa4c9b6,ec80a33fc485bc03fae5e40465cd77867b120a2d04b58c5a15105680a3310170
unet_processed,public_public_sample_0184,train,,data/datasets/public_wound_dataset/images/public_sample_0184.jpg,data/datasets/unet_processed/images/train/public_public_sample_0184.jpg,624b20b608f71468850caf7be65bfa45bed844f5ebfcf36381b7b4ec3fcf4eae,5a2ffac3dbc57c2d859c24af301da9096671c4ca334732ecdcc1284120c1828d
unet_processed,public_public_sample_0190,train,,data/datasets/public_wound_dataset/images/public_sample_0190.jpg,data/datasets/unet_processed/images/train/public_public_sample_0190.jpg,66eae0b414d45e7638bdf8fc2a2d876acad4962616925359899ca0704643bc16,5e919ca368312ea9f6f2f24f5ccf806c6ceb6a85af3f85db109e0c1e87332ac0
unet_processed,public_public_sample_0002,val,,data/datasets/public_wound_dataset/images/public_sample_0002.jpg,data/datasets/unet_processed/images/val/public_public_sample_0002.jpg,c52d6f92108521037681df5696733f7ce97fdf34be53bd9591fb8ad45ffe40fa,913a1d181cff26b14e5f12d5d59fe99e4c8c3afc64f8d12c8a3ec149805c8f96
unet_processed,public_public_sample_0064,val,,data/datasets/public_wound_dataset/images/public_sample_0064.jpg,data/datasets/unet_processed/images/val/public_public_sample_0064.jpg,c15565eae6b8ffe2ee5e3ba227833e3cc86b78884e32afd17d45817591ace7bb,6c553a099bedaff4d8ed689415401e700508d22ab5351c93c8c012e5da9d58de
unet_processed,public_public_sample_0094,val,,data/datasets/public_wound_dataset/images/public_sample_0094.jpg,data/datasets/unet_processed/images/val/public_public_sample_0094.jpg,5306a8f7465e7c9c2dd49de6bb73398bbd31c47c9134b159edd8b36dbef6dd5f,725b085c25f58ca2d36541783e91d62c5278f4a3cb2099794c0468bcb97b037a
unet_processed,public_public_sample_0112,val,,data/datasets/public_wound_dataset/images/public_sample_0112.jpg,data/datasets/unet_processed/images/val/public_public_sample_0112.jpg,eb5fd0f3f40d8606c7417efa0d747931e0637fb72cc36df750da815db1ca804b,05265f96f667da661b1f15a8f48ee1eaa1cac3f39c9c9f485a196e27c7afcf54
unet_processed,public_public_sample_0130,val,,data/datasets/public_wound_dataset/images/public_sample_0130.jpg,data/datasets/unet_processed/images/val/public_public_sample_0130.jpg,9ef33727ed65ad71fe9c92a7ada7ebae110e513c8ac4a974c67145621577cfab,98c49c86fb455f8f7e5c9cd6fe78d77513a7bd8929b34ae50a389015964e0057
unet_processed,public_public_sample_0196,val,,data/datasets/public_wound_dataset/images/public_sample_0196.jpg,data/datasets/unet_processed/images/val/public_public_sample_0196.jpg,db25f8b27e386228d23aa69d450d8c519e3d8e3df5f6f7b6143cd9057d57f4b6,d2a42e4eb4e91bc1ec31a5610387123396d237d8177dea5f538e7e44525ca86d
synthetic_multimodal_fusion,mm_000,train,,generate_multimodal_dataset,,b7ac04a4d2895f49f5a74c7faa5c9e54f4676f601289d9ca5f2eb52ef4326ced,b7ac04a4d2895f49f5a74c7faa5c9e54f4676f601289d9ca5f2eb52ef4326ced
synthetic_multimodal_fusion,mm_001,train,,generate_multimodal_dataset,,17323299090e5d04484116d807b50436a46f2434de748b9f1cf50ccca4b848c5,17323299090e5d04484116d807b50436a46f2434de748b9f1cf50ccca4b848c5
synthetic_multimodal_fusion,mm_002,train,,generate_multimodal_dataset,,4f6ba22da6e5a51789a64687765cb1feafc76386b79c5b56d1a465bdd77a233f,4f6ba22da6e5a51789a64687765cb1feafc76386b79c5b56d1a465bdd77a233f
synthetic_multimodal_fusion,mm_003,train,,generate_multimodal_dataset,,540411d7f0eec2189cba7189dee948cf930a8ee70f05011a7f8b1839cdd0a29a,540411d7f0eec2189cba7189dee948cf930a8ee70f05011a7f8b1839cdd0a29a
synthetic_multimodal_fusion,mm_004,train,,generate_multimodal_dataset,,a8c3229d9c8bcf7737777d329a8585678ee40a95e93a81bab4e4898d7b138383,a8c3229d9c8bcf7737777d329a8585678ee40a95e93a81bab4e4898d7b138383
synthetic_multimodal_fusion,mm_005,train,,generate_multimodal_dataset,,4353b817cc8dc5e4ff480bb6f9b08f4ab5bb853fc8e7d43c4a06d36d56859a01,4353b817cc8dc5e4ff480bb6f9b08f4ab5bb853fc8e7d43c4a06d36d56859a01
synthetic_multimodal_fusion,mm_006,train,,generate_multimodal_dataset,,69f26d47e334eddd3eaee408f341d577a71aa7f93659b9cf21469b09c2403bd8,69f26d47e334eddd3eaee408f341d577a71aa7f93659b9cf21469b09c2403bd8
synthetic_multimodal_fusion,mm_007,train,,generate_multimodal_dataset,,3526a6ea4c4abbf3f5cdfbe96f88c78ae92d090b5b82e002c5b5ac7f1b3a5045,3526a6ea4c4abbf3f5cdfbe96f88c78ae92d090b5b82e002c5b5ac7f1b3a5045
synthetic_multimodal_fusion,mm_008,train,,generate_multimodal_dataset,,627b5ed14111103a9eeb857388fe3fa8c8756cd04f6d5005a3fc901b9cf05d70,627b5ed14111103a9eeb857388fe3fa8c8756cd04f6d5005a3fc901b9cf05d70
synthetic_multimodal_fusion,mm_009,train,,generate_multimodal_dataset,,bad79d2be548536d313e72ea374e17cbfc4f94c149d7d32626f5301a52baf016,bad79d2be548536d313e72ea374e17cbfc4f94c149d7d32626f5301a52baf016
synthetic_multimodal_fusion,mm_010,train,,generate_multimodal_dataset,,0d4003e399583b019fb16a6ce7948da347cf689fa7d50bd872ba8112be999889,0d4003e399583b019fb16a6ce7948da347cf689fa7d50bd872ba8112be999889
synthetic_multimodal_fusion,mm_011,train,,generate_multimodal_dataset,,2bb01227695d2bf6c5d44330ea0c5f5561a1954d5f8aab809dfb175423ab0195,2bb01227695d2bf6c5d44330ea0c5f5561a1954d5f8aab809dfb175423ab0195
synthetic_multimodal_fusion,mm_012,train,,generate_multimodal_dataset,,bc287afebd03cb3fed05d4472465958c58d301c439eb1d787907b86cb24aec63,bc287afebd03cb3fed05d4472465958c58d301c439eb1d787907b86cb24aec63
synthetic_multimodal_fusion,mm_013,train,,generate_multimodal_dataset,,82d4492a4f33e380d011bdde2701275b31fa289d9efd531792727e4649780ad0,82d4492a4f33e380d011bdde2701275b31fa289d9efd531792727e4649780ad0
synthetic_multimodal_fusion,mm_014,train,,generate_multimodal_dataset,,aa1a08dc01c233c37d956e9a1db6b08e4154b9eef3933f9d41d22efc06e70a68,aa1a08dc01c233c37d956e9a1db6b08e4154b9eef3933f9d41d22efc06e70a68
synthetic_multimodal_fusion,mm_015,train,,generate_multimodal_dataset,,1d457be7ca818bfc4b09ed38b47e4d2f3085494d5a16307ca75a058f5e8079aa,1d457be7ca818bfc4b09ed38b47e4d2f3085494d5a16307ca75a058f5e8079aa
synthetic_multimodal_fusion,mm_016,train,,generate_multimodal_dataset,,3fb5a54899a31df3b09b0e47129a88590960637c73b735dc6fa91453b656f6aa,3fb5a54899a31df3b09b0e47129a88590960637c73b735dc6fa91453b656f6aa
synthetic_multimodal_fusion,mm_017,train,,generate_multimodal_dataset,,6a3ed28874e9622da675055957bc68d56f8bb7a874e138eeabfb30323224280f,6a3ed28874e9622da675055957bc68d56f8bb7a874e138eeabfb30323224280f
synthetic_multimodal_fusion,mm_018,train,,generate_multimodal_dataset,,7f3d9c6c67eb828a700b25e54ae76a1b393016476bd55b64966d3ad6f5e0b5ab,7f3d9c6c67eb828a700b25e54ae76a1b393016476bd55b64966d3ad6f5e0b5ab
synthetic_multimodal_fusion,mm_019,train,,generate_multimodal_dataset,,c1b297a4cec21cd50c14b9d0b03f5b241a010e525d0f9858aa57170125d1b678,c1b297a4cec21cd50c14b9d0b03f5b241a010e525d0f9858aa57170125d1b678
synthetic_multimodal_fusion,mm_020,train,,generate_multimodal_dataset,,4e320894c68f312bbd831454a32a896c5c5ce53b78b836e1ce0cf00c07850ddb,4e320894c68f312bbd831454a32a896c5c5ce53b78b836e1ce0cf00c07850ddb
synthetic_multimodal_fusion,mm_021,train,,generate_multimodal_dataset,,be1fc9c4999e96eba7661aa913faa21e5491a3d63f766800aa8fc2528da0f267,be1fc9c4999e96eba7661aa913faa21e5491a3d63f766800aa8fc2528da0f267
synthetic_multimodal_fusion,mm_022,train,,generate_multimodal_dataset,,ad131f423acc1e0789c4e9dcb6e2d94f0ae46e7881f09cdebe5cd5ca5843031b,ad131f423acc1e0789c4e9dcb6e2d94f0ae46e7881f09cdebe5cd5ca5843031b
synthetic_multimodal_fusion,mm_023,train,,generate_multimodal_dataset,,201676f032a3e9d9b6bd03fba6af665cf0508c6869bb9066262dffea994cacfd,201676f032a3e9d9b6bd03fba6af665cf0508c6869bb9066262dffea994cacfd
synthetic_multimodal_fusion,mm_024,train,,generate_multimodal_dataset,,8f0c51b8e574f63997cb7187238e9f79abe30aace5442ded2e56446e3f9b8d55,8f0c51b8e574f63997cb7187238e9f79abe30aace5442ded2e56446e3f9b8d55
synthetic_multimodal_fusion,mm_025,train,,generate_multimodal_dataset,,50a2d768f6d7bce940db023d11b7f93cf8b93902597c293d2d96b06b38753c7b,50a2d768f6d7bce940db023d11b7f93cf8b93902597c293d2d96b06b38753c7b
synthetic_multimodal_fusion,mm_026,train,,generate_multimodal_dataset,,538530764226bdfdb9e7b4addf264a906dace0261769ba1df2c4124477e6d306,538530764226bdfdb9e7b4addf264a906dace0261769ba1df2c4124477e6d306
synthetic_multimodal_fusion,mm_027,train,,generate_multimodal_dataset,,16b8d0f8617e08235430cb47214f98b54f4007aff02a0a9339cc2200b4760d6c,16b8d0f8617e08235430cb47214f98b54f4007aff02a0a9339cc2200b4760d6c
synthetic_multimodal_fusion,mm_028,train,,generate_multimodal_dataset,,77e4ebf78c0e45b082b9ee9f187ef5a99f5be513b74bb2daec0550f1ed2a957d,77e4ebf78c0e45b082b9ee9f187ef5a99f5be513b74bb2daec0550f1ed2a957d
synthetic_multimodal_fusion,mm_029,train,,generate_multimodal_dataset,,b841c03681d63065e0dd03b508ab0ada0ee796c38c10b874a000563364c8d020,b841c03681d63065e0dd03b508ab0ada0ee796c38c10b874a000563364c8d020
synthetic_multimodal_fusion,mm_030,train,,generate_multimodal_dataset,,228e1439c2a8dec0e28095ed9fea80874858cbe06916b52367c7a139694b979e,228e1439c2a8dec0e28095ed9fea80874858cbe06916b52367c7a139694b979e
synthetic_multimodal_fusion,mm_031,train,,generate_multimodal_dataset,,eb2eaff693988d85132e9a0fae998e57e856a05dbc74d6f67485904cf09b64fe,eb2eaff693988d85132e9a0fae998e57e856a05dbc74d6f67485904cf09b64fe
synthetic_multimodal_fusion,mm_032,train,,generate_multimodal_dataset,,a4e6d1ead52e5fb69feab5dc3973018d167620d27d1398e68770aa47e34997ff,a4e6d1ead52e5fb69feab5dc3973018d167620d27d1398e68770aa47e34997ff
synthetic_multimodal_fusion,mm_033,train,,generate_multimodal_dataset,,d9b137ca4d464734ce71056419638be56798d7149f44d7f1130b486ce9f24f1c,d9b137ca4d464734ce71056419638be56798d7149f44d7f1130b486ce9f24f1c
synthetic_multimodal_fusion,mm_034,train,,generate_multimodal_dataset,,99d4d451bb04671f8b331b54e2d63f09c8d014597496530e275bbaafcfde8af1,99d4d451bb04671f8b331b54e2d63f09c8d014597496530e275bbaafcfde8af1
synthetic_multimodal_fusion,mm_035,train,,generate_multimodal_dataset,,24ed54e567ab10a196692d4a3d792f7a5cef441c974bc8bdb69f8877adfab00c,24ed54e567ab10a196692d4a3d792f7a5cef441c974bc8bdb69f8877adfab00c
synthetic_multimodal_fusion,mm_036,train,,generate_multimodal_dataset,,1501a3c45382752e0ff9c6b65ce753adbcf883880f365321f5c0c8a4faf89996,1501a3c45382752e0ff9c6b65ce753adbcf883880f365321f5c0c8a4faf89996
synthetic_multimodal_fusion,mm_037,train,,generate_multimodal_dataset,,fec8de5b7ad8410310fec856aa503685d6957870da9eeff0282059379d186521,fec8de5b7ad8410310fec856aa503685d6957870da9eeff0282059379d186521
synthetic_multimodal_fusion,mm_038,train,,generate_multimodal_dataset,,d4c8264a90071ceb5a8aefa522e66e2d370714a0856d86860b7712be2a3a153f,d4c8264a90071ceb5a8aefa522e66e2d370714a0856d86860b7712be2a3a153f
synthetic_multimodal_fusion,mm_039,train,,generate_multimodal_dataset,,79c6f5e639335d57f8aa6ae1cb77b8202099e1eaf3fbcb696ff4959f304d0851,79c6f5e639335d57f8aa6ae1cb77b8202099e1eaf3fbcb696ff4959f304d0851
synthetic_multimodal_fusion,mm_040,train,,generate_multimodal_dataset,,a981c7ad5249f69db2868ec524df1a8a5e2dd7d2401b6a4f5a4d916ac293d073,a981c7ad5249f69db2868ec524df1a8a5e2dd7d2401b6a4f5a4d916ac293d073
synthetic_multimodal_fusion,mm_041,train,,generate_multimodal_dataset,,1dcd56731ed1995678f65d5a166f382abf77bd4f1f3f3efaec8ce2f6c2b608f7,1dcd56731ed1995678f65d5a166f382abf77bd4f1f3f3efaec8ce2f6c2b608f7
synthetic_multimodal_fusion,mm_042,train,,generate_multimodal_dataset,,79b37d136866d403527013151c358fed399112387855e59007eb6d387d956a5f,79b37d136866d403527013151c358fed399112387855e59007eb6d387d956a5f
synthetic_multimodal_fusion,mm_043,train,,generate_multimodal_dataset,,cfc307f83bdb4db86e6240d0a2b74923a095ca8eced2577d39b86d80a52407d2,cfc307f83bdb4db86e6240d0a2b74923a095ca8eced2577d39b86d80a52407d2
synthetic_multimodal_fusion,mm_044,train,,generate_multimodal_dataset,,ce9e26508ff7e8d7f9cbaa291347e0cb9634c54c708b2f546e83a71398079f8e,ce9e26508ff7e8d7f9cbaa291347e0cb9634c54c708b2f546e83a71398079f8e
synthetic_multimodal_fusion,mm_045,train,,generate_multimodal_dataset,,8c48b69264f7a4076e5d735c89739ac63af0f9ac61e10eb305c3db5c3eee393e,8c48b69264f7a4076e5d735c89739ac63af0f9ac61e10eb305c3db5c3eee393e
synthetic_multimodal_fusion,mm_046,train,,generate_multimodal_dataset,,08e66d6a46387622d2bf5be061799b726c2e8a9a9b8a9c71a66dea87d1b5e52c,08e66d6a46387622d2bf5be061799b726c2e8a9a9b8a9c71a66dea87d1b5e52c
synthetic_multimodal_fusion,mm_047,train,,generate_multimodal_dataset,,74acfdcdbcf4818c4038d2a48644b78d59a9778fd35fc4fb31ae103186331580,74acfdcdbcf4818c4038d2a48644b78d59a9778fd35fc4fb31ae103186331580
synthetic_multimodal_fusion,mm_048,train,,generate_multimodal_dataset,,26b13669a4539b11f2a09b93ef9d0382e88de2255afd69140d95e02439967186,26b13669a4539b11f2a09b93ef9d0382e88de2255afd69140d95e02439967186
synthetic_multimodal_fusion,mm_049,train,,generate_multimodal_dataset,,45262c57f315eef4b43ab06d5317f9868c7e2b5798105829689c72861286aad9,45262c57f315eef4b43ab06d5317f9868c7e2b5798105829689c72861286aad9
synthetic_multimodal_fusion,mm_050,train,,generate_multimodal_dataset,,145f1e29d9f68e59c8d7e34072e0ac9e227d6c1bee87a2bd632405dbfe38d7d3,145f1e29d9f68e59c8d7e34072e0ac9e227d6c1bee87a2bd632405dbfe38d7d3
synthetic_multimodal_fusion,mm_051,train,,generate_multimodal_dataset,,6e3fbb1cd21cb6fa65af1f842390443f807541393b73025fb3bc31473a6b6f59,6e3fbb1cd21cb6fa65af1f842390443f807541393b73025fb3bc31473a6b6f59
synthetic_multimodal_fusion,mm_052,train,,generate_multimodal_dataset,,4c9c30a77bde3f52b171c09b7346b8e1a773eab6a495f10451b3f3b7cf0ab532,4c9c30a77bde3f52b171c09b7346b8e1a773eab6a495f10451b3f3b7cf0ab532
synthetic_multimodal_fusion,mm_053,train,,generate_multimodal_dataset,,ba3845d7972ae44c9ad8023c7fb8a2249168ee672f687dc540c89740a819f766,ba3845d7972ae44c9ad8023c7fb8a2249168ee672f687dc540c89740a819f766
synthetic_multimodal_fusion,mm_054,train,,generate_multimodal_dataset,,0140eb82c3ae7be4ae1cbad7c3a596a52dc1a726c057a70f2791114299234005,0140eb82c3ae7be4ae1cbad7c3a596a52dc1a726c057a70f2791114299234005
synthetic_multimodal_fusion,mm_055,train,,generate_multimodal_dataset,,96dcd1866533229f1e1565152411b4f298364b05a0f83d3885dcaaca4ba961f6,96dcd1866533229f1e1565152411b4f298364b05a0f83d3885dcaaca4ba961f6
synthetic_multimodal_fusion,mm_056,train,,generate_multimodal_dataset,,a12ab2897f788ce042e7f63b02318c35e5203be63de70fa66121e5f5c04acce1,a12ab2897f788ce042e7f63b02318c35e5203be63de70fa66121e5f5c04acce1
synthetic_multimodal_fusion,mm_057,train,,generate_multimodal_dataset,,15f2d4b0bbac9b0a95c1b9efac6db9b7772dc24d8ef69130f5166327eeace99d,15f2d4b0bbac9b0a95c1b9efac6db9b7772dc24d8ef69130f5166327eeace99d
synthetic_multimodal_fusion,mm_058,train,,generate_multimodal_dataset,,f294da238f97c6006b6e95f201ed09f39bfa30c52d99d5da4cb946164ae203ec,f294da238f97c6006b6e95f201ed09f39bfa30c52d99d5da4cb946164ae203ec
synthetic_multimodal_fusion,mm_059,train,,generate_multimodal_dataset,,11f38c95d98f3651ad1beda61432300ab30c010c12370214a8930697207c6539,11f38c95d98f3651ad1beda61432300ab30c010c12370214a8930697207c6539
synthetic_multimodal_fusion,mm_060,train,,generate_multimodal_dataset,,53156528f3c72a173c9b6203ef95d3dfe150ce64bb5020fe63c690dd0c44fc91,53156528f3c72a173c9b6203ef95d3dfe150ce64bb5020fe63c690dd0c44fc91
synthetic_multimodal_fusion,mm_061,train,,generate_multimodal_dataset,,b7c5db394af86db94dd11ec8634db8fe45a214fb7015ec3893220777acb48b4d,b7c5db394af86db94dd11ec8634db8fe45a214fb7015ec3893220777acb48b4d
synthetic_multimodal_fusion,mm_062,train,,generate_multimodal_dataset,,e4a492d97a91eaa181e49977c7d10802a10ade289613f85c50c5bbdf37ea3939,e4a492d97a91eaa181e49977c7d10802a10ade289613f85c50c5bbdf37ea3939
synthetic_multimodal_fusion,mm_063,train,,generate_multimodal_dataset,,0d929fd2479e518e5f4d28cfe4d3c5a2d98207a0862b360943f3961c86a8f8bd,0d929fd2479e518e5f4d28cfe4d3c5a2d98207a0862b360943f3961c86a8f8bd
synthetic_multimodal_fusion,mm_064,train,,generate_multimodal_dataset,,a35515cceea79ecf67c42bdabc941b6ed530579e71677a2824abb0f467b443c2,a35515cceea79ecf67c42bdabc941b6ed530579e71677a2824abb0f467b443c2
synthetic_multimodal_fusion,mm_065,train,,generate_multimodal_dataset,,eeb68f9c2183547391a1248d9282776e1bec0f89936928e160bf19835a0098cb,eeb68f9c2183547391a1248d9282776e1bec0f89936928e160bf19835a0098cb
synthetic_multimodal_fusion,mm_066,train,,generate_multimodal_dataset,,0292f42cf53365e43132b8353d42cda509291b3d064b867a564e59a7aeef5f5e,0292f42cf53365e43132b8353d42cda509291b3d064b867a564e59a7aeef5f5e
synthetic_multimodal_fusion,mm_067,train,,generate_multimodal_dataset,,ed5b8872699bead8baa320ead92da397e1f62a16db306c9ce5489a83f193f699,ed5b8872699bead8baa320ead92da397e1f62a16db306c9ce5489a83f193f699
synthetic_multimodal_fusion,mm_068,train,,generate_multimodal_dataset,,300addd0bfc043b13d551bc94b7ae63774d266f0bbe6e50678a27c6e6e14c409,300addd0bfc043b13d551bc94b7ae63774d266f0bbe6e50678a27c6e6e14c409
synthetic_multimodal_fusion,mm_069,train,,generate_multimodal_dataset,,2930d4c65b815a33e5e4947eb60217f10fc6772bb497a28a17b028917f2f8a64,2930d4c65b815a33e5e4947eb60217f10fc6772bb497a28a17b028917f2f8a64
synthetic_multimodal_fusion,mm_070,train,,generate_multimodal_dataset,,5c69d8fed20b24de5c51e3bd46eb8b1f4c0bcd8cec9411dcd3b8eca6e64b2409,5c69d8fed20b24de5c51e3bd46eb8b1f4c0bcd8cec9411dcd3b8eca6e64b2409
synthetic_multimodal_fusion,mm_071,train,,generate_multimodal_dataset,,bd72069198c0dbb29d9a314603f45774858c4a29217544ca1a0c5d9d8d4cf390,bd72069198c0dbb29d9a314603f45774858c4a29217544ca1a0c5d9d8d4cf390
synthetic_multimodal_fusion,mm_072,train,,generate_multimodal_dataset,,4589ae9ee273f39aff55b4fd2895f1a5ea7033279dfe81e5fc537e2d8f1771d4,4589ae9ee273f39aff55b4fd2895f1a5ea7033279dfe81e5fc537e2d8f1771d4
synthetic_multimodal_fusion,mm_073,train,,generate_multimodal_dataset,,5e0200bcf07105ad897e44115fa22d43072f921339e4fe0d333434f59462610f,5e0200bcf07105ad897e44115fa22d43072f921339e4fe0d333434f59462610f
synthetic_multimodal_fusion,mm_074,train,,generate_multimodal_dataset,,6dac385c5053f083d49752232d467fc8fc2b018cea16faaf6585a5104bf3756c,6dac385c5053f083d49752232d467fc8fc2b018cea16faaf6585a5104bf3756c
synthetic_multimodal_fusion,mm_075,train,,generate_multimodal_dataset,,499d1b8a293bb976ad00b2f0b8945751f82a17471716608dd8786b34fe15436e,499d1b8a293bb976ad00b2f0b8945751f82a17471716608dd8786b34fe15436e
synthetic_multimodal_fusion,mm_076,train,,generate_multimodal_dataset,,16f06c5961077add6b5bd17096ac0633a93a1585d78e05f42668cd3141487535,16f06c5961077add6b5bd17096ac0633a93a1585d78e05f42668cd3141487535
synthetic_multimodal_fusion,mm_077,train,,generate_multimodal_dataset,,d56d759228a23f69ca2351fa800e041f4f4e53e304e654f0709273e0bf08ce7f,d56d759228a23f69ca2351fa800e041f4f4e53e304e654f0709273e0bf08ce7f
synthetic_multimodal_fusion,mm_078,train,,generate_multimodal_dataset,,929b54de09913c8fa878a31e81f7015411d8f032650f72cfeac4992039cd16cd,929b54de09913c8fa878a31e81f7015411d8f032650f72cfeac4992039cd16cd
synthetic_multimodal_fusion,mm_079,train,,generate_multimodal_dataset,,891416e4b60823451dde2673b04bd24426cf79c01147fc1d42d8239ac3a2b82c,891416e4b60823451dde2673b04bd24426cf79c01147fc1d42d8239ac3a2b82c
synthetic_multimodal_fusion,mm_080,train,,generate_multimodal_dataset,,341e601ab423f3552aace7c2743c9aa7e56ef8b5ec6ce703a87d19000ce4347e,341e601ab423f3552aace7c2743c9aa7e56ef8b5ec6ce703a87d19000ce4347e
synthetic_multimodal_fusion,mm_081,train,,generate_multimodal_dataset,,67b6abe76d76fc83ab2bb4054a4f1b7c8600a71ef3359b2274451faf73fa5c43,67b6abe76d76fc83ab2bb4054a4f1b7c8600a71ef3359b2274451faf73fa5c43
synthetic_multimodal_fusion,mm_082,train,,generate_multimodal_dataset,,23e722943096f054c2cc425a600ea7f7c106702cf4356c91540ed8209970459f,23e722943096f054c2cc425a600ea7f7c106702cf4356c91540ed8209970459f
synthetic_multimodal_fusion,mm_083,train,,generate_multimodal_dataset,,54188cf7c1602d4f4a00229a0d6e781f46bb71704642e2acd342f897a6ec8698,54188cf7c1602d4f4a00229a0d6e781f46bb71704642e2acd342f897a6ec8698
synthetic_multimodal_fusion,mm_084,train,,generate_multimodal_dataset,,1979eaa848bf74b08f0bcb86af2ae20aa1a66fd962ea85b580b627d6377e8f9f,1979eaa848bf74b08f0bcb86af2ae20aa1a66fd962ea85b580b627d6377e8f9f
synthetic_multimodal_fusion,mm_085,train,,generate_multimodal_dataset,,6988f032b11177e79a723de69c45f9c4f662215464902d844931771074948d42,6988f032b11177e79a723de69c45f9c4f662215464902d844931771074948d42
synthetic_multimodal_fusion,mm_086,train,,generate_multimodal_dataset,,d11566b8d1a33745d2d5e56ae5c744d502ae1beda8ec36df5addc93418f52a18,d11566b8d1a33745d2d5e56ae5c744d502ae1beda8ec36df5addc93418f52a18
synthetic_multimodal_fusion,mm_087,train,,generate_multimodal_dataset,,b19ab5edfe699175715a7fdb5fae53c9d04da2f6a1f32e93ca17903a753ad783,b19ab5edfe699175715a7fdb5fae53c9d04da2f6a1f32e93ca17903a753ad783
synthetic_multimodal_fusion,mm_088,train,,generate_multimodal_dataset,,f4c728df357750fae78eee68bbd99d95082ce313b7a9817eb62cd92e20e61fbe,f4c728df357750fae78eee68bbd99d95082ce313b7a9817eb62cd92e20e61fbe
synthetic_multimodal_fusion,mm_089,train,,generate_multimodal_dataset,,b59ccc21f2885c86fdda6a219f0b3ee5137315338cd156a36038e1405ff0af3d,b59ccc21f2885c86fdda6a219f0b3ee5137315338cd156a36038e1405ff0af3d
synthetic_multimodal_fusion,mm_090,train,,generate_multimodal_dataset,,7dc7bc3195c907e0b9ffebcd644f5e5fa14d4c854b197b555aa2c10694d24081,7dc7bc3195c907e0b9ffebcd644f5e5fa14d4c854b197b555aa2c10694d24081
synthetic_multimodal_fusion,mm_091,train,,generate_multimodal_dataset,,d32054c016fae70b8beb87aebf1639c7ab4fad87729942c3d6f3494ee71b5c18,d32054c016fae70b8beb87aebf1639c7ab4fad87729942c3d6f3494ee71b5c18
synthetic_multimodal_fusion,mm_092,train,,generate_multimodal_dataset,,97510e200b24dcce4ebe96e426b8e031fc246a6284afec091b0049268f38ad95,97510e200b24dcce4ebe96e426b8e031fc246a6284afec091b0049268f38ad95
synthetic_multimodal_fusion,mm_093,train,,generate_multimodal_dataset,,4ccc7a4a4f4223b4d846f68f6de02cccce49c9e878f2156bd921214800319f04,4ccc7a4a4f4223b4d846f68f6de02cccce49c9e878f2156bd921214800319f04
synthetic_multimodal_fusion,mm_094,train,,generate_multimodal_dataset,,a6f748d5e940360fe092ffbfbc48dfe51b9f4b68e874173826485e45a529eb64,a6f748d5e940360fe092ffbfbc48dfe51b9f4b68e874173826485e45a529eb64
synthetic_multimodal_fusion,mm_095,train,,generate_multimodal_dataset,,75ab93b83d7ded47acc843efb956291a6a2692fd6edfacb39ead2d424b710cd2,75ab93b83d7ded47acc843efb956291a6a2692fd6edfacb39ead2d424b710cd2
synthetic_multimodal_fusion,mm_096,train,,generate_multimodal_dataset,,d0b1bc14c37ffeadc5fa009200ab389c45ee32a1071f8f48f6b90a0846d326ad,d0b1bc14c37ffeadc5fa009200ab389c45ee32a1071f8f48f6b90a0846d326ad
synthetic_multimodal_fusion,mm_097,train,,generate_multimodal_dataset,,81456063046921a45896d28b8b9061e0381e87bafed49f2d31bed9596a8d8b3e,81456063046921a45896d28b8b9061e0381e87bafed49f2d31bed9596a8d8b3e
synthetic_multimodal_fusion,mm_098,train,,generate_multimodal_dataset,,03f64cb658737514e77418435ba0222a67f2900bec164d336f0ecc2ccfd7422c,03f64cb658737514e77418435ba0222a67f2900bec164d336f0ecc2ccfd7422c
synthetic_multimodal_fusion,mm_099,train,,generate_multimodal_dataset,,4215d1f6298e33daa6e41b3f7ac190e10b07fd4a5607dcfae571f3fdd75d9858,4215d1f6298e33daa6e41b3f7ac190e10b07fd4a5607dcfae571f3fdd75d9858
synthetic_multimodal_fusion,mm_100,train,,generate_multimodal_dataset,,97d880854f147ade8b6d78356086abac18620049eb98a122aae13089f1b31cbe,97d880854f147ade8b6d78356086abac18620049eb98a122aae13089f1b31cbe
synthetic_multimodal_fusion,mm_101,train,,generate_multimodal_dataset,,f80e6b75784ca9ba779b691725423780538f82f3fbbc98e0c2167266df4cb82b,f80e6b75784ca9ba779b691725423780538f82f3fbbc98e0c2167266df4cb82b
synthetic_multimodal_fusion,mm_102,train,,generate_multimodal_dataset,,2a53b4521b44c718a12e037c4b28e6ebdba3e3145adeb46e5871c388cb12fe52,2a53b4521b44c718a12e037c4b28e6ebdba3e3145adeb46e5871c388cb12fe52
synthetic_multimodal_fusion,mm_103,train,,generate_multimodal_dataset,,ca6ae91ec135f16d2d6a51f44cfd317076069a5ceff745350cd77eb9d365ea99,ca6ae91ec135f16d2d6a51f44cfd317076069a5ceff745350cd77eb9d365ea99
synthetic_multimodal_fusion,mm_104,train,,generate_multimodal_dataset,,40aa18826ce2f0d78ba8a43343dc3e663618359f7538157b742eb19574eb9808,40aa18826ce2f0d78ba8a43343dc3e663618359f7538157b742eb19574eb9808
synthetic_multimodal_fusion,mm_105,train,,generate_multimodal_dataset,,3bf77d67a63f2a02e5cceadc5055cbb0bf2b61cc0e199f7a007fa7aa9c0baffb,3bf77d67a63f2a02e5cceadc5055cbb0bf2b61cc0e199f7a007fa7aa9c0baffb
synthetic_multimodal_fusion,mm_106,train,,generate_multimodal_dataset,,ea161da5bb46b7f6984601b5b3d432eb4bcc73f7e4dc0ac5c2814791f2382189,ea161da5bb46b7f6984601b5b3d432eb4bcc73f7e4dc0ac5c2814791f2382189
synthetic_multimodal_fusion,mm_107,train,,generate_multimodal_dataset,,dc0d4ca43b7ec017f0d970671dbd1b55132b953825e0c3b7e3b122031eda0067,dc0d4ca43b7ec017f0d970671dbd1b55132b953825e0c3b7e3b122031eda0067
synthetic_multimodal_fusion,mm_108,train,,generate_multimodal_dataset,,2301df3b3c492a46d38777fea33d599db773dfbc56cdc4c56b382ff8018f16f9,2301df3b3c492a46d38777fea33d599db773dfbc56cdc4c56b382ff8018f16f9
synthetic_multimodal_fusion,mm_109,train,,generate_multimodal_dataset,,dba54aa7ad0619cc1e4b5f9603f822f0d074c044f2916ea3e54a201ceb659006,dba54aa7ad0619cc1e4b5f9603f822f0d074c044f2916ea3e54a201ceb659006
synthetic_multimodal_fusion,mm_110,train,,generate_multimodal_dataset,,c2d6adfb3267900d587d1789af094b6dd6464b586a813b8fd1f50def72db3a1e,c2d6adfb3267900d587d1789af094b6dd6464b586a813b8fd1f50def72db3a1e
synthetic_multimodal_fusion,mm_111,train,,generate_multimodal_dataset,,32a4a68c0d608c42d9501356bfcb3b0ab279316c65821c1e065bc14c36ae9dfa,32a4a68c0d608c42d9501356bfcb3b0ab279316c65821c1e065bc14c36ae9dfa
synthetic_multimodal_fusion,mm_112,train,,generate_multimodal_dataset,,0ac985cac3f5b04a04644975eb5be41bd162bf5c35ea2757f7c30fe81c2f6017,0ac985cac3f5b04a04644975eb5be41bd162bf5c35ea2757f7c30fe81c2f6017
synthetic_multimodal_fusion,mm_113,train,,generate_multimodal_dataset,,6238c8584dfc1527759fef0c0d6ae581dc4cfe0926992cbdaa93e797784ad81d,6238c8584dfc1527759fef0c0d6ae581dc4cfe0926992cbdaa93e797784ad81d
synthetic_multimodal_fusion,mm_114,train,,generate_multimodal_dataset,,57319a54390db266e9872cc77b529674be0312663ad902fc60bfec6043b28c29,57319a54390db266e9872cc77b529674be0312663ad902fc60bfec6043b28c29
synthetic_multimodal_fusion,mm_115,train,,generate_multimodal_dataset,,8e7ca0d85bfc56d857891cd58f5bd50087d2150a6728e0c7522ce92889ef1741,8e7ca0d85bfc56d857891cd58f5bd50087d2150a6728e0c7522ce92889ef1741
synthetic_multimodal_fusion,mm_116,train,,generate_multimodal_dataset,,541e3b55e4c27e490cc88a5e0643f64d7a4433f7122eda738c69f13a4588c6d0,541e3b55e4c27e490cc88a5e0643f64d7a4433f7122eda738c69f13a4588c6d0
synthetic_multimodal_fusion,mm_117,train,,generate_multimodal_dataset,,16e74f2da7736b0bb0ce03dfb46c6b9a3633ed4b90da50c2c23a3e9eeb75c0ce,16e74f2da7736b0bb0ce03dfb46c6b9a3633ed4b90da50c2c23a3e9eeb75c0ce
synthetic_multimodal_fusion,mm_118,train,,generate_multimodal_dataset,,5f1dde298b0f87d63ef9ee2050088ebdb0a1e0ea098784e4c6798cc00e6f18b2,5f1dde298b0f87d63ef9ee2050088ebdb0a1e0ea098784e4c6798cc00e6f18b2
synthetic_multimodal_fusion,mm_119,train,,generate_multimodal_dataset,,77c97910bce5e99ed9223d603ac96df9f4b47ff226a9a81c032b6c7bbddc670d,77c97910bce5e99ed9223d603ac96df9f4b47ff226a9a81c032b6c7bbddc670d
synthetic_multimodal_fusion,mm_120,train,,generate_multimodal_dataset,,efa8287f2fcd82c990cecfe4d81ad9206f57faad175efae60ef64a3dfe2ea1b8,efa8287f2fcd82c990cecfe4d81ad9206f57faad175efae60ef64a3dfe2ea1b8
synthetic_multimodal_fusion,mm_121,train,,generate_multimodal_dataset,,705f9f2c4e3e325a62dfc5f076e35b30daf5d70660c889b5d21fcb616cbd0de7,705f9f2c4e3e325a62dfc5f076e35b30daf5d70660c889b5d21fcb616cbd0de7
synthetic_multimodal_fusion,mm_122,train,,generate_multimodal_dataset,,299d5c51d208cf2a8d9b4b50fe0b8c37b221c4fb20f7c7b07f321183a8b0a414,299d5c51d208cf2a8d9b4b50fe0b8c37b221c4fb20f7c7b07f321183a8b0a414
synthetic_multimodal_fusion,mm_123,train,,generate_multimodal_dataset,,1df0c3a7b0fc87a8c827c3059b83973b2edf2a10f6327dcc9d436a6cf6e7da28,1df0c3a7b0fc87a8c827c3059b83973b2edf2a10f6327dcc9d436a6cf6e7da28
synthetic_multimodal_fusion,mm_124,train,,generate_multimodal_dataset,,690df8dcbd0f442d5487c3ae14d661336f30b35df079c5eba3f8739b2f1371a3,690df8dcbd0f442d5487c3ae14d661336f30b35df079c5eba3f8739b2f1371a3
synthetic_multimodal_fusion,mm_125,train,,generate_multimodal_dataset,,2759ded41edfdf360223ceafe2a59b478b7d99d7753eeed0edf69011d16e79fe,2759ded41edfdf360223ceafe2a59b478b7d99d7753eeed0edf69011d16e79fe
synthetic_multimodal_fusion,mm_126,train,,generate_multimodal_dataset,,604eb3dbc93417a175d146457f02aca5597155d66f07fd576a4c8797cf703566,604eb3dbc93417a175d146457f02aca5597155d66f07fd576a4c8797cf703566
synthetic_multimodal_fusion,mm_127,train,,generate_multimodal_dataset,,31b61116e97cb9b9eab8a76a92681a292f0035f6b47c917d05ab43e26ea3b865,31b61116e97cb9b9eab8a76a92681a292f0035f6b47c917d05ab43e26ea3b865
synthetic_multimodal_fusion,mm_128,train,,generate_multimodal_dataset,,8699fc3afac6baf6b5d67248c7ac855f1bc5aef945b1d67957e4cc0c8422401a,8699fc3afac6baf6b5d67248c7ac855f1bc5aef945b1d67957e4cc0c8422401a
synthetic_multimodal_fusion,mm_129,train,,generate_multimodal_dataset,,718d82181f7c1cf44904961731d225da161bf37c5903501871f2f5eb54e59ba5,718d82181f7c1cf44904961731d225da161bf37c5903501871f2f5eb54e59ba5
synthetic_multimodal_fusion,mm_130,train,,generate_multimodal_dataset,,934a6a4f71a910fcf150dba5844061d551f5db72f1dc5905296af4df7480e53b,934a6a4f71a910fcf150dba5844061d551f5db72f1dc5905296af4df7480e53b
synthetic_multimodal_fusion,mm_131,train,,generate_multimodal_dataset,,c6bf999e2d3e693ed3c8c779a67c7a073e4da88899b27eddb72c5ee6d49f11de,c6bf999e2d3e693ed3c8c779a67c7a073e4da88899b27eddb72c5ee6d49f11de
synthetic_multimodal_fusion,mm_132,train,,generate_multimodal_dataset,,51d4c67d1da03acd8870ec5c6dd320f71d5745ff5fd4900906b7aca43d5d3c46,51d4c67d1da03acd8870ec5c6dd320f71d5745ff5fd4900906b7aca43d5d3c46
synthetic_multimodal_fusion,mm_133,train,,generate_multimodal_dataset,,f29db5f5f3566430433658ecbbb36b96123f83b98dcd60be8b4aa2b187b8c7d2,f29db5f5f3566430433658ecbbb36b96123f83b98dcd60be8b4aa2b187b8c7d2
synthetic_multimodal_fusion,mm_134,train,,generate_multimodal_dataset,,5faa23983c72a3a9cef7e538a070eaee07514ae75e3249e9d42ee36cf8a52f38,5faa23983c72a3a9cef7e538a070eaee07514ae75e3249e9d42ee36cf8a52f38
synthetic_multimodal_fusion,mm_135,train,,generate_multimodal_dataset,,9017a4fcee39d441249ee608fe575edcd2f24981f8fbb65f8dca64bdc9d2c6de,9017a4fcee39d441249ee608fe575edcd2f24981f8fbb65f8dca64bdc9d2c6de
synthetic_multimodal_fusion,mm_136,train,,generate_multimodal_dataset,,857f681e2f41d2f3b70f5ad6e1e6d408e1252c79c260c7467c7a3ed141e2a96f,857f681e2f41d2f3b70f5ad6e1e6d408e1252c79c260c7467c7a3ed141e2a96f
synthetic_multimodal_fusion,mm_137,train,,generate_multimodal_dataset,,6be20641d427f7e81cad9244116e97e43914de7c2b09438bf8c98872a88ada9d,6be20641d427f7e81cad9244116e97e43914de7c2b09438bf8c98872a88ada9d
synthetic_multimodal_fusion,mm_138,train,,generate_multimodal_dataset,,c62340bed461772df9424f9aca4034de0edfe043ef3420ea39f4f26ffe8b8be3,c62340bed461772df9424f9aca4034de0edfe043ef3420ea39f4f26ffe8b8be3
synthetic_multimodal_fusion,mm_139,train,,generate_multimodal_dataset,,43ea77bc28af7498257eb92ee7aae070188c08bc5379ec5ba1941c82b8579d65,43ea77bc28af7498257eb92ee7aae070188c08bc5379ec5ba1941c82b8579d65
synthetic_multimodal_fusion,mm_140,val,,generate_multimodal_dataset,,f95bad29c783466892bc4be8e187014ac1549e684eb935a1505f02969f338f9e,f95bad29c783466892bc4be8e187014ac1549e684eb935a1505f02969f338f9e
synthetic_multimodal_fusion,mm_141,val,,generate_multimodal_dataset,,61bdd7405da6b73eeb76410415cad05c18f24404913094ed78141bdabf30f11d,61bdd7405da6b73eeb76410415cad05c18f24404913094ed78141bdabf30f11d
synthetic_multimodal_fusion,mm_142,val,,generate_multimodal_dataset,,300e521383a4575d846b72a251dc9d8b2e1a9017e71364600122d4865e24d8e5,300e521383a4575d846b72a251dc9d8b2e1a9017e71364600122d4865e24d8e5
synthetic_multimodal_fusion,mm_143,val,,generate_multimodal_dataset,,627b5ed14111103a9eeb857388fe3fa8c8756cd04f6d5005a3fc901b9cf05d70,627b5ed14111103a9eeb857388fe3fa8c8756cd04f6d5005a3fc901b9cf05d70
synthetic_multimodal_fusion,mm_144,val,,generate_multimodal_dataset,,e33037d4f0904d5d8c33cb944ac12d7811a3a9c73236ece19695c9c0b61114da,e33037d4f0904d5d8c33cb944ac12d7811a3a9c73236ece19695c9c0b61114da
synthetic_multimodal_fusion,mm_145,val,,generate_multimodal_dataset,,5c083758beb6d0ef8db3ea1d225c8ce311f92f07608ccd9407960cfffebda21c,5c083758beb6d0ef8db3ea1d225c8ce311f92f07608ccd9407960cfffebda21c
synthetic_multimodal_fusion,mm_146,val,,generate_multimodal_dataset,,9156aac6639651828c7df70eb60eff96cb553a3be4c0d3e453e27cbb814d4004,9156aac6639651828c7df70eb60eff96cb553a3be4c0d3e453e27cbb814d4004
synthetic_multimodal_fusion,mm_147,val,,generate_multimodal_dataset,,236bc4358c6d99a898e5075e8b0201a1472fe07230e5c3bbcc414c89b37c2d66,236bc4358c6d99a898e5075e8b0201a1472fe07230e5c3bbcc414c89b37c2d66
synthetic_multimodal_fusion,mm_148,val,,generate_multimodal_dataset,,d901cb09f08ca16d5aa6a67ffa8b24fc9353edaf5e1daad0b6676c900e3800d4,d901cb09f08ca16d5aa6a67ffa8b24fc9353edaf5e1daad0b6676c900e3800d4
synthetic_multimodal_fusion,mm_149,val,,generate_multimodal_dataset,,31bd37dbcf344e1d9a05e4594a3c430a8271eae6caee79ec574ecf7163c3ed3b,31bd37dbcf344e1d9a05e4594a3c430a8271eae6caee79ec574ecf7163c3ed3b
synthetic_multimodal_fusion,mm_150,val,,generate_multimodal_dataset,,426edd576711d7711b79a0dc2faaf7e6498ec8abe3d754b155bf3cf1c907fb05,426edd576711d7711b79a0dc2faaf7e6498ec8abe3d754b155bf3cf1c907fb05
synthetic_multimodal_fusion,mm_151,val,,generate_multimodal_dataset,,70a866806e5fabb566017efe6cd91a9fa48c0a0f843670096615d4cea1003938,70a866806e5fabb566017efe6cd91a9fa48c0a0f843670096615d4cea1003938
synthetic_multimodal_fusion,mm_152,val,,generate_multimodal_dataset,,8824fb077d0ecba0427d48d2385ba1abea9f67b755be75d86368c4b9d6504896,8824fb077d0ecba0427d48d2385ba1abea9f67b755be75d86368c4b9d6504896
synthetic_multimodal_fusion,mm_153,val,,generate_multimodal_dataset,,09071135000b0b6b682538ac254b31ba76f59dde5f00f533f83f469573485467,09071135000b0b6b682538ac254b31ba76f59dde5f00f533f83f469573485467
synthetic_multimodal_fusion,mm_154,val,,generate_multimodal_dataset,,e3491dc6c693bb54aeff54390ba04b6db571a08fc535d1ffbba2ef5ccdac43e9,e3491dc6c693bb54aeff54390ba04b6db571a08fc535d1ffbba2ef5ccdac43e9
synthetic_multimodal_fusion,mm_155,val,,generate_multimodal_dataset,,5e880f87bd4ef8210d90095ed51a47afddd3f872cf39182960073809568b1a23,5e880f87bd4ef8210d90095ed51a47afddd3f872cf39182960073809568b1a23
synthetic_multimodal_fusion,mm_156,val,,generate_multimodal_dataset,,011a1c6e51d92e3f589c6876baf9f00573cca37179272c2455ba3e1b0c14698e,011a1c6e51d92e3f589c6876baf9f00573cca37179272c2455ba3e1b0c14698e
synthetic_multimodal_fusion,mm_157,val,,generate_multimodal_dataset,,95d8211c21660160ef0249b5a6cad5f9173f959a96b3e8b1da077b0e06dfbe2a,95d8211c21660160ef0249b5a6cad5f9173f959a96b3e8b1da077b0e06dfbe2a
synthetic_multimodal_fusion,mm_158,val,,generate_multimodal_dataset,,d9fb5849806362f0e43e5dd61c9f8b1106c7d1f4c515578bbe7e70492c0eba38,d9fb5849806362f0e43e5dd61c9f8b1106c7d1f4c515578bbe7e70492c0eba38
synthetic_multimodal_fusion,mm_159,val,,generate_multimodal_dataset,,cbd418588b42197cef5288f9d934228297af7aa7482122ce125df0253adbe232,cbd418588b42197cef5288f9d934228297af7aa7482122ce125df0253adbe232
synthetic_multimodal_fusion,mm_160,val,,generate_multimodal_dataset,,d1032b29c82543f26598001fdf430478058b8b039309350046d50a3559303573,d1032b29c82543f26598001fdf430478058b8b039309350046d50a3559303573
synthetic_multimodal_fusion,mm_161,val,,generate_multimodal_dataset,,af6ed610202e08907b9c19cb45cb9db96c42e239b0bb477962c1566704c3b960,af6ed610202e08907b9c19cb45cb9db96c42e239b0bb477962c1566704c3b960
synthetic_multimodal_fusion,mm_162,val,,generate_multimodal_dataset,,3b5f92fb1ec4fbc5701083a029ee5859b1239f1e3f7e5c0858ffeacb0dae002c,3b5f92fb1ec4fbc5701083a029ee5859b1239f1e3f7e5c0858ffeacb0dae002c
synthetic_multimodal_fusion,mm_163,val,,generate_multimodal_dataset,,96a39c455794d0980c48c1618019253ecccdf172fb82ac2e08305ab2414bf331,96a39c455794d0980c48c1618019253ecccdf172fb82ac2e08305ab2414bf331
synthetic_multimodal_fusion,mm_164,val,,generate_multimodal_dataset,,ed22184406592d8347b6e2be27b3e45ffd18b6d7436f25d1b1dd28b5f62eef80,ed22184406592d8347b6e2be27b3e45ffd18b6d7436f25d1b1dd28b5f62eef80
synthetic_multimodal_fusion,mm_165,val,,generate_multimodal_dataset,,bc01a0189f785e2e460c9f523decbe920ffb59ea2cb7e1144b5b04f3d405f10d,bc01a0189f785e2e460c9f523decbe920ffb59ea2cb7e1144b5b04f3d405f10d
synthetic_multimodal_fusion,mm_166,val,,generate_multimodal_dataset,,3b1810f84c2cb28930c6b0550b539bcf2bdfa98b6d1b6fa586b06831d082bf99,3b1810f84c2cb28930c6b0550b539bcf2bdfa98b6d1b6fa586b06831d082bf99
synthetic_multimodal_fusion,mm_167,val,,generate_multimodal_dataset,,a2dc0090dbe4c7262158633530a7b7ea906c01605a4e71352526cdf05278e34a,a2dc0090dbe4c7262158633530a7b7ea906c01605a4e71352526cdf05278e34a
synthetic_multimodal_fusion,mm_168,val,,generate_multimodal_dataset,,27cabf756177457fb9e018a585c19feed1bcdbfc021e67977f145638cd82d8e9,27cabf756177457fb9e018a585c19feed1bcdbfc021e67977f145638cd82d8e9
synthetic_multimodal_fusion,mm_169,val,,generate_multimodal_dataset,,c7768cbedc958482248b62f0f5de4c6720011da6e39a589a3b52657f11f3342f,c7768cbedc958482248b62f0f5de4c6720011da6e39a589a3b52657f11f3342f
synthetic_multimodal_fusion,mm_170,test,,generate_multimodal_dataset,,60d156893db65ddb67c73d0e2b2b5e981c1479e55ed3135244455ac99a8a385e,60d156893db65ddb67c73d0e2b2b5e981c1479e55ed3135244455ac99a8a385e
synthetic_multimodal_fusion,mm_171,test,,generate_multimodal_dataset,,029f7b726ba6e35c5087673a9581f0614f80380d5b9bc05cef84397102355d5e,029f7b726ba6e35c5087673a9581f0614f80380d5b9bc05cef84397102355d5e
synthetic_multimodal_fusion,mm_172,test,,generate_multimodal_dataset,,1842a51d50a0a8053f0f81f9faeeb86d208d35be17898c41d06048cd0688ec1d,1842a51d50a0a8053f0f81f9faeeb86d208d35be17898c41d06048cd0688ec1d
synthetic_multimodal_fusion,mm_173,test,,generate_multimodal_dataset,,06deb5dae7c43c5f9bd848c8b328e070a64f7a8e07307a0f1a1b5b905c6bf4cc,06deb5dae7c43c5f9bd848c8b328e070a64f7a8e07307a0f1a1b5b905c6bf4cc
synthetic_multimodal_fusion,mm_174,test,,generate_multimodal_dataset,,00533cd94a4dbba936c559a938eaafa16ed72a60dc3fe78a412947eb1ce73b0f,00533cd94a4dbba936c559a938eaafa16ed72a60dc3fe78a412947eb1ce73b0f
synthetic_multimodal_fusion,mm_175,test,,generate_multimodal_dataset,,641c782130e28cd4de940cdb0dd386cda49728f91fe760659b591a448e23bad9,641c782130e28cd4de940cdb0dd386cda49728f91fe760659b591a448e23bad9
synthetic_multimodal_fusion,mm_176,test,,generate_multimodal_dataset,,cb28e90c8d09cd9e155916e8ad08a3ec9318da7332810bc8a1d584174112216e,cb28e90c8d09cd9e155916e8ad08a3ec9318da7332810bc8a1d584174112216e
synthetic_multimodal_fusion,mm_177,test,,generate_multimodal_dataset,,c2a63daa7d02c6bf131eff6e75da8df809811d3cd72058312dc8247b4e224ab2,c2a63daa7d02c6bf131eff6e75da8df809811d3cd72058312dc8247b4e224ab2
synthetic_multimodal_fusion,mm_178,test,,generate_multimodal_dataset,,476b2ff5a73aa56863e4dc8b78f4d553c68f5c7e6421cf77c691f31771d0aefb,476b2ff5a73aa56863e4dc8b78f4d553c68f5c7e6421cf77c691f31771d0aefb
synthetic_multimodal_fusion,mm_179,test,,generate_multimodal_dataset,,c4e8ccb80f0ea99a9de94652d975c3539730b3746d205b3f4e0b1c92a8d29be0,c4e8ccb80f0ea99a9de94652d975c3539730b3746d205b3f4e0b1c92a8d29be0
synthetic_multimodal_fusion,mm_180,test,,generate_multimodal_dataset,,26dc2b80b6733ad0141272cd635a62f949ad3ec7d5882ee6dbb7af418f86e7ea,26dc2b80b6733ad0141272cd635a62f949ad3ec7d5882ee6dbb7af418f86e7ea
synthetic_multimodal_fusion,mm_181,test,,generate_multimodal_dataset,,126e36ab70080f4f625518e10630a13dec978d028662bf42e9106afb89caa4f4,126e36ab70080f4f625518e10630a13dec978d028662bf42e9106afb89caa4f4
synthetic_multimodal_fusion,mm_182,test,,generate_multimodal_dataset,,3162ca5a7a533c8fe7f46c85fcd10b5e72d75c9c7d4fc265283448028dd08290,3162ca5a7a533c8fe7f46c85fcd10b5e72d75c9c7d4fc265283448028dd08290
synthetic_multimodal_fusion,mm_183,test,,generate_multimodal_dataset,,c0a1e26da6bee4139ffa0fe67006c794466b36d4a0c0a383c39f1335107ea1e2,c0a1e26da6bee4139ffa0fe67006c794466b36d4a0c0a383c39f1335107ea1e2
synthetic_multimodal_fusion,mm_184,test,,generate_multimodal_dataset,,3e9042b3726edd86336c217ea172eea577d86b0fcac625068539de78cbba49b4,3e9042b3726edd86336c217ea172eea577d86b0fcac625068539de78cbba49b4
synthetic_multimodal_fusion,mm_185,test,,generate_multimodal_dataset,,cc3cb757c4b79877729eadf05442a1d8464fabc15d13121edc2282ff27a38c35,cc3cb757c4b79877729eadf05442a1d8464fabc15d13121edc2282ff27a38c35
synthetic_multimodal_fusion,mm_186,test,,generate_multimodal_dataset,,03d9399c71d8e8e40021acbceaf31b2794b419a91346f7da503dc31ec20e421e,03d9399c71d8e8e40021acbceaf31b2794b419a91346f7da503dc31ec20e421e
synthetic_multimodal_fusion,mm_187,test,,generate_multimodal_dataset,,219d9d5994a5125b031a7d683ab32cdaa387c78d46248cc14171ac3de759b0ab,219d9d5994a5125b031a7d683ab32cdaa387c78d46248cc14171ac3de759b0ab
synthetic_multimodal_fusion,mm_188,test,,generate_multimodal_dataset,,b2b34e54ae9253efc752a41ec4e15457d89c5ded4e7a8f217a8bb3bac38bacc8,b2b34e54ae9253efc752a41ec4e15457d89c5ded4e7a8f217a8bb3bac38bacc8
synthetic_multimodal_fusion,mm_189,test,,generate_multimodal_dataset,,c4db92b9518d391609c64aeadc7e2ee9daf9e4b3dc51754df3fe26146995031b,c4db92b9518d391609c64aeadc7e2ee9daf9e4b3dc51754df3fe26146995031b
synthetic_multimodal_fusion,mm_190,test,,generate_multimodal_dataset,,12002044f93c8bdd9451fca582ce4ba744793ba7adf8620ab4676d3e72d6c4cd,12002044f93c8bdd9451fca582ce4ba744793ba7adf8620ab4676d3e72d6c4cd
synthetic_multimodal_fusion,mm_191,test,,generate_multimodal_dataset,,0140eb82c3ae7be4ae1cbad7c3a596a52dc1a726c057a70f2791114299234005,0140eb82c3ae7be4ae1cbad7c3a596a52dc1a726c057a70f2791114299234005
synthetic_multimodal_fusion,mm_192,test,,generate_multimodal_dataset,,06d9773d133f9dc61ee60e69c17b1992310f516eb2d5ecfb4141daacf013014d,06d9773d133f9dc61ee60e69c17b1992310f516eb2d5ecfb4141daacf013014d
synthetic_multimodal_fusion,mm_193,test,,generate_multimodal_dataset,,5e4f4b06c81991e338fe9a7a52984d2c63ad51ea6f8063ef5873540ae4154a5e,5e4f4b06c81991e338fe9a7a52984d2c63ad51ea6f8063ef5873540ae4154a5e
synthetic_multimodal_fusion,mm_194,test,,generate_multimodal_dataset,,2acefda2d07c6f8c2153b884de383629152449df2d4cec966077a2bae20cc127,2acefda2d07c6f8c2153b884de383629152449df2d4cec966077a2bae20cc127
synthetic_multimodal_fusion,mm_195,test,,generate_multimodal_dataset,,b87461a0e096499a58dab8302076cca70fb3d4dd0fb4453b5c19cf3151e9f412,b87461a0e096499a58dab8302076cca70fb3d4dd0fb4453b5c19cf3151e9f412
synthetic_multimodal_fusion,mm_196,test,,generate_multimodal_dataset,,19bac4544001cb043d671db8e071704fdd19abc0c0fc32827dbce2c5505f2e8c,19bac4544001cb043d671db8e071704fdd19abc0c0fc32827dbce2c5505f2e8c
synthetic_multimodal_fusion,mm_197,test,,generate_multimodal_dataset,,e19abb4b9c9d17d555e23d0cab93d7cbd42edeaafbf48785ba944018b82868aa,e19abb4b9c9d17d555e23d0cab93d7cbd42edeaafbf48785ba944018b82868aa
synthetic_multimodal_fusion,mm_198,test,,generate_multimodal_dataset,,0e929548bc020aae8a821b0362bfeaa17f38fb6fd674c57ffe08b860805c22b8,0e929548bc020aae8a821b0362bfeaa17f38fb6fd674c57ffe08b860805c22b8
synthetic_multimodal_fusion,mm_199,test,,generate_multimodal_dataset,,52b591a6550de9ee41999329b0db17347a0b09453bffb6ff8fad4048d970ea26,52b591a6550de9ee41999329b0db17347a0b09453bffb6ff8fad4048d970ea26
synthetic_50hz_motion_windows,sens_0001,train,subj_001,SisFall / UCI HAR Motion Telemetry,,2dc4aa9557fed3cb8d6ed109349f1419fbc3d0a5f7947a8bf2de80090315929a,2dc4aa9557fed3cb8d6ed109349f1419fbc3d0a5f7947a8bf2de80090315929a
synthetic_50hz_motion_windows,sens_0002,train,subj_002,SisFall / UCI HAR Motion Telemetry,,3a2741c126b3a26544c78820c53db1b4f9a221b3473c6202ae3dca25d3b50329,3a2741c126b3a26544c78820c53db1b4f9a221b3473c6202ae3dca25d3b50329
synthetic_50hz_motion_windows,sens_0003,train,subj_003,SisFall / UCI HAR Motion Telemetry,,b56ae3c272f01c2f26c449eb6f873e158b58021bbb830148bffa0e47f5c63281,b56ae3c272f01c2f26c449eb6f873e158b58021bbb830148bffa0e47f5c63281
synthetic_50hz_motion_windows,sens_0004,val,subj_004,SisFall / UCI HAR Motion Telemetry,,2afa0eec780cd4a9c98b8c1a313c9f370d99462b9a528244c32d6dd102a08fbe,2afa0eec780cd4a9c98b8c1a313c9f370d99462b9a528244c32d6dd102a08fbe
synthetic_50hz_motion_windows,sens_0005,train,subj_005,SisFall / UCI HAR Motion Telemetry,,be67a27caab5e864cd0e5be3ef52a101edb0980492d5011be70e9f094bfc1b6a,be67a27caab5e864cd0e5be3ef52a101edb0980492d5011be70e9f094bfc1b6a
synthetic_50hz_motion_windows,sens_0006,train,subj_006,SisFall / UCI HAR Motion Telemetry,,569e41c3f8f446e62774903e411ba1db7f9680fd9627168ac44768f9c25be877,569e41c3f8f446e62774903e411ba1db7f9680fd9627168ac44768f9c25be877
synthetic_50hz_motion_windows,sens_0007,train,subj_007,SisFall / UCI HAR Motion Telemetry,,e3c88fb6434af864f4312168d0a8b8d8989abb5509159b52ffc87f5f475a5675,e3c88fb6434af864f4312168d0a8b8d8989abb5509159b52ffc87f5f475a5675
synthetic_50hz_motion_windows,sens_0008,test,subj_008,SisFall / UCI HAR Motion Telemetry,,bc19ad892e1cf640de39a995ede4603f35610d9bac48d6ac18ab31319872525b,bc19ad892e1cf640de39a995ede4603f35610d9bac48d6ac18ab31319872525b
synthetic_50hz_motion_windows,sens_0009,train,subj_009,SisFall / UCI HAR Motion Telemetry,,6b8e27b9db9fa6245ae7539a7ad180f8905b43069d4ff44e268e84047fc160ef,6b8e27b9db9fa6245ae7539a7ad180f8905b43069d4ff44e268e84047fc160ef
synthetic_50hz_motion_windows,sens_0010,train,subj_010,SisFall / UCI HAR Motion Telemetry,,70f9f79790c9ae75ae656af82f4286d2f52bbc8c303423ca9c8f30b6a6d23543,70f9f79790c9ae75ae656af82f4286d2f52bbc8c303423ca9c8f30b6a6d23543
synthetic_50hz_motion_windows,sens_0011,test,subj_011,SisFall / UCI HAR Motion Telemetry,,b93e1ab94bb817ecf091fc13c2f9edf187d131102d4cd3305b0a7c4c54fcf9c1,b93e1ab94bb817ecf091fc13c2f9edf187d131102d4cd3305b0a7c4c54fcf9c1
synthetic_50hz_motion_windows,sens_0012,train,subj_012,SisFall / UCI HAR Motion Telemetry,,4b354d7812043a5386e42f8631a7ba2b140c81ab9e7e71e465dc3eb8678cc0c1,4b354d7812043a5386e42f8631a7ba2b140c81ab9e7e71e465dc3eb8678cc0c1
synthetic_50hz_motion_windows,sens_0013,train,subj_013,SisFall / UCI HAR Motion Telemetry,,5144f7129f9f56703fec0500cc8b4fa573ff026575465d91ac0b14b4ddda0585,5144f7129f9f56703fec0500cc8b4fa573ff026575465d91ac0b14b4ddda0585
synthetic_50hz_motion_windows,sens_0014,train,subj_014,SisFall / UCI HAR Motion Telemetry,,86ce86f2fdec0b533316cfbc5732800e84ba7421a77f9ebb4fc6e70813144e5b,86ce86f2fdec0b533316cfbc5732800e84ba7421a77f9ebb4fc6e70813144e5b
synthetic_50hz_motion_windows,sens_0015,test,subj_015,SisFall / UCI HAR Motion Telemetry,,92b6d77c9e88753e20152ff30644055be0f732245df462012320351983205e93,92b6d77c9e88753e20152ff30644055be0f732245df462012320351983205e93
synthetic_50hz_motion_windows,sens_0016,train,subj_016,SisFall / UCI HAR Motion Telemetry,,d4bc9dfe652e7c0edc621402598698577212155aa97eb27f3037bad66b413efd,d4bc9dfe652e7c0edc621402598698577212155aa97eb27f3037bad66b413efd
synthetic_50hz_motion_windows,sens_0017,train,subj_017,SisFall / UCI HAR Motion Telemetry,,0dd47ecb0ddd337d09a44163d55581ced0c9e8891356a6fdbca8bb9bb1ef1c8b,0dd47ecb0ddd337d09a44163d55581ced0c9e8891356a6fdbca8bb9bb1ef1c8b
synthetic_50hz_motion_windows,sens_0018,train,subj_018,SisFall / UCI HAR Motion Telemetry,,76207477899778e006fbd2f8ce094845c7149dbac4883f91191d768fcd557b43,76207477899778e006fbd2f8ce094845c7149dbac4883f91191d768fcd557b43
synthetic_50hz_motion_windows,sens_0019,test,subj_019,SisFall / UCI HAR Motion Telemetry,,d172c29f723f16937d10b033927adbbdad1d0162248ab1bb1cebcd4c087f3433,d172c29f723f16937d10b033927adbbdad1d0162248ab1bb1cebcd4c087f3433
synthetic_50hz_motion_windows,sens_0020,train,subj_020,SisFall / UCI HAR Motion Telemetry,,91ce2bf19c748433344a8fbe4cc2e6f0c679e5699e7055f12b7ca3bd2f604b8a,91ce2bf19c748433344a8fbe4cc2e6f0c679e5699e7055f12b7ca3bd2f604b8a
synthetic_50hz_motion_windows,sens_0021,test,subj_021,SisFall / UCI HAR Motion Telemetry,,79b8acefb798b8460133c027aa6d1499fae075ef11d023e61f4babd794bcea8d,79b8acefb798b8460133c027aa6d1499fae075ef11d023e61f4babd794bcea8d
synthetic_50hz_motion_windows,sens_0022,train,subj_022,SisFall / UCI HAR Motion Telemetry,,78b77e037f169b104aaa3eedcfdaa4db9ab09a42507921c19ab3ded4f239120b,78b77e037f169b104aaa3eedcfdaa4db9ab09a42507921c19ab3ded4f239120b
synthetic_50hz_motion_windows,sens_0023,test,subj_023,SisFall / UCI HAR Motion Telemetry,,b288b79ff50aa368e031d852ec3489a3092dee81eb49b619470990750f7b55bd,b288b79ff50aa368e031d852ec3489a3092dee81eb49b619470990750f7b55bd
synthetic_50hz_motion_windows,sens_0024,val,subj_024,SisFall / UCI HAR Motion Telemetry,,1dfe11da9e61477f781fdb493e200b6d59a0163ffcf4e7856d3497f813461da4,1dfe11da9e61477f781fdb493e200b6d59a0163ffcf4e7856d3497f813461da4
synthetic_50hz_motion_windows,sens_0025,train,subj_025,SisFall / UCI HAR Motion Telemetry,,8fbf00d7fa027d2d24b3fb47503838b896c90f37606f25ea3e6a3f612bc588d8,8fbf00d7fa027d2d24b3fb47503838b896c90f37606f25ea3e6a3f612bc588d8
synthetic_50hz_motion_windows,sens_0026,train,subj_026,SisFall / UCI HAR Motion Telemetry,,859d52e54f9fabedb9dfcd8a75f2625522ab0847cb217813b660df2ff5dd9b40,859d52e54f9fabedb9dfcd8a75f2625522ab0847cb217813b660df2ff5dd9b40
synthetic_50hz_motion_windows,sens_0027,train,subj_027,SisFall / UCI HAR Motion Telemetry,,032046e6b2937cf1ce9d3274d529ab54f1f6c016118b23450d62b7b32addd61c,032046e6b2937cf1ce9d3274d529ab54f1f6c016118b23450d62b7b32addd61c
synthetic_50hz_motion_windows,sens_0028,train,subj_028,SisFall / UCI HAR Motion Telemetry,,3088fe637182217ad1df704a97b2e15efe844f8d4255670b018c28786307df4b,3088fe637182217ad1df704a97b2e15efe844f8d4255670b018c28786307df4b
synthetic_50hz_motion_windows,sens_0029,test,subj_029,SisFall / UCI HAR Motion Telemetry,,a0ed2318984f869f8d334172cfe0dd5075927ff055c652080e14db6394f856ff,a0ed2318984f869f8d334172cfe0dd5075927ff055c652080e14db6394f856ff
synthetic_50hz_motion_windows,sens_0030,train,subj_030,SisFall / UCI HAR Motion Telemetry,,ca99a0e74f96f19faf0d073654c4206fc09759c6c75aaafe95b80ce22d04c0eb,ca99a0e74f96f19faf0d073654c4206fc09759c6c75aaafe95b80ce22d04c0eb
synthetic_50hz_motion_windows,sens_0031,train,subj_031,SisFall / UCI HAR Motion Telemetry,,63d5b6db388667d83f4aaa75386fc9e533ac465ff047ea9ce69136e443ecc539,63d5b6db388667d83f4aaa75386fc9e533ac465ff047ea9ce69136e443ecc539
synthetic_50hz_motion_windows,sens_0032,val,subj_032,SisFall / UCI HAR Motion Telemetry,,3e9077e3f9c2967a41efa6578ceb4bfdc9eecebe43de8ec0cbdd7c81c4457d05,3e9077e3f9c2967a41efa6578ceb4bfdc9eecebe43de8ec0cbdd7c81c4457d05
synthetic_50hz_motion_windows,sens_0033,train,subj_033,SisFall / UCI HAR Motion Telemetry,,65b5a1ac4761dcf67127600e9f870149a69445eefa7ce8fc7718254ae71853b4,65b5a1ac4761dcf67127600e9f870149a69445eefa7ce8fc7718254ae71853b4
synthetic_50hz_motion_windows,sens_0034,train,subj_034,SisFall / UCI HAR Motion Telemetry,,0c1413256d63ed92fe2a149b466a2f490e5494811c50b1e3773992b938aa026d,0c1413256d63ed92fe2a149b466a2f490e5494811c50b1e3773992b938aa026d
synthetic_50hz_motion_windows,sens_0035,val,subj_035,SisFall / UCI HAR Motion Telemetry,,f43fe8076280fb1f834c4bd7528171a9c5ee2e11889375fcbdd510222e40511e,f43fe8076280fb1f834c4bd7528171a9c5ee2e11889375fcbdd510222e40511e
synthetic_50hz_motion_windows,sens_0036,val,subj_036,SisFall / UCI HAR Motion Telemetry,,e450406b40763c1e747b2fd2bc330855a4b77139a6258bf25dfd28fbe56e129c,e450406b40763c1e747b2fd2bc330855a4b77139a6258bf25dfd28fbe56e129c
synthetic_50hz_motion_windows,sens_0037,train,subj_037,SisFall / UCI HAR Motion Telemetry,,cac6a375aa8bc9f06ba297f67e00a9c382e74ca3d43263e75e34c78bc6b11033,cac6a375aa8bc9f06ba297f67e00a9c382e74ca3d43263e75e34c78bc6b11033
synthetic_50hz_motion_windows,sens_0038,train,subj_038,SisFall / UCI HAR Motion Telemetry,,c720f0624d5ab8e675d823c9ed49aaf510cff3224a07352e9dc1d23c13c01ade,c720f0624d5ab8e675d823c9ed49aaf510cff3224a07352e9dc1d23c13c01ade
synthetic_50hz_motion_windows,sens_0039,train,subj_001,SisFall / UCI HAR Motion Telemetry,,10a6921a039118f381cc4f5ff4e0601cd558e7e26292f99aa3e8e52c9d201463,10a6921a039118f381cc4f5ff4e0601cd558e7e26292f99aa3e8e52c9d201463
synthetic_50hz_motion_windows,sens_0040,train,subj_002,SisFall / UCI HAR Motion Telemetry,,04a1840938fec239f1eed8e5f51ddc45cc095d3463bdbb811f116ca8009f2385,04a1840938fec239f1eed8e5f51ddc45cc095d3463bdbb811f116ca8009f2385
synthetic_50hz_motion_windows,sens_0041,train,subj_003,SisFall / UCI HAR Motion Telemetry,,6d537526bba11aaec7ae7e7c207b10f1c8edf0c25f8c322e01343fc777522629,6d537526bba11aaec7ae7e7c207b10f1c8edf0c25f8c322e01343fc777522629
synthetic_50hz_motion_windows,sens_0042,val,subj_004,SisFall / UCI HAR Motion Telemetry,,5042d6385e215547093d5a91edc1c4165a3b1d76707dcfd5942a3190a6cff8fd,5042d6385e215547093d5a91edc1c4165a3b1d76707dcfd5942a3190a6cff8fd
synthetic_50hz_motion_windows,sens_0043,train,subj_005,SisFall / UCI HAR Motion Telemetry,,90fc962cb02ace8265568cc2e5fb99d4a891147a973b902349928527e570b4b3,90fc962cb02ace8265568cc2e5fb99d4a891147a973b902349928527e570b4b3
synthetic_50hz_motion_windows,sens_0044,train,subj_006,SisFall / UCI HAR Motion Telemetry,,3c45742dd7a33bf75fe8f37f7f37bce40344719f5858c9c65ceca48e65547c65,3c45742dd7a33bf75fe8f37f7f37bce40344719f5858c9c65ceca48e65547c65
synthetic_50hz_motion_windows,sens_0045,train,subj_007,SisFall / UCI HAR Motion Telemetry,,1c6b6046f73909b8e4fc22012ee4105ea6529724c3ca1858f156910c5c574d84,1c6b6046f73909b8e4fc22012ee4105ea6529724c3ca1858f156910c5c574d84
synthetic_50hz_motion_windows,sens_0046,test,subj_008,SisFall / UCI HAR Motion Telemetry,,3fd97931c590cc33f10f9f259a327258abeb5c7c9cf8ded39dff5787982615b5,3fd97931c590cc33f10f9f259a327258abeb5c7c9cf8ded39dff5787982615b5
synthetic_50hz_motion_windows,sens_0047,train,subj_009,SisFall / UCI HAR Motion Telemetry,,369d425fd5a2ed4beb2c7cb3c3b59d8bbe0cff79fb6e69526964980dbb5d8167,369d425fd5a2ed4beb2c7cb3c3b59d8bbe0cff79fb6e69526964980dbb5d8167
synthetic_50hz_motion_windows,sens_0048,train,subj_010,SisFall / UCI HAR Motion Telemetry,,a40f7f1a1b89f02adad260240862c2503882a563e7f9f510f03370671453fe1d,a40f7f1a1b89f02adad260240862c2503882a563e7f9f510f03370671453fe1d
synthetic_50hz_motion_windows,sens_0049,test,subj_011,SisFall / UCI HAR Motion Telemetry,,8bfd5867ae7749f98f9d08fd0f7938dcc8c56b33a740170067868324c32bce37,8bfd5867ae7749f98f9d08fd0f7938dcc8c56b33a740170067868324c32bce37
synthetic_50hz_motion_windows,sens_0050,train,subj_012,SisFall / UCI HAR Motion Telemetry,,2f8137ea4ccbb227c5be36a74da577de576e041a527536306ee693ab63afe5e4,2f8137ea4ccbb227c5be36a74da577de576e041a527536306ee693ab63afe5e4
synthetic_50hz_motion_windows,sens_0051,train,subj_013,SisFall / UCI HAR Motion Telemetry,,192c494920653d4738171443e5adbea851274a17bde7147e41403f1c2f4d3e43,192c494920653d4738171443e5adbea851274a17bde7147e41403f1c2f4d3e43
synthetic_50hz_motion_windows,sens_0052,train,subj_014,SisFall / UCI HAR Motion Telemetry,,7e8b36000573413ed59774340558278fea59903391c30d13d401180088af2a6b,7e8b36000573413ed59774340558278fea59903391c30d13d401180088af2a6b
synthetic_50hz_motion_windows,sens_0053,test,subj_015,SisFall / UCI HAR Motion Telemetry,,b4ba2b4a7bbbca834e010e478c1f81dd59ef484978904db699d1d4913366b317,b4ba2b4a7bbbca834e010e478c1f81dd59ef484978904db699d1d4913366b317
synthetic_50hz_motion_windows,sens_0054,train,subj_016,SisFall / UCI HAR Motion Telemetry,,900d91a1a7684b3956fe8f526ed074322a3597e71cb453281b77abdf54928010,900d91a1a7684b3956fe8f526ed074322a3597e71cb453281b77abdf54928010
synthetic_50hz_motion_windows,sens_0055,train,subj_017,SisFall / UCI HAR Motion Telemetry,,da7543b9ebe34af5486e9d97da30facb9e40778a6f00420a695c2016559f6987,da7543b9ebe34af5486e9d97da30facb9e40778a6f00420a695c2016559f6987
synthetic_50hz_motion_windows,sens_0056,train,subj_018,SisFall / UCI HAR Motion Telemetry,,001eadc5706f3783b042612d7f7dcfe37f026c217d0e46fadc3c85cbb659565d,001eadc5706f3783b042612d7f7dcfe37f026c217d0e46fadc3c85cbb659565d
synthetic_50hz_motion_windows,sens_0057,test,subj_019,SisFall / UCI HAR Motion Telemetry,,8bd9a6fb8ea8e00de2ac3f3680ef073ad01040b9026cad5fd2065f212908d7be,8bd9a6fb8ea8e00de2ac3f3680ef073ad01040b9026cad5fd2065f212908d7be
synthetic_50hz_motion_windows,sens_0058,train,subj_020,SisFall / UCI HAR Motion Telemetry,,71c6b67af8a26d4d94cab1d77e9c7fad78e8ddc67ab9945d5dacadedb0d13c14,71c6b67af8a26d4d94cab1d77e9c7fad78e8ddc67ab9945d5dacadedb0d13c14
synthetic_50hz_motion_windows,sens_0059,test,subj_021,SisFall / UCI HAR Motion Telemetry,,42d7ac98dab62bdaab8f48f163850c10c87bfc9bb6af39b3d4a734ac00f35bf1,42d7ac98dab62bdaab8f48f163850c10c87bfc9bb6af39b3d4a734ac00f35bf1
synthetic_50hz_motion_windows,sens_0060,train,subj_022,SisFall / UCI HAR Motion Telemetry,,2906df1176cc7034ef687b8b27e8672869e21e3e74b00724ce4c0357c2492141,2906df1176cc7034ef687b8b27e8672869e21e3e74b00724ce4c0357c2492141
synthetic_50hz_motion_windows,sens_0061,test,subj_023,SisFall / UCI HAR Motion Telemetry,,93090998b58e5bbf5173ceabe05bef87089680df56e05285abfbf9afdf5e48b1,93090998b58e5bbf5173ceabe05bef87089680df56e05285abfbf9afdf5e48b1
synthetic_50hz_motion_windows,sens_0062,val,subj_024,SisFall / UCI HAR Motion Telemetry,,d2c5b7306b6931aa7e47c9cc9fe070be255753951f67425d53a1d7d83957f781,d2c5b7306b6931aa7e47c9cc9fe070be255753951f67425d53a1d7d83957f781
synthetic_50hz_motion_windows,sens_0063,train,subj_025,SisFall / UCI HAR Motion Telemetry,,7bb90a603089843524d2c0186aa5761f5d713f01d9ea17ccb1ef4ef8d2842629,7bb90a603089843524d2c0186aa5761f5d713f01d9ea17ccb1ef4ef8d2842629
synthetic_50hz_motion_windows,sens_0064,train,subj_026,SisFall / UCI HAR Motion Telemetry,,6a3ee4eb5a3c81545329cb22c28a8db526a3b9ca18d9569d5cad1308a2c324ed,6a3ee4eb5a3c81545329cb22c28a8db526a3b9ca18d9569d5cad1308a2c324ed
synthetic_50hz_motion_windows,sens_0065,train,subj_027,SisFall / UCI HAR Motion Telemetry,,7a24d7f80b6a92ec3e242107a5ddfea4e86dd45a4684c359460e7fb2a88070ad,7a24d7f80b6a92ec3e242107a5ddfea4e86dd45a4684c359460e7fb2a88070ad
synthetic_50hz_motion_windows,sens_0066,train,subj_028,SisFall / UCI HAR Motion Telemetry,,0186798ac9661c3160d74acd5e9ed2d0b2d21cb6d777a7dfa36ddcf8c302061b,0186798ac9661c3160d74acd5e9ed2d0b2d21cb6d777a7dfa36ddcf8c302061b
synthetic_50hz_motion_windows,sens_0067,test,subj_029,SisFall / UCI HAR Motion Telemetry,,b295855b7a3eec52f6d8cb055f8639c08228252532d88ff149684cb5153f4712,b295855b7a3eec52f6d8cb055f8639c08228252532d88ff149684cb5153f4712
synthetic_50hz_motion_windows,sens_0068,train,subj_030,SisFall / UCI HAR Motion Telemetry,,17520d1034077dfb850385a62bd26969f2a3fabd08af1eadfff06ed4a7e595db,17520d1034077dfb850385a62bd26969f2a3fabd08af1eadfff06ed4a7e595db
synthetic_50hz_motion_windows,sens_0069,train,subj_031,SisFall / UCI HAR Motion Telemetry,,0f92e52d1ac4b04b176679c8115c54baf446407fb1ae02383daa6bce7994ebb5,0f92e52d1ac4b04b176679c8115c54baf446407fb1ae02383daa6bce7994ebb5
synthetic_50hz_motion_windows,sens_0070,val,subj_032,SisFall / UCI HAR Motion Telemetry,,1896234d57150cae22f1916e91224089af8db025cd384dc58ae83032f5c4bf15,1896234d57150cae22f1916e91224089af8db025cd384dc58ae83032f5c4bf15
synthetic_50hz_motion_windows,sens_0071,train,subj_033,SisFall / UCI HAR Motion Telemetry,,694db3c75eafea2800f278d92ac2c3808d1051d1fa2f1566a2c61f7eee5b2057,694db3c75eafea2800f278d92ac2c3808d1051d1fa2f1566a2c61f7eee5b2057
synthetic_50hz_motion_windows,sens_0072,train,subj_034,SisFall / UCI HAR Motion Telemetry,,559369386898d3d0d105aef1428133a09f21397cceeaa9990c100b5a0dc8035b,559369386898d3d0d105aef1428133a09f21397cceeaa9990c100b5a0dc8035b
synthetic_50hz_motion_windows,sens_0073,val,subj_035,SisFall / UCI HAR Motion Telemetry,,ac19a6b105b308db7657f57b57514198719f104d15bdcb699489f965eccf4788,ac19a6b105b308db7657f57b57514198719f104d15bdcb699489f965eccf4788
synthetic_50hz_motion_windows,sens_0074,val,subj_036,SisFall / UCI HAR Motion Telemetry,,ab4b900a06ccfce05c4883912c96b9dc1ebac9a1702b33200fb40e96b03e2d61,ab4b900a06ccfce05c4883912c96b9dc1ebac9a1702b33200fb40e96b03e2d61
synthetic_50hz_motion_windows,sens_0075,train,subj_037,SisFall / UCI HAR Motion Telemetry,,ceb5b7b2a8f9bbc7a587d045eb07c7b7cb3b6acdd0c608d3afcf48ba3ba8d13c,ceb5b7b2a8f9bbc7a587d045eb07c7b7cb3b6acdd0c608d3afcf48ba3ba8d13c
synthetic_50hz_motion_windows,sens_0076,train,subj_038,SisFall / UCI HAR Motion Telemetry,,cf1b34c46e0abcc5893fd3fa3610bda7f22ff407d78cfde95a561c5a5e5643b1,cf1b34c46e0abcc5893fd3fa3610bda7f22ff407d78cfde95a561c5a5e5643b1
synthetic_50hz_motion_windows,sens_0077,train,subj_001,SisFall / UCI HAR Motion Telemetry,,62716bd70402a572c99a2757af25110e44262e85ff0a5df6a8fb13695de7e9e6,62716bd70402a572c99a2757af25110e44262e85ff0a5df6a8fb13695de7e9e6
synthetic_50hz_motion_windows,sens_0078,train,subj_002,SisFall / UCI HAR Motion Telemetry,,d91d210bc50737a1a936daddc136e093738315e7bc4635220be52470380c7e4b,d91d210bc50737a1a936daddc136e093738315e7bc4635220be52470380c7e4b
synthetic_50hz_motion_windows,sens_0079,train,subj_003,SisFall / UCI HAR Motion Telemetry,,df383bd8f19965ce787ee1ca0a507cf61e03ab87071e468193d42370d7555946,df383bd8f19965ce787ee1ca0a507cf61e03ab87071e468193d42370d7555946
synthetic_50hz_motion_windows,sens_0080,val,subj_004,SisFall / UCI HAR Motion Telemetry,,e96807cc71d048d5aa80f641010f93dc7911e88348788d81cdaa323fc9ab601b,e96807cc71d048d5aa80f641010f93dc7911e88348788d81cdaa323fc9ab601b
synthetic_50hz_motion_windows,sens_0081,train,subj_005,SisFall / UCI HAR Motion Telemetry,,cdbf774a75eaf7f44c9369d987334025e3447bb783f21eb403c83161dd1f2403,cdbf774a75eaf7f44c9369d987334025e3447bb783f21eb403c83161dd1f2403
synthetic_50hz_motion_windows,sens_0082,train,subj_006,SisFall / UCI HAR Motion Telemetry,,3fab771b1934f65a58e789be5966fd8fce33980a4fd24616425236149290a9ca,3fab771b1934f65a58e789be5966fd8fce33980a4fd24616425236149290a9ca
synthetic_50hz_motion_windows,sens_0083,train,subj_007,SisFall / UCI HAR Motion Telemetry,,a59aed5161f1ba68de478d66f0780a02c619ba04a66822844e76258797f7a7af,a59aed5161f1ba68de478d66f0780a02c619ba04a66822844e76258797f7a7af
synthetic_50hz_motion_windows,sens_0084,test,subj_008,SisFall / UCI HAR Motion Telemetry,,e898c342667c931959fd6403793d436627c4ae0c4675b7054238bddccd863557,e898c342667c931959fd6403793d436627c4ae0c4675b7054238bddccd863557
synthetic_50hz_motion_windows,sens_0085,train,subj_009,SisFall / UCI HAR Motion Telemetry,,9dc013a30a36f15f9aa2a8d5d6ba729ab3770053b23df121eba7e56d4e34eaec,9dc013a30a36f15f9aa2a8d5d6ba729ab3770053b23df121eba7e56d4e34eaec
synthetic_50hz_motion_windows,sens_0086,train,subj_010,SisFall / UCI HAR Motion Telemetry,,b6cc869ede200e803d849e54e2526f31385204d2d5cd2e543507c72cc605927b,b6cc869ede200e803d849e54e2526f31385204d2d5cd2e543507c72cc605927b
synthetic_50hz_motion_windows,sens_0087,test,subj_011,SisFall / UCI HAR Motion Telemetry,,8948a1d413e538b5f335730f06b17f921ebf04ce861acaf81574db7b2caf3a19,8948a1d413e538b5f335730f06b17f921ebf04ce861acaf81574db7b2caf3a19
synthetic_50hz_motion_windows,sens_0088,train,subj_012,SisFall / UCI HAR Motion Telemetry,,0dc81281c21865bfcdfc15bd35f4ffaba39fd3cc18ef2cd0834cc3baf53ded4c,0dc81281c21865bfcdfc15bd35f4ffaba39fd3cc18ef2cd0834cc3baf53ded4c
synthetic_50hz_motion_windows,sens_0089,train,subj_013,SisFall / UCI HAR Motion Telemetry,,fa26d71f06e6ce11a1189f0848cab61d2c9eb8bb72d1b90471c227f05dfc80ea,fa26d71f06e6ce11a1189f0848cab61d2c9eb8bb72d1b90471c227f05dfc80ea
synthetic_50hz_motion_windows,sens_0090,train,subj_014,SisFall / UCI HAR Motion Telemetry,,01fe9de3b53c5603a2c678e801095b161b93d8d9c534db3337a8a7f6f06cf559,01fe9de3b53c5603a2c678e801095b161b93d8d9c534db3337a8a7f6f06cf559
synthetic_50hz_motion_windows,sens_0091,test,subj_015,SisFall / UCI HAR Motion Telemetry,,fd87e64109dfebee031d846f750029769e5881a9aa51e935ab36699609b8cfad,fd87e64109dfebee031d846f750029769e5881a9aa51e935ab36699609b8cfad
synthetic_50hz_motion_windows,sens_0092,train,subj_016,SisFall / UCI HAR Motion Telemetry,,0c5f6b9907684a6c3e588677d99c1bb278ec7c5cada931d598821697d074fdd6,0c5f6b9907684a6c3e588677d99c1bb278ec7c5cada931d598821697d074fdd6
synthetic_50hz_motion_windows,sens_0093,train,subj_017,SisFall / UCI HAR Motion Telemetry,,ca570afe04829a01f2bce9fd112d4b78459196b1310c77fb61981cc953abd6c6,ca570afe04829a01f2bce9fd112d4b78459196b1310c77fb61981cc953abd6c6
synthetic_50hz_motion_windows,sens_0094,train,subj_018,SisFall / UCI HAR Motion Telemetry,,7c709f906c376d9889a2700dc1062d806ed744841ca7b2a820df7765893235c0,7c709f906c376d9889a2700dc1062d806ed744841ca7b2a820df7765893235c0
synthetic_50hz_motion_windows,sens_0095,test,subj_019,SisFall / UCI HAR Motion Telemetry,,8fb27e169d8e9fdb112f21d8460292f4645212b93726e4a5d8464e65b0af2752,8fb27e169d8e9fdb112f21d8460292f4645212b93726e4a5d8464e65b0af2752
synthetic_50hz_motion_windows,sens_0096,train,subj_020,SisFall / UCI HAR Motion Telemetry,,21293586e4b8d0b3f36dc4c1f80e06c7dbddac50838a6e845591ea3a80462ee2,21293586e4b8d0b3f36dc4c1f80e06c7dbddac50838a6e845591ea3a80462ee2
synthetic_50hz_motion_windows,sens_0097,test,subj_021,SisFall / UCI HAR Motion Telemetry,,da2be0b0844d203d02ff0bd841533642b3c645f39c1e09ffe957daca00744572,da2be0b0844d203d02ff0bd841533642b3c645f39c1e09ffe957daca00744572
synthetic_50hz_motion_windows,sens_0098,train,subj_022,SisFall / UCI HAR Motion Telemetry,,1e26214a4e98401aaf287d77cfaf43c2030847da083a0863804091a42a87f4c0,1e26214a4e98401aaf287d77cfaf43c2030847da083a0863804091a42a87f4c0
synthetic_50hz_motion_windows,sens_0099,test,subj_023,SisFall / UCI HAR Motion Telemetry,,1d13f0bb41154a65ad858ae182eb5718eb62b75231f104efa8ac92b95ea87c96,1d13f0bb41154a65ad858ae182eb5718eb62b75231f104efa8ac92b95ea87c96
synthetic_50hz_motion_windows,sens_0100,val,subj_024,SisFall / UCI HAR Motion Telemetry,,32cc1d501086aa0a67e76304260f8e7468e59ce1f2e35edbf559aca9337a822f,32cc1d501086aa0a67e76304260f8e7468e59ce1f2e35edbf559aca9337a822f
synthetic_50hz_motion_windows,sens_0101,train,subj_025,SisFall / UCI HAR Motion Telemetry,,003ddc7a0c4624b0ba26b131dcea040336fad61390a549ef83883857b2820b76,003ddc7a0c4624b0ba26b131dcea040336fad61390a549ef83883857b2820b76
synthetic_50hz_motion_windows,sens_0102,train,subj_026,SisFall / UCI HAR Motion Telemetry,,74de47dacf88e4c7f456cae84dd163b0605b3ecbee53c61c91a6e507f9d72f8e,74de47dacf88e4c7f456cae84dd163b0605b3ecbee53c61c91a6e507f9d72f8e
synthetic_50hz_motion_windows,sens_0103,train,subj_027,SisFall / UCI HAR Motion Telemetry,,dbe6596391396cbc6aa77ce851d7d071f627252eabbbea6f264cdaee35da0946,dbe6596391396cbc6aa77ce851d7d071f627252eabbbea6f264cdaee35da0946
synthetic_50hz_motion_windows,sens_0104,train,subj_028,SisFall / UCI HAR Motion Telemetry,,2301494a9990783044a0d7edcbb7cb7ee1f26bb58797b275973dd86dfe5d4b49,2301494a9990783044a0d7edcbb7cb7ee1f26bb58797b275973dd86dfe5d4b49
synthetic_50hz_motion_windows,sens_0105,test,subj_029,SisFall / UCI HAR Motion Telemetry,,080693212293b56188f4a4861a82d6098ab3a4455569cdc5014664374112c6cc,080693212293b56188f4a4861a82d6098ab3a4455569cdc5014664374112c6cc
synthetic_50hz_motion_windows,sens_0106,train,subj_030,SisFall / UCI HAR Motion Telemetry,,02d0b96d9be7219a33d890493538cabfe6dedbdb84350c61cc9767fdba9ea807,02d0b96d9be7219a33d890493538cabfe6dedbdb84350c61cc9767fdba9ea807
synthetic_50hz_motion_windows,sens_0107,train,subj_031,SisFall / UCI HAR Motion Telemetry,,8ea2f7a79dd7efc2306e09a1968356214e82d7338d5c23deb4a6665c4df834ab,8ea2f7a79dd7efc2306e09a1968356214e82d7338d5c23deb4a6665c4df834ab
synthetic_50hz_motion_windows,sens_0108,val,subj_032,SisFall / UCI HAR Motion Telemetry,,1ba44229d266bcc1756e2509bec2cd881f59c53a47827f2529d60aa7f1d79d96,1ba44229d266bcc1756e2509bec2cd881f59c53a47827f2529d60aa7f1d79d96
synthetic_50hz_motion_windows,sens_0109,train,subj_033,SisFall / UCI HAR Motion Telemetry,,8b218690596e881fcedbc58c6eb08b664c8e7d22f9f7c24c249513492a30299b,8b218690596e881fcedbc58c6eb08b664c8e7d22f9f7c24c249513492a30299b
synthetic_50hz_motion_windows,sens_0110,train,subj_034,SisFall / UCI HAR Motion Telemetry,,6d232ddfea542f14a104448e96f27f791785002a98f732385c6d0e727faaeb40,6d232ddfea542f14a104448e96f27f791785002a98f732385c6d0e727faaeb40
synthetic_50hz_motion_windows,sens_0111,val,subj_035,SisFall / UCI HAR Motion Telemetry,,b520031a7891a498998c1025a18bdf0ab11a9aeb6d3554087e4001d41d421f2e,b520031a7891a498998c1025a18bdf0ab11a9aeb6d3554087e4001d41d421f2e
synthetic_50hz_motion_windows,sens_0112,val,subj_036,SisFall / UCI HAR Motion Telemetry,,186ab0cc9d5fb1c354039236f603dde39edd8576f31f26d614869e9b8da7801b,186ab0cc9d5fb1c354039236f603dde39edd8576f31f26d614869e9b8da7801b
synthetic_50hz_motion_windows,sens_0113,train,subj_037,SisFall / UCI HAR Motion Telemetry,,75b2102ad51cc66a9d93fb5828da2e9f0ad495ba447997446cf7ff91b18db8f1,75b2102ad51cc66a9d93fb5828da2e9f0ad495ba447997446cf7ff91b18db8f1
synthetic_50hz_motion_windows,sens_0114,train,subj_038,SisFall / UCI HAR Motion Telemetry,,3f560b4f483896a42192a860bae7567db16346e3bcc6c1848d0d4266274054ed,3f560b4f483896a42192a860bae7567db16346e3bcc6c1848d0d4266274054ed
synthetic_50hz_motion_windows,sens_0115,train,subj_001,SisFall / UCI HAR Motion Telemetry,,a805735b8318d01b0b3b0e097248c12e56b9b3b3e42caf13605d264c88adeb16,a805735b8318d01b0b3b0e097248c12e56b9b3b3e42caf13605d264c88adeb16
synthetic_50hz_motion_windows,sens_0116,train,subj_002,SisFall / UCI HAR Motion Telemetry,,257e1b36f1609967e4f6782647b00b212dbc44f3b0a5537d7cbe1d0b7c24fdf4,257e1b36f1609967e4f6782647b00b212dbc44f3b0a5537d7cbe1d0b7c24fdf4
synthetic_50hz_motion_windows,sens_0117,train,subj_003,SisFall / UCI HAR Motion Telemetry,,9563b57c2770b2ceea691f00179489829ca4d2d8c7aa10ff272cb3444d5f30a7,9563b57c2770b2ceea691f00179489829ca4d2d8c7aa10ff272cb3444d5f30a7
synthetic_50hz_motion_windows,sens_0118,val,subj_004,SisFall / UCI HAR Motion Telemetry,,3425683c026f09a73480070395be7e8d45ebcfbb60fe4bc4620583d71f07774a,3425683c026f09a73480070395be7e8d45ebcfbb60fe4bc4620583d71f07774a
synthetic_50hz_motion_windows,sens_0119,train,subj_005,SisFall / UCI HAR Motion Telemetry,,96bb887343537e6a0d2a812e4c92625577cd5834b9fa295aa846afd819a9fa53,96bb887343537e6a0d2a812e4c92625577cd5834b9fa295aa846afd819a9fa53
synthetic_50hz_motion_windows,sens_0120,train,subj_006,SisFall / UCI HAR Motion Telemetry,,2b2c6968ea11a7a0b799500979dfa180a310bffe86da4f9230e66e01c1a92d97,2b2c6968ea11a7a0b799500979dfa180a310bffe86da4f9230e66e01c1a92d97
synthetic_50hz_motion_windows,sens_0121,train,subj_007,SisFall / UCI HAR Motion Telemetry,,ec4786a333022df86c00722718895e96461ac07ba6fff7dde9997407ef17a6ea,ec4786a333022df86c00722718895e96461ac07ba6fff7dde9997407ef17a6ea
synthetic_50hz_motion_windows,sens_0122,test,subj_008,SisFall / UCI HAR Motion Telemetry,,b7f682e227a167f9099f69d79f9486d6da81d688e85862f0fd623a8cb020a6eb,b7f682e227a167f9099f69d79f9486d6da81d688e85862f0fd623a8cb020a6eb
synthetic_50hz_motion_windows,sens_0123,train,subj_009,SisFall / UCI HAR Motion Telemetry,,9440aa156565093fa62387a89c0559e8382192c42fc3eb4f36accce19175c0f6,9440aa156565093fa62387a89c0559e8382192c42fc3eb4f36accce19175c0f6
synthetic_50hz_motion_windows,sens_0124,train,subj_010,SisFall / UCI HAR Motion Telemetry,,e4d5acde2a1a63a9152f36761340e475335c67301a68ab86d25296e85281a17c,e4d5acde2a1a63a9152f36761340e475335c67301a68ab86d25296e85281a17c
synthetic_50hz_motion_windows,sens_0125,test,subj_011,SisFall / UCI HAR Motion Telemetry,,93af02c79301b0766ef0eed0d4a54815ccbd0c41a53116c43065ddd375c2f028,93af02c79301b0766ef0eed0d4a54815ccbd0c41a53116c43065ddd375c2f028
synthetic_50hz_motion_windows,sens_0126,train,subj_012,SisFall / UCI HAR Motion Telemetry,,a9eb2f0dfe9ebca4850fff1de803e6430ef60c6ad96ba7b3356f3da62237bf4d,a9eb2f0dfe9ebca4850fff1de803e6430ef60c6ad96ba7b3356f3da62237bf4d
synthetic_50hz_motion_windows,sens_0127,train,subj_013,SisFall / UCI HAR Motion Telemetry,,f49093992d5c70ae270ce2bcd566f40e76cf0d031470744187cf0fd67a745710,f49093992d5c70ae270ce2bcd566f40e76cf0d031470744187cf0fd67a745710
synthetic_50hz_motion_windows,sens_0128,train,subj_014,SisFall / UCI HAR Motion Telemetry,,d6292c93556c291c39c318913b392e07d7c7dae09a51832bf694667870697fd1,d6292c93556c291c39c318913b392e07d7c7dae09a51832bf694667870697fd1
synthetic_50hz_motion_windows,sens_0129,test,subj_015,SisFall / UCI HAR Motion Telemetry,,67f9a83c1d5e5b927f71426add746b90f30c5f1a5d094bf0b07a5ad79bf2712f,67f9a83c1d5e5b927f71426add746b90f30c5f1a5d094bf0b07a5ad79bf2712f
synthetic_50hz_motion_windows,sens_0130,train,subj_016,SisFall / UCI HAR Motion Telemetry,,2ba606ba311847024925e80b6fc987c2c3865749f02c56c2894a42a4f54d29f5,2ba606ba311847024925e80b6fc987c2c3865749f02c56c2894a42a4f54d29f5
synthetic_50hz_motion_windows,sens_0131,train,subj_017,SisFall / UCI HAR Motion Telemetry,,31aa4fc8022e73fdb8986b50a178c31d02cb65b6b953cc4b06e68f3788a8cd46,31aa4fc8022e73fdb8986b50a178c31d02cb65b6b953cc4b06e68f3788a8cd46
synthetic_50hz_motion_windows,sens_0132,train,subj_018,SisFall / UCI HAR Motion Telemetry,,18906ae1a93334f24f74c6660c9a88a6926842cd61784f39c753199b906077e9,18906ae1a93334f24f74c6660c9a88a6926842cd61784f39c753199b906077e9
synthetic_50hz_motion_windows,sens_0133,test,subj_019,SisFall / UCI HAR Motion Telemetry,,dc8e70081a7579364c8aef7efba11cf2dba4b1b46e2575f20a2b8fe0fa991e99,dc8e70081a7579364c8aef7efba11cf2dba4b1b46e2575f20a2b8fe0fa991e99
synthetic_50hz_motion_windows,sens_0134,train,subj_020,SisFall / UCI HAR Motion Telemetry,,9ce9be6a57113ca9dc58f908d68e4f1e9a2074e953dab9033569c9b8f6c18745,9ce9be6a57113ca9dc58f908d68e4f1e9a2074e953dab9033569c9b8f6c18745
synthetic_50hz_motion_windows,sens_0135,test,subj_021,SisFall / UCI HAR Motion Telemetry,,1640825a1d712b5a94008c1a6d720d1262e4a09176636ddf9e5c25b1a3de0f35,1640825a1d712b5a94008c1a6d720d1262e4a09176636ddf9e5c25b1a3de0f35
synthetic_50hz_motion_windows,sens_0136,train,subj_022,SisFall / UCI HAR Motion Telemetry,,0f61df0152801e3abd6b161230e355a0ff7202fa19dd59da3336c914637f57f6,0f61df0152801e3abd6b161230e355a0ff7202fa19dd59da3336c914637f57f6
synthetic_50hz_motion_windows,sens_0137,test,subj_023,SisFall / UCI HAR Motion Telemetry,,6e1c1649edaf1ced889056f3b732965f7e6cb54f4d0ee02edcdd7d1071d46064,6e1c1649edaf1ced889056f3b732965f7e6cb54f4d0ee02edcdd7d1071d46064
synthetic_50hz_motion_windows,sens_0138,val,subj_024,SisFall / UCI HAR Motion Telemetry,,f247ee0d4a4f2e3f54cf1047042906bc7add8a1634c3633de609e7c11a3595a1,f247ee0d4a4f2e3f54cf1047042906bc7add8a1634c3633de609e7c11a3595a1
synthetic_50hz_motion_windows,sens_0139,train,subj_025,SisFall / UCI HAR Motion Telemetry,,a519ba9865dc31d09bb3ae8bf22330cf6b261d7a6d7c0554f271359b45c3cfca,a519ba9865dc31d09bb3ae8bf22330cf6b261d7a6d7c0554f271359b45c3cfca
synthetic_50hz_motion_windows,sens_0140,train,subj_026,SisFall / UCI HAR Motion Telemetry,,629b67fe6e882892cc917cde9e39a53463e2016fa44d6ee2422ba58e9fdb30cd,629b67fe6e882892cc917cde9e39a53463e2016fa44d6ee2422ba58e9fdb30cd
synthetic_50hz_motion_windows,sens_0141,train,subj_027,SisFall / UCI HAR Motion Telemetry,,43cd5b0d922c12a7d62c5d281711d12b3504101e810bc6deedc9c1c3395f338f,43cd5b0d922c12a7d62c5d281711d12b3504101e810bc6deedc9c1c3395f338f
synthetic_50hz_motion_windows,sens_0142,train,subj_028,SisFall / UCI HAR Motion Telemetry,,8c8a900263b31f553ae2ede147a3b13d9e93cccf3cbc72d62c8d0c5d9b714319,8c8a900263b31f553ae2ede147a3b13d9e93cccf3cbc72d62c8d0c5d9b714319
synthetic_50hz_motion_windows,sens_0143,test,subj_029,SisFall / UCI HAR Motion Telemetry,,833a3c58c3d9be454735232a7253deb619c70f4ec126cfe071cf0c02267afa5b,833a3c58c3d9be454735232a7253deb619c70f4ec126cfe071cf0c02267afa5b
synthetic_50hz_motion_windows,sens_0144,train,subj_030,SisFall / UCI HAR Motion Telemetry,,e4498a8a8cd6c75a99a96f8a86cb121b79061026a73d397827c5a751a1380158,e4498a8a8cd6c75a99a96f8a86cb121b79061026a73d397827c5a751a1380158
synthetic_50hz_motion_windows,sens_0145,train,subj_031,SisFall / UCI HAR Motion Telemetry,,2a242a519c934f63e2e7b371d50743718c0da9ca655dda20bfb65507fa2a1e9c,2a242a519c934f63e2e7b371d50743718c0da9ca655dda20bfb65507fa2a1e9c
synthetic_50hz_motion_windows,sens_0146,val,subj_032,SisFall / UCI HAR Motion Telemetry,,6e81fdb2e262728e67b198a3bd5084334e3aa3c5f7fb29686d530292ad4c0b07,6e81fdb2e262728e67b198a3bd5084334e3aa3c5f7fb29686d530292ad4c0b07
synthetic_50hz_motion_windows,sens_0147,train,subj_033,SisFall / UCI HAR Motion Telemetry,,8002550406c75a62933ae4ebe81019370e86b8f01bdf9fcd90555b28b8ddde09,8002550406c75a62933ae4ebe81019370e86b8f01bdf9fcd90555b28b8ddde09
synthetic_50hz_motion_windows,sens_0148,train,subj_034,SisFall / UCI HAR Motion Telemetry,,a8cad5bedbd669e50e8422e6b9cb6a94df8a67386b872c00a0c167cc4a16002a,a8cad5bedbd669e50e8422e6b9cb6a94df8a67386b872c00a0c167cc4a16002a
synthetic_50hz_motion_windows,sens_0149,val,subj_035,SisFall / UCI HAR Motion Telemetry,,e2c173c1e23e92a96d65e0ec29e0201ed04de070258af40c1064591921e5ac1e,e2c173c1e23e92a96d65e0ec29e0201ed04de070258af40c1064591921e5ac1e
synthetic_50hz_motion_windows,sens_0150,val,subj_036,SisFall / UCI HAR Motion Telemetry,,e88e30c3c5ce8855671e9b2b16883293e1da318fae9608f3f22ba357a7532e42,e88e30c3c5ce8855671e9b2b16883293e1da318fae9608f3f22ba357a7532e42
synthetic_50hz_motion_windows,sens_0151,train,subj_037,SisFall / UCI HAR Motion Telemetry,,7f227a33b7e956d4272af3a97f609205d7828a81ce2dc924b79cae9f418224b8,7f227a33b7e956d4272af3a97f609205d7828a81ce2dc924b79cae9f418224b8
synthetic_50hz_motion_windows,sens_0152,train,subj_038,SisFall / UCI HAR Motion Telemetry,,2b1ff5f042fa75979e1f3eb8dd25681e134f1b846f0aa1de2250335dc6385d70,2b1ff5f042fa75979e1f3eb8dd25681e134f1b846f0aa1de2250335dc6385d70
synthetic_50hz_motion_windows,sens_0153,train,subj_001,SisFall / UCI HAR Motion Telemetry,,667a77d0867a3b93040150277df9578b8b611eecd0007be29afaef200f535515,667a77d0867a3b93040150277df9578b8b611eecd0007be29afaef200f535515
synthetic_50hz_motion_windows,sens_0154,train,subj_002,SisFall / UCI HAR Motion Telemetry,,8a5db7c156d29dd25b2266eb6fc994d50aebcd44ad796e681a1a023b13fa0986,8a5db7c156d29dd25b2266eb6fc994d50aebcd44ad796e681a1a023b13fa0986
synthetic_50hz_motion_windows,sens_0155,train,subj_003,SisFall / UCI HAR Motion Telemetry,,69ea84b3559699f2f774d43884b20951a051e486d8f52863741500e268e49bf4,69ea84b3559699f2f774d43884b20951a051e486d8f52863741500e268e49bf4
synthetic_50hz_motion_windows,sens_0156,val,subj_004,SisFall / UCI HAR Motion Telemetry,,c35f4dd584074b6d7b4a5ba98b81eb0643b59e56c5eeda8cf586b611ddc38a27,c35f4dd584074b6d7b4a5ba98b81eb0643b59e56c5eeda8cf586b611ddc38a27
synthetic_50hz_motion_windows,sens_0157,train,subj_005,SisFall / UCI HAR Motion Telemetry,,ad0f5e7a19fbdb9faecaf27dbca7ea2e3241c62466ea75d12f31af8558f4ad63,ad0f5e7a19fbdb9faecaf27dbca7ea2e3241c62466ea75d12f31af8558f4ad63
synthetic_50hz_motion_windows,sens_0158,train,subj_006,SisFall / UCI HAR Motion Telemetry,,dd5a2a19d8113e65c72a50f73d1b57fd83098c0eef5dcf0fb8267db50d32b6da,dd5a2a19d8113e65c72a50f73d1b57fd83098c0eef5dcf0fb8267db50d32b6da
synthetic_50hz_motion_windows,sens_0159,train,subj_007,SisFall / UCI HAR Motion Telemetry,,871f0acc5f4ab9eabfbbc3ca0ffceaa34761bf8f87786526d80ac4ec1cf9963e,871f0acc5f4ab9eabfbbc3ca0ffceaa34761bf8f87786526d80ac4ec1cf9963e
synthetic_50hz_motion_windows,sens_0160,test,subj_008,SisFall / UCI HAR Motion Telemetry,,2285a92d1233309f8a6851f02397f58253f5ac125245cc80dc285bbc664fc6c6,2285a92d1233309f8a6851f02397f58253f5ac125245cc80dc285bbc664fc6c6
synthetic_50hz_motion_windows,sens_0161,train,subj_009,SisFall / UCI HAR Motion Telemetry,,f63ab4d9d6bb81f7d774f433ef615770e76dfeea0efd1b0a16cd62f566a36373,f63ab4d9d6bb81f7d774f433ef615770e76dfeea0efd1b0a16cd62f566a36373
synthetic_50hz_motion_windows,sens_0162,train,subj_010,SisFall / UCI HAR Motion Telemetry,,eee3ee60552c733ad5c3fdc96f4661dc1d15367ffe94f811308a837f1a948e24,eee3ee60552c733ad5c3fdc96f4661dc1d15367ffe94f811308a837f1a948e24
synthetic_50hz_motion_windows,sens_0163,test,subj_011,SisFall / UCI HAR Motion Telemetry,,5c47b3e9bf9c53bdc910ff8a1f8de91b968652a92e360f8673fb283bd7de0d36,5c47b3e9bf9c53bdc910ff8a1f8de91b968652a92e360f8673fb283bd7de0d36
synthetic_50hz_motion_windows,sens_0164,train,subj_012,SisFall / UCI HAR Motion Telemetry,,f1ce47905e6c624b60654c0e6ab7150e8b6d97dd0d7e5df7eb1bdca553ef09d6,f1ce47905e6c624b60654c0e6ab7150e8b6d97dd0d7e5df7eb1bdca553ef09d6
synthetic_50hz_motion_windows,sens_0165,train,subj_013,SisFall / UCI HAR Motion Telemetry,,a125a96a26d588c294178d0a4e1e1d13b40c40b6098275470ebdd7bdb6c037ee,a125a96a26d588c294178d0a4e1e1d13b40c40b6098275470ebdd7bdb6c037ee
synthetic_50hz_motion_windows,sens_0166,train,subj_014,SisFall / UCI HAR Motion Telemetry,,6bfbbafe2961539f2551ba147f330e7737bcd92aa1b147e189f1bc0ccb41c1db,6bfbbafe2961539f2551ba147f330e7737bcd92aa1b147e189f1bc0ccb41c1db
synthetic_50hz_motion_windows,sens_0167,test,subj_015,SisFall / UCI HAR Motion Telemetry,,38a30e28bcc263d3e5dafcc6eeddca2ba0133fbdc3d206d71d79040bda245a3e,38a30e28bcc263d3e5dafcc6eeddca2ba0133fbdc3d206d71d79040bda245a3e
synthetic_50hz_motion_windows,sens_0168,train,subj_016,SisFall / UCI HAR Motion Telemetry,,9d24b65b9bb35ab9fb1e3fcc73c98adf5a8253db940b279431565a0819862e5f,9d24b65b9bb35ab9fb1e3fcc73c98adf5a8253db940b279431565a0819862e5f
synthetic_50hz_motion_windows,sens_0169,train,subj_017,SisFall / UCI HAR Motion Telemetry,,0fcd2003d396647de7a4cac06c83a7d18c7c2da9338ba37d53d506e4659463e4,0fcd2003d396647de7a4cac06c83a7d18c7c2da9338ba37d53d506e4659463e4
synthetic_50hz_motion_windows,sens_0170,train,subj_018,SisFall / UCI HAR Motion Telemetry,,b776d0ae8cd4024a038e6ad8660fffe09ebbcd99df04402d15d383d98a032d3c,b776d0ae8cd4024a038e6ad8660fffe09ebbcd99df04402d15d383d98a032d3c
synthetic_50hz_motion_windows,sens_0171,test,subj_019,SisFall / UCI HAR Motion Telemetry,,5bbe9cb4757c95f2688453a1b2d8f9a8841185373d1dbf8f1cef3e029b0e6c91,5bbe9cb4757c95f2688453a1b2d8f9a8841185373d1dbf8f1cef3e029b0e6c91
synthetic_50hz_motion_windows,sens_0172,train,subj_020,SisFall / UCI HAR Motion Telemetry,,0dda8b90d066033d7ca348445af9d6afaec7183628c611782ae7657795c204ae,0dda8b90d066033d7ca348445af9d6afaec7183628c611782ae7657795c204ae
synthetic_50hz_motion_windows,sens_0173,test,subj_021,SisFall / UCI HAR Motion Telemetry,,8d2ab3cd9d49010a62e62a248840bf93349d1b9a4f2deedbf74a4bbb324d8aad,8d2ab3cd9d49010a62e62a248840bf93349d1b9a4f2deedbf74a4bbb324d8aad
synthetic_50hz_motion_windows,sens_0174,train,subj_022,SisFall / UCI HAR Motion Telemetry,,0e57f3161ced7802cee395e647049adc94ac9bc44833a69e745c576a35c9a96b,0e57f3161ced7802cee395e647049adc94ac9bc44833a69e745c576a35c9a96b
synthetic_50hz_motion_windows,sens_0175,test,subj_023,SisFall / UCI HAR Motion Telemetry,,4c38249736b245ee3cc63f5a1e8500630de34e21d0cf5a40dfd0bd2d8274313c,4c38249736b245ee3cc63f5a1e8500630de34e21d0cf5a40dfd0bd2d8274313c
synthetic_50hz_motion_windows,sens_0176,val,subj_024,SisFall / UCI HAR Motion Telemetry,,cf72f614f0a4725e8a918c3769e50ef9dd5a2fcb31ef17124c6dbe6340d46c9d,cf72f614f0a4725e8a918c3769e50ef9dd5a2fcb31ef17124c6dbe6340d46c9d
synthetic_50hz_motion_windows,sens_0177,train,subj_025,SisFall / UCI HAR Motion Telemetry,,2f2eef5a7e35a809e21f663442e03faee6d361c3024727111893b79a4518b9c6,2f2eef5a7e35a809e21f663442e03faee6d361c3024727111893b79a4518b9c6
synthetic_50hz_motion_windows,sens_0178,train,subj_026,SisFall / UCI HAR Motion Telemetry,,94342e3180878e72215273e93619301673c0f0fc2c728b7fe233088c9432961e,94342e3180878e72215273e93619301673c0f0fc2c728b7fe233088c9432961e
synthetic_50hz_motion_windows,sens_0179,train,subj_027,SisFall / UCI HAR Motion Telemetry,,dd00f38d0fe581043d02260fbe71a0a5aef0d49c2bf4ece2666fcfaaca1610e4,dd00f38d0fe581043d02260fbe71a0a5aef0d49c2bf4ece2666fcfaaca1610e4
synthetic_50hz_motion_windows,sens_0180,train,subj_028,SisFall / UCI HAR Motion Telemetry,,f8fae12957cf9e09e66f45129937b4974ef43db1a07d50898aa997870b21af4b,f8fae12957cf9e09e66f45129937b4974ef43db1a07d50898aa997870b21af4b
synthetic_50hz_motion_windows,sens_0181,test,subj_029,SisFall / UCI HAR Motion Telemetry,,460fae5f9a4d9d4545dec193b0fcc03925edc4a6ce07d970154732d964bec083,460fae5f9a4d9d4545dec193b0fcc03925edc4a6ce07d970154732d964bec083
synthetic_50hz_motion_windows,sens_0182,train,subj_030,SisFall / UCI HAR Motion Telemetry,,bd7e9ce569280206e5eb1b3739d277f7fc126dca275fee1424822aeb05da0147,bd7e9ce569280206e5eb1b3739d277f7fc126dca275fee1424822aeb05da0147
synthetic_50hz_motion_windows,sens_0183,train,subj_031,SisFall / UCI HAR Motion Telemetry,,bc1502c3f38656cdc6f65dda1a0736062d807837042f4e5ab6de9fb3413c8037,bc1502c3f38656cdc6f65dda1a0736062d807837042f4e5ab6de9fb3413c8037
synthetic_50hz_motion_windows,sens_0184,val,subj_032,SisFall / UCI HAR Motion Telemetry,,2a5067c56a392822c22373724615e45cd86d054597ef6b23ea7695e96200b247,2a5067c56a392822c22373724615e45cd86d054597ef6b23ea7695e96200b247
synthetic_50hz_motion_windows,sens_0185,train,subj_033,SisFall / UCI HAR Motion Telemetry,,12d972772a0a0ece47759ebe28f5f5d43f61aca4dee21d79c6de61991052111a,12d972772a0a0ece47759ebe28f5f5d43f61aca4dee21d79c6de61991052111a
synthetic_50hz_motion_windows,sens_0186,train,subj_034,SisFall / UCI HAR Motion Telemetry,,6fb9aabb9a623b741445d3e5d3ce3b6b9c09575edcd8d8435619cb05b3c43fef,6fb9aabb9a623b741445d3e5d3ce3b6b9c09575edcd8d8435619cb05b3c43fef
synthetic_50hz_motion_windows,sens_0187,val,subj_035,SisFall / UCI HAR Motion Telemetry,,dfbb52ae413c174e377e1fc7d82adb213d944ebffbb926dcba245afe782da2e2,dfbb52ae413c174e377e1fc7d82adb213d944ebffbb926dcba245afe782da2e2
synthetic_50hz_motion_windows,sens_0188,val,subj_036,SisFall / UCI HAR Motion Telemetry,,90a111c4e8c227679c3fcff37c5eaf7cd79bda731961418b2786e1d5765a9b9c,90a111c4e8c227679c3fcff37c5eaf7cd79bda731961418b2786e1d5765a9b9c
synthetic_50hz_motion_windows,sens_0189,train,subj_037,SisFall / UCI HAR Motion Telemetry,,e5f11a3f228657e3cdfd1058ad0850d00992840ee97fcc87eb045f019f504f15,e5f11a3f228657e3cdfd1058ad0850d00992840ee97fcc87eb045f019f504f15
synthetic_50hz_motion_windows,sens_0190,train,subj_038,SisFall / UCI HAR Motion Telemetry,,5a7bfb982164c97a349bc096455a0545ec52c436c0402255d2032aa64cb8e551,5a7bfb982164c97a349bc096455a0545ec52c436c0402255d2032aa64cb8e551
synthetic_50hz_motion_windows,sens_0191,train,subj_001,SisFall / UCI HAR Motion Telemetry,,5378c2f3f4c99e9854a4bed3afb78c33addca3ce8e5ba3bb124db706c8a34229,5378c2f3f4c99e9854a4bed3afb78c33addca3ce8e5ba3bb124db706c8a34229
synthetic_50hz_motion_windows,sens_0192,train,subj_002,SisFall / UCI HAR Motion Telemetry,,f3af48cfb68f6504b6428c80b9dedc7617091aae287c02a998aefdfb0a40f64f,f3af48cfb68f6504b6428c80b9dedc7617091aae287c02a998aefdfb0a40f64f
synthetic_50hz_motion_windows,sens_0193,train,subj_003,SisFall / UCI HAR Motion Telemetry,,ddbd47e5e09c02a0d29bbf1bbd01d23a4fe3d150b05323cecddb326cf88a523e,ddbd47e5e09c02a0d29bbf1bbd01d23a4fe3d150b05323cecddb326cf88a523e
synthetic_50hz_motion_windows,sens_0194,val,subj_004,SisFall / UCI HAR Motion Telemetry,,f453374d70722868df74aa2deead45b00cdd7129ad02329d969105098f6ac054,f453374d70722868df74aa2deead45b00cdd7129ad02329d969105098f6ac054
synthetic_50hz_motion_windows,sens_0195,train,subj_005,SisFall / UCI HAR Motion Telemetry,,25cbf431bbeeafafa5e0cf8b8fc39d5c305bdceeca69bc632f844a56a06eeb3a,25cbf431bbeeafafa5e0cf8b8fc39d5c305bdceeca69bc632f844a56a06eeb3a
synthetic_50hz_motion_windows,sens_0196,train,subj_006,SisFall / UCI HAR Motion Telemetry,,42557a592f5a43b7bf106e48267e2285ad324762f03dd380995f6a013352be69,42557a592f5a43b7bf106e48267e2285ad324762f03dd380995f6a013352be69
synthetic_50hz_motion_windows,sens_0197,train,subj_007,SisFall / UCI HAR Motion Telemetry,,e7e314afb0912dfe0a55af2c65f5b18417075cb56b45c448c8ca68dc006abf3b,e7e314afb0912dfe0a55af2c65f5b18417075cb56b45c448c8ca68dc006abf3b
synthetic_50hz_motion_windows,sens_0198,test,subj_008,SisFall / UCI HAR Motion Telemetry,,e39afc44407dc4d41f834d795137eaf18087dbb8aae7d7980bc1932eeb90e472,e39afc44407dc4d41f834d795137eaf18087dbb8aae7d7980bc1932eeb90e472
synthetic_50hz_motion_windows,sens_0199,train,subj_009,SisFall / UCI HAR Motion Telemetry,,a07147ef6dc61443383a9b51b0594de8bc80a862b56baed80876774322a2951f,a07147ef6dc61443383a9b51b0594de8bc80a862b56baed80876774322a2951f
synthetic_50hz_motion_windows,sens_0200,train,subj_010,SisFall / UCI HAR Motion Telemetry,,65d3a83debb81d5659f51e5c2e10d657876e825ee987a71d83ec261f470184bd,65d3a83debb81d5659f51e5c2e10d657876e825ee987a71d83ec261f470184bd
