image_path,class,split,source,pixel_sha256,license_note
data/datasets/efficientnet_kaggle_v1/train/abrasion/1fcf58887891d34b.jpg,abrasion,train,data/raw/kaggle/yasinpratomo_wound_dataset/Wound_dataset/Abrasions/abrasions (1).jpg,1fcf58887891d34bcff8b827d1a62e91d00d0afee54fbc70c9cd2b7feaf5654b,kaggle_card_license_unknown_review_before_redistribution
data/datasets/efficientnet_kaggle_v1/train/abrasion/a6d3df1d93af7dd1.jpg,abrasion,train,data/raw/kaggle/yasinpratomo_wound_dataset/Wound_dataset/Abrasions/abrasions (10).jpg,a6d3df1d93af7dd1a59699586d022a656baf6986e2806386687a3e466fc8bfed,kaggle_card_license_unknown_review_before_redistribution
data/datasets/efficientnet_kaggle_v1/val/abrasion/d3059ac2029c85b7.jpg,abrasion,val,data/raw/kaggle/yasinpratomo_wound_dataset/Wound_dataset/Abrasions/abrasions (11).jpg,d3059ac2029c85b7585100e31dbff0e8048137be2d5fcde0edce826ce5aeec76,kaggle_card_license_unknown_review_before_redistribution
data/datasets/efficientnet_kaggle_v1/train/abrasion/c3b146e26d9ca72e.jpg,abrasion,train,data/raw/kaggle/yasinpratomo_wound_dataset/Wound_dataset/Abrasions/abrasions (12).jpg,c3b146e26d9ca72e22353529b3065e147204ac75faf8abedf3c868d742b6b65b,kaggle_card_license_unknown_review_before_redistribution
data/datasets/efficientnet_kaggle_v1/train/abrasion/64d292a6cae3b91a.jpg,abrasion,train,data/raw/kaggle/yasinpratomo_wound_dataset/Wound_dataset/Abrasions/abrasions (13).jpg,64d292a6cae3b91a654677cb2e5198c7861b31c8f326f2fd8ade0cab36a75401,kaggle_card_license_unknown_review_before_redistribution
data/datasets/efficientnet_kaggle_v1/train/abrasion/0f3a8bf6c9aaa3e5.jpg,abrasion,train,data/raw/kaggle/yasinpratomo_wound_dataset/Wound_dataset/Abrasions/abrasions (14).jpg,0f3a8bf6c9aaa3e5c5895b4d0e7efdacb2efec80d0b6c7ff00e1653714c922c3,kaggle_card_license_unknown_review_before_redistribution
data/datasets/efficientnet_kaggle_v1/train/abrasion/981b736f3dc74614.jpg,abrasion,train,data/raw/kaggle/yasinpratomo_wound_dataset/Wound_dataset/Abrasions/abrasions (15).jpg,981b736f3dc74614a71889506120dcb3a55d945f858cac74861f2bb124359f87,kaggle_card_license_unknown_review_before_redistribution
data/datasets/efficientnet_kaggle_v1/train/abrasion/b71bb6e882d00aa7.jpg,abrasion,train,data/raw/kaggle/yasinpratomo_wound_dataset/Wound_dataset/Abrasions/abrasions (16).jpg,b71bb6e882d00aa7c6da944223b988319bdbf54c402db139421cdf88d1f69c8a,kaggle_card_license_unknown_review_before_redistribution
data/datasets/efficientnet_kaggle_v1/train/abrasion/10be2ac39e835983.jpg,abrasion,train,data/raw/kaggle/yasinpratomo_wound_dataset/Wound_dataset/Abrasions/abrasions (17).jpg,10be2ac39e83598328aa5895e52bec916e06d85ed36513ba697096311b8c0d7b,kaggle_card_license_unknown_review_before_redistribution
data/datasets/efficientnet_kaggle_v1/train/abrasion/cf106f2ddc8c8477.jpg,abrasion,train,data/raw/kaggle/yasinpratomo_wound_dataset/Wound_dataset/Abrasions/abrasions (18).jpg,cf106f2ddc8c8477f24a0997d6d75fb83ed396c575dcd38c1e2d60fc651c09ed,kaggle_card_license_unknown_review_before_redistribution
data/datasets/efficientnet_kaggle_v1/train/abrasion/a91beb770aa7ec0b.jpg,abrasion,train,data/raw/kaggle/yasinpratomo_wound_dataset/Wound_dataset/Abrasions/abrasions (19).jpg,a91beb770aa7ec0b537b4167431670bc7b41209a4dc1519cdcf073523d6a8013,kaggle_card_license_unknown_review_before_redistribution
data/datasets/efficientnet_kaggle_v1/train/abrasion/b2c503878f8a2bcf.jpg,abrasion,train,data/raw/kaggle/yasinpratomo_wound_dataset/Wound_dataset/Abrasions/abrasions (2).jpg,b2c503878f8a2bcfcd964b5c3b8f60a96f5746f91d38db76f2c05a2c28ae6a00,kaggle_card_license_unknown_review_before_redistribution
data/datasets/efficientnet_kaggle_v1/train/abrasion/914f1d99f210d5e3.jpg,abrasion,train,data/raw/kaggle/yasinpratomo_wound_dataset/Wound_dataset/Abrasions/abrasions (20).jpg,914f1d99f210d5e3bb7ad49b54002e5ea60777b1f95910d39e761faf6ad9df4d,kaggle_card_license_unknown_review_before_redistribution
data/datasets/efficientnet_kaggle_v1/val/abrasion/4a0ba53ac33e56e8.jpg,abrasion,val,data/raw/kaggle/yasinpratomo_wound_dataset/Wound_dataset/Abrasions/abrasions (21).jpg,4a0ba53ac33e56e8f6888fb07e11d9fa34d209ff142d93e86beff5cfbae7d88d,kaggle_card_license_unknown_review_before_redistribution
data/datasets/efficientnet_kaggle_v1/test/abrasion/099e4cd3595fe6f3.jpg,abrasion,test,data/raw/kaggle/yasinpratomo_wound_dataset/Wound_dataset/Abrasions/abrasions (22).jpg,099e4cd3595fe6f31990e1d5e3d72afdffd25cccc283ee5e5f8cab6f648e9897,kaggle_card_license_unknown_review_before_redistribution
data/datasets/efficientnet_kaggle_v1/val/abrasion/e13873d7376ccc0c.jpg,abrasion,val,data/raw/kaggle/yasinpratomo_wound_dataset/Wound_dataset/Abrasions/abrasions (23).jpg,e13873d7376ccc0c5d6a6d16bd6556c79a4c6ad5bc506032bd49d72fd80b3df4,kaggle_card_license_unknown_review_before_redistribution
data/datasets/efficientnet_kaggle_v1/val/abrasion/1e4d5603cf22523c.jpg,abrasion,val,data/raw/kaggle/yasinpratomo_wound_dataset/Wound_dataset/Abrasions/abrasions (24).jpg,1e4d5603cf22523cf5b830f87bc08327f480f5ab34cc6bf469bcc9f6b927268b,kaggle_card_license_unknown_review_before_redistribution
data/datasets/efficientnet_kaggle_v1/test/abrasion/742e7c871da70985.jpg,abrasion,test,data/raw/kaggle/yasinpratomo_wound_dataset/Wound_dataset/Abrasions/abrasions (25).jpg,742e7c871da70985c20fba78f88debd16bbfc904856b5af190ce7030faa9fdd4,kaggle_card_license_unknown_review_before_redistribution
data/datasets/efficientnet_kaggle_v1/train/abrasion/e9cc6fb5b124f2fb.jpg,abrasion,train,data/raw/kaggle/yasinpratomo_wound_dataset/Wound_dataset/Abrasions/abrasions (26).jpg,e9cc6fb5b124f2fbc590d4f866a903f91416f1a415a2c692af98f78362d8f8fd,kaggle_card_license_unknown_review_before_redistribution
data/datasets/efficientnet_kaggle_v1/train/abrasion/15813eff514f2182.jpg,abrasion,train,data/raw/kaggle/yasinpratomo_wound_dataset/Wound_dataset/Abrasions/abrasions (27).jpg,15813eff514f218237adb9dbf6e028a9078b47dcea63f36d3df5d95d0e38970c,kaggle_card_license_unknown_review_before_redistribution
data/datasets/efficientnet_kaggle_v1/train/abrasion/ffd632f77b76e3b7.jpg,abrasion,train,data/raw/kaggle/yasinpratomo_wound_dataset/Wound_dataset/Abrasions/abrasions (28).jpg,ffd632f77b76e3b7c9d374db1441d2780df74d953b7ac8ece65ea8e11a964f96,kaggle_card_license_unknown_review_before_redistribution
data/datasets/efficientnet_kaggle_v1/val/abrasion/f6901b8e221c43c2.jpg,abrasion,val,data/raw/kaggle/yasinpratomo_wound_dataset/Wound_dataset/Abrasions/abrasions (29).jpg,f6901b8e221c43c2638d997acb2bcfaebc79e0a402b003df3d38642a265f6cb5,kaggle_card_license_unknown_review_before_redistribution
data/datasets/efficientnet_kaggle_v1/test/abrasion/53d55906d2dd4a2b.jpg,abrasion,test,data/raw/kaggle/yasinpratomo_wound_dataset/Wound_dataset/Abrasions/abrasions (3).jpg,53d55906d2dd4a2bdb635e5f409a01f725265c7bd68cb4d8856eb9df1723afa2,kaggle_card_license_unknown_review_before_redistribution
data/datasets/efficientnet_kaggle_v1/test/abrasion/59ccfffab613e691.jpg,abrasion,test,data/raw/kaggle/yasinpratomo_wound_dataset/Wound_dataset/Abrasions/abrasions (30).jpg,59ccfffab613e6910dd7a2d11b51b1fd614ff5f7d648e4527069119ca08e000c,kaggle_card_license_unknown_review_before_redistribution
data/datasets/efficientnet_kaggle_v1/train/abrasion/7b55a3002de07125.jpg,abrasion,train,data/raw/kaggle/yasinpratomo_wound_dataset/Wound_dataset/Abrasions/abrasions (31).jpg,7b55a3002de071253a10fefb25048591638456c6c98b5d1dd0142e2ef7cf6a2c,kaggle_card_license_unknown_review_before_redistribution
data/datasets/efficientnet_kaggle_v1/train/abrasion/17ebb7a59846447a.jpg,abrasion,train,data/raw/kaggle/yasinpratomo_wound_dataset/Wound_dataset/Abrasions/abrasions (32).jpg,17ebb7a59846447ada390881457fd71a5a3e64122a6fe0d159eca3e15551198b,kaggle_card_license_unknown_review_before_redistribution
data/datasets/efficientnet_kaggle_v1/val/abrasion/ec4380de89728699.jpg,abrasion,val,data/raw/kaggle/yasinpratomo_wound_dataset/Wound_dataset/Abrasions/abrasions (33).jpg,ec4380de89728699bd41acb4e80649a51d8f9e61bd5879d59c3a1e57fc8a4342,kaggle_card_license_unknown_review_before_redistribution
data/datasets/efficientnet_kaggle_v1/train/abrasion/8767b4fc1fee97d8.jpg,abrasion,train,data/raw/kaggle/yasinpratomo_wound_dataset/Wound_dataset/Abrasions/abrasions (34).jpg,8767b4fc1fee97d8e5263cc56e26e88bdd18ef1d58198547f86d0600094499da,kaggle_card_license_unknown_review_before_redistribution
data/datasets/efficientnet_kaggle_v1/train/abrasion/d546625a3dd4b8cd.jpg,abrasion,train,data/raw/kaggle/yasinpratomo_wound_dataset/Wound_dataset/Abrasions/abrasions (35).jpg,d546625a3dd4b8cdad1a717e73f724d985a8b438a1dfa53e57f3b9cd752162c9,kaggle_card_license_unknown_review_before_redistribution
data/datasets/efficientnet_kaggle_v1/val/abrasion/3a32f9cd67bb30ec.jpg,abrasion,val,data/raw/kaggle/yasinpratomo_wound_dataset/Wound_dataset/Abrasions/abrasions (36).jpg,3a32f9cd67bb30ec7112eda262b8e0799978e9e0e3444452285422ea4e71734f,kaggle_card_license_unknown_review_before_redistribution
data/datasets/efficientnet_kaggle_v1/train/abrasion/9b445e4beb6077c6.jpg,abrasion,train,data/raw/kaggle/yasinpratomo_wound_dataset/Wound_dataset/Abrasions/abrasions (37).jpg,9b445e4beb6077c60f18474cd2c1bea68491e53731e1ce6b61529a62b9c49eb0,kaggle_card_license_unknown_review_before_redistribution
data/datasets/efficientnet_kaggle_v1/val/abrasion/d648e46339f44f94.jpg,abrasion,val,data/raw/kaggle/yasinpratomo_wound_dataset/Wound_dataset/Abrasions/abrasions (38).jpg,d648e46339f44f941377ba7e1322b997bfedb9d4bcf894092d38007df913d1c0,kaggle_card_license_unknown_review_before_redistribution
data/datasets/efficientnet_kaggle_v1/train/abrasion/ee7a675c270280dd.jpg,abrasion,train,data/raw/kaggle/yasinpratomo_wound_dataset/Wound_dataset/Abrasions/abrasions (39).jpg,ee7a675c270280ddf9ffa5ab869705cf150fb5aa2b13c75bf358ca596fb58378,kaggle_card_license_unknown_review_before_redistribution
data/datasets/efficientnet_kaggle_v1/val/abrasion/aa691b9f419a8336.jpg,abrasion,val,data/raw/kaggle/yasinpratomo_wound_dataset/Wound_dataset/Abrasions/abrasions (4).jpg,aa691b9f419a83364f79036c48502fbbf30c456364d8b030b905925dc5aec5a1,kaggle_card_license_unknown_review_before_redistribution
data/datasets/efficientnet_kaggle_v1/train/abrasion/bef5d64bd696340a.jpg,abrasion,train,data/raw/kaggle/yasinpratomo_wound_dataset/Wound_dataset/Abrasions/abrasions (40).jpg,bef5d64bd696340aad0135d7381f61beca73d24afa75835b1ed5f06d5b296164,kaggle_card_license_unknown_review_before_redistribution
data/datasets/efficientnet_kaggle_v1/train/abrasion/3f1706c0e256ca74.jpg,abrasion,train,data/raw/kaggle/yasinpratomo_wound_dataset/Wound_dataset/Abrasions/abrasions (41).jpg,3f1706c0e256ca74e65e81d1fa440935d51bcbe24514d22da347ef6817fe6af6,kaggle_card_license_unknown_review_before_redistribution
data/datasets/efficientnet_kaggle_v1/train/abrasion/cbe08180dc9a28ab.jpg,abrasion,train,data/raw/kaggle/yasinpratomo_wound_dataset/Wound_dataset/Abrasions/abrasions (42).jpg,cbe08180dc9a28ab82289cf3faa128bf1323e8dde7d10e437f4fda94dee1b480,kaggle_card_license_unknown_review_before_redistribution
data/datasets/efficientnet_kaggle_v1/train/abrasion/72afac0beb22524e.jpg,abrasion,train,data/raw/kaggle/yasinpratomo_wound_dataset/Wound_dataset/Abrasions/abrasions (43).jpg,72afac0beb22524e4211f416c90f30ba65d53a65efbe4bc7a8d41e83e421615d,kaggle_card_license_unknown_review_before_redistribution
data/datasets/efficientnet_kaggle_v1/train/abrasion/cd14d4f566e9b67a.jpg,abrasion,train,data/raw/kaggle/yasinpratomo_wound_dataset/Wound_dataset/Abrasions/abrasions (44).jpg,cd14d4f566e9b67a76d3e7860be3b31feb8348a90a0e69026d4b2115344dea33,kaggle_card_license_unknown_review_before_redistribution
data/datasets/efficientnet_kaggle_v1/train/abrasion/8d66e46b8cabcdc4.jpg,abrasion,train,data/raw/kaggle/yasinpratomo_wound_dataset/Wound_dataset/Abrasions/abrasions (45).jpg,8d66e46b8cabcdc416be02d3d2e05f56eb7fd70cdbba3d10d4f7d501dec94ec9,kaggle_card_license_unknown_review_before_redistribution
data/datasets/efficientnet_kaggle_v1/test/abrasion/8bddf30768b4e697.jpg,abrasion,test,data/raw/kaggle/yasinpratomo_wound_dataset/Wound_dataset/Abrasions/abrasions (46).jpg,8bddf30768b4e69743f2aabb3863cc611f3023e83e4af9c1793769d2a9570ae4,kaggle_card_license_unknown_review_before_redistribution
data/datasets/efficientnet_kaggle_v1/train/abrasion/6b04cd00bcc2ea0a.jpg,abrasion,train,data/raw/kaggle/yasinpratomo_wound_dataset/Wound_dataset/Abrasions/abrasions (47).jpg,6b04cd00bcc2ea0a832b6b775b0f02ce7291096d6daa113d978b58f867b057ee,kaggle_card_license_unknown_review_before_redistribution
data/datasets/efficientnet_kaggle_v1/train/abrasion/968b6ddb98965be3.jpg,abrasion,train,data/raw/kaggle/yasinpratomo_wound_dataset/Wound_dataset/Abrasions/abrasions (48).jpg,968b6ddb98965be3a6c5fcc7e1362b8d5eb2bf7f8066eb0dbc86c40c725543b8,kaggle_card_license_unknown_review_before_redistribution
data/datasets/efficientnet_kaggle_v1/train/abrasion/2fffd9a789f72648.jpg,abrasion,train,data/raw/kaggle/yasinpratomo_wound_dataset/Wound_dataset/Abrasions/abrasions (49).jpg,2fffd9a789f72648505fc2df4f4a2f414dfaaf01c0ddfff16733dade0e08f419,kaggle_card_license_unknown_review_before_redistribution
data/datasets/efficientnet_kaggle_v1/test/abrasion/66d1b4fb3716adea.jpg,abrasion,test,data/raw/kaggle/yasinpratomo_wound_dataset/Wound_dataset/Abrasions/abrasions (5).jpg,66d1b4fb3716adead2753ee7131c84755aabb4ed714fc6b9d170138b3ecac2a9,kaggle_card_license_unknown_review_before_redistribution
data/datasets/efficientnet_kaggle_v1/train/abrasion/cf87a13776abc0e8.jpg,abrasion,train,data/raw/kaggle/yasinpratomo_wound_dataset/Wound_dataset/Abrasions/abrasions (50).jpg,cf87a13776abc0e8aa95600707f3fbd7268c91fe13c468accafbcd34024f219f,kaggle_card_license_unknown_review_before_redistribution
data/datasets/efficientnet_kaggle_v1/train/abrasion/9c4b8227610f4a5c.jpg,abrasion,train,data/raw/kaggle/yasinpratomo_wound_dataset/Wound_dataset/Abrasions/abrasions (51).jpg,9c4b8227610f4a5c83d66e46c87193abbaa87d2d46cba0ad7c14cffefa037cbe,kaggle_card_license_unknown_review_before_redistribution
data/datasets/efficientnet_kaggle_v1/train/abrasion/651fd401e4ee02f1.jpg,abrasion,train,data/raw/kaggle/yasinpratomo_wound_dataset/Wound_dataset/Abrasions/abrasions (52).jpg,651fd401e4ee02f153a4122d108d2706d4c702bbccdf85a93161f807f9836627,kaggle_card_license_unknown_review_before_redistribution
data/datasets/efficientnet_kaggle_v1/train/abrasion/5b6aa6c28c5de423.jpg,abrasion,train,data/raw/kaggle/yasinpratomo_wound_dataset/Wound_dataset/Abrasions/abrasions (53).jpg,5b6aa6c28c5de4237c1e15e9ae834d06484542e1f64d1678e49a67aba0329d8a,kaggle_card_license_unknown_review_before_redistribution
data/datasets/efficientnet_kaggle_v1/train/abrasion/7849a2d176035903.jpg,abrasion,train,data/raw/kaggle/yasinpratomo_wound_dataset/Wound_dataset/Abrasions/abrasions (54).jpg,7849a2d176035903c5fec388ba3da245d4f1be58082624c3cce4c883a939aeb8,kaggle_card_license_unknown_review_before_redistribution
data/datasets/efficientnet_kaggle_v1/train/abrasion/b810840647c22945.jpg,abrasion,train,data/raw/kaggle/yasinpratomo_wound_dataset/Wound_dataset/Abrasions/abrasions (55).jpg,b810840647c229450676cf5c8d3434e6852a4463b83945d5c9662a4dae2822e9,kaggle_card_license_unknown_review_before_redistribution
data/datasets/efficientnet_kaggle_v1/train/abrasion/a485d252d911918b.jpg,abrasion,train,data/raw/kaggle/yasinpratomo_wound_dataset/Wound_dataset/Abrasions/abrasions (56).jpg,a485d252d911918bbfde7d50a42871db1920a6a9274f8ca87feccfcdbdf6103e,kaggle_card_license_unknown_review_before_redistribution
data/datasets/efficientnet_kaggle_v1/val/abrasion/39cb8f339a920986.jpg,abrasion,val,data/raw/kaggle/yasinpratomo_wound_dataset/Wound_dataset/Abrasions/abrasions (57).jpg,39cb8f339a920986c6193620ff971152db4040add1f4cc619d96aefb40aa7333,kaggle_card_license_unknown_review_before_redistribution
data/datasets/efficientnet_kaggle_v1/train/abrasion/7731a33d9c5c5e12.jpg,abrasion,train,data/raw/kaggle/yasinpratomo_wound_dataset/Wound_dataset/Abrasions/abrasions (58).jpg,7731a33d9c5c5e12a9d7507a9cb5f7bbbe27d5cc8adff9b9fe63ddf957c8c055,kaggle_card_license_unknown_review_before_redistribution
data/datasets/efficientnet_kaggle_v1/train/abrasion/8242c6418b765eaa.jpg,abrasion,train,data/raw/kaggle/yasinpratomo_wound_dataset/Wound_dataset/Abrasions/abrasions (59).jpg,8242c6418b765eaa0858c8bae12c6d91e74760e2bc667051f4d092a410806a45,kaggle_card_license_unknown_review_before_redistribution
data/datasets/efficientnet_kaggle_v1/val/abrasion/eb92d1fbbd8890fe.jpg,abrasion,val,data/raw/kaggle/yasinpratomo_wound_dataset/Wound_dataset/Abrasions/abrasions (6).jpg,eb92d1fbbd8890fedfb2f5206292d5f32fdf34d3eb109564b163379a3e624174,kaggle_card_license_unknown_review_before_redistribution
data/datasets/efficientnet_kaggle_v1/val/abrasion/666da8d521995991.jpg,abrasion,val,data/raw/kaggle/yasinpratomo_wound_dataset/Wound_dataset/Abrasions/abrasions (60).jpg,666da8d52199599155348de1560dc9274305b855c9bbe4f38bdc6f53ce631bc2,kaggle_card_license_unknown_review_before_redistribution
data/datasets/efficientnet_kaggle_v1/train/abrasion/9549325c71de74c3.jpg,abrasion,train,data/raw/kaggle/yasinpratomo_wound_dataset/Wound_dataset/Abrasions/abrasions (61).jpg,9549325c71de74c3de0c11b99f278b7b678377053ac4c0ab3425ed5da4ce4cf4,kaggle_card_license_unknown_review_before_redistribution
data/datasets/efficientnet_kaggle_v1/train/abrasion/843fc0d835a82e2a.jpg,abrasion,train,data/raw/kaggle/yasinpratomo_wound_dataset/Wound_dataset/Abrasions/abrasions (62).jpg,843fc0d835a82e2ad465367c42eb1cca6eb015d1942a4cea2643073578fec9c6,kaggle_card_license_unknown_review_before_redistribution
data/datasets/efficientnet_kaggle_v1/val/abrasion/3fa38f59100fc5a5.jpg,abrasion,val,data/raw/kaggle/yasinpratomo_wound_dataset/Wound_dataset/Abrasions/abrasions (63).jpg,3fa38f59100fc5a5788229a595e393d3967561a460f19ba94e20e7bfab2136b6,kaggle_card_license_unknown_review_before_redistribution
data/datasets/efficientnet_kaggle_v1/test/abrasion/6db140c626577726.jpg,abrasion,test,data/raw/kaggle/yasinpratomo_wound_dataset/Wound_dataset/Abrasions/abrasions (64).jpg,6db140c626577726e1fd852f6e2ba645ba86a445ff9c7c6f3997e415f86f88bd,kaggle_card_license_unknown_review_before_redistribution
data/datasets/efficientnet_kaggle_v1/val/abrasion/80c29821d88b3061.jpg,abrasion,val,data/raw/kaggle/yasinpratomo_wound_dataset/Wound_dataset/Abrasions/abrasions (65).jpg,80c29821d88b3061ec7036400cfd2856b0269a3f5394acd8e315efcf806e641d,kaggle_card_license_unknown_review_before_redistribution
data/datasets/efficientnet_kaggle_v1/train/abrasion/622cff67df0564a1.jpg,abrasion,train,data/raw/kaggle/yasinpratomo_wound_dataset/Wound_dataset/Abrasions/abrasions (66).jpg,622cff67df0564a12bca313a1447ce3970bc2ef9cae02630bf690cfd8c676183,kaggle_card_license_unknown_review_before_redistribution
data/datasets/efficientnet_kaggle_v1/train/abrasion/c3555ded4ed6e268.jpg,abrasion,train,data/raw/kaggle/yasinpratomo_wound_dataset/Wound_dataset/Abrasions/abrasions (67).jpg,c3555ded4ed6e268d0e41dfcc108942bed9829ce8f103f30e8b72c4afbf417af,kaggle_card_license_unknown_review_before_redistribution
data/datasets/efficientnet_kaggle_v1/test/abrasion/125450608076052f.jpg,abrasion,test,data/raw/kaggle/yasinpratomo_wound_dataset/Wound_dataset/Abrasions/abrasions (68).jpg,125450608076052f6b30f6e3f517c0a40b92a1f72296359a8f95b2a0c63f13d3,kaggle_card_license_unknown_review_before_redistribution
data/datasets/efficientnet_kaggle_v1/train/abrasion/e2d26cbac9f9f347.jpg,abrasion,train,data/raw/kaggle/yasinpratomo_wound_dataset/Wound_dataset/Abrasions/abrasions (69).jpg,e2d26cbac9f9f34715d136350602de6e581bd7f8ed93aeb9978024151e874b72,kaggle_card_license_unknown_review_before_redistribution
data/datasets/efficientnet_kaggle_v1/train/abrasion/08a31ef7f5c2f9e5.jpg,abrasion,train,data/raw/kaggle/yasinpratomo_wound_dataset/Wound_dataset/Abrasions/abrasions (7).jpg,08a31ef7f5c2f9e539a242e62c0db9714c7afeb25c10d2d8a3a4622dac208d76,kaggle_card_license_unknown_review_before_redistribution
data/datasets/efficientnet_kaggle_v1/train/abrasion/5d906909a18aaa7d.jpg,abrasion,train,data/raw/kaggle/yasinpratomo_wound_dataset/Wound_dataset/Abrasions/abrasions (70).jpg,5d906909a18aaa7d4d619adfa7805d9cf0becc656c5b5e9e2fbeb14a48c52812,kaggle_card_license_unknown_review_before_redistribution
data/datasets/efficientnet_kaggle_v1/train/abrasion/3052fa6421e2b868.jpg,abrasion,train,data/raw/kaggle/yasinpratomo_wound_dataset/Wound_dataset/Abrasions/abrasions (71).jpg,3052fa6421e2b868c9fb747a0f504c749b8beb0c13f92630125a96ae43cf2c7e,kaggle_card_license_unknown_review_before_redistribution
data/datasets/efficientnet_kaggle_v1/val/abrasion/c4d22d9ef7911fba.jpg,abrasion,val,data/raw/kaggle/yasinpratomo_wound_dataset/Wound_dataset/Abrasions/abrasions (72).jpg,c4d22d9ef7911fbae389ef6324e96fc6723666811c2c3fde074a872316801e39,kaggle_card_license_unknown_review_before_redistribution
data/datasets/efficientnet_kaggle_v1/test/abrasion/360564f370703563.jpg,abrasion,test,data/raw/kaggle/yasinpratomo_wound_dataset/Wound_dataset/Abrasions/abrasions (73).jpg,360564f3707035633a76f9dd90c3faa5c24220f356b806e4522fe5b6b67113f4,kaggle_card_license_unknown_review_before_redistribution
data/datasets/efficientnet_kaggle_v1/test/abrasion/c8ac2899ae40dc69.jpg,abrasion,test,data/raw/kaggle/yasinpratomo_wound_dataset/Wound_dataset/Abrasions/abrasions (74).jpg,c8ac2899ae40dc69f7a61c8ba023beb507985c66608fb979d727bbb3fa3743df,kaggle_card_license_unknown_review_before_redistribution
data/datasets/efficientnet_kaggle_v1/train/abrasion/ab950857e37ad35d.jpg,abrasion,train,data/raw/kaggle/yasinpratomo_wound_dataset/Wound_dataset/Abrasions/abrasions (75).jpg,ab950857e37ad35df2be05da30808c863cbd600e8b5e70dad33eba4e7ad88152,kaggle_card_license_unknown_review_before_redistribution
data/datasets/efficientnet_kaggle_v1/train/abrasion/610116248c6fe8ea.jpg,abrasion,train,data/raw/kaggle/yasinpratomo_wound_dataset/Wound_dataset/Abrasions/abrasions (76).jpg,610116248c6fe8ea80c882c3fc014f7c16fa3a2193dbdcf598c7c7bcb543ab52,kaggle_card_license_unknown_review_before_redistribution
data/datasets/efficientnet_kaggle_v1/train/abrasion/769157f98f0c0745.jpg,abrasion,train,data/raw/kaggle/yasinpratomo_wound_dataset/Wound_dataset/Abrasions/abrasions (77).jpg,769157f98f0c07454f18668fc9ffde8de948cd45b9d90f352ba787d2f050a5d0,kaggle_card_license_unknown_review_before_redistribution
data/datasets/efficientnet_kaggle_v1/train/abrasion/d545054354be2630.jpg,abrasion,train,data/raw/kaggle/yasinpratomo_wound_dataset/Wound_dataset/Abrasions/abrasions (78).jpg,d545054354be26304081d76bc859fe0509e28c66dd4a93b49c64d6ab9781eb62,kaggle_card_license_unknown_review_before_redistribution
data/datasets/efficientnet_kaggle_v1/val/abrasion/9ea76d26dc340628.jpg,abrasion,val,data/raw/kaggle/yasinpratomo_wound_dataset/Wound_dataset/Abrasions/abrasions (79).jpg,9ea76d26dc340628542863d5210dd1156e38fb62c95a63a0d0a3492a1f89c66b,kaggle_card_license_unknown_review_before_redistribution
data/datasets/efficientnet_kaggle_v1/train/abrasion/10faf0edc7568d31.jpg,abrasion,train,data/raw/kaggle/yasinpratomo_wound_dataset/Wound_dataset/Abrasions/abrasions (8).jpg,10faf0edc7568d317aaa4a95e8b8c48183f6832d943497c724afb5ddbe7755b6,kaggle_card_license_unknown_review_before_redistribution
data/datasets/efficientnet_kaggle_v1/test/abrasion/b843510084c3a376.jpg,abrasion,test,data/raw/kaggle/yasinpratomo_wound_dataset/Wound_dataset/Abrasions/abrasions (80).jpg,b843510084c3a376b6555e5f89ba84cd7695e39a3f2dca4d3deaec8352bb6d1d,kaggle_card_license_unknown_review_before_redistribution
data/datasets/efficientnet_kaggle_v1/train/abrasion/c6fab97b28b56a77.jpg,abrasion,train,data/raw/kaggle/yasinpratomo_wound_dataset/Wound_dataset/Abrasions/abrasions (81).jpg,c6fab97b28b56a7726dc9ee9bfd995985a385963b74e962ed19ce6f6bba32ade,kaggle_card_license_unknown_review_before_redistribution
data/datasets/efficientnet_kaggle_v1/val/abrasion/be6145af049ced93.jpg,abrasion,val,data/raw/kaggle/yasinpratomo_wound_dataset/Wound_dataset/Abrasions/abrasions (82).jpg,be6145af049ced9391a364150ec5bd76430d39c88e563c342cabcbce3caab728,kaggle_card_license_unknown_review_before_redistribution
data/datasets/efficientnet_kaggle_v1/train/abrasion/87004e29ac7b3eda.jpg,abrasion,train,data/raw/kaggle/yasinpratomo_wound_dataset/Wound_dataset/Abrasions/abrasions (83).jpg,87004e29ac7b3eda7e16f418b686f5221b497efce233d95ed2a52338a5b8d341,kaggle_card_license_unknown_review_before_redistribution
data/datasets/efficientnet_kaggle_v1/train/abrasion/316fa7ad662097c9.jpg,abrasion,train,data/raw/kaggle/yasinpratomo_wound_dataset/Wound_dataset/Abrasions/abrasions (84).jpg,316fa7ad662097c9d33b76c22b42f8836284e302b0a7eec6d7e94372a7dba400,kaggle_card_license_unknown_review_before_redistribution
data/datasets/efficientnet_kaggle_v1/train/abrasion/2f529c001b433f16.jpg,abrasion,train,data/raw/kaggle/yasinpratomo_wound_dataset/Wound_dataset/Abrasions/abrasions (85).jpg,2f529c001b433f1694a71a46d4b4df0a600a4393b8d06a17c3c7e993f6b44042,kaggle_card_license_unknown_review_before_redistribution
data/datasets/efficientnet_kaggle_v1/train/abrasion/02fe5adca82f6ea3.jpg,abrasion,train,data/raw/kaggle/yasinpratomo_wound_dataset/Wound_dataset/Abrasions/abrasions (9).jpg,02fe5adca82f6ea36a8f2d2b9a95efc23ff74aca12bbd9a4a853ec49581663d2,kaggle_card_license_unknown_review_before_redistribution
data/datasets/efficientnet_kaggle_v1/val/bruise/bd88d843a8c12de3.jpg,bruise,val,data/raw/kaggle/yasinpratomo_wound_dataset/Wound_dataset/Bruises/bruises (1).jpg,bd88d843a8c12de34a4ecb9341d984cfcc708095c0776a41ca76ad23dbba4dd2,kaggle_card_license_unknown_review_before_redistribution
data/datasets/efficientnet_kaggle_v1/val/bruise/d8757730fa26e9cb.jpg,bruise,val,data/raw/kaggle/yasinpratomo_wound_dataset/Wound_dataset/Bruises/bruises (10).jpg,d8757730fa26e9cb7fd98c8696f993dad31c99623be625b918d1a759bead17e0,kaggle_card_license_unknown_review_before_redistribution
data/datasets/efficientnet_kaggle_v1/train/bruise/4998c4327ead8542.jpg,bruise,train,data/raw/kaggle/yasinpratomo_wound_dataset/Wound_dataset/Bruises/bruises (100).jpg,4998c4327ead85425159a5258c5c2c1e0250ce862ee7bd54d8235bfda31da852,kaggle_card_license_unknown_review_before_redistribution
data/datasets/efficientnet_kaggle_v1/test/bruise/206f45175d90daeb.jpg,bruise,test,data/raw/kaggle/yasinpratomo_wound_dataset/Wound_dataset/Bruises/bruises (101).jpg,206f45175d90daebcc44d17c34604b8ef8208ef6d5325263a069cf2c2c5ec5c1,kaggle_card_license_unknown_review_before_redistribution
data/datasets/efficientnet_kaggle_v1/train/bruise/1daf90d15d34fc05.jpg,bruise,train,data/raw/kaggle/yasinpratomo_wound_dataset/Wound_dataset/Bruises/bruises (102).jpg,1daf90d15d34fc05b274a9032aeb6c1bd24cb866fe7eb599e1319cb675111772,kaggle_card_license_unknown_review_before_redistribution
data/datasets/efficientnet_kaggle_v1/train/bruise/6361c515b87fe4ec.jpg,bruise,train,data/raw/kaggle/yasinpratomo_wound_dataset/Wound_dataset/Bruises/bruises (103).jpg,6361c515b87fe4ecb3ec7b89af369be22bd97a4842f7c6c36fea10d578d68f42,kaggle_card_license_unknown_review_before_redistribution
data/datasets/efficientnet_kaggle_v1/train/bruise/0d0c7abe1b5ac54f.jpg,bruise,train,data/raw/kaggle/yasinpratomo_wound_dataset/Wound_dataset/Bruises/bruises (104).jpg,0d0c7abe1b5ac54f503af5fbb6799425f3e327d8f3adcefca3b60d410ef0c9c3,kaggle_card_license_unknown_review_before_redistribution
data/datasets/efficientnet_kaggle_v1/train/bruise/af6d0dc318fd1da9.jpg,bruise,train,data/raw/kaggle/yasinpratomo_wound_dataset/Wound_dataset/Bruises/bruises (105).jpg,af6d0dc318fd1da91cdf20d72984dbf825d128b2f11192889d78ed47f9f6ff5d,kaggle_card_license_unknown_review_before_redistribution
data/datasets/efficientnet_kaggle_v1/train/bruise/332ce8d5e1ff78ae.jpg,bruise,train,data/raw/kaggle/yasinpratomo_wound_dataset/Wound_dataset/Bruises/bruises (106).jpg,332ce8d5e1ff78aedaea6a8a4ea979d8e8bc705025e9458f6ade48e151f662c3,kaggle_card_license_unknown_review_before_redistribution
data/datasets/efficientnet_kaggle_v1/test/bruise/f69edc90b0cf27d6.jpg,bruise,test,data/raw/kaggle/yasinpratomo_wound_dataset/Wound_dataset/Bruises/bruises (107).jpg,f69edc90b0cf27d66ea076bd7e059240243b6183c89fcfa7ceb6fe9a5316776b,kaggle_card_license_unknown_review_before_redistribution
data/datasets/efficientnet_kaggle_v1/train/bruise/fb764cccba261afd.jpg,bruise,train,data/raw/kaggle/yasinpratomo_wound_dataset/Wound_dataset/Bruises/bruises (108).jpg,fb764cccba261afdb8f3f92b01dce1aa17670a2ff35ac4020f88b0892c8d0add,kaggle_card_license_unknown_review_before_redistribution
data/datasets/efficientnet_kaggle_v1/val/bruise/63d81f571afb89aa.jpg,bruise,val,data/raw/kaggle/yasinpratomo_wound_dataset/Wound_dataset/Bruises/bruises (109).jpg,63d81f571afb89aa0e5811a8fb1da6f46d9a70ecb75087b9843dabc17e95256c,kaggle_card_license_unknown_review_before_redistribution
data/datasets/efficientnet_kaggle_v1/train/bruise/a751edd1fdb10e4f.jpg,bruise,train,data/raw/kaggle/yasinpratomo_wound_dataset/Wound_dataset/Bruises/bruises (11).jpg,a751edd1fdb10e4fe182520305a7b30b1ca6f3aba7169d4ab864b8e4ce8bbc4d,kaggle_card_license_unknown_review_before_redistribution
data/datasets/efficientnet_kaggle_v1/train/bruise/41fb498bcfbd7311.jpg,bruise,train,data/raw/kaggle/yasinpratomo_wound_dataset/Wound_dataset/Bruises/bruises (110).jpg,41fb498bcfbd73113c713df68abf9a137557b43aa906a527ab68d87774ac4d44,kaggle_card_license_unknown_review_before_redistribution
data/datasets/efficientnet_kaggle_v1/val/bruise/583acef6b3298081.jpg,bruise,val,data/raw/kaggle/yasinpratomo_wound_dataset/Wound_dataset/Bruises/bruises (111).jpg,583acef6b3298081a6e430cc9ab0aa8597577d45d8b2eda6e756021f16a112b8,kaggle_card_license_unknown_review_before_redistribution
data/datasets/efficientnet_kaggle_v1/train/bruise/c57469c854d18f36.jpg,bruise,train,data/raw/kaggle/yasinpratomo_wound_dataset/Wound_dataset/Bruises/bruises (112).jpg,c57469c854d18f365ad8a60bccef8797b50c7f33c166e630e713ff2f256c2c17,kaggle_card_license_unknown_review_before_redistribution
data/datasets/efficientnet_kaggle_v1/train/bruise/eeb646f76c0ebfa9.jpg,bruise,train,data/raw/kaggle/yasinpratomo_wound_dataset/Wound_dataset/Bruises/bruises (113).jpg,eeb646f76c0ebfa9e439956b15b580d6e4050f4b189eddf49a8574f76c2bf16c,kaggle_card_license_unknown_review_before_redistribution
data/datasets/efficientnet_kaggle_v1/train/bruise/48e9b13774f3e1d6.jpg,bruise,train,data/raw/kaggle/yasinpratomo_wound_dataset/Wound_dataset/Bruises/bruises (114).jpg,48e9b13774f3e1d6f3cb05e98da21e8d9e0123ac59d1b07469fc62ca41c97ed9,kaggle_card_license_unknown_review_before_redistribution
data/datasets/efficientnet_kaggle_v1/train/bruise/1f190fc28eb49ca0.jpg,bruise,train,data/raw/kaggle/yasinpratomo_wound_dataset/Wound_dataset/Bruises/bruises (115).jpg,1f190fc28eb49ca023a87425c19bf4dae49cae327deeb785ed11a9e05ff1b934,kaggle_card_license_unknown_review_before_redistribution
data/datasets/efficientnet_kaggle_v1/train/bruise/8a2a665b517de9b0.jpg,bruise,train,data/raw/kaggle/yasinpratomo_wound_dataset/Wound_dataset/Bruises/bruises (116).jpg,8a2a665b517de9b0872706de05c7c26a66833bea9720d66c25e96c7d05c3e01d,kaggle_card_license_unknown_review_before_redistribution
data/datasets/efficientnet_kaggle_v1/val/bruise/bceacf3484c414ba.jpg,bruise,val,data/raw/kaggle/yasinpratomo_wound_dataset/Wound_dataset/Bruises/bruises (117).jpg,bceacf3484c414ba01582d81626f2eba0cffad0fd8004af9befcd710973646e7,kaggle_card_license_unknown_review_before_redistribution
data/datasets/efficientnet_kaggle_v1/train/bruise/1af581f2ab24a5bc.jpg,bruise,train,data/raw/kaggle/yasinpratomo_wound_dataset/Wound_dataset/Bruises/bruises (118).jpg,1af581f2ab24a5bc513ddae1dadcacdf0370bfeaf5fa8a42649ee2aff02b1342,kaggle_card_license_unknown_review_before_redistribution
data/datasets/efficientnet_kaggle_v1/train/bruise/529b7c1822743e44.jpg,bruise,train,data/raw/kaggle/yasinpratomo_wound_dataset/Wound_dataset/Bruises/bruises (119).jpg,529b7c1822743e4477282838673a0ea53cfb6ede718c24deddaaf43a5688b61c,kaggle_card_license_unknown_review_before_redistribution
data/datasets/efficientnet_kaggle_v1/test/bruise/804a5d4c34a7dfa7.jpg,bruise,test,data/raw/kaggle/yasinpratomo_wound_dataset/Wound_dataset/Bruises/bruises (12).jpg,804a5d4c34a7dfa79814b27a7432654ad0089fa53cd25473e75903185ff24c8d,kaggle_card_license_unknown_review_before_redistribution
data/datasets/efficientnet_kaggle_v1/val/bruise/8fe2daf93ac6e705.jpg,bruise,val,data/raw/kaggle/yasinpratomo_wound_dataset/Wound_dataset/Bruises/bruises (120).jpg,8fe2daf93ac6e70537fc71e7b1b9cedecb541cdd7df41962d64f4ed5b2c9453b,kaggle_card_license_unknown_review_before_redistribution
data/datasets/efficientnet_kaggle_v1/train/bruise/2acc66b1f94bd8f8.jpg,bruise,train,data/raw/kaggle/yasinpratomo_wound_dataset/Wound_dataset/Bruises/bruises (121).jpg,2acc66b1f94bd8f8e28c9ed61eb81663d1a4f972c84a2eb0faa508f7346de79a,kaggle_card_license_unknown_review_before_redistribution
data/datasets/efficientnet_kaggle_v1/test/bruise/660123a3b001f36f.jpg,bruise,test,data/raw/kaggle/yasinpratomo_wound_dataset/Wound_dataset/Bruises/bruises (122).jpg,660123a3b001f36fc52f89819dc9d6b902a39d5c612e42dcf3eae41bc4ca154e,kaggle_card_license_unknown_review_before_redistribution
data/datasets/efficientnet_kaggle_v1/train/bruise/04d6af3850698a0a.jpg,bruise,train,data/raw/kaggle/yasinpratomo_wound_dataset/Wound_dataset/Bruises/bruises (13).jpg,04d6af3850698a0af7a8b2219173415b9f3d653334670f635fab98ba68b6c056,kaggle_card_license_unknown_review_before_redistribution
data/datasets/efficientnet_kaggle_v1/train/bruise/5e87181efe517959.jpg,bruise,train,data/raw/kaggle/yasinpratomo_wound_dataset/Wound_dataset/Bruises/bruises (14).jpg,5e87181efe517959579fbd5cda4357e1b36f6eb7281ad1e87f5a2fcec93de99b,kaggle_card_license_unknown_review_before_redistribution
data/datasets/efficientnet_kaggle_v1/train/bruise/1e921268f64f1a80.jpg,bruise,train,data/raw/kaggle/yasinpratomo_wound_dataset/Wound_dataset/Bruises/bruises (15).jpg,1e921268f64f1a80e5de5a38a28ce8f6f382026afb7d3144e12c8890012e9f18,kaggle_card_license_unknown_review_before_redistribution
data/datasets/efficientnet_kaggle_v1/train/bruise/bc46d7c7d484c8a1.jpg,bruise,train,data/raw/kaggle/yasinpratomo_wound_dataset/Wound_dataset/Bruises/bruises (16).jpg,bc46d7c7d484c8a1c30ab2da985848cb1d1c564b25b19859421797a413c24618,kaggle_card_license_unknown_review_before_redistribution
data/datasets/efficientnet_kaggle_v1/train/bruise/c43ae10a4e0518db.jpg,bruise,train,data/raw/kaggle/yasinpratomo_wound_dataset/Wound_dataset/Bruises/bruises (17).jpg,c43ae10a4e0518db6d0988ea5b1bff4bdfdb8a7c923553e886f3a32605dc60ee,kaggle_card_license_unknown_review_before_redistribution
data/datasets/efficientnet_kaggle_v1/train/bruise/d1e0f77d1567b85f.jpg,bruise,train,data/raw/kaggle/yasinpratomo_wound_dataset/Wound_dataset/Bruises/bruises (18).jpg,d1e0f77d1567b85fbf2b1ea7e48d379108af74187ccbd0e21268325548f824bb,kaggle_card_license_unknown_review_before_redistribution
data/datasets/efficientnet_kaggle_v1/test/bruise/9007f255ef2f2408.jpg,bruise,test,data/raw/kaggle/yasinpratomo_wound_dataset/Wound_dataset/Bruises/bruises (19).jpg,9007f255ef2f24081861dfc09ce01f1245c296227fc7e2d99aae43653c7f7ee5,kaggle_card_license_unknown_review_before_redistribution
data/datasets/efficientnet_kaggle_v1/train/bruise/6a0cb3589b76a5c2.jpg,bruise,train,data/raw/kaggle/yasinpratomo_wound_dataset/Wound_dataset/Bruises/bruises (2).jpg,6a0cb3589b76a5c2b509a8e92ef8ca1015d9973902b604dddacb6721af66a556,kaggle_card_license_unknown_review_before_redistribution
data/datasets/efficientnet_kaggle_v1/train/bruise/6d7f807b7b7748e8.jpg,bruise,train,data/raw/kaggle/yasinpratomo_wound_dataset/Wound_dataset/Bruises/bruises (20).jpg,6d7f807b7b7748e84515f69d124c00071ad17d9b4ca2e80e153eb29be14abaaf,kaggle_card_license_unknown_review_before_redistribution
data/datasets/efficientnet_kaggle_v1/train/bruise/71e367649ab51244.jpg,bruise,train,data/raw/kaggle/yasinpratomo_wound_dataset/Wound_dataset/Bruises/bruises (21).jpg,71e367649ab51244d775dcd266e1945669f2287423982776c92d0f383545029e,kaggle_card_license_unknown_review_before_redistribution
data/datasets/efficientnet_kaggle_v1/train/bruise/0f0288818ac708ff.jpg,bruise,train,data/raw/kaggle/yasinpratomo_wound_dataset/Wound_dataset/Bruises/bruises (22).jpg,0f0288818ac708ff90edf60585521ee29e60ad066e0687f60417be96d8d8e155,kaggle_card_license_unknown_review_before_redistribution
data/datasets/efficientnet_kaggle_v1/train/bruise/c32718a1b8480ad7.jpg,bruise,train,data/raw/kaggle/yasinpratomo_wound_dataset/Wound_dataset/Bruises/bruises (23).jpg,c32718a1b8480ad776061e7342aa5eae18a686bd7ca62f9e51f9410636fb3771,kaggle_card_license_unknown_review_before_redistribution
data/datasets/efficientnet_kaggle_v1/test/bruise/ccc9f09926e8909e.jpg,bruise,test,data/raw/kaggle/yasinpratomo_wound_dataset/Wound_dataset/Bruises/bruises (24).jpg,ccc9f09926e8909e7830075719ed59e8bdd67a0c9bffaa9b23c8dbbec80babd3,kaggle_card_license_unknown_review_before_redistribution
data/datasets/efficientnet_kaggle_v1/test/bruise/d2e20c1e8813cbba.jpg,bruise,test,data/raw/kaggle/yasinpratomo_wound_dataset/Wound_dataset/Bruises/bruises (25).jpg,d2e20c1e8813cbbad4bdd297a9c0633edee1443583d1f366a9fa1716637d866c,kaggle_card_license_unknown_review_before_redistribution
data/datasets/efficientnet_kaggle_v1/test/bruise/c88b470e911fb79d.jpg,bruise,test,data/raw/kaggle/yasinpratomo_wound_dataset/Wound_dataset/Bruises/bruises (26).jpg,c88b470e911fb79d5cca274da56d244dda7cd1015c69f0cc954354d46dd24ae7,kaggle_card_license_unknown_review_before_redistribution
data/datasets/efficientnet_kaggle_v1/train/bruise/de72967026e319ee.jpg,bruise,train,data/raw/kaggle/yasinpratomo_wound_dataset/Wound_dataset/Bruises/bruises (27).jpg,de72967026e319eee95cd3f6cceafab771c727b210cba9387310566d836fbdc1,kaggle_card_license_unknown_review_before_redistribution
data/datasets/efficientnet_kaggle_v1/train/bruise/84e002f5069d6ea3.jpg,bruise,train,data/raw/kaggle/yasinpratomo_wound_dataset/Wound_dataset/Bruises/bruises (28).jpg,84e002f5069d6ea359ade78e9464fdab41e6279ceab2514801d752c971b5c2d0,kaggle_card_license_unknown_review_before_redistribution
data/datasets/efficientnet_kaggle_v1/val/bruise/6e5015a53001719e.jpg,bruise,val,data/raw/kaggle/yasinpratomo_wound_dataset/Wound_dataset/Bruises/bruises (29).jpg,6e5015a53001719e1d2bc8d47f19177ca3f0fd338a74a6299cccb8924644f43a,kaggle_card_license_unknown_review_before_redistribution
data/datasets/efficientnet_kaggle_v1/train/bruise/7477b7a875957cdf.jpg,bruise,train,data/raw/kaggle/yasinpratomo_wound_dataset/Wound_dataset/Bruises/bruises (3).jpg,7477b7a875957cdf7fe1a336618dd461130df106d80cad68c4d8199297e2749d,kaggle_card_license_unknown_review_before_redistribution
data/datasets/efficientnet_kaggle_v1/train/bruise/a34679c57c292e6c.jpg,bruise,train,data/raw/kaggle/yasinpratomo_wound_dataset/Wound_dataset/Bruises/bruises (30).jpg,a34679c57c292e6c56a65883260f854f47c74781a147a81e4d056cee5d1db4b5,kaggle_card_license_unknown_review_before_redistribution
data/datasets/efficientnet_kaggle_v1/train/bruise/91db3742d248fb33.jpg,bruise,train,data/raw/kaggle/yasinpratomo_wound_dataset/Wound_dataset/Bruises/bruises (31).jpg,91db3742d248fb33cb7635641376c7fb1684197ce2e38fcc86ea6c598e4d8246,kaggle_card_license_unknown_review_before_redistribution
data/datasets/efficientnet_kaggle_v1/train/bruise/c9b2e6e5d79b392d.jpg,bruise,train,data/raw/kaggle/yasinpratomo_wound_dataset/Wound_dataset/Bruises/bruises (32).jpg,c9b2e6e5d79b392ddd592be38a8345c3b34849381e86b1daf975d41ee1d3d844,kaggle_card_license_unknown_review_before_redistribution
data/datasets/efficientnet_kaggle_v1/train/bruise/84b3fe51e81d0e4c.jpg,bruise,train,data/raw/kaggle/yasinpratomo_wound_dataset/Wound_dataset/Bruises/bruises (33).jpg,84b3fe51e81d0e4cf2a6e2a752ef146f7383018c712a42f97988646c58f7cc37,kaggle_card_license_unknown_review_before_redistribution
data/datasets/efficientnet_kaggle_v1/test/bruise/c211e591e0af7acf.jpg,bruise,test,data/raw/kaggle/yasinpratomo_wound_dataset/Wound_dataset/Bruises/bruises (34).jpg,c211e591e0af7acf29c8be6eb829d842579ab1d54913349130d04a8ee5c02a0a,kaggle_card_license_unknown_review_before_redistribution
data/datasets/efficientnet_kaggle_v1/train/bruise/5e731bab4d6b5fb6.jpg,bruise,train,data/raw/kaggle/yasinpratomo_wound_dataset/Wound_dataset/Bruises/bruises (35).jpg,5e731bab4d6b5fb62d2740bfa4cc9286106e2858b949f60cbb574a24fe91c833,kaggle_card_license_unknown_review_before_redistribution
data/datasets/efficientnet_kaggle_v1/test/bruise/74b30e72c62ba3ed.jpg,bruise,test,data/raw/kaggle/yasinpratomo_wound_dataset/Wound_dataset/Bruises/bruises (36).jpg,74b30e72c62ba3ed32258b449329e76f0a872d66ea7182a08a5ea0c798da480c,kaggle_card_license_unknown_review_before_redistribution
data/datasets/efficientnet_kaggle_v1/test/bruise/5a7c98a9c3f2c354.jpg,bruise,test,data/raw/kaggle/yasinpratomo_wound_dataset/Wound_dataset/Bruises/bruises (37).jpg,5a7c98a9c3f2c3545fbd34b304231b2a99ed0f06283dab4ebd41a9ef04550887,kaggle_card_license_unknown_review_before_redistribution
data/datasets/efficientnet_kaggle_v1/train/bruise/055d117cef920786.jpg,bruise,train,data/raw/kaggle/yasinpratomo_wound_dataset/Wound_dataset/Bruises/bruises (38).jpg,055d117cef920786a7c407caa96a4531ca4d0cccc61651a212dbf71cc8b28adf,kaggle_card_license_unknown_review_before_redistribution
data/datasets/efficientnet_kaggle_v1/train/bruise/2e8985569f1b2bad.jpg,bruise,train,data/raw/kaggle/yasinpratomo_wound_dataset/Wound_dataset/Bruises/bruises (39).jpg,2e8985569f1b2bad22e4646ce9fe2379d6dc0a1c9ebea49627ff1ef91322b50d,kaggle_card_license_unknown_review_before_redistribution
data/datasets/efficientnet_kaggle_v1/train/bruise/d490f4af17ab1f94.jpg,bruise,train,data/raw/kaggle/yasinpratomo_wound_dataset/Wound_dataset/Bruises/bruises (4).jpg,d490f4af17ab1f947d79136d736cd0c25ee000ccf10612a6fc9e0c269c6389cc,kaggle_card_license_unknown_review_before_redistribution
data/datasets/efficientnet_kaggle_v1/train/bruise/335a83abfc4f3aee.jpg,bruise,train,data/raw/kaggle/yasinpratomo_wound_dataset/Wound_dataset/Bruises/bruises (40).jpg,335a83abfc4f3aeeee917ec162de9c8d389b39d5a582c3916a89f3139ce361d4,kaggle_card_license_unknown_review_before_redistribution
data/datasets/efficientnet_kaggle_v1/train/bruise/c6842b4929d3bc73.jpg,bruise,train,data/raw/kaggle/yasinpratomo_wound_dataset/Wound_dataset/Bruises/bruises (41).jpg,c6842b4929d3bc73498c289044a167e918afaf567ba97d93c0b4c9014067ef63,kaggle_card_license_unknown_review_before_redistribution
data/datasets/efficientnet_kaggle_v1/train/bruise/c6f130d2f6a057fc.jpg,bruise,train,data/raw/kaggle/yasinpratomo_wound_dataset/Wound_dataset/Bruises/bruises (42).jpg,c6f130d2f6a057fc0af9d28e101734fa85d90147ebcb510c9b2a857037d5b492,kaggle_card_license_unknown_review_before_redistribution
data/datasets/efficientnet_kaggle_v1/val/bruise/eb323790a8df9e1b.jpg,bruise,val,data/raw/kaggle/yasinpratomo_wound_dataset/Wound_dataset/Bruises/bruises (43).jpg,eb323790a8df9e1ba1c559c6bfff91fd77a1d3c8c35ece3ce50d05e067db4571,kaggle_card_license_unknown_review_before_redistribution
data/datasets/efficientnet_kaggle_v1/train/bruise/e18c4f3955767eac.jpg,bruise,train,data/raw/kaggle/yasinpratomo_wound_dataset/Wound_dataset/Bruises/bruises (44).jpg,e18c4f3955767eac24aee5d4ad16ff0dabfc9fcb6ae3b06b0a024a135317f527,kaggle_card_license_unknown_review_before_redistribution
data/datasets/efficientnet_kaggle_v1/train/bruise/31da32baf2509587.jpg,bruise,train,data/raw/kaggle/yasinpratomo_wound_dataset/Wound_dataset/Bruises/bruises (45).jpg,31da32baf25095879554918222ecd630af50715aa3c108c17e2f78c81e966769,kaggle_card_license_unknown_review_before_redistribution
data/datasets/efficientnet_kaggle_v1/train/bruise/78139799c7b3e638.jpg,bruise,train,data/raw/kaggle/yasinpratomo_wound_dataset/Wound_dataset/Bruises/bruises (46).jpg,78139799c7b3e638c16bee4f333d815bd501f518cef4ba6ebbab31744c21912b,kaggle_card_license_unknown_review_before_redistribution
data/datasets/efficientnet_kaggle_v1/val/bruise/28205390772eb017.jpg,bruise,val,data/raw/kaggle/yasinpratomo_wound_dataset/Wound_dataset/Bruises/bruises (47).jpg,28205390772eb017a0355059629bbb6fa31ccaae8bde7a1e8492bda475715c34,kaggle_card_license_unknown_review_before_redistribution
data/datasets/efficientnet_kaggle_v1/test/bruise/c2b2def6af6530b6.jpg,bruise,test,data/raw/kaggle/yasinpratomo_wound_dataset/Wound_dataset/Bruises/bruises (48).jpg,c2b2def6af6530b64ff99d56c5d6232f88a4328f877fb41071ccfeb6201a3b0d,kaggle_card_license_unknown_review_before_redistribution
data/datasets/efficientnet_kaggle_v1/val/bruise/f08bf5d6acdfe7b4.jpg,bruise,val,data/raw/kaggle/yasinpratomo_wound_dataset/Wound_dataset/Bruises/bruises (49).jpg,f08bf5d6acdfe7b4f68c84c516273baff70be25ff75aa5659980dce34c909679,kaggle_card_license_unknown_review_before_redistribution
data/datasets/efficientnet_kaggle_v1/train/bruise/571f55a1422204a2.jpg,bruise,train,data/raw/kaggle/yasinpratomo_wound_dataset/Wound_dataset/Bruises/bruises (5).jpg,571f55a1422204a2dde0b2da9d7ee19a7cce35148ec1988ad922a5b62fe90ccd,kaggle_card_license_unknown_review_before_redistribution
data/datasets/efficientnet_kaggle_v1/train/bruise/2de2cb5a5d30ba1a.jpg,bruise,train,data/raw/kaggle/yasinpratomo_wound_dataset/Wound_dataset/Bruises/bruises (50).jpg,2de2cb5a5d30ba1af683917c946ece1c820e85a88552b6814f9020084cc99150,kaggle_card_license_unknown_review_before_redistribution
data/datasets/efficientnet_kaggle_v1/val/bruise/3eb446506f78bfb8.jpg,bruise,val,data/raw/kaggle/yasinpratomo_wound_dataset/Wound_dataset/Bruises/bruises (51).jpg,3eb446506f78bfb8a03221769358c13224a6b13e6cfc77f3264024665372fa42,kaggle_card_license_unknown_review_before_redistribution
data/datasets/efficientnet_kaggle_v1/train/bruise/444944221462cebb.jpg,bruise,train,data/raw/kaggle/yasinpratomo_wound_dataset/Wound_dataset/Bruises/bruises (52).jpg,444944221462cebb252c1c390381e4d3a6078c0a83c07fd9e4d3c60fd3086480,kaggle_card_license_unknown_review_before_redistribution
data/datasets/efficientnet_kaggle_v1/train/bruise/d00998a07f1e7ad7.jpg,bruise,train,data/raw/kaggle/yasinpratomo_wound_dataset/Wound_dataset/Bruises/bruises (53).jpg,d00998a07f1e7ad77b96c23b0851a3d1ecb1400679cd1b36d1e2beedddc48aac,kaggle_card_license_unknown_review_before_redistribution
data/datasets/efficientnet_kaggle_v1/val/bruise/82a8b37eafe78e8f.jpg,bruise,val,data/raw/kaggle/yasinpratomo_wound_dataset/Wound_dataset/Bruises/bruises (54).jpg,82a8b37eafe78e8fd98ea7525ed51353dffcdc1b73a842f25a3039377e7f2d09,kaggle_card_license_unknown_review_before_redistribution
data/datasets/efficientnet_kaggle_v1/train/bruise/bbf24fb593056bcf.jpg,bruise,train,data/raw/kaggle/yasinpratomo_wound_dataset/Wound_dataset/Bruises/bruises (55).jpg,bbf24fb593056bcfa2f6e1a6500b48ae5efb1201df397a94144d24f3fe26d321,kaggle_card_license_unknown_review_before_redistribution
data/datasets/efficientnet_kaggle_v1/train/bruise/50f2942e2ae98ddd.jpg,bruise,train,data/raw/kaggle/yasinpratomo_wound_dataset/Wound_dataset/Bruises/bruises (56).jpg,50f2942e2ae98dddbd0a07170d3b6411473ff285c05569e124ef4912a9e0eb23,kaggle_card_license_unknown_review_before_redistribution
data/datasets/efficientnet_kaggle_v1/train/bruise/27e095aaecc35d56.jpg,bruise,train,data/raw/kaggle/yasinpratomo_wound_dataset/Wound_dataset/Bruises/bruises (57).jpg,27e095aaecc35d56374bfe8db2c35022162a376331b1efb3c83a03aa2348b3e6,kaggle_card_license_unknown_review_before_redistribution
data/datasets/efficientnet_kaggle_v1/train/bruise/36185ef4261d494b.jpg,bruise,train,data/raw/kaggle/yasinpratomo_wound_dataset/Wound_dataset/Bruises/bruises (58).jpg,36185ef4261d494b0b1edea98f18a72faaad51b5bd12bf006ad562b3fb4536a5,kaggle_card_license_unknown_review_before_redistribution
data/datasets/efficientnet_kaggle_v1/train/bruise/919a919774c92763.jpg,bruise,train,data/raw/kaggle/yasinpratomo_wound_dataset/Wound_dataset/Bruises/bruises (59).jpg,919a919774c927637a4b04df2549569558a9dc01134e319f912e4ea095b3d93e,kaggle_card_license_unknown_review_before_redistribution
data/datasets/efficientnet_kaggle_v1/train/bruise/d3935f2b33155106.jpg,bruise,train,data/raw/kaggle/yasinpratomo_wound_dataset/Wound_dataset/Bruises/bruises (6).jpg,d3935f2b33155106ef38c430a9b490583bd76eece51fc296391ef549567a1b4c,kaggle_card_license_unknown_review_before_redistribution
data/datasets/efficientnet_kaggle_v1/test/bruise/34cb242013ce680e.jpg,bruise,test,data/raw/kaggle/yasinpratomo_wound_dataset/Wound_dataset/Bruises/bruises (60).jpg,34cb242013ce680e33ea4911828b5685598e1ae80691d2004a211c2aa63b37e6,kaggle_card_license_unknown_review_before_redistribution
data/datasets/efficientnet_kaggle_v1/test/bruise/db61b34ab7603c52.jpg,bruise,test,data/raw/kaggle/yasinpratomo_wound_dataset/Wound_dataset/Bruises/bruises (61).jpg,db61b34ab7603c527bf17e41dbfcbcb1626dbf49647f09a125d1557586542977,kaggle_card_license_unknown_review_before_redistribution
data/datasets/efficientnet_kaggle_v1/val/bruise/cc27158654fb490c.jpg,bruise,val,data/raw/kaggle/yasinpratomo_wound_dataset/Wound_dataset/Bruises/bruises (62).jpg,cc27158654fb490cc5ee10ed91b9006873dca07a18a39e2482fc9fb2f5a3ccee,kaggle_card_license_unknown_review_before_redistribution
data/datasets/efficientnet_kaggle_v1/train/bruise/eb45ebc5c8ad598d.jpg,bruise,train,data/raw/kaggle/yasinpratomo_wound_dataset/Wound_dataset/Bruises/bruises (63).jpg,eb45ebc5c8ad598d3a471f662b557c29ba99f98f5b458d4482a6fe134d247226,kaggle_card_license_unknown_review_before_redistribution
data/datasets/efficientnet_kaggle_v1/test/bruise/0c0b821fbf975824.jpg,bruise,test,data/raw/kaggle/yasinpratomo_wound_dataset/Wound_dataset/Bruises/bruises (64).jpg,0c0b821fbf975824094d0dd58e24e9fb23035e18f8f0b1fd970f139ceb830599,kaggle_card_license_unknown_review_before_redistribution
data/datasets/efficientnet_kaggle_v1/test/bruise/8eb567eaa97d6c5f.jpg,bruise,test,data/raw/kaggle/yasinpratomo_wound_dataset/Wound_dataset/Bruises/bruises (65).jpg,8eb567eaa97d6c5ff7812eecc2551b26d718c46c53f601ccaa30afcba0fcb23a,kaggle_card_license_unknown_review_before_redistribution
data/datasets/efficientnet_kaggle_v1/test/bruise/eca41e1e3a0a22df.jpg,bruise,test,data/raw/kaggle/yasinpratomo_wound_dataset/Wound_dataset/Bruises/bruises (66).jpg,eca41e1e3a0a22dfbc1dd40881e309e9fe79226542c18a0d8fff6aa02d8d1e16,kaggle_card_license_unknown_review_before_redistribution
data/datasets/efficientnet_kaggle_v1/train/bruise/f7c64c47ccfd8961.jpg,bruise,train,data/raw/kaggle/yasinpratomo_wound_dataset/Wound_dataset/Bruises/bruises (67).jpg,f7c64c47ccfd89617fd1653393a083c0fefa54db9476c789271866d1d5e221c2,kaggle_card_license_unknown_review_before_redistribution
data/datasets/efficientnet_kaggle_v1/train/bruise/4171ab9fff3bec76.jpg,bruise,train,data/raw/kaggle/yasinpratomo_wound_dataset/Wound_dataset/Bruises/bruises (68).jpg,4171ab9fff3bec769d7b315c3909427c01d01f1355f6e5971624b247ae612af6,kaggle_card_license_unknown_review_before_redistribution
data/datasets/efficientnet_kaggle_v1/train/bruise/2133f8d4bc6eb720.jpg,bruise,train,data/raw/kaggle/yasinpratomo_wound_dataset/Wound_dataset/Bruises/bruises (69).jpg,2133f8d4bc6eb72024aa56ea9f0f185d38dea382f8677e4ba4b4adce80f98314,kaggle_card_license_unknown_review_before_redistribution
data/datasets/efficientnet_kaggle_v1/train/bruise/3540ad0dacc18b3e.jpg,bruise,train,data/raw/kaggle/yasinpratomo_wound_dataset/Wound_dataset/Bruises/bruises (7).jpg,3540ad0dacc18b3e15c0c3ce9a60effeec2fdc5a7aa291e1826b822c38991d32,kaggle_card_license_unknown_review_before_redistribution
data/datasets/efficientnet_kaggle_v1/train/bruise/f8ae3b692d1f90c5.jpg,bruise,train,data/raw/kaggle/yasinpratomo_wound_dataset/Wound_dataset/Bruises/bruises (70).jpg,f8ae3b692d1f90c52e50dbfafc99f0a8d44ba21e038f61c564f2b0ce99013cc6,kaggle_card_license_unknown_review_before_redistribution
data/datasets/efficientnet_kaggle_v1/train/bruise/3a07d9bc81e10b8a.jpg,bruise,train,data/raw/kaggle/yasinpratomo_wound_dataset/Wound_dataset/Bruises/bruises (71).jpg,3a07d9bc81e10b8a860664190e06c92502796195c14654557347fd19bcf296f2,kaggle_card_license_unknown_review_before_redistribution
data/datasets/efficientnet_kaggle_v1/train/bruise/e1945220ec79980f.jpg,bruise,train,data/raw/kaggle/yasinpratomo_wound_dataset/Wound_dataset/Bruises/bruises (72).jpg,e1945220ec79980fe0f146b6e6fb87da12278f2c8f351638c644d266ea14f49e,kaggle_card_license_unknown_review_before_redistribution
data/datasets/efficientnet_kaggle_v1/train/bruise/575eb3672a4cb267.jpg,bruise,train,data/raw/kaggle/yasinpratomo_wound_dataset/Wound_dataset/Bruises/bruises (73).jpg,575eb3672a4cb2678167c503974131b466b7fc5a43eadb658979bc8c4cd0bae6,kaggle_card_license_unknown_review_before_redistribution
data/datasets/efficientnet_kaggle_v1/train/bruise/b90a90eef8f6be89.jpg,bruise,train,data/raw/kaggle/yasinpratomo_wound_dataset/Wound_dataset/Bruises/bruises (74).jpg,b90a90eef8f6be896d85425f45ac37ffeb6cc12aa6ca9575fc9b7dd4f7b6d9a5,kaggle_card_license_unknown_review_before_redistribution
data/datasets/efficientnet_kaggle_v1/train/bruise/8e6feb85af613c4a.jpg,bruise,train,data/raw/kaggle/yasinpratomo_wound_dataset/Wound_dataset/Bruises/bruises (75).jpg,8e6feb85af613c4a6dd046d0bf17ed1ee58ddb397cf74dafa5aa436cb8c67bea,kaggle_card_license_unknown_review_before_redistribution
data/datasets/efficientnet_kaggle_v1/train/bruise/880f1c413c6b053a.jpg,bruise,train,data/raw/kaggle/yasinpratomo_wound_dataset/Wound_dataset/Bruises/bruises (76).jpg,880f1c413c6b053a9ba3b874f1941e628895d402e6a0c78bc9adcb8b970587d6,kaggle_card_license_unknown_review_before_redistribution
data/datasets/efficientnet_kaggle_v1/train/bruise/99a88ed496a0ad13.jpg,bruise,train,data/raw/kaggle/yasinpratomo_wound_dataset/Wound_dataset/Bruises/bruises (77).jpg,99a88ed496a0ad13d6b13457eb7936a3f1b97f32a78e58cfa8eff9359dfaa760,kaggle_card_license_unknown_review_before_redistribution
data/datasets/efficientnet_kaggle_v1/train/bruise/77d3433d74357371.jpg,bruise,train,data/raw/kaggle/yasinpratomo_wound_dataset/Wound_dataset/Bruises/bruises (78).jpg,77d3433d74357371ce0932a9ac29200acf915af0c55a740f02b42a2aa41e7cd0,kaggle_card_license_unknown_review_before_redistribution
data/datasets/efficientnet_kaggle_v1/train/bruise/e68fd699cdbb9172.jpg,bruise,train,data/raw/kaggle/yasinpratomo_wound_dataset/Wound_dataset/Bruises/bruises (79).jpg,e68fd699cdbb9172e420f0f24e50cb07dead9fa9e7b839a3604c154ca9c62f6f,kaggle_card_license_unknown_review_before_redistribution
data/datasets/efficientnet_kaggle_v1/train/bruise/e4ff1af88761d704.jpg,bruise,train,data/raw/kaggle/yasinpratomo_wound_dataset/Wound_dataset/Bruises/bruises (8).jpg,e4ff1af88761d7044df3bd7a7868857b15eeda867353a0452e0671d36130a51a,kaggle_card_license_unknown_review_before_redistribution
data/datasets/efficientnet_kaggle_v1/train/bruise/d6f463369cc13113.jpg,bruise,train,data/raw/kaggle/yasinpratomo_wound_dataset/Wound_dataset/Bruises/bruises (80).jpg,d6f463369cc1311383ecdb55ac86882aa2566fefd24e6277a38326b41a37887a,kaggle_card_license_unknown_review_before_redistribution
data/datasets/efficientnet_kaggle_v1/train/bruise/b27ccdf83b4050cd.jpg,bruise,train,data/raw/kaggle/yasinpratomo_wound_dataset/Wound_dataset/Bruises/bruises (81).jpg,b27ccdf83b4050cdaaa7e6f551a13a076ca497a2a172718073723f9e0823a0af,kaggle_card_license_unknown_review_before_redistribution
data/datasets/efficientnet_kaggle_v1/train/bruise/3a4b6ee38c9113ff.jpg,bruise,train,data/raw/kaggle/yasinpratomo_wound_dataset/Wound_dataset/Bruises/bruises (82).jpg,3a4b6ee38c9113ffd90c473c20610b8ca1dfd4f3aea608bc4976aae25be998b9,kaggle_card_license_unknown_review_before_redistribution
data/datasets/efficientnet_kaggle_v1/train/bruise/47729c315e1064f7.jpg,bruise,train,data/raw/kaggle/yasinpratomo_wound_dataset/Wound_dataset/Bruises/bruises (83).jpg,47729c315e1064f70ad5f3a1371acc629a4f3a50ce4a5b49a2d319dd0721b58d,kaggle_card_license_unknown_review_before_redistribution
data/datasets/efficientnet_kaggle_v1/train/bruise/38c09d326bb612f4.jpg,bruise,train,data/raw/kaggle/yasinpratomo_wound_dataset/Wound_dataset/Bruises/bruises (84).jpg,38c09d326bb612f47b21e3f0e1bc30140758fbe9e1c6115888d2e3d9cc26255d,kaggle_card_license_unknown_review_before_redistribution
data/datasets/efficientnet_kaggle_v1/train/bruise/79af9fe5ac0f58f9.jpg,bruise,train,data/raw/kaggle/yasinpratomo_wound_dataset/Wound_dataset/Bruises/bruises (85).jpg,79af9fe5ac0f58f903f10682ad400146012da0f563171661903cf34f5569fd2b,kaggle_card_license_unknown_review_before_redistribution
data/datasets/efficientnet_kaggle_v1/train/bruise/f3d65fd2aac1ce99.jpg,bruise,train,data/raw/kaggle/yasinpratomo_wound_dataset/Wound_dataset/Bruises/bruises (86).jpg,f3d65fd2aac1ce99e7d2a5ca7f0038bce82ea4bbf0afc7afdf12c6f5aacc4359,kaggle_card_license_unknown_review_before_redistribution
data/datasets/efficientnet_kaggle_v1/train/bruise/545aef419a8d54a8.jpg,bruise,train,data/raw/kaggle/yasinpratomo_wound_dataset/Wound_dataset/Bruises/bruises (87).jpg,545aef419a8d54a89c198ab6151320f69203c00970e2121a6b120eb48dd60c7a,kaggle_card_license_unknown_review_before_redistribution
data/datasets/efficientnet_kaggle_v1/train/bruise/035967cece0ff8a3.jpg,bruise,train,data/raw/kaggle/yasinpratomo_wound_dataset/Wound_dataset/Bruises/bruises (88).jpg,035967cece0ff8a3a50cfe86bc084f7046a52cfd687ede18522a0abc4e3505c5,kaggle_card_license_unknown_review_before_redistribution
data/datasets/efficientnet_kaggle_v1/train/bruise/5025c67958200621.jpg,bruise,train,data/raw/kaggle/yasinpratomo_wound_dataset/Wound_dataset/Bruises/bruises (89).jpg,5025c67958200621b0809315797466d9377997202a44b61ff0ca7d8c97574334,kaggle_card_license_unknown_review_before_redistribution
data/datasets/efficientnet_kaggle_v1/train/bruise/131e22e6bd8bf9b9.jpg,bruise,train,data/raw/kaggle/yasinpratomo_wound_dataset/Wound_dataset/Bruises/bruises (9).jpg,131e22e6bd8bf9b985af40298803b5a9b93d3a206d6af91ce8519d9cdf5050e9,kaggle_card_license_unknown_review_before_redistribution
data/datasets/efficientnet_kaggle_v1/train/bruise/faefed91e19c6027.jpg,bruise,train,data/raw/kaggle/yasinpratomo_wound_dataset/Wound_dataset/Bruises/bruises (90).jpg,faefed91e19c6027138aec4b9f0d9cda36eb7cc5b6d672723dbb639cf0a88955,kaggle_card_license_unknown_review_before_redistribution
data/datasets/efficientnet_kaggle_v1/train/bruise/7443199f41914d4f.jpg,bruise,train,data/raw/kaggle/yasinpratomo_wound_dataset/Wound_dataset/Bruises/bruises (91).jpg,7443199f41914d4fd203f001840ab183baa9e9c75168f21214a1a62e687a3ba3,kaggle_card_license_unknown_review_before_redistribution
data/datasets/efficientnet_kaggle_v1/test/bruise/55e8bc31d8121515.jpg,bruise,test,data/raw/kaggle/yasinpratomo_wound_dataset/Wound_dataset/Bruises/bruises (92).jpg,55e8bc31d8121515dbdb228f16f21d30491eb28279d8242cd0e188946deedf85,kaggle_card_license_unknown_review_before_redistribution
data/datasets/efficientnet_kaggle_v1/test/bruise/04fba6666564f754.jpg,bruise,test,data/raw/kaggle/yasinpratomo_wound_dataset/Wound_dataset/Bruises/bruises (93).jpg,04fba6666564f754458134f3c153cb34d5b9382cd4ce13eafde02cbc17bb82ac,kaggle_card_license_unknown_review_before_redistribution
data/datasets/efficientnet_kaggle_v1/test/bruise/e2960dfbd7889fdc.jpg,bruise,test,data/raw/kaggle/yasinpratomo_wound_dataset/Wound_dataset/Bruises/bruises (94).jpg,e2960dfbd7889fdc97699830d1aed013d1ccf36afc209c64648171fed4f98645,kaggle_card_license_unknown_review_before_redistribution
data/datasets/efficientnet_kaggle_v1/val/bruise/cac373b8b336444a.jpg,bruise,val,data/raw/kaggle/yasinpratomo_wound_dataset/Wound_dataset/Bruises/bruises (95).jpg,cac373b8b336444a17669769e38e6fe75a6dc832dd2a294a47650a51ef8cc29b,kaggle_card_license_unknown_review_before_redistribution
data/datasets/efficientnet_kaggle_v1/train/bruise/c864dd31f2ee4454.jpg,bruise,train,data/raw/kaggle/yasinpratomo_wound_dataset/Wound_dataset/Bruises/bruises (96).jpg,c864dd31f2ee4454d15066e70781c70f796fe647c28c18ebb8d6d0a3c598040a,kaggle_card_license_unknown_review_before_redistribution
data/datasets/efficientnet_kaggle_v1/val/bruise/d39432b08a0bedb7.jpg,bruise,val,data/raw/kaggle/yasinpratomo_wound_dataset/Wound_dataset/Bruises/bruises (97).jpg,d39432b08a0bedb796d6fe6a87f53d1241f670143a0f68e9753f185c49e09cbf,kaggle_card_license_unknown_review_before_redistribution
data/datasets/efficientnet_kaggle_v1/train/bruise/e0a28c61f0093a31.jpg,bruise,train,data/raw/kaggle/yasinpratomo_wound_dataset/Wound_dataset/Bruises/bruises (98).jpg,e0a28c61f0093a31b182d46976e3a0ccb24457ebd77fbd704df6e01dabdd3552,kaggle_card_license_unknown_review_before_redistribution
data/datasets/efficientnet_kaggle_v1/test/bruise/4bf429754133dc6f.jpg,bruise,test,data/raw/kaggle/yasinpratomo_wound_dataset/Wound_dataset/Bruises/bruises (99).jpg,4bf429754133dc6fffe55822c9e54ab5a40af98edfeff2b4c3f80734ecdd9e26,kaggle_card_license_unknown_review_before_redistribution
data/datasets/efficientnet_kaggle_v1/val/burn/338857bf49244d64.jpg,burn,val,data/raw/kaggle/yasinpratomo_wound_dataset/Wound_dataset/Burns/burns (1).jpg,338857bf49244d64a35189c38284129ebf58ed4ea8607341201a8641afb8e2af,kaggle_card_license_unknown_review_before_redistribution
data/datasets/efficientnet_kaggle_v1/train/burn/63a8bc6828211115.jpg,burn,train,data/raw/kaggle/yasinpratomo_wound_dataset/Wound_dataset/Burns/burns (10).jpg,63a8bc682821111511c83f07a932b5208946524482af6264620cfbbdf0c5af9a,kaggle_card_license_unknown_review_before_redistribution
data/datasets/efficientnet_kaggle_v1/train/burn/2cc4a5d3ae04e155.jpg,burn,train,data/raw/kaggle/yasinpratomo_wound_dataset/Wound_dataset/Burns/burns (11).jpg,2cc4a5d3ae04e15510914a2e1d0497ac914e8becb4881f1866d7976e48b5aa28,kaggle_card_license_unknown_review_before_redistribution
data/datasets/efficientnet_kaggle_v1/train/burn/aebed6c5bcef021e.jpg,burn,train,data/raw/kaggle/yasinpratomo_wound_dataset/Wound_dataset/Burns/burns (12).jpg,aebed6c5bcef021e1496694de2c541d74afb70116ef20fa683339c7fc6e3c30d,kaggle_card_license_unknown_review_before_redistribution
data/datasets/efficientnet_kaggle_v1/train/burn/fb16b618a8c8defb.jpg,burn,train,data/raw/kaggle/yasinpratomo_wound_dataset/Wound_dataset/Burns/burns (13).jpg,fb16b618a8c8defbcf605aa990117463eee68e533baee15fbf5a035c856873c0,kaggle_card_license_unknown_review_before_redistribution
data/datasets/efficientnet_kaggle_v1/val/burn/a8ef438ca43eb30e.jpg,burn,val,data/raw/kaggle/yasinpratomo_wound_dataset/Wound_dataset/Burns/burns (14).jpg,a8ef438ca43eb30ef613dc0003f138376cb7963409741f2f6f68db43b4e47667,kaggle_card_license_unknown_review_before_redistribution
data/datasets/efficientnet_kaggle_v1/test/burn/27dc3a06aaaaff91.jpg,burn,test,data/raw/kaggle/yasinpratomo_wound_dataset/Wound_dataset/Burns/burns (15).jpg,27dc3a06aaaaff91a903bfddb00454903f38a261d8b638b3f90c99210acd16d5,kaggle_card_license_unknown_review_before_redistribution
data/datasets/efficientnet_kaggle_v1/train/burn/0b03316af75ceeaa.jpg,burn,train,data/raw/kaggle/yasinpratomo_wound_dataset/Wound_dataset/Burns/burns (16).jpg,0b03316af75ceeaa401dbaf10940f6161757ce03a4de40f347b7f12ca93abd9d,kaggle_card_license_unknown_review_before_redistribution
data/datasets/efficientnet_kaggle_v1/test/burn/54715bbd1d8e9d5a.jpg,burn,test,data/raw/kaggle/yasinpratomo_wound_dataset/Wound_dataset/Burns/burns (17).jpg,54715bbd1d8e9d5a4b6f488e38187debcd9bd0c103489b58b694746aec42277a,kaggle_card_license_unknown_review_before_redistribution
data/datasets/efficientnet_kaggle_v1/val/burn/25921277250b1fe7.jpg,burn,val,data/raw/kaggle/yasinpratomo_wound_dataset/Wound_dataset/Burns/burns (18).jpg,25921277250b1fe795a8eb5c837b87d93840abcc3b4faabb17c72d3e30e41ea9,kaggle_card_license_unknown_review_before_redistribution
data/datasets/efficientnet_kaggle_v1/train/burn/68a78a7b0bd460bd.jpg,burn,train,data/raw/kaggle/yasinpratomo_wound_dataset/Wound_dataset/Burns/burns (19).jpg,68a78a7b0bd460bd3b3656552aefe9f729609d3cc271fb20b801596412d0a48d,kaggle_card_license_unknown_review_before_redistribution
data/datasets/efficientnet_kaggle_v1/train/burn/941f86a4aecc02a3.jpg,burn,train,data/raw/kaggle/yasinpratomo_wound_dataset/Wound_dataset/Burns/burns (2).jpg,941f86a4aecc02a35d31b8d4d5bd230fb6760e68fd00b5e397f99305a9eb2c84,kaggle_card_license_unknown_review_before_redistribution
data/datasets/efficientnet_kaggle_v1/val/burn/48eadd156db8cfd3.jpg,burn,val,data/raw/kaggle/yasinpratomo_wound_dataset/Wound_dataset/Burns/burns (20).jpg,48eadd156db8cfd317f464170fffb9b6fec9d7f1277a64a5191c29bae9e1c46c,kaggle_card_license_unknown_review_before_redistribution
data/datasets/efficientnet_kaggle_v1/train/burn/c556d4e2e5da8e62.jpg,burn,train,data/raw/kaggle/yasinpratomo_wound_dataset/Wound_dataset/Burns/burns (21).jpg,c556d4e2e5da8e6219314a7b9435de39378cc89cac51b7f8c866e90228133125,kaggle_card_license_unknown_review_before_redistribution
data/datasets/efficientnet_kaggle_v1/val/burn/48ea33eeca1623de.jpg,burn,val,data/raw/kaggle/yasinpratomo_wound_dataset/Wound_dataset/Burns/burns (22).jpg,48ea33eeca1623dec196e20e7d0857ff61b416a50c375d08525fb6dd77d1b3b5,kaggle_card_license_unknown_review_before_redistribution
data/datasets/efficientnet_kaggle_v1/train/burn/87d86453c2cf8f59.jpg,burn,train,data/raw/kaggle/yasinpratomo_wound_dataset/Wound_dataset/Burns/burns (23).jpg,87d86453c2cf8f593a54f0577467bf98cb592691289b5b7b5392e7e075bcd7c6,kaggle_card_license_unknown_review_before_redistribution
data/datasets/efficientnet_kaggle_v1/test/burn/8cd2e612d72d4ab0.jpg,burn,test,data/raw/kaggle/yasinpratomo_wound_dataset/Wound_dataset/Burns/burns (24).jpg,8cd2e612d72d4ab06ce52a057179083b9d421b9f69bbbbd0eeb4759022197523,kaggle_card_license_unknown_review_before_redistribution
data/datasets/efficientnet_kaggle_v1/train/burn/901d1c790fe76455.jpg,burn,train,data/raw/kaggle/yasinpratomo_wound_dataset/Wound_dataset/Burns/burns (25).jpg,901d1c790fe764551bf3a70e4443f7861a962ab469ec0352d39f30ad2a402689,kaggle_card_license_unknown_review_before_redistribution
data/datasets/efficientnet_kaggle_v1/test/burn/b02dea3429d6dcbe.jpg,burn,test,data/raw/kaggle/yasinpratomo_wound_dataset/Wound_dataset/Burns/burns (26).jpg,b02dea3429d6dcbe3f2f3740529e8fd72aa9a6ee2d75518f4c1f7c7a1716dd6c,kaggle_card_license_unknown_review_before_redistribution
data/datasets/efficientnet_kaggle_v1/train/burn/e9994208839c8de8.jpg,burn,train,data/raw/kaggle/yasinpratomo_wound_dataset/Wound_dataset/Burns/burns (27).jpg,e9994208839c8de8940e2164adfe05f5f17f5a9e908fd3e86d4aa5f685176218,kaggle_card_license_unknown_review_before_redistribution
data/datasets/efficientnet_kaggle_v1/test/burn/72ed35453813a688.jpg,burn,test,data/raw/kaggle/yasinpratomo_wound_dataset/Wound_dataset/Burns/burns (28).jpg,72ed35453813a688080d763e1d83c633734ab2ab7da69f998a5d14bd79873b44,kaggle_card_license_unknown_review_before_redistribution
data/datasets/efficientnet_kaggle_v1/train/burn/f064b990b7c6b4d1.jpg,burn,train,data/raw/kaggle/yasinpratomo_wound_dataset/Wound_dataset/Burns/burns (29).jpg,f064b990b7c6b4d1fe06699f44fce27e7d212aad968bd0abd816b6a86600c4ce,kaggle_card_license_unknown_review_before_redistribution
data/datasets/efficientnet_kaggle_v1/train/burn/3131243919f57a4b.jpg,burn,train,data/raw/kaggle/yasinpratomo_wound_dataset/Wound_dataset/Burns/burns (3).jpg,3131243919f57a4bb269164a422969facf7b7e78569ac05aeb95029085cd7593,kaggle_card_license_unknown_review_before_redistribution
data/datasets/efficientnet_kaggle_v1/val/burn/75ec0261e3c3acb6.jpg,burn,val,data/raw/kaggle/yasinpratomo_wound_dataset/Wound_dataset/Burns/burns (30).jpg,75ec0261e3c3acb6b93565a1f8c999e822d6006ede1941cad39fcddae609daaa,kaggle_card_license_unknown_review_before_redistribution
data/datasets/efficientnet_kaggle_v1/val/burn/865c74e394766e9a.jpg,burn,val,data/raw/kaggle/yasinpratomo_wound_dataset/Wound_dataset/Burns/burns (31).jpg,865c74e394766e9af1c034f5c7b431682a892754ad2bd47a9dc1fe66fa983dd9,kaggle_card_license_unknown_review_before_redistribution
data/datasets/efficientnet_kaggle_v1/train/burn/c73b3a544ca3ab49.jpg,burn,train,data/raw/kaggle/yasinpratomo_wound_dataset/Wound_dataset/Burns/burns (32).jpg,c73b3a544ca3ab490c781f4dd9c23f84cbdbecc00f83ec9dcd3a040ce5b5df0c,kaggle_card_license_unknown_review_before_redistribution
data/datasets/efficientnet_kaggle_v1/val/burn/ec1936b102e6359c.jpg,burn,val,data/raw/kaggle/yasinpratomo_wound_dataset/Wound_dataset/Burns/burns (33).jpg,ec1936b102e6359cc25d6b614d7febf26e340792869ef617cc79034e233adde3,kaggle_card_license_unknown_review_before_redistribution
data/datasets/efficientnet_kaggle_v1/train/burn/bfcf4169b8d602ec.jpg,burn,train,data/raw/kaggle/yasinpratomo_wound_dataset/Wound_dataset/Burns/burns (34).jpg,bfcf4169b8d602ec9118349ba690324b8bf1852c5bfe938c15c8c90aea6ba65a,kaggle_card_license_unknown_review_before_redistribution
data/datasets/efficientnet_kaggle_v1/val/burn/96c755f86f9aba7e.jpg,burn,val,data/raw/kaggle/yasinpratomo_wound_dataset/Wound_dataset/Burns/burns (35).jpg,96c755f86f9aba7e6f29dc5a1dd34b608548495977c686ca2760237304b8bba9,kaggle_card_license_unknown_review_before_redistribution
data/datasets/efficientnet_kaggle_v1/val/burn/5eaa86f433b1cd38.jpg,burn,val,data/raw/kaggle/yasinpratomo_wound_dataset/Wound_dataset/Burns/burns (36).jpg,5eaa86f433b1cd38fd751b348fedc40db92642d632445fcbb86c97996419f82d,kaggle_card_license_unknown_review_before_redistribution
data/datasets/efficientnet_kaggle_v1/test/burn/d80490849bf11f4e.jpg,burn,test,data/raw/kaggle/yasinpratomo_wound_dataset/Wound_dataset/Burns/burns (37).jpg,d80490849bf11f4e3de344b51d26261f6a2963d1f86cffc18a88bb61940bd4c4,kaggle_card_license_unknown_review_before_redistribution
data/datasets/efficientnet_kaggle_v1/train/burn/f955f0ed54328dc8.jpg,burn,train,data/raw/kaggle/yasinpratomo_wound_dataset/Wound_dataset/Burns/burns (38).jpg,f955f0ed54328dc8b5b38261c117fbe86704738dfaa28603cd209ca232094795,kaggle_card_license_unknown_review_before_redistribution
data/datasets/efficientnet_kaggle_v1/train/burn/82a642a888c093fa.jpg,burn,train,data/raw/kaggle/yasinpratomo_wound_dataset/Wound_dataset/Burns/burns (39).jpg,82a642a888c093fa14045faced27e522c0a50a52dc133573ed75b94535a1eda5,kaggle_card_license_unknown_review_before_redistribution
data/datasets/efficientnet_kaggle_v1/train/burn/61821c1c7cf3228c.jpg,burn,train,data/raw/kaggle/yasinpratomo_wound_dataset/Wound_dataset/Burns/burns (4).jpg,61821c1c7cf3228ce2e42d38f6e4e05e69d4f9ce39b6ea6b1703cc7a91b13029,kaggle_card_license_unknown_review_before_redistribution
data/datasets/efficientnet_kaggle_v1/train/burn/750e23cb99a8168a.jpg,burn,train,data/raw/kaggle/yasinpratomo_wound_dataset/Wound_dataset/Burns/burns (40).jpg,750e23cb99a8168aa4bad5fc4b8448d1c58cce6344af619947c1c5bf30247a8c,kaggle_card_license_unknown_review_before_redistribution
data/datasets/efficientnet_kaggle_v1/train/burn/75c8ca2921e1dcfe.jpg,burn,train,data/raw/kaggle/yasinpratomo_wound_dataset/Wound_dataset/Burns/burns (41).jpg,75c8ca2921e1dcfe1a930e76da84e6184efaa4ce5762a6a578248c4303a3d3b0,kaggle_card_license_unknown_review_before_redistribution
data/datasets/efficientnet_kaggle_v1/train/burn/742ec558da520330.jpg,burn,train,data/raw/kaggle/yasinpratomo_wound_dataset/Wound_dataset/Burns/burns (42).jpg,742ec558da5203301e9c9c6f02cf02c62d70fbd614a595430e29a2c4f12915bd,kaggle_card_license_unknown_review_before_redistribution
data/datasets/efficientnet_kaggle_v1/val/burn/ef1bde2b6496c405.jpg,burn,val,data/raw/kaggle/yasinpratomo_wound_dataset/Wound_dataset/Burns/burns (43).jpg,ef1bde2b6496c4057b5daf1ce44aa963ee53fa580e8e14423e63611362808aee,kaggle_card_license_unknown_review_before_redistribution
data/datasets/efficientnet_kaggle_v1/train/burn/9b201a84f9faca93.jpg,burn,train,data/raw/kaggle/yasinpratomo_wound_dataset/Wound_dataset/Burns/burns (44).jpg,9b201a84f9faca93161534ef40005a1e0e598219e42a5dbc957d3e8e8cc8479b,kaggle_card_license_unknown_review_before_redistribution
data/datasets/efficientnet_kaggle_v1/val/burn/f26e24e24d54cf91.jpg,burn,val,data/raw/kaggle/yasinpratomo_wound_dataset/Wound_dataset/Burns/burns (45).jpg,f26e24e24d54cf9199116961745eb7ce032aaa495a7c0e2596431793b44fab63,kaggle_card_license_unknown_review_before_redistribution
data/datasets/efficientnet_kaggle_v1/train/burn/9cb1342e1e547384.jpg,burn,train,data/raw/kaggle/yasinpratomo_wound_dataset/Wound_dataset/Burns/burns (46).jpg,9cb1342e1e5473840ffae979336cee0163e45a7b10ae05b6e6e49eed7c9dadbc,kaggle_card_license_unknown_review_before_redistribution
data/datasets/efficientnet_kaggle_v1/train/burn/b5bb326cd178cdd8.jpg,burn,train,data/raw/kaggle/yasinpratomo_wound_dataset/Wound_dataset/Burns/burns (47).jpg,b5bb326cd178cdd8242d7777fb3f839b71a6143a3d4c1088065002d671c416e4,kaggle_card_license_unknown_review_before_redistribution
data/datasets/efficientnet_kaggle_v1/train/burn/d202ed0418682a2a.jpg,burn,train,data/raw/kaggle/yasinpratomo_wound_dataset/Wound_dataset/Burns/burns (48).jpg,d202ed0418682a2ac13e587fb8d458c90d582252efe38b417f83e58bbf7c52d2,kaggle_card_license_unknown_review_before_redistribution
data/datasets/efficientnet_kaggle_v1/train/burn/a3d1b3b646db27cf.jpg,burn,train,data/raw/kaggle/yasinpratomo_wound_dataset/Wound_dataset/Burns/burns (49).jpg,a3d1b3b646db27cf79721ee666d3ed7166977531eae2cc5849e2c0cac6f79cf9,kaggle_card_license_unknown_review_before_redistribution
data/datasets/efficientnet_kaggle_v1/train/burn/e5a3fac9c28e0c13.jpg,burn,train,data/raw/kaggle/yasinpratomo_wound_dataset/Wound_dataset/Burns/burns (5).jpg,e5a3fac9c28e0c1329170540bce360a169998ff0d8f4c754ba950d811945944b,kaggle_card_license_unknown_review_before_redistribution
data/datasets/efficientnet_kaggle_v1/train/burn/f5e3cac8c3da5e0f.jpg,burn,train,data/raw/kaggle/yasinpratomo_wound_dataset/Wound_dataset/Burns/burns (50).jpg,f5e3cac8c3da5e0fcc84de61da3d790dabf5c9cbfa24aab8a0c98c01681567ff,kaggle_card_license_unknown_review_before_redistribution
data/datasets/efficientnet_kaggle_v1/train/burn/1b524c7aeea63d28.jpg,burn,train,data/raw/kaggle/yasinpratomo_wound_dataset/Wound_dataset/Burns/burns (51).jpg,1b524c7aeea63d28e4d337a0d8dfedc7ea220ca6481a7a6072f0c34d2aa347e0,kaggle_card_license_unknown_review_before_redistribution
data/datasets/efficientnet_kaggle_v1/train/burn/0d86841ce464db96.jpg,burn,train,data/raw/kaggle/yasinpratomo_wound_dataset/Wound_dataset/Burns/burns (52).jpg,0d86841ce464db966bc98fda63a60866903c6dcccbe8340b63490c2f4d2f5108,kaggle_card_license_unknown_review_before_redistribution
data/datasets/efficientnet_kaggle_v1/train/burn/d5fcd0bbe24d6492.jpg,burn,train,data/raw/kaggle/yasinpratomo_wound_dataset/Wound_dataset/Burns/burns (53).jpg,d5fcd0bbe24d6492312688b88cc199d0faa4f51ea3b8d0ab24b3f61c965f20f5,kaggle_card_license_unknown_review_before_redistribution
data/datasets/efficientnet_kaggle_v1/test/burn/21e73100db22d91b.jpg,burn,test,data/raw/kaggle/yasinpratomo_wound_dataset/Wound_dataset/Burns/burns (54).jpg,21e73100db22d91bc3011d2e5daed89e35ff2d503ef40e5c7d270421128abf0f,kaggle_card_license_unknown_review_before_redistribution
data/datasets/efficientnet_kaggle_v1/train/burn/e5937b75bce3915a.jpg,burn,train,data/raw/kaggle/yasinpratomo_wound_dataset/Wound_dataset/Burns/burns (55).jpg,e5937b75bce3915af8549c65da2b82e970e7637f2fc55dc571e9c9debb532180,kaggle_card_license_unknown_review_before_redistribution
data/datasets/efficientnet_kaggle_v1/train/burn/ed5e22e9cf6443e8.jpg,burn,train,data/raw/kaggle/yasinpratomo_wound_dataset/Wound_dataset/Burns/burns (56).jpg,ed5e22e9cf6443e89bbfb885bb79fc411635867956a22c9ac0e4904eff9bac09,kaggle_card_license_unknown_review_before_redistribution
data/datasets/efficientnet_kaggle_v1/val/burn/33738eac99654e9b.jpg,burn,val,data/raw/kaggle/yasinpratomo_wound_dataset/Wound_dataset/Burns/burns (57).jpg,33738eac99654e9b3e580135f4539921876c112398b69eb0c2aae2163f5fc6f2,kaggle_card_license_unknown_review_before_redistribution
data/datasets/efficientnet_kaggle_v1/train/burn/93d8218ab772e879.jpg,burn,train,data/raw/kaggle/yasinpratomo_wound_dataset/Wound_dataset/Burns/burns (58).jpg,93d8218ab772e87992d2a9b750c8fe570ee27dc5a0bf99c6e3fb4ea15ee80569,kaggle_card_license_unknown_review_before_redistribution
data/datasets/efficientnet_kaggle_v1/train/burn/44cacde123210e2e.jpg,burn,train,data/raw/kaggle/yasinpratomo_wound_dataset/Wound_dataset/Burns/burns (59).jpg,44cacde123210e2eb9be03951086b63b5c6144a57a89835f57cb3c5d1808c7d3,kaggle_card_license_unknown_review_before_redistribution
data/datasets/efficientnet_kaggle_v1/train/burn/11233773d68a9b2b.jpg,burn,train,data/raw/kaggle/yasinpratomo_wound_dataset/Wound_dataset/Burns/burns (6).jpg,11233773d68a9b2bd10993d35443fbde8effb9e0ce81f884baa28650edb4aa48,kaggle_card_license_unknown_review_before_redistribution
data/datasets/efficientnet_kaggle_v1/train/burn/3961887b2f78fa85.jpg,burn,train,data/raw/kaggle/yasinpratomo_wound_dataset/Wound_dataset/Burns/burns (7).jpg,3961887b2f78fa8516ca442d1971a99b4e34eca61852ce91383694e2d29ec4b3,kaggle_card_license_unknown_review_before_redistribution
data/datasets/efficientnet_kaggle_v1/train/burn/e8d7d2246826d1ca.jpg,burn,train,data/raw/kaggle/yasinpratomo_wound_dataset/Wound_dataset/Burns/burns (8).jpg,e8d7d2246826d1caaea0128fa89f226cc974aafdc7c1913feb596df1a27527f6,kaggle_card_license_unknown_review_before_redistribution
data/datasets/efficientnet_kaggle_v1/test/burn/6195bb048d29026c.jpg,burn,test,data/raw/kaggle/yasinpratomo_wound_dataset/Wound_dataset/Burns/burns (9).jpg,6195bb048d29026c814d22ab8958b08b277d26906f09b13e63da69c91f36838e,kaggle_card_license_unknown_review_before_redistribution
data/datasets/efficientnet_kaggle_v1/test/cut/90e0e9a9037189a3.jpg,cut,test,data/raw/kaggle/yasinpratomo_wound_dataset/Wound_dataset/Cut/cut (1).jpg,90e0e9a9037189a36310775c5a0929b4b3b5f82feeec1d0fabf18d9531801382,kaggle_card_license_unknown_review_before_redistribution
data/datasets/efficientnet_kaggle_v1/train/cut/2e3f258fa90e75c0.jpg,cut,train,data/raw/kaggle/yasinpratomo_wound_dataset/Wound_dataset/Cut/cut (10).jpg,2e3f258fa90e75c0a9f8dde1f088d9ace1443acd4e1b68f3f59d9cab9591d43a,kaggle_card_license_unknown_review_before_redistribution
data/datasets/efficientnet_kaggle_v1/train/cut/cabe37632ad2cd2d.jpg,cut,train,data/raw/kaggle/yasinpratomo_wound_dataset/Wound_dataset/Cut/cut (11).jpg,cabe37632ad2cd2d792c8fba983b5304563cbabf64bbd0056485c72a37ffcb74,kaggle_card_license_unknown_review_before_redistribution
data/datasets/efficientnet_kaggle_v1/train/cut/fe72374a01d0deff.jpg,cut,train,data/raw/kaggle/yasinpratomo_wound_dataset/Wound_dataset/Cut/cut (12).jpg,fe72374a01d0deff28246410f425abefc183c092e23741a74de76861cecd25a0,kaggle_card_license_unknown_review_before_redistribution
data/datasets/efficientnet_kaggle_v1/train/cut/cdf729ea4be3542a.jpg,cut,train,data/raw/kaggle/yasinpratomo_wound_dataset/Wound_dataset/Cut/cut (13).jpg,cdf729ea4be3542a933587c9d11b4dfdf9ebfce0c28b1680c07714a065d7b04c,kaggle_card_license_unknown_review_before_redistribution
data/datasets/efficientnet_kaggle_v1/train/cut/3171bd1dda7a6ced.jpg,cut,train,data/raw/kaggle/yasinpratomo_wound_dataset/Wound_dataset/Cut/cut (14).jpg,3171bd1dda7a6ced838e32178b8d683ef7f2f0b8c017da197d0bde04563dc690,kaggle_card_license_unknown_review_before_redistribution
data/datasets/efficientnet_kaggle_v1/train/cut/7630bbae8d218783.jpg,cut,train,data/raw/kaggle/yasinpratomo_wound_dataset/Wound_dataset/Cut/cut (15).jpg,7630bbae8d218783dac83d7259a1da5ecb0b7b036bfe6683e5e7fc846b508237,kaggle_card_license_unknown_review_before_redistribution
data/datasets/efficientnet_kaggle_v1/test/cut/2da57482cea0583b.jpg,cut,test,data/raw/kaggle/yasinpratomo_wound_dataset/Wound_dataset/Cut/cut (16).jpg,2da57482cea0583bf7fc5506c3425185e640e111d70529510e6014e8f009a7c4,kaggle_card_license_unknown_review_before_redistribution
data/datasets/efficientnet_kaggle_v1/val/cut/224a3d34716c2fe8.jpg,cut,val,data/raw/kaggle/yasinpratomo_wound_dataset/Wound_dataset/Cut/cut (17).jpg,224a3d34716c2fe8f4f6676ceaae1c1df028275c3111a1a06a2eb3fb36b6daf5,kaggle_card_license_unknown_review_before_redistribution
data/datasets/efficientnet_kaggle_v1/train/cut/7784093b258c814c.jpg,cut,train,data/raw/kaggle/yasinpratomo_wound_dataset/Wound_dataset/Cut/cut (18).jpg,7784093b258c814c2b66307be958bd0651da7727e19a6e8161ebfad2683c60a5,kaggle_card_license_unknown_review_before_redistribution
data/datasets/efficientnet_kaggle_v1/train/cut/3c961058729c4ebf.jpg,cut,train,data/raw/kaggle/yasinpratomo_wound_dataset/Wound_dataset/Cut/cut (19).jpg,3c961058729c4ebf26700943d2d8ac87bfe526207ce0ada28b1daceb6f1bbe4a,kaggle_card_license_unknown_review_before_redistribution
data/datasets/efficientnet_kaggle_v1/train/cut/9200c81a6dd71e3c.jpg,cut,train,data/raw/kaggle/yasinpratomo_wound_dataset/Wound_dataset/Cut/cut (2).jpg,9200c81a6dd71e3c7c3c5e09b36c3ee93286b08bc693ad301021cd4435d5e2e9,kaggle_card_license_unknown_review_before_redistribution
data/datasets/efficientnet_kaggle_v1/train/cut/c64e0d8a4ddce1db.jpg,cut,train,data/raw/kaggle/yasinpratomo_wound_dataset/Wound_dataset/Cut/cut (20).jpg,c64e0d8a4ddce1dbc9bd4ff14c18330de19e37d6460dc52f48fb9a0c56710378,kaggle_card_license_unknown_review_before_redistribution
data/datasets/efficientnet_kaggle_v1/train/cut/20f509da139fd3ed.jpg,cut,train,data/raw/kaggle/yasinpratomo_wound_dataset/Wound_dataset/Cut/cut (21).jpg,20f509da139fd3ed0523a7f2ddff84652b7417651a34b98647bf322a7c246045,kaggle_card_license_unknown_review_before_redistribution
data/datasets/efficientnet_kaggle_v1/val/cut/5796dfc4ed128dd6.jpg,cut,val,data/raw/kaggle/yasinpratomo_wound_dataset/Wound_dataset/Cut/cut (22).jpg,5796dfc4ed128dd64db1ce3eca0f6612037b07cf9cd7a71412de6f94683c2feb,kaggle_card_license_unknown_review_before_redistribution
data/datasets/efficientnet_kaggle_v1/train/cut/3e8489989dc90af2.jpg,cut,train,data/raw/kaggle/yasinpratomo_wound_dataset/Wound_dataset/Cut/cut (23).jpg,3e8489989dc90af2b38081fb05a6c22c08ec52ba4d2aa12c86494503675001b8,kaggle_card_license_unknown_review_before_redistribution
data/datasets/efficientnet_kaggle_v1/test/cut/57d5cec99b5fc0ee.jpg,cut,test,data/raw/kaggle/yasinpratomo_wound_dataset/Wound_dataset/Cut/cut (24).jpg,57d5cec99b5fc0ee68cf26731a19c7ead33bc814294065649e2337114e1fcd41,kaggle_card_license_unknown_review_before_redistribution
data/datasets/efficientnet_kaggle_v1/train/cut/ae950f8544d44e29.jpg,cut,train,data/raw/kaggle/yasinpratomo_wound_dataset/Wound_dataset/Cut/cut (25).jpg,ae950f8544d44e2988a8f56b732a071ec726cc1c346f324d9c672f9637a23c6e,kaggle_card_license_unknown_review_before_redistribution
data/datasets/efficientnet_kaggle_v1/train/cut/8f493295ca2b4b8c.jpg,cut,train,data/raw/kaggle/yasinpratomo_wound_dataset/Wound_dataset/Cut/cut (26).jpg,8f493295ca2b4b8c252f78a176e5eefbc6fdc8c09123057fa2f1d1d21e3eeaae,kaggle_card_license_unknown_review_before_redistribution
data/datasets/efficientnet_kaggle_v1/val/cut/b55e92dd9bea0bb2.jpg,cut,val,data/raw/kaggle/yasinpratomo_wound_dataset/Wound_dataset/Cut/cut (27).jpg,b55e92dd9bea0bb22e8ac77429fa08cdc4680853d89485337ed6b14692e3039e,kaggle_card_license_unknown_review_before_redistribution
data/datasets/efficientnet_kaggle_v1/train/cut/69fd512748cdb960.jpg,cut,train,data/raw/kaggle/yasinpratomo_wound_dataset/Wound_dataset/Cut/cut (28).jpg,69fd512748cdb960362c8d844273f9993db6f45a146df82e765fe026c0c390a5,kaggle_card_license_unknown_review_before_redistribution
data/datasets/efficientnet_kaggle_v1/test/cut/067d406dda6667f6.jpg,cut,test,data/raw/kaggle/yasinpratomo_wound_dataset/Wound_dataset/Cut/cut (29).jpg,067d406dda6667f6acfcc1967d69a4837361517889a1239cff348be01e0c8f1d,kaggle_card_license_unknown_review_before_redistribution
data/datasets/efficientnet_kaggle_v1/train/cut/d1592bd1e18a13b6.jpg,cut,train,data/raw/kaggle/yasinpratomo_wound_dataset/Wound_dataset/Cut/cut (3).jpg,d1592bd1e18a13b6c3445d3c54c2fe75de91bcc642c1f0d4c34a0ce03f2450cd,kaggle_card_license_unknown_review_before_redistribution
data/datasets/efficientnet_kaggle_v1/val/cut/4424eb887e0caa8a.jpg,cut,val,data/raw/kaggle/yasinpratomo_wound_dataset/Wound_dataset/Cut/cut (30).jpg,4424eb887e0caa8a1e0aac394a8320c04835f1bb213ebab1e2cf9975f8b269dc,kaggle_card_license_unknown_review_before_redistribution
data/datasets/efficientnet_kaggle_v1/train/cut/7356d5eccf48bcde.jpg,cut,train,data/raw/kaggle/yasinpratomo_wound_dataset/Wound_dataset/Cut/cut (31).jpg,7356d5eccf48bcde3657d261169bdfda3b4459fcadafa9f5e89c21ea4bdf6e55,kaggle_card_license_unknown_review_before_redistribution
data/datasets/efficientnet_kaggle_v1/train/cut/60e05810244e4d9c.jpg,cut,train,data/raw/kaggle/yasinpratomo_wound_dataset/Wound_dataset/Cut/cut (32).jpg,60e05810244e4d9c6a45338bf44939c02e0697484ea8a8d4a064a53d35fb194d,kaggle_card_license_unknown_review_before_redistribution
data/datasets/efficientnet_kaggle_v1/test/cut/f81f00cb34b9549d.jpg,cut,test,data/raw/kaggle/yasinpratomo_wound_dataset/Wound_dataset/Cut/cut (33).jpg,f81f00cb34b9549d22a3e10727f2e9a74f1a246f5fdec26c3ede924b5e49b702,kaggle_card_license_unknown_review_before_redistribution
data/datasets/efficientnet_kaggle_v1/train/cut/9bd5b84ff0c3c088.jpg,cut,train,data/raw/kaggle/yasinpratomo_wound_dataset/Wound_dataset/Cut/cut (34).jpg,9bd5b84ff0c3c088ab73850d01126f48fb7ea43e4ec18eee77e492dc4c1effe6,kaggle_card_license_unknown_review_before_redistribution
data/datasets/efficientnet_kaggle_v1/train/cut/34468017f34fad84.jpg,cut,train,data/raw/kaggle/yasinpratomo_wound_dataset/Wound_dataset/Cut/cut (35).jpg,34468017f34fad8448119329a8258513cdb97bbf3b53c281df03ca8f7ba4dbda,kaggle_card_license_unknown_review_before_redistribution
data/datasets/efficientnet_kaggle_v1/train/cut/b152effa9551c6b1.jpg,cut,train,data/raw/kaggle/yasinpratomo_wound_dataset/Wound_dataset/Cut/cut (36).jpg,b152effa9551c6b1396f6db12adf7e002dd58e3e5923d6ce95a29bb09f31b4cc,kaggle_card_license_unknown_review_before_redistribution
data/datasets/efficientnet_kaggle_v1/train/cut/81ec57c78ad99936.jpg,cut,train,data/raw/kaggle/yasinpratomo_wound_dataset/Wound_dataset/Cut/cut (37).jpg,81ec57c78ad99936600f09ca579a92988d733e2a31cee5723ad0fbdd3bc5af4d,kaggle_card_license_unknown_review_before_redistribution
data/datasets/efficientnet_kaggle_v1/test/cut/1684b599d83588ba.jpg,cut,test,data/raw/kaggle/yasinpratomo_wound_dataset/Wound_dataset/Cut/cut (38).jpg,1684b599d83588ba4395a47c8734d71bffdd61481eed60c2fa3fd10d6d4421b8,kaggle_card_license_unknown_review_before_redistribution
data/datasets/efficientnet_kaggle_v1/train/cut/269a119fe191ab74.jpg,cut,train,data/raw/kaggle/yasinpratomo_wound_dataset/Wound_dataset/Cut/cut (39).jpg,269a119fe191ab74cd0fec4af1861b58ec7e1f05cdd23b643ce16f85b600904c,kaggle_card_license_unknown_review_before_redistribution
data/datasets/efficientnet_kaggle_v1/train/cut/8f13b987f8fce8be.jpg,cut,train,data/raw/kaggle/yasinpratomo_wound_dataset/Wound_dataset/Cut/cut (4).jpg,8f13b987f8fce8be9c728a0cc849690f8a49d39b917cc493daab112b37db4f6b,kaggle_card_license_unknown_review_before_redistribution
data/datasets/efficientnet_kaggle_v1/train/cut/860e09398f927214.jpg,cut,train,data/raw/kaggle/yasinpratomo_wound_dataset/Wound_dataset/Cut/cut (40).jpg,860e09398f927214ec771ae1b86da7b8357806424e40c21ad9bbc3a3a76827f0,kaggle_card_license_unknown_review_before_redistribution
data/datasets/efficientnet_kaggle_v1/test/cut/8ab8b708e848eee0.jpg,cut,test,data/raw/kaggle/yasinpratomo_wound_dataset/Wound_dataset/Cut/cut (41).jpg,8ab8b708e848eee0d19e3c17d3d829046b612ec273cc06649b4bf2b24e59a419,kaggle_card_license_unknown_review_before_redistribution
data/datasets/efficientnet_kaggle_v1/val/cut/2b4e732485a51092.jpg,cut,val,data/raw/kaggle/yasinpratomo_wound_dataset/Wound_dataset/Cut/cut (42).jpg,2b4e732485a51092bf7eb490a9441c79c065a1b1f189d52c770d59cf4a18c600,kaggle_card_license_unknown_review_before_redistribution
data/datasets/efficientnet_kaggle_v1/train/cut/d2fa3d86f5f09295.jpg,cut,train,data/raw/kaggle/yasinpratomo_wound_dataset/Wound_dataset/Cut/cut (43).jpg,d2fa3d86f5f092951f0ead1931d59fe11a9fde56b480d8b07af9293665d2de82,kaggle_card_license_unknown_review_before_redistribution
data/datasets/efficientnet_kaggle_v1/val/cut/1c0d7891acd4b620.jpg,cut,val,data/raw/kaggle/yasinpratomo_wound_dataset/Wound_dataset/Cut/cut (44).jpg,1c0d7891acd4b62054b5a91385910a56e11f34a17264224266c0b75ecee7b45c,kaggle_card_license_unknown_review_before_redistribution
data/datasets/efficientnet_kaggle_v1/train/cut/09cf704c75123d0c.jpg,cut,train,data/raw/kaggle/yasinpratomo_wound_dataset/Wound_dataset/Cut/cut (45).jpg,09cf704c75123d0c48d3c10503a8612b9e4f7d7d1aaca6d6c165a97f6d12fc60,kaggle_card_license_unknown_review_before_redistribution
data/datasets/efficientnet_kaggle_v1/train/cut/7b17f9ac22c184ea.jpg,cut,train,data/raw/kaggle/yasinpratomo_wound_dataset/Wound_dataset/Cut/cut (46).jpg,7b17f9ac22c184ea46d1b25f93180e3b29f8a093f24676a26a7f19b4073a2091,kaggle_card_license_unknown_review_before_redistribution
data/datasets/efficientnet_kaggle_v1/test/cut/39e7df48538b19b6.jpg,cut,test,data/raw/kaggle/yasinpratomo_wound_dataset/Wound_dataset/Cut/cut (47).jpg,39e7df48538b19b680daee0ad5221dbbd71fd127e83315b70c8af58d9beac5a9,kaggle_card_license_unknown_review_before_redistribution
data/datasets/efficientnet_kaggle_v1/train/cut/9c58594bffea12b1.jpg,cut,train,data/raw/kaggle/yasinpratomo_wound_dataset/Wound_dataset/Cut/cut (48).jpg,9c58594bffea12b1ea680aa015e082c5c53029bd69f083898a20cbe3b40fe6ef,kaggle_card_license_unknown_review_before_redistribution
data/datasets/efficientnet_kaggle_v1/test/cut/a7ff3ea2e3d89404.jpg,cut,test,data/raw/kaggle/yasinpratomo_wound_dataset/Wound_dataset/Cut/cut (49).jpg,a7ff3ea2e3d89404baa597379bf1dff27351d34dc4fbc8a90e58fecb2442646a,kaggle_card_license_unknown_review_before_redistribution
data/datasets/efficientnet_kaggle_v1/train/cut/8664444af6e91160.jpg,cut,train,data/raw/kaggle/yasinpratomo_wound_dataset/Wound_dataset/Cut/cut (5).jpg,8664444af6e91160a2414dc79355291a06815110bac8d7a57510e33a51477e58,kaggle_card_license_unknown_review_before_redistribution
data/datasets/efficientnet_kaggle_v1/train/cut/4c543bcaa02b5d4e.jpg,cut,train,data/raw/kaggle/yasinpratomo_wound_dataset/Wound_dataset/Cut/cut (50).jpg,4c543bcaa02b5d4ed3f871e3de773d8845810b0865353fe7786ac10aed54d87b,kaggle_card_license_unknown_review_before_redistribution
data/datasets/efficientnet_kaggle_v1/val/cut/df78337f118718a3.jpg,cut,val,data/raw/kaggle/yasinpratomo_wound_dataset/Wound_dataset/Cut/cut (6).jpg,df78337f118718a3618fd2f823f9a9e5493cc2f1bc3276bc9478f75a6952e82a,kaggle_card_license_unknown_review_before_redistribution
data/datasets/efficientnet_kaggle_v1/train/cut/abbbced9c692293a.jpg,cut,train,data/raw/kaggle/yasinpratomo_wound_dataset/Wound_dataset/Cut/cut (7).jpg,abbbced9c692293aaf42576896d9b8cb9bbf6904685e54a21950d93760036318,kaggle_card_license_unknown_review_before_redistribution
data/datasets/efficientnet_kaggle_v1/train/cut/848a4923f79256ac.jpg,cut,train,data/raw/kaggle/yasinpratomo_wound_dataset/Wound_dataset/Cut/cut (8).jpg,848a4923f79256ac4c5c87f4c1705b0e1451816148fbfd7233c57abc6c4c198e,kaggle_card_license_unknown_review_before_redistribution
data/datasets/efficientnet_kaggle_v1/val/cut/60a4c56ab7b6fc31.jpg,cut,val,data/raw/kaggle/yasinpratomo_wound_dataset/Wound_dataset/Cut/cut (9).jpg,60a4c56ab7b6fc318f213d7a9695493264da8a5d4161268aa5ce4885cd80de63,kaggle_card_license_unknown_review_before_redistribution
data/datasets/efficientnet_kaggle_v1/val/laceration/369015360cf9ffbe.jpg,laceration,val,data/raw/kaggle/yasinpratomo_wound_dataset/Wound_dataset/Laceration/laseration (1).jpg,369015360cf9ffbeb1c25e6fbe457bfaac1321c50f79feb5502371bf716964ad,kaggle_card_license_unknown_review_before_redistribution
data/datasets/efficientnet_kaggle_v1/val/laceration/1d313acd02c9cd04.jpg,laceration,val,data/raw/kaggle/yasinpratomo_wound_dataset/Wound_dataset/Laceration/laseration (10).jpg,1d313acd02c9cd04dcb68cdbd2180231972810dd4d51daecae1dcffa76111785,kaggle_card_license_unknown_review_before_redistribution
data/datasets/efficientnet_kaggle_v1/train/laceration/0f537b8ef7dff1ec.jpg,laceration,train,data/raw/kaggle/yasinpratomo_wound_dataset/Wound_dataset/Laceration/laseration (11).jpg,0f537b8ef7dff1ec8165fe15afced4a668accd1abe7fc8d7ac0edee850560364,kaggle_card_license_unknown_review_before_redistribution
data/datasets/efficientnet_kaggle_v1/train/laceration/008312075661ef29.jpg,laceration,train,data/raw/kaggle/yasinpratomo_wound_dataset/Wound_dataset/Laceration/laseration (12).jpg,008312075661ef29bfb9443de93ac4b0df7039b5336b58ef85aa0f979d3a570d,kaggle_card_license_unknown_review_before_redistribution
data/datasets/efficientnet_kaggle_v1/train/laceration/be48d08e27f31e2c.jpg,laceration,train,data/raw/kaggle/yasinpratomo_wound_dataset/Wound_dataset/Laceration/laseration (13).jpg,be48d08e27f31e2ca25899b939b352c3d0450ae45b72da0346d405fe86a8b336,kaggle_card_license_unknown_review_before_redistribution
data/datasets/efficientnet_kaggle_v1/train/laceration/60e75320e7829eae.jpg,laceration,train,data/raw/kaggle/yasinpratomo_wound_dataset/Wound_dataset/Laceration/laseration (14).jpg,60e75320e7829eae7d66ebaf671a4608f4d7bb676ec49760558c3ea8dc49d623,kaggle_card_license_unknown_review_before_redistribution
data/datasets/efficientnet_kaggle_v1/train/laceration/dfd8a99068bdbd02.jpg,laceration,train,data/raw/kaggle/yasinpratomo_wound_dataset/Wound_dataset/Laceration/laseration (15).jpg,dfd8a99068bdbd02e73719bb4e5432e23dd702a5aae4d42c7c60993ca8a71d8e,kaggle_card_license_unknown_review_before_redistribution
data/datasets/efficientnet_kaggle_v1/train/laceration/05e7b7d3dee27e26.jpg,laceration,train,data/raw/kaggle/yasinpratomo_wound_dataset/Wound_dataset/Laceration/laseration (16).jpg,05e7b7d3dee27e26a49daecaf246a89f8c7888f60cdf5e3707c5d5dbee524833,kaggle_card_license_unknown_review_before_redistribution
data/datasets/efficientnet_kaggle_v1/train/laceration/b63acb2cb3bd2000.jpg,laceration,train,data/raw/kaggle/yasinpratomo_wound_dataset/Wound_dataset/Laceration/laseration (17).jpg,b63acb2cb3bd200065d929d5079ada0b878bd28a2362e153f8ffe689eff1bdb7,kaggle_card_license_unknown_review_before_redistribution
data/datasets/efficientnet_kaggle_v1/train/laceration/a8e34cbcfaf0b65d.jpg,laceration,train,data/raw/kaggle/yasinpratomo_wound_dataset/Wound_dataset/Laceration/laseration (18).jpg,a8e34cbcfaf0b65ddefe3a018a32b024d849620ac3a2f04f6b61d51cb93a9234,kaggle_card_license_unknown_review_before_redistribution
data/datasets/efficientnet_kaggle_v1/train/laceration/7d2df60a6edbaf43.jpg,laceration,train,data/raw/kaggle/yasinpratomo_wound_dataset/Wound_dataset/Laceration/laseration (19).jpg,7d2df60a6edbaf4352422f232ad8eff31656f6c553826c21b846a9841af0f143,kaggle_card_license_unknown_review_before_redistribution
data/datasets/efficientnet_kaggle_v1/train/laceration/af26b3e120037ed9.jpg,laceration,train,data/raw/kaggle/yasinpratomo_wound_dataset/Wound_dataset/Laceration/laseration (2).jpg,af26b3e120037ed9f08a91a16fe34e5d13b051033bff63a0c9c13c7248d7121b,kaggle_card_license_unknown_review_before_redistribution
data/datasets/efficientnet_kaggle_v1/test/laceration/093ea294a47df09e.jpg,laceration,test,data/raw/kaggle/yasinpratomo_wound_dataset/Wound_dataset/Laceration/laseration (20).jpg,093ea294a47df09e9c950e00c990f948922c4c5d874fcf675eb562f9c48096c4,kaggle_card_license_unknown_review_before_redistribution
data/datasets/efficientnet_kaggle_v1/train/laceration/1b51f01fc19fa422.jpg,laceration,train,data/raw/kaggle/yasinpratomo_wound_dataset/Wound_dataset/Laceration/laseration (21).jpg,1b51f01fc19fa422bc8e308ba11836fc98d23422cdc9bcd121b42a12fc89369c,kaggle_card_license_unknown_review_before_redistribution
data/datasets/efficientnet_kaggle_v1/train/laceration/c047beb2ae5e0a4a.jpg,laceration,train,data/raw/kaggle/yasinpratomo_wound_dataset/Wound_dataset/Laceration/laseration (22).jpg,c047beb2ae5e0a4a84113af94cffe896894b0298caec48a603a1eaabdc1d63ff,kaggle_card_license_unknown_review_before_redistribution
data/datasets/efficientnet_kaggle_v1/train/laceration/b4021f1021a4f530.jpg,laceration,train,data/raw/kaggle/yasinpratomo_wound_dataset/Wound_dataset/Laceration/laseration (23).jpg,b4021f1021a4f530e2762ad4eed39c00e4e98729405566238c934bef8d6aa8ee,kaggle_card_license_unknown_review_before_redistribution
data/datasets/efficientnet_kaggle_v1/train/laceration/6475e3ca3d99bd44.jpg,laceration,train,data/raw/kaggle/yasinpratomo_wound_dataset/Wound_dataset/Laceration/laseration (24).jpg,6475e3ca3d99bd44aa6e2388e8b14c8c002fd496119be371bda2a2b831ded13f,kaggle_card_license_unknown_review_before_redistribution
data/datasets/efficientnet_kaggle_v1/train/laceration/3ff73d04634f559e.jpg,laceration,train,data/raw/kaggle/yasinpratomo_wound_dataset/Wound_dataset/Laceration/laseration (25).jpg,3ff73d04634f559ec864dc79920bc878e85f17e70178c256c05a450d9b807da8,kaggle_card_license_unknown_review_before_redistribution
data/datasets/efficientnet_kaggle_v1/train/laceration/17f3ac6c627a5a11.jpg,laceration,train,data/raw/kaggle/yasinpratomo_wound_dataset/Wound_dataset/Laceration/laseration (26).jpg,17f3ac6c627a5a1123d8fb79851dca72bfb017dfbaaa9dd6cdfe574b69a69a5a,kaggle_card_license_unknown_review_before_redistribution
data/datasets/efficientnet_kaggle_v1/train/laceration/41780f0ab7832297.jpg,laceration,train,data/raw/kaggle/yasinpratomo_wound_dataset/Wound_dataset/Laceration/laseration (27).jpg,41780f0ab78322974432d64dd7f6d40b0b197ff9ea60e28c7d56d824607497fe,kaggle_card_license_unknown_review_before_redistribution
data/datasets/efficientnet_kaggle_v1/train/laceration/375d800ec0742732.jpg,laceration,train,data/raw/kaggle/yasinpratomo_wound_dataset/Wound_dataset/Laceration/laseration (28).jpg,375d800ec07427327f9fea8b78045508f76f2bde0e4bee24a2aea37624cc3509,kaggle_card_license_unknown_review_before_redistribution
data/datasets/efficientnet_kaggle_v1/val/laceration/bb2dcfaef8d92c99.jpg,laceration,val,data/raw/kaggle/yasinpratomo_wound_dataset/Wound_dataset/Laceration/laseration (29).jpg,bb2dcfaef8d92c9939e01d337997daa9a06ff0879faf0f98c15f9019f40ed5fc,kaggle_card_license_unknown_review_before_redistribution
data/datasets/efficientnet_kaggle_v1/val/laceration/9a8045903f11fdc3.jpg,laceration,val,data/raw/kaggle/yasinpratomo_wound_dataset/Wound_dataset/Laceration/laseration (3).jpg,9a8045903f11fdc3155ddb9fd6e8e3356495f3bd22b7207480df09a73f8d53f7,kaggle_card_license_unknown_review_before_redistribution
data/datasets/efficientnet_kaggle_v1/train/laceration/ddfbbb71d8353a01.jpg,laceration,train,data/raw/kaggle/yasinpratomo_wound_dataset/Wound_dataset/Laceration/laseration (30).jpg,ddfbbb71d8353a017f389fbec736fae8ec4b83267ce464895c7a2ec995b44662,kaggle_card_license_unknown_review_before_redistribution
data/datasets/efficientnet_kaggle_v1/train/laceration/a27c40a0ac95a1ee.jpg,laceration,train,data/raw/kaggle/yasinpratomo_wound_dataset/Wound_dataset/Laceration/laseration (31).jpg,a27c40a0ac95a1ee93b709005c980fb75e136a6c8bd21611a1f3e4ec508f3763,kaggle_card_license_unknown_review_before_redistribution
data/datasets/efficientnet_kaggle_v1/train/laceration/77a48b0a0549c3a2.jpg,laceration,train,data/raw/kaggle/yasinpratomo_wound_dataset/Wound_dataset/Laceration/laseration (32).jpg,77a48b0a0549c3a2ff04d2be1fb3c49441fa45819a79c00230d4461051999142,kaggle_card_license_unknown_review_before_redistribution
data/datasets/efficientnet_kaggle_v1/test/laceration/35cc1b5759be4720.jpg,laceration,test,data/raw/kaggle/yasinpratomo_wound_dataset/Wound_dataset/Laceration/laseration (33).jpg,35cc1b5759be47207d1dd488c86f2a1387dc08c0168cb991bc7716cbb6380142,kaggle_card_license_unknown_review_before_redistribution
data/datasets/efficientnet_kaggle_v1/train/laceration/88971082e48f9a8c.jpg,laceration,train,data/raw/kaggle/yasinpratomo_wound_dataset/Wound_dataset/Laceration/laseration (34).jpg,88971082e48f9a8c441ec9cbf7b53f42dfd9b5fb0a3f4c882e5234967cc661d3,kaggle_card_license_unknown_review_before_redistribution
data/datasets/efficientnet_kaggle_v1/val/laceration/38cb951d024d7674.jpg,laceration,val,data/raw/kaggle/yasinpratomo_wound_dataset/Wound_dataset/Laceration/laseration (35).jpg,38cb951d024d7674ddb3a60b9c960ff383887d38e3204b8f633b382d39758ce1,kaggle_card_license_unknown_review_before_redistribution
data/datasets/efficientnet_kaggle_v1/train/laceration/0f07252f4858d164.jpg,laceration,train,data/raw/kaggle/yasinpratomo_wound_dataset/Wound_dataset/Laceration/laseration (36).jpg,0f07252f4858d164fb932b87418abc0e6aa52ca26cc66322d1cdb366d508d0c9,kaggle_card_license_unknown_review_before_redistribution
data/datasets/efficientnet_kaggle_v1/train/laceration/b161cf2bae8b42bd.jpg,laceration,train,data/raw/kaggle/yasinpratomo_wound_dataset/Wound_dataset/Laceration/laseration (37).jpg,b161cf2bae8b42bd9a7768df1e7660ea5d1135eaf47859cb1d068e19ff6648a1,kaggle_card_license_unknown_review_before_redistribution
data/datasets/efficientnet_kaggle_v1/val/laceration/b9250cdacb0d7776.jpg,laceration,val,data/raw/kaggle/yasinpratomo_wound_dataset/Wound_dataset/Laceration/laseration (38).jpg,b9250cdacb0d7776f761375f4a22092e9ddf04c6a1de12a6f2f680796ee22191,kaggle_card_license_unknown_review_before_redistribution
data/datasets/efficientnet_kaggle_v1/train/laceration/5593575a80b50c72.jpg,laceration,train,data/raw/kaggle/yasinpratomo_wound_dataset/Wound_dataset/Laceration/laseration (39).jpg,5593575a80b50c721f070fe7aea6f6897c3eb5b1206ad61372c951004c289eba,kaggle_card_license_unknown_review_before_redistribution
data/datasets/efficientnet_kaggle_v1/train/laceration/6e02fbf5d6437f9b.jpg,laceration,train,data/raw/kaggle/yasinpratomo_wound_dataset/Wound_dataset/Laceration/laseration (4).jpg,6e02fbf5d6437f9be093705c68658a38bc6e58d7fa4eabd59801731a83fe582c,kaggle_card_license_unknown_review_before_redistribution
data/datasets/efficientnet_kaggle_v1/train/laceration/cded7bf97ec8ec55.jpg,laceration,train,data/raw/kaggle/yasinpratomo_wound_dataset/Wound_dataset/Laceration/laseration (40).jpg,cded7bf97ec8ec55c458513ceec368bb77576da592ee595f0f3260be348cd644,kaggle_card_license_unknown_review_before_redistribution
data/datasets/efficientnet_kaggle_v1/train/laceration/c4f1308f8db1e388.jpg,laceration,train,data/raw/kaggle/yasinpratomo_wound_dataset/Wound_dataset/Laceration/laseration (41).jpg,c4f1308f8db1e3888e2b33d8658190fbf43212e26655d8633b2d6a5e621d9bbd,kaggle_card_license_unknown_review_before_redistribution
data/datasets/efficientnet_kaggle_v1/train/laceration/b449d11c9a34bd42.jpg,laceration,train,data/raw/kaggle/yasinpratomo_wound_dataset/Wound_dataset/Laceration/laseration (42).jpg,b449d11c9a34bd428745cf91ee1bdb45dac57af43f2bd450ec13cb0fa1cb671c,kaggle_card_license_unknown_review_before_redistribution
data/datasets/efficientnet_kaggle_v1/train/laceration/e187a2dc055bb1c7.jpg,laceration,train,data/raw/kaggle/yasinpratomo_wound_dataset/Wound_dataset/Laceration/laseration (43).jpg,e187a2dc055bb1c7f35046fbcc83e6e2ca590976d2c51964dca440468e3787aa,kaggle_card_license_unknown_review_before_redistribution
data/datasets/efficientnet_kaggle_v1/train/laceration/03d09f6f11080f9a.jpg,laceration,train,data/raw/kaggle/yasinpratomo_wound_dataset/Wound_dataset/Laceration/laseration (44).jpg,03d09f6f11080f9ac892d6dc966bd166fce072624187b960a3be175b2f349019,kaggle_card_license_unknown_review_before_redistribution
data/datasets/efficientnet_kaggle_v1/val/laceration/4c6228bffba7f8cf.jpg,laceration,val,data/raw/kaggle/yasinpratomo_wound_dataset/Wound_dataset/Laceration/laseration (45).jpg,4c6228bffba7f8cfac07c80c60acaa9c15ae404f7d447cb098ef9bdac8c54470,kaggle_card_license_unknown_review_before_redistribution
data/datasets/efficientnet_kaggle_v1/train/laceration/747d3ced0f6ddf14.jpg,laceration,train,data/raw/kaggle/yasinpratomo_wound_dataset/Wound_dataset/Laceration/laseration (46).jpg,747d3ced0f6ddf14c107df67d89274ccd359d9cef16b75f15c72fa6f614e8af3,kaggle_card_license_unknown_review_before_redistribution
data/datasets/efficientnet_kaggle_v1/train/laceration/587f9055767362fa.jpg,laceration,train,data/raw/kaggle/yasinpratomo_wound_dataset/Wound_dataset/Laceration/laseration (47).jpg,587f9055767362fa4ceb6a0fa7d2648af7c0f64587c70690780d06a92fbb5b44,kaggle_card_license_unknown_review_before_redistribution
data/datasets/efficientnet_kaggle_v1/val/laceration/dd365f49de96ab3f.jpg,laceration,val,data/raw/kaggle/yasinpratomo_wound_dataset/Wound_dataset/Laceration/laseration (48).jpg,dd365f49de96ab3f09f36cff52401972ce409993982feae8106f4ddf960b5698,kaggle_card_license_unknown_review_before_redistribution
data/datasets/efficientnet_kaggle_v1/train/laceration/bdc24f1c0551236a.jpg,laceration,train,data/raw/kaggle/yasinpratomo_wound_dataset/Wound_dataset/Laceration/laseration (49).jpg,bdc24f1c0551236a1c70d6e7fa84a6e1f19c5c4b2fd1116ebf40ef4d5dbe8af1,kaggle_card_license_unknown_review_before_redistribution
data/datasets/efficientnet_kaggle_v1/train/laceration/2fcc034200ed996a.jpg,laceration,train,data/raw/kaggle/yasinpratomo_wound_dataset/Wound_dataset/Laceration/laseration (5).jpg,2fcc034200ed996a589b13ee66a4c05d773a05588e88d70f30855673a0bcd174,kaggle_card_license_unknown_review_before_redistribution
data/datasets/efficientnet_kaggle_v1/val/laceration/17311f6fd055872f.jpg,laceration,val,data/raw/kaggle/yasinpratomo_wound_dataset/Wound_dataset/Laceration/laseration (50).jpg,17311f6fd055872ff7043152f33ace4be383dc38007702935dfc0857fb622011,kaggle_card_license_unknown_review_before_redistribution
data/datasets/efficientnet_kaggle_v1/train/laceration/aa39fc3d51d55dcf.jpg,laceration,train,data/raw/kaggle/yasinpratomo_wound_dataset/Wound_dataset/Laceration/laseration (51).jpg,aa39fc3d51d55dcf6ca3a7a58e473625c47779b09d67f27dd5cf4f899575288a,kaggle_card_license_unknown_review_before_redistribution
data/datasets/efficientnet_kaggle_v1/train/laceration/df5027ea96b8beb9.jpg,laceration,train,data/raw/kaggle/yasinpratomo_wound_dataset/Wound_dataset/Laceration/laseration (52).jpg,df5027ea96b8beb98f1287619060ee0d07f1a3f64c1606caa731f87fae709349,kaggle_card_license_unknown_review_before_redistribution
data/datasets/efficientnet_kaggle_v1/test/laceration/bf68713e9361774a.jpg,laceration,test,data/raw/kaggle/yasinpratomo_wound_dataset/Wound_dataset/Laceration/laseration (53).jpg,bf68713e9361774a682b45ff3a42ecf5676a5f4a3d6f22fee534c768750c790f,kaggle_card_license_unknown_review_before_redistribution
data/datasets/efficientnet_kaggle_v1/train/laceration/527bb20d46efa30b.jpg,laceration,train,data/raw/kaggle/yasinpratomo_wound_dataset/Wound_dataset/Laceration/laseration (54).jpg,527bb20d46efa30bd1f8a7df27514da331f1688b4a3e059da17e1abbf79f8114,kaggle_card_license_unknown_review_before_redistribution
data/datasets/efficientnet_kaggle_v1/train/laceration/a53f4944cfad15e3.jpg,laceration,train,data/raw/kaggle/yasinpratomo_wound_dataset/Wound_dataset/Laceration/laseration (55).jpg,a53f4944cfad15e3b9aa76379de4b7f4c213bcae7f02dfcf7b794cdbde899b3f,kaggle_card_license_unknown_review_before_redistribution
data/datasets/efficientnet_kaggle_v1/train/laceration/b7b57a8a180a9f2c.jpg,laceration,train,data/raw/kaggle/yasinpratomo_wound_dataset/Wound_dataset/Laceration/laseration (56).jpg,b7b57a8a180a9f2cf366d9db778db848c04de8487f23691b1830e45e756b74d3,kaggle_card_license_unknown_review_before_redistribution
data/datasets/efficientnet_kaggle_v1/train/laceration/fbb94e10214a5353.jpg,laceration,train,data/raw/kaggle/yasinpratomo_wound_dataset/Wound_dataset/Laceration/laseration (57).jpg,fbb94e10214a5353b8d1025b2c3dc575802f71103938b74573aee015c7e5c597,kaggle_card_license_unknown_review_before_redistribution
data/datasets/efficientnet_kaggle_v1/val/laceration/ff7ba8fe78eb5b5f.jpg,laceration,val,data/raw/kaggle/yasinpratomo_wound_dataset/Wound_dataset/Laceration/laseration (58).jpg,ff7ba8fe78eb5b5ffe5f8378e9b50de02f1c2ea45de25de30e6e2e1e40a33383,kaggle_card_license_unknown_review_before_redistribution
data/datasets/efficientnet_kaggle_v1/val/laceration/1ad65ad70cc65ac1.jpg,laceration,val,data/raw/kaggle/yasinpratomo_wound_dataset/Wound_dataset/Laceration/laseration (59).jpg,1ad65ad70cc65ac1dbc18f64d060a95666633dd870f6b3975f189f52c61d223d,kaggle_card_license_unknown_review_before_redistribution
data/datasets/efficientnet_kaggle_v1/train/laceration/90b84e9e093e5c94.jpg,laceration,train,data/raw/kaggle/yasinpratomo_wound_dataset/Wound_dataset/Laceration/laseration (6).jpg,90b84e9e093e5c94dbe15c1d12d49d245bb4b52daa43acba26ac767255a27e43,kaggle_card_license_unknown_review_before_redistribution
data/datasets/efficientnet_kaggle_v1/train/laceration/29ff7dbf4580a71f.jpg,laceration,train,data/raw/kaggle/yasinpratomo_wound_dataset/Wound_dataset/Laceration/laseration (60).jpg,29ff7dbf4580a71f5846c59e5e63c88403e0bd08539a085508c3d52ca3a047b4,kaggle_card_license_unknown_review_before_redistribution
data/datasets/efficientnet_kaggle_v1/train/laceration/ead3f11bfc39499a.jpg,laceration,train,data/raw/kaggle/yasinpratomo_wound_dataset/Wound_dataset/Laceration/laseration (61).jpg,ead3f11bfc39499ac2d96beb9cea0bb60eb4f576f3f1f381452decd206cf4c6a,kaggle_card_license_unknown_review_before_redistribution
data/datasets/efficientnet_kaggle_v1/train/laceration/d97cd20fe713ab7f.jpg,laceration,train,data/raw/kaggle/yasinpratomo_wound_dataset/Wound_dataset/Laceration/laseration (7).jpg,d97cd20fe713ab7f243d43c06f47d668fc23cad55721d921790073fafc335dc3,kaggle_card_license_unknown_review_before_redistribution
data/datasets/efficientnet_kaggle_v1/train/laceration/48f390ece8e6fb00.jpg,laceration,train,data/raw/kaggle/yasinpratomo_wound_dataset/Wound_dataset/Laceration/laseration (8).jpg,48f390ece8e6fb00789fc7af04002143d77c195a67d1289bc33ef52ac1aeb2df,kaggle_card_license_unknown_review_before_redistribution
data/datasets/efficientnet_kaggle_v1/train/laceration/53c2c9636b68f815.jpg,laceration,train,data/raw/kaggle/yasinpratomo_wound_dataset/Wound_dataset/Laceration/laseration (9).jpg,53c2c9636b68f815672364863492bb993480931e706321210705b69b0df3c97d,kaggle_card_license_unknown_review_before_redistribution
data/datasets/efficientnet_kaggle_v1/train/wound/424df4e591593985.jpg,wound,train,data/raw/kaggle/yasinpratomo_wound_dataset/Wound_dataset/Stab_wound/stab_wound (1).jpg,424df4e5915939850b3c0abfc313196709901f8e7e2b0fb1138f3eb6ea7fdc14,kaggle_card_license_unknown_review_before_redistribution
data/datasets/efficientnet_kaggle_v1/train/wound/0460dd3251fa5498.jpg,wound,train,data/raw/kaggle/yasinpratomo_wound_dataset/Wound_dataset/Stab_wound/stab_wound (10).jpg,0460dd3251fa5498296d33eeeeb72ede23dbc38a25c2559db81aa5e2151f9236,kaggle_card_license_unknown_review_before_redistribution
data/datasets/efficientnet_kaggle_v1/train/wound/b197dc3ee7abd229.jpg,wound,train,data/raw/kaggle/yasinpratomo_wound_dataset/Wound_dataset/Stab_wound/stab_wound (11).jpg,b197dc3ee7abd229a8710248921e57e380f04391ae7c8b7e60bab1fbf9695482,kaggle_card_license_unknown_review_before_redistribution
data/datasets/efficientnet_kaggle_v1/train/wound/f8ab809f648b542b.jpg,wound,train,data/raw/kaggle/yasinpratomo_wound_dataset/Wound_dataset/Stab_wound/stab_wound (12).jpg,f8ab809f648b542b0309c2cccf8d01f3e3091216ce135036fdb3d6bdd8fa6846,kaggle_card_license_unknown_review_before_redistribution
data/datasets/efficientnet_kaggle_v1/train/wound/1df0788449d1f0e1.jpg,wound,train,data/raw/kaggle/yasinpratomo_wound_dataset/Wound_dataset/Stab_wound/stab_wound (13).jpg,1df0788449d1f0e1f8c2984dccc1230c0e23ae02a86e8005081dff84733091a3,kaggle_card_license_unknown_review_before_redistribution
data/datasets/efficientnet_kaggle_v1/train/wound/152093f6948ee9ae.jpg,wound,train,data/raw/kaggle/yasinpratomo_wound_dataset/Wound_dataset/Stab_wound/stab_wound (14).jpg,152093f6948ee9ae242d93d7648355e82afc024fcf48501bc494761f123ed7eb,kaggle_card_license_unknown_review_before_redistribution
data/datasets/efficientnet_kaggle_v1/train/wound/5cb9541cdfd0542e.jpg,wound,train,data/raw/kaggle/yasinpratomo_wound_dataset/Wound_dataset/Stab_wound/stab_wound (15).jpg,5cb9541cdfd0542e88fb1f1b317acef1dac9d88b78b5e03d16441137018790ba,kaggle_card_license_unknown_review_before_redistribution
data/datasets/efficientnet_kaggle_v1/train/wound/6762c699b8590ac1.jpg,wound,train,data/raw/kaggle/yasinpratomo_wound_dataset/Wound_dataset/Stab_wound/stab_wound (16).jpg,6762c699b8590ac11be761df6d7005149694ad4103d0e65e594c0da1ff601b64,kaggle_card_license_unknown_review_before_redistribution
data/datasets/efficientnet_kaggle_v1/test/wound/fa31948c656f4ca8.jpg,wound,test,data/raw/kaggle/yasinpratomo_wound_dataset/Wound_dataset/Stab_wound/stab_wound (17).jpg,fa31948c656f4ca846714305e5acac0f79e7363a70f0b90c9d1633fe988a0787,kaggle_card_license_unknown_review_before_redistribution
data/datasets/efficientnet_kaggle_v1/train/wound/1dfee9ba27cb7477.jpg,wound,train,data/raw/kaggle/yasinpratomo_wound_dataset/Wound_dataset/Stab_wound/stab_wound (18).jpg,1dfee9ba27cb747776c9579ec8f3bcd803fa704558d7a11a3b281b70ca7bab0d,kaggle_card_license_unknown_review_before_redistribution
data/datasets/efficientnet_kaggle_v1/train/wound/0015f0fcebd60ddd.jpg,wound,train,data/raw/kaggle/yasinpratomo_wound_dataset/Wound_dataset/Stab_wound/stab_wound (19).jpg,0015f0fcebd60ddd43d3ba221d39794a1729514fbcaed4b1e2410191b7fbc23f,kaggle_card_license_unknown_review_before_redistribution
data/datasets/efficientnet_kaggle_v1/train/wound/d544c1c0a37443d3.jpg,wound,train,data/raw/kaggle/yasinpratomo_wound_dataset/Wound_dataset/Stab_wound/stab_wound (2).jpg,d544c1c0a37443d31ac16a8e9168c4d2e4d36293f8fb1e7f318a190fa6f7c053,kaggle_card_license_unknown_review_before_redistribution
data/datasets/efficientnet_kaggle_v1/train/wound/6f754e6c722a5b0b.jpg,wound,train,data/raw/kaggle/yasinpratomo_wound_dataset/Wound_dataset/Stab_wound/stab_wound (20).jpg,6f754e6c722a5b0b22bbdf4bfefeb149b22b38f7c3563f8c76540e55768a439f,kaggle_card_license_unknown_review_before_redistribution
data/datasets/efficientnet_kaggle_v1/train/wound/01370595fd2f254a.jpg,wound,train,data/raw/kaggle/yasinpratomo_wound_dataset/Wound_dataset/Stab_wound/stab_wound (21).jpg,01370595fd2f254a12a6c49d44239e5f344201dc49f6fb632435563ebe4cf273,kaggle_card_license_unknown_review_before_redistribution
data/datasets/efficientnet_kaggle_v1/train/wound/a4f9145fb7982a8a.jpg,wound,train,data/raw/kaggle/yasinpratomo_wound_dataset/Wound_dataset/Stab_wound/stab_wound (22).jpg,a4f9145fb7982a8a5535a92aba152dc5bec3856568d59f2d7f90d03ad3e7d028,kaggle_card_license_unknown_review_before_redistribution
data/datasets/efficientnet_kaggle_v1/train/wound/a74043d2d18b1289.jpg,wound,train,data/raw/kaggle/yasinpratomo_wound_dataset/Wound_dataset/Stab_wound/stab_wound (23).jpg,a74043d2d18b12894289afed6b274705797d972cd5f498519ab34bacd25ad50a,kaggle_card_license_unknown_review_before_redistribution
data/datasets/efficientnet_kaggle_v1/train/wound/8cb495546546a002.jpg,wound,train,data/raw/kaggle/yasinpratomo_wound_dataset/Wound_dataset/Stab_wound/stab_wound (3).jpg,8cb495546546a002a587d16ef38d2b19ab1193495beca4e6f862e15bae49139b,kaggle_card_license_unknown_review_before_redistribution
data/datasets/efficientnet_kaggle_v1/train/wound/c6afa768cf9f5b10.jpg,wound,train,data/raw/kaggle/yasinpratomo_wound_dataset/Wound_dataset/Stab_wound/stab_wound (4).jpg,c6afa768cf9f5b1055a7282f3686e63ee22704dfb69c9a0acddda45f0588b4fd,kaggle_card_license_unknown_review_before_redistribution
data/datasets/efficientnet_kaggle_v1/train/wound/21b9a4a6196da579.jpg,wound,train,data/raw/kaggle/yasinpratomo_wound_dataset/Wound_dataset/Stab_wound/stab_wound (5).jpg,21b9a4a6196da579fff67a5f068dfcad16fc7cd552781ed138c355e64d6ca49d,kaggle_card_license_unknown_review_before_redistribution
data/datasets/efficientnet_kaggle_v1/test/wound/66aeaefa4412e7c7.jpg,wound,test,data/raw/kaggle/yasinpratomo_wound_dataset/Wound_dataset/Stab_wound/stab_wound (6).jpg,66aeaefa4412e7c7ed7236cf74c02f5e00e47cf90695440d0b35fa391d98cd88,kaggle_card_license_unknown_review_before_redistribution
data/datasets/efficientnet_kaggle_v1/test/wound/2d419624f86eb555.jpg,wound,test,data/raw/kaggle/yasinpratomo_wound_dataset/Wound_dataset/Stab_wound/stab_wound (7).jpg,2d419624f86eb5552515bdca6d4c297214bed9a9eaf72971487911b405fd9192,kaggle_card_license_unknown_review_before_redistribution
data/datasets/efficientnet_kaggle_v1/train/wound/f0035c016a2efed9.jpg,wound,train,data/raw/kaggle/yasinpratomo_wound_dataset/Wound_dataset/Stab_wound/stab_wound (8).jpg,f0035c016a2efed99319053aa040e7365b45b378b6c9577dff23dd9a4d3d74b4,kaggle_card_license_unknown_review_before_redistribution
data/datasets/efficientnet_kaggle_v1/val/wound/0f0850432a71e317.jpg,wound,val,data/raw/kaggle/yasinpratomo_wound_dataset/Wound_dataset/Stab_wound/stab_wound (9).jpg,0f0850432a71e3176db9c8809b7d6c643ad6bcccfc7b778878cbe5121c0c38fe,kaggle_card_license_unknown_review_before_redistribution
data/datasets/efficientnet_kaggle_v1/val/abrasion/1f24413004e8d920.jpg,abrasion,val,data/raw/kaggle/ibrahimfateen_wound_classification/Wound_dataset copy/Abrasions/mirrored_abrasions (1).jpg,1f24413004e8d9209e19f378fba9da824979ba9c8c75f5a043da80463bca00b9,kaggle_card_license_unknown_review_before_redistribution
data/datasets/efficientnet_kaggle_v1/train/abrasion/5e999bec016c3440.jpg,abrasion,train,data/raw/kaggle/ibrahimfateen_wound_classification/Wound_dataset copy/Abrasions/mirrored_abrasions (10).jpg,5e999bec016c34403b16e42b65a4c21b8ffc0d4b6a8e1b54fddfe4690476d871,kaggle_card_license_unknown_review_before_redistribution
data/datasets/efficientnet_kaggle_v1/train/abrasion/c81674dba82efb5a.jpg,abrasion,train,data/raw/kaggle/ibrahimfateen_wound_classification/Wound_dataset copy/Abrasions/mirrored_abrasions (11).jpg,c81674dba82efb5ad1da12c52cf88e8ca19d2abda2adb82ffde5bb9e60fd6af4,kaggle_card_license_unknown_review_before_redistribution
data/datasets/efficientnet_kaggle_v1/train/abrasion/bbf922f4c3316772.jpg,abrasion,train,data/raw/kaggle/ibrahimfateen_wound_classification/Wound_dataset copy/Abrasions/mirrored_abrasions (12).jpg,bbf922f4c33167727612ecdf080c8938b92d3c696a88d5afa4efc3618e297080,kaggle_card_license_unknown_review_before_redistribution
data/datasets/efficientnet_kaggle_v1/train/abrasion/b23a7926bf4e5028.jpg,abrasion,train,data/raw/kaggle/ibrahimfateen_wound_classification/Wound_dataset copy/Abrasions/mirrored_abrasions (13).jpg,b23a7926bf4e50285d86812e8dfb1ddcc09132f29e35c3ac7a0894db9d653dc6,kaggle_card_license_unknown_review_before_redistribution
data/datasets/efficientnet_kaggle_v1/train/abrasion/179ee2ffca7e7ea7.jpg,abrasion,train,data/raw/kaggle/ibrahimfateen_wound_classification/Wound_dataset copy/Abrasions/mirrored_abrasions (14).jpg,179ee2ffca7e7ea71736af712e306d6b1a8d65329470f9e6b0d90ed837851126,kaggle_card_license_unknown_review_before_redistribution
data/datasets/efficientnet_kaggle_v1/train/abrasion/d36bed83dc2bceb9.jpg,abrasion,train,data/raw/kaggle/ibrahimfateen_wound_classification/Wound_dataset copy/Abrasions/mirrored_abrasions (15).jpg,d36bed83dc2bceb9db5524b1ee8f8eb780fe9dc44453d50a42afda0c323cc81d,kaggle_card_license_unknown_review_before_redistribution
data/datasets/efficientnet_kaggle_v1/test/abrasion/58f30b1633fb0753.jpg,abrasion,test,data/raw/kaggle/ibrahimfateen_wound_classification/Wound_dataset copy/Abrasions/mirrored_abrasions (16).jpg,58f30b1633fb0753ee95b7018f41fa2bc8f73498f662cfe6f805cb6de4b602a7,kaggle_card_license_unknown_review_before_redistribution
data/datasets/efficientnet_kaggle_v1/test/abrasion/4bd227f47eca1b7c.jpg,abrasion,test,data/raw/kaggle/ibrahimfateen_wound_classification/Wound_dataset copy/Abrasions/mirrored_abrasions (17).jpg,4bd227f47eca1b7c265d8fecad92274bf3f7c6531fe5398f99009ce6e2659fe0,kaggle_card_license_unknown_review_before_redistribution
data/datasets/efficientnet_kaggle_v1/train/abrasion/f8bae9be5f4536b0.jpg,abrasion,train,data/raw/kaggle/ibrahimfateen_wound_classification/Wound_dataset copy/Abrasions/mirrored_abrasions (18).jpg,f8bae9be5f4536b0d3101ee2423c790c911ec4f1e05af89bcf1ef5b40dab3c1c,kaggle_card_license_unknown_review_before_redistribution
data/datasets/efficientnet_kaggle_v1/test/abrasion/174aaf3668ac9f54.jpg,abrasion,test,data/raw/kaggle/ibrahimfateen_wound_classification/Wound_dataset copy/Abrasions/mirrored_abrasions (19).jpg,174aaf3668ac9f545c8f2f39b7870e09c5660fffe6732cdf9cec0092f6738709,kaggle_card_license_unknown_review_before_redistribution
data/datasets/efficientnet_kaggle_v1/train/abrasion/4ae3ac8b872a6621.jpg,abrasion,train,data/raw/kaggle/ibrahimfateen_wound_classification/Wound_dataset copy/Abrasions/mirrored_abrasions (2).jpg,4ae3ac8b872a6621b58fdde9be5fe9cbdb41826ddc29f2c55321e037c8be6b21,kaggle_card_license_unknown_review_before_redistribution
data/datasets/efficientnet_kaggle_v1/train/abrasion/e4c9b4665dd8d3ea.jpg,abrasion,train,data/raw/kaggle/ibrahimfateen_wound_classification/Wound_dataset copy/Abrasions/mirrored_abrasions (20).jpg,e4c9b4665dd8d3ea3ba631c141045bba0158d84efe0b358dcdfac9af233a893d,kaggle_card_license_unknown_review_before_redistribution
data/datasets/efficientnet_kaggle_v1/val/abrasion/1a13337b7ef4062f.jpg,abrasion,val,data/raw/kaggle/ibrahimfateen_wound_classification/Wound_dataset copy/Abrasions/mirrored_abrasions (22).jpg,1a13337b7ef4062f1a0a821246a6121ff37f4da255935c99e5f0e2c9a9437969,kaggle_card_license_unknown_review_before_redistribution
data/datasets/efficientnet_kaggle_v1/train/abrasion/3796dd0d8f6b1fd6.jpg,abrasion,train,data/raw/kaggle/ibrahimfateen_wound_classification/Wound_dataset copy/Abrasions/mirrored_abrasions (23).jpg,3796dd0d8f6b1fd67befe5493805ac533ddfbe19a3812abd941f113013f1a1e9,kaggle_card_license_unknown_review_before_redistribution
data/datasets/efficientnet_kaggle_v1/val/abrasion/212c9af5da5453fe.jpg,abrasion,val,data/raw/kaggle/ibrahimfateen_wound_classification/Wound_dataset copy/Abrasions/mirrored_abrasions (24).jpg,212c9af5da5453fe0463f49b1f2a49905e6ecf9bec925c5d1c91c1e4d21bda81,kaggle_card_license_unknown_review_before_redistribution
data/datasets/efficientnet_kaggle_v1/train/abrasion/6deb12354eb21817.jpg,abrasion,train,data/raw/kaggle/ibrahimfateen_wound_classification/Wound_dataset copy/Abrasions/mirrored_abrasions (25).jpg,6deb12354eb218176d669d82f936272434a2e22ee17b077d95ea20f4dbf8893e,kaggle_card_license_unknown_review_before_redistribution
data/datasets/efficientnet_kaggle_v1/val/abrasion/7c6d864385b97603.jpg,abrasion,val,data/raw/kaggle/ibrahimfateen_wound_classification/Wound_dataset copy/Abrasions/mirrored_abrasions (26).jpg,7c6d864385b97603cc9eee32f64f48256844f6933256c87d6b00b75a086811bd,kaggle_card_license_unknown_review_before_redistribution
data/datasets/efficientnet_kaggle_v1/train/abrasion/b3579ebf990ebc8d.jpg,abrasion,train,data/raw/kaggle/ibrahimfateen_wound_classification/Wound_dataset copy/Abrasions/mirrored_abrasions (27).jpg,b3579ebf990ebc8d486657e6de78447ad38558719821f49ec48e2a5c27b4ddf8,kaggle_card_license_unknown_review_before_redistribution
data/datasets/efficientnet_kaggle_v1/val/abrasion/5996cdaeaf34ad5e.jpg,abrasion,val,data/raw/kaggle/ibrahimfateen_wound_classification/Wound_dataset copy/Abrasions/mirrored_abrasions (28).jpg,5996cdaeaf34ad5e87777ee2031be7d91c616f689711128c90c12db17700b4ae,kaggle_card_license_unknown_review_before_redistribution
data/datasets/efficientnet_kaggle_v1/test/abrasion/50f76bdfd49195bc.jpg,abrasion,test,data/raw/kaggle/ibrahimfateen_wound_classification/Wound_dataset copy/Abrasions/mirrored_abrasions (29).jpg,50f76bdfd49195bc4034ccaaa64ed147f48c32f453cefbaa03318432b7e25145,kaggle_card_license_unknown_review_before_redistribution
data/datasets/efficientnet_kaggle_v1/train/abrasion/fa8fb7db2f720575.jpg,abrasion,train,data/raw/kaggle/ibrahimfateen_wound_classification/Wound_dataset copy/Abrasions/mirrored_abrasions (3).jpg,fa8fb7db2f720575ef8deead97f3719b5f15d8d2a735746dc70bcb7701cc860f,kaggle_card_license_unknown_review_before_redistribution
data/datasets/efficientnet_kaggle_v1/train/abrasion/937d84a3edd90d62.jpg,abrasion,train,data/raw/kaggle/ibrahimfateen_wound_classification/Wound_dataset copy/Abrasions/mirrored_abrasions (30).jpg,937d84a3edd90d62f4b4c9462d79d36e21d0ee8d00bdda11ff292d3362220378,kaggle_card_license_unknown_review_before_redistribution
data/datasets/efficientnet_kaggle_v1/train/abrasion/dbccc78062fb56c0.jpg,abrasion,train,data/raw/kaggle/ibrahimfateen_wound_classification/Wound_dataset copy/Abrasions/mirrored_abrasions (31).jpg,dbccc78062fb56c0b357f89584c8c500d0987508f721f0ed91e3c22fd7799624,kaggle_card_license_unknown_review_before_redistribution
data/datasets/efficientnet_kaggle_v1/val/abrasion/0c6fd223981e01b2.jpg,abrasion,val,data/raw/kaggle/ibrahimfateen_wound_classification/Wound_dataset copy/Abrasions/mirrored_abrasions (32).jpg,0c6fd223981e01b22f0ed82f724b42e60b41a2b23576773138bcc5d64952115f,kaggle_card_license_unknown_review_before_redistribution
data/datasets/efficientnet_kaggle_v1/train/abrasion/b6dbc5e063fdd13e.jpg,abrasion,train,data/raw/kaggle/ibrahimfateen_wound_classification/Wound_dataset copy/Abrasions/mirrored_abrasions (33).jpg,b6dbc5e063fdd13e2d9d5987b5ed4230317043562186d7eb9b0cba19b9b26a22,kaggle_card_license_unknown_review_before_redistribution
data/datasets/efficientnet_kaggle_v1/train/abrasion/dc7bb1034354dfce.jpg,abrasion,train,data/raw/kaggle/ibrahimfateen_wound_classification/Wound_dataset copy/Abrasions/mirrored_abrasions (34).jpg,dc7bb1034354dfcee795e24fe4384f8ba4d0249539cff50b18bb324d8ee129b8,kaggle_card_license_unknown_review_before_redistribution
data/datasets/efficientnet_kaggle_v1/train/abrasion/7a4ff8d924f157aa.jpg,abrasion,train,data/raw/kaggle/ibrahimfateen_wound_classification/Wound_dataset copy/Abrasions/mirrored_abrasions (35).jpg,7a4ff8d924f157aac5357a267c85ad3fe1d1d478bce96cdf195ce77cfcfd2655,kaggle_card_license_unknown_review_before_redistribution
data/datasets/efficientnet_kaggle_v1/train/abrasion/5f3f43befcd3a0b1.jpg,abrasion,train,data/raw/kaggle/ibrahimfateen_wound_classification/Wound_dataset copy/Abrasions/mirrored_abrasions (36).jpg,5f3f43befcd3a0b1732c3ca4c6e4d27be5aa2e7555c5bf01f4bf326b9ba21a4c,kaggle_card_license_unknown_review_before_redistribution
data/datasets/efficientnet_kaggle_v1/train/abrasion/28a3f8f42eaa1bf3.jpg,abrasion,train,data/raw/kaggle/ibrahimfateen_wound_classification/Wound_dataset copy/Abrasions/mirrored_abrasions (37).jpg,28a3f8f42eaa1bf35c9039b5bb8c7316d20f33a2061c6ee80c5c8b2d00f55015,kaggle_card_license_unknown_review_before_redistribution
data/datasets/efficientnet_kaggle_v1/val/abrasion/85ea39834d10536a.jpg,abrasion,val,data/raw/kaggle/ibrahimfateen_wound_classification/Wound_dataset copy/Abrasions/mirrored_abrasions (38).jpg,85ea39834d10536a0c434b9191156fe6179bf7ffdbe309a7778b0ea64e0022d6,kaggle_card_license_unknown_review_before_redistribution
data/datasets/efficientnet_kaggle_v1/train/abrasion/bb1ea143f2ed63ff.jpg,abrasion,train,data/raw/kaggle/ibrahimfateen_wound_classification/Wound_dataset copy/Abrasions/mirrored_abrasions (39).jpg,bb1ea143f2ed63ff2ad70550fc1bb599ff71b28bfd83bf1684bae9e599208be5,kaggle_card_license_unknown_review_before_redistribution
data/datasets/efficientnet_kaggle_v1/train/abrasion/b2b05b1bdbd78482.jpg,abrasion,train,data/raw/kaggle/ibrahimfateen_wound_classification/Wound_dataset copy/Abrasions/mirrored_abrasions (4).jpg,b2b05b1bdbd78482520864c3ab5582584b6265db5b3c5cbadc389d03a940e2e3,kaggle_card_license_unknown_review_before_redistribution
data/datasets/efficientnet_kaggle_v1/train/abrasion/2ded2c841c3d1849.jpg,abrasion,train,data/raw/kaggle/ibrahimfateen_wound_classification/Wound_dataset copy/Abrasions/mirrored_abrasions (40).jpg,2ded2c841c3d18492085b420b087bf89b4e63f4fcb68244b7f9daa6667cc73e5,kaggle_card_license_unknown_review_before_redistribution
data/datasets/efficientnet_kaggle_v1/train/abrasion/f32d6fe8b677c520.jpg,abrasion,train,data/raw/kaggle/ibrahimfateen_wound_classification/Wound_dataset copy/Abrasions/mirrored_abrasions (41).jpg,f32d6fe8b677c52059bbf85dd228d4e9acf3b7f13b25113f3c8b0dddc9076eac,kaggle_card_license_unknown_review_before_redistribution
data/datasets/efficientnet_kaggle_v1/train/abrasion/87e477afa40a1faf.jpg,abrasion,train,data/raw/kaggle/ibrahimfateen_wound_classification/Wound_dataset copy/Abrasions/mirrored_abrasions (42).jpg,87e477afa40a1fafc777a01da14254ee8267b933e99a7b7760f31a27491bc6d3,kaggle_card_license_unknown_review_before_redistribution
data/datasets/efficientnet_kaggle_v1/train/abrasion/8d4fa2e71c83e169.jpg,abrasion,train,data/raw/kaggle/ibrahimfateen_wound_classification/Wound_dataset copy/Abrasions/mirrored_abrasions (43).jpg,8d4fa2e71c83e1698642a0c48b17127d41e30b3f96e988d03ca10b97cff22e7d,kaggle_card_license_unknown_review_before_redistribution
data/datasets/efficientnet_kaggle_v1/train/abrasion/486f84d7c1a5b515.jpg,abrasion,train,data/raw/kaggle/ibrahimfateen_wound_classification/Wound_dataset copy/Abrasions/mirrored_abrasions (44).jpg,486f84d7c1a5b515df9945af3118a98be7bbded07e18c8e4640b4228e797be3c,kaggle_card_license_unknown_review_before_redistribution
data/datasets/efficientnet_kaggle_v1/test/abrasion/854b8c1e8188b407.jpg,abrasion,test,data/raw/kaggle/ibrahimfateen_wound_classification/Wound_dataset copy/Abrasions/mirrored_abrasions (45).jpg,854b8c1e8188b40717465ff97d6ca376c2162ae02c9f2b60a53a43d365e06c3b,kaggle_card_license_unknown_review_before_redistribution
data/datasets/efficientnet_kaggle_v1/train/abrasion/a9b4cc8d3a2cb57d.jpg,abrasion,train,data/raw/kaggle/ibrahimfateen_wound_classification/Wound_dataset copy/Abrasions/mirrored_abrasions (46).jpg,a9b4cc8d3a2cb57d189d72e81e8f62a00b5ef7b02e4a5bf73a972086d4539eab,kaggle_card_license_unknown_review_before_redistribution
data/datasets/efficientnet_kaggle_v1/train/abrasion/bdb33f14025b44c5.jpg,abrasion,train,data/raw/kaggle/ibrahimfateen_wound_classification/Wound_dataset copy/Abrasions/mirrored_abrasions (47).jpg,bdb33f14025b44c516cdae9fb9d0057252543652ed3415276e678e1af2066a04,kaggle_card_license_unknown_review_before_redistribution
data/datasets/efficientnet_kaggle_v1/train/abrasion/9e5142dad2529142.jpg,abrasion,train,data/raw/kaggle/ibrahimfateen_wound_classification/Wound_dataset copy/Abrasions/mirrored_abrasions (48).jpg,9e5142dad2529142eccd5736378d189f3538eafa7b030840a4e030e5d22faa9a,kaggle_card_license_unknown_review_before_redistribution
data/datasets/efficientnet_kaggle_v1/test/abrasion/b04832bc113d7472.jpg,abrasion,test,data/raw/kaggle/ibrahimfateen_wound_classification/Wound_dataset copy/Abrasions/mirrored_abrasions (49).jpg,b04832bc113d7472b3b6d31d7a1acde9b1df7e014c6ca4b01b582d4b1218c9bf,kaggle_card_license_unknown_review_before_redistribution
data/datasets/efficientnet_kaggle_v1/train/abrasion/c45d741c65c9a776.jpg,abrasion,train,data/raw/kaggle/ibrahimfateen_wound_classification/Wound_dataset copy/Abrasions/mirrored_abrasions (5).jpg,c45d741c65c9a776c1ae98048d62576d43d9d9166788d9ba596ef5ca9fb0685a,kaggle_card_license_unknown_review_before_redistribution
data/datasets/efficientnet_kaggle_v1/test/abrasion/6d1bd1b0094364dc.jpg,abrasion,test,data/raw/kaggle/ibrahimfateen_wound_classification/Wound_dataset copy/Abrasions/mirrored_abrasions (50).jpg,6d1bd1b0094364dc76320c8357db2b2c5e04840dfe7fedd0ac43a776e211412c,kaggle_card_license_unknown_review_before_redistribution
data/datasets/efficientnet_kaggle_v1/train/abrasion/a4c1af86de588e0b.jpg,abrasion,train,data/raw/kaggle/ibrahimfateen_wound_classification/Wound_dataset copy/Abrasions/mirrored_abrasions (51).jpg,a4c1af86de588e0b68bb9b33a09d6e901524c48b4287335e6d3d1be7ba5a196a,kaggle_card_license_unknown_review_before_redistribution
data/datasets/efficientnet_kaggle_v1/train/abrasion/9d5706349e9920b9.jpg,abrasion,train,data/raw/kaggle/ibrahimfateen_wound_classification/Wound_dataset copy/Abrasions/mirrored_abrasions (52).jpg,9d5706349e9920b959d329dea001ac6c05dfdfa7e1fc7044a7c10c6471e36fd9,kaggle_card_license_unknown_review_before_redistribution
data/datasets/efficientnet_kaggle_v1/train/abrasion/2093f7d3b41ec4d9.jpg,abrasion,train,data/raw/kaggle/ibrahimfateen_wound_classification/Wound_dataset copy/Abrasions/mirrored_abrasions (53).jpg,2093f7d3b41ec4d9ba01b6317d7f7d9d3693b27591282d0ee7a5b68fccf02481,kaggle_card_license_unknown_review_before_redistribution
data/datasets/efficientnet_kaggle_v1/val/abrasion/5c975d40157b5e17.jpg,abrasion,val,data/raw/kaggle/ibrahimfateen_wound_classification/Wound_dataset copy/Abrasions/mirrored_abrasions (54).jpg,5c975d40157b5e174d573ebab6ee6cec2f72eecc53820ee77ebc5a30750c1550,kaggle_card_license_unknown_review_before_redistribution
data/datasets/efficientnet_kaggle_v1/test/abrasion/1b49dd9e56bde815.jpg,abrasion,test,data/raw/kaggle/ibrahimfateen_wound_classification/Wound_dataset copy/Abrasions/mirrored_abrasions (55).jpg,1b49dd9e56bde815550a10ad0f1101ca662ffff5bdb17639dbe27d2c655b0489,kaggle_card_license_unknown_review_before_redistribution
data/datasets/efficientnet_kaggle_v1/train/abrasion/4cef313c32596446.jpg,abrasion,train,data/raw/kaggle/ibrahimfateen_wound_classification/Wound_dataset copy/Abrasions/mirrored_abrasions (56).jpg,4cef313c32596446b419a4018b412f4a679f427eb8d3512d66d29d84f15ac986,kaggle_card_license_unknown_review_before_redistribution
data/datasets/efficientnet_kaggle_v1/train/abrasion/ddcda148682de223.jpg,abrasion,train,data/raw/kaggle/ibrahimfateen_wound_classification/Wound_dataset copy/Abrasions/mirrored_abrasions (57).jpg,ddcda148682de223d1fe106fb846f3438e437f39875ea3a3615ba1a1b043bd55,kaggle_card_license_unknown_review_before_redistribution
data/datasets/efficientnet_kaggle_v1/train/abrasion/3e18160f0af7bcff.jpg,abrasion,train,data/raw/kaggle/ibrahimfateen_wound_classification/Wound_dataset copy/Abrasions/mirrored_abrasions (58).jpg,3e18160f0af7bcffd5db65234e5fe43f0dc78ce8324f3c33489c33944a0d229c,kaggle_card_license_unknown_review_before_redistribution
data/datasets/efficientnet_kaggle_v1/train/abrasion/eb65a28a19ff7f9d.jpg,abrasion,train,data/raw/kaggle/ibrahimfateen_wound_classification/Wound_dataset copy/Abrasions/mirrored_abrasions (59).jpg,eb65a28a19ff7f9de80659c3e0a4eb629cd8a1adc376b4fcb1974aa25a8703bb,kaggle_card_license_unknown_review_before_redistribution
data/datasets/efficientnet_kaggle_v1/val/abrasion/53da6a3fea192db0.jpg,abrasion,val,data/raw/kaggle/ibrahimfateen_wound_classification/Wound_dataset copy/Abrasions/mirrored_abrasions (6).jpg,53da6a3fea192db0ab4b52e669c044d6386e8af081f9f6c1eca67180bab50d05,kaggle_card_license_unknown_review_before_redistribution
data/datasets/efficientnet_kaggle_v1/train/abrasion/43fba8d23a865044.jpg,abrasion,train,data/raw/kaggle/ibrahimfateen_wound_classification/Wound_dataset copy/Abrasions/mirrored_abrasions (60).jpg,43fba8d23a8650444e3612f791aaf3b4a6d56adb217c1125061c9ace3db64922,kaggle_card_license_unknown_review_before_redistribution
data/datasets/efficientnet_kaggle_v1/train/abrasion/0fba725cf0d2eccb.jpg,abrasion,train,data/raw/kaggle/ibrahimfateen_wound_classification/Wound_dataset copy/Abrasions/mirrored_abrasions (63).jpg,0fba725cf0d2eccb6d802d688d9c829993733174a011683181ab37ce843a8305,kaggle_card_license_unknown_review_before_redistribution
data/datasets/efficientnet_kaggle_v1/train/abrasion/8c03356170865aa4.jpg,abrasion,train,data/raw/kaggle/ibrahimfateen_wound_classification/Wound_dataset copy/Abrasions/mirrored_abrasions (64).jpg,8c03356170865aa4f14ec1beb8a5409bc2c7484d02fe449ce0ff5e1031ce631c,kaggle_card_license_unknown_review_before_redistribution
data/datasets/efficientnet_kaggle_v1/test/abrasion/829055a91dafa613.jpg,abrasion,test,data/raw/kaggle/ibrahimfateen_wound_classification/Wound_dataset copy/Abrasions/mirrored_abrasions (65).jpg,829055a91dafa613bd916e5815cf4718910a408d267dbf55404c5b6008b6ace9,kaggle_card_license_unknown_review_before_redistribution
data/datasets/efficientnet_kaggle_v1/val/abrasion/578814468cb4574e.jpg,abrasion,val,data/raw/kaggle/ibrahimfateen_wound_classification/Wound_dataset copy/Abrasions/mirrored_abrasions (66).jpg,578814468cb4574ea7b39cfd3663f66e04216e9964819d37188a34468a0c3da8,kaggle_card_license_unknown_review_before_redistribution
data/datasets/efficientnet_kaggle_v1/test/abrasion/5e5515fcd7aebc53.jpg,abrasion,test,data/raw/kaggle/ibrahimfateen_wound_classification/Wound_dataset copy/Abrasions/mirrored_abrasions (67).jpg,5e5515fcd7aebc53295114045245a694f7260a7b8ba46e7a4f74b11b2a136542,kaggle_card_license_unknown_review_before_redistribution
data/datasets/efficientnet_kaggle_v1/train/abrasion/3daac8ab03a3d6df.jpg,abrasion,train,data/raw/kaggle/ibrahimfateen_wound_classification/Wound_dataset copy/Abrasions/mirrored_abrasions (68).jpg,3daac8ab03a3d6df7c19325f763635a4120a54f8f2346d4aadabc0b6be1d9ad0,kaggle_card_license_unknown_review_before_redistribution
data/datasets/efficientnet_kaggle_v1/train/abrasion/c558c215634e2ec0.jpg,abrasion,train,data/raw/kaggle/ibrahimfateen_wound_classification/Wound_dataset copy/Abrasions/mirrored_abrasions (69).jpg,c558c215634e2ec0f8dcf087f16cb550045a2dd4d0c19f9bedb8e6464fa0f402,kaggle_card_license_unknown_review_before_redistribution
data/datasets/efficientnet_kaggle_v1/train/abrasion/14faf061e4f0002e.jpg,abrasion,train,data/raw/kaggle/ibrahimfateen_wound_classification/Wound_dataset copy/Abrasions/mirrored_abrasions (7).jpg,14faf061e4f0002eb26551fa222ca3b31cd4cc5e128b0efecdf724fc2b2c562f,kaggle_card_license_unknown_review_before_redistribution
data/datasets/efficientnet_kaggle_v1/train/abrasion/5b2749a67e020c8d.jpg,abrasion,train,data/raw/kaggle/ibrahimfateen_wound_classification/Wound_dataset copy/Abrasions/mirrored_abrasions (70).jpg,5b2749a67e020c8db6e616b8c53c6f7a2762a6a985eec74438d1a843178862a4,kaggle_card_license_unknown_review_before_redistribution
data/datasets/efficientnet_kaggle_v1/train/abrasion/746d159421e7066d.jpg,abrasion,train,data/raw/kaggle/ibrahimfateen_wound_classification/Wound_dataset copy/Abrasions/mirrored_abrasions (71).jpg,746d159421e7066d4a09e5c769d9325ea5c28580e0b766c5ec96c66bc5b05649,kaggle_card_license_unknown_review_before_redistribution
data/datasets/efficientnet_kaggle_v1/val/abrasion/e0c8d987fd00710c.jpg,abrasion,val,data/raw/kaggle/ibrahimfateen_wound_classification/Wound_dataset copy/Abrasions/mirrored_abrasions (72).jpg,e0c8d987fd00710c92fb8161a89d73eaa9c4419b8f45c950396ec905e6573736,kaggle_card_license_unknown_review_before_redistribution
data/datasets/efficientnet_kaggle_v1/test/abrasion/107cf39d1ea96c65.jpg,abrasion,test,data/raw/kaggle/ibrahimfateen_wound_classification/Wound_dataset copy/Abrasions/mirrored_abrasions (73).jpg,107cf39d1ea96c65681077b31cb07ce8c4dec6793ec9a067120237c701b78fb9,kaggle_card_license_unknown_review_before_redistribution
data/datasets/efficientnet_kaggle_v1/train/abrasion/0c0e1c38177a5ca7.jpg,abrasion,train,data/raw/kaggle/ibrahimfateen_wound_classification/Wound_dataset copy/Abrasions/mirrored_abrasions (74).jpg,0c0e1c38177a5ca76a4f4e8c1ae948d3b18b122f610ba80dc06089eedc393300,kaggle_card_license_unknown_review_before_redistribution
data/datasets/efficientnet_kaggle_v1/train/abrasion/bd0635d8add1464b.jpg,abrasion,train,data/raw/kaggle/ibrahimfateen_wound_classification/Wound_dataset copy/Abrasions/mirrored_abrasions (75).jpg,bd0635d8add1464b3d2ffae8e826e14986d19c8752e3c09b72f8839ce9958dd8,kaggle_card_license_unknown_review_before_redistribution
data/datasets/efficientnet_kaggle_v1/train/abrasion/f233ad70297a7f56.jpg,abrasion,train,data/raw/kaggle/ibrahimfateen_wound_classification/Wound_dataset copy/Abrasions/mirrored_abrasions (76).jpg,f233ad70297a7f560ea6d59f2b17997a5abd93f28d8a07854a6779544d1a4386,kaggle_card_license_unknown_review_before_redistribution
data/datasets/efficientnet_kaggle_v1/train/abrasion/bd124ff4638d2490.jpg,abrasion,train,data/raw/kaggle/ibrahimfateen_wound_classification/Wound_dataset copy/Abrasions/mirrored_abrasions (77).jpg,bd124ff4638d2490edae077219c855d253e8acbd4ce570a5c758cb9b208315b5,kaggle_card_license_unknown_review_before_redistribution
data/datasets/efficientnet_kaggle_v1/train/abrasion/5750962153349cc5.jpg,abrasion,train,data/raw/kaggle/ibrahimfateen_wound_classification/Wound_dataset copy/Abrasions/mirrored_abrasions (78).jpg,5750962153349cc52988fe723b44a1da3f4902f5108d06180e03cc5ba76c3649,kaggle_card_license_unknown_review_before_redistribution
data/datasets/efficientnet_kaggle_v1/val/abrasion/5c02328589a8623e.jpg,abrasion,val,data/raw/kaggle/ibrahimfateen_wound_classification/Wound_dataset copy/Abrasions/mirrored_abrasions (79).jpg,5c02328589a8623eba9c93e9eaf9d1917cf164cdcfab9a52e1e73a8c8b1ee676,kaggle_card_license_unknown_review_before_redistribution
data/datasets/efficientnet_kaggle_v1/train/abrasion/61ea21c3b8832ed8.jpg,abrasion,train,data/raw/kaggle/ibrahimfateen_wound_classification/Wound_dataset copy/Abrasions/mirrored_abrasions (8).jpg,61ea21c3b8832ed821829ac999aa638a26f53f93b93e555d2d0861d58b0081cd,kaggle_card_license_unknown_review_before_redistribution
data/datasets/efficientnet_kaggle_v1/test/abrasion/9fee8e15d7ecd0d6.jpg,abrasion,test,data/raw/kaggle/ibrahimfateen_wound_classification/Wound_dataset copy/Abrasions/mirrored_abrasions (80).jpg,9fee8e15d7ecd0d64989e9ee6a09c35b264e6efcb5acc6c9794105f7e11a60c5,kaggle_card_license_unknown_review_before_redistribution
data/datasets/efficientnet_kaggle_v1/train/abrasion/e677d29175dfe94e.jpg,abrasion,train,data/raw/kaggle/ibrahimfateen_wound_classification/Wound_dataset copy/Abrasions/mirrored_abrasions (81).jpg,e677d29175dfe94e2e652a32056d4ecb8a01792397814ce0e52d3c714227ee1d,kaggle_card_license_unknown_review_before_redistribution
data/datasets/efficientnet_kaggle_v1/train/abrasion/ea7e2df1a3bf4045.jpg,abrasion,train,data/raw/kaggle/ibrahimfateen_wound_classification/Wound_dataset copy/Abrasions/mirrored_abrasions (82).jpg,ea7e2df1a3bf404546ced2abfde8f2759c627038e88bfad4073fdf42fce8e8a1,kaggle_card_license_unknown_review_before_redistribution
data/datasets/efficientnet_kaggle_v1/train/abrasion/fd1eacf561f80944.jpg,abrasion,train,data/raw/kaggle/ibrahimfateen_wound_classification/Wound_dataset copy/Abrasions/mirrored_abrasions (83).jpg,fd1eacf561f80944ea5443567ac9dae590b211695a662375764398dd3ff750e2,kaggle_card_license_unknown_review_before_redistribution
data/datasets/efficientnet_kaggle_v1/train/abrasion/432abf3a0de6701e.jpg,abrasion,train,data/raw/kaggle/ibrahimfateen_wound_classification/Wound_dataset copy/Abrasions/mirrored_abrasions (84).jpg,432abf3a0de6701e41107bce3a750c9a139802267aae456d09c72099c3e2d5e9,kaggle_card_license_unknown_review_before_redistribution
data/datasets/efficientnet_kaggle_v1/train/abrasion/cadadb6109e07ec6.jpg,abrasion,train,data/raw/kaggle/ibrahimfateen_wound_classification/Wound_dataset copy/Abrasions/mirrored_abrasions (85).jpg,cadadb6109e07ec6dab70935f6917f3d0c876048fb5a2ad91d28c92ffd6d66b4,kaggle_card_license_unknown_review_before_redistribution
data/datasets/efficientnet_kaggle_v1/train/abrasion/ce8acdd1de821ac3.jpg,abrasion,train,data/raw/kaggle/ibrahimfateen_wound_classification/Wound_dataset copy/Abrasions/mirrored_abrasions (9).jpg,ce8acdd1de821ac37ed044465a124ec74b6fc8d231668f21e3b80f7911a15a6a,kaggle_card_license_unknown_review_before_redistribution
data/datasets/efficientnet_kaggle_v1/train/bruise/22861a287def05bf.jpg,bruise,train,data/raw/kaggle/ibrahimfateen_wound_classification/Wound_dataset copy/Bruises/mirrored_bruises (1).jpg,22861a287def05bfbf99c45984791b44907e17698d7c1b2aca529d4a0ccbde2b,kaggle_card_license_unknown_review_before_redistribution
data/datasets/efficientnet_kaggle_v1/val/bruise/96c00d1e794cd622.jpg,bruise,val,data/raw/kaggle/ibrahimfateen_wound_classification/Wound_dataset copy/Bruises/mirrored_bruises (10).jpg,96c00d1e794cd622c3debb313fd61424bf3953a97e2bfce988278ff3cdaa4248,kaggle_card_license_unknown_review_before_redistribution
data/datasets/efficientnet_kaggle_v1/test/bruise/ecf5965bcebf90c2.jpg,bruise,test,data/raw/kaggle/ibrahimfateen_wound_classification/Wound_dataset copy/Bruises/mirrored_bruises (100).jpg,ecf5965bcebf90c286184b1d85bcb7fbcf948a1bd90b4c560930eb113a909c97,kaggle_card_license_unknown_review_before_redistribution
data/datasets/efficientnet_kaggle_v1/train/bruise/18d01d0d66657637.jpg,bruise,train,data/raw/kaggle/ibrahimfateen_wound_classification/Wound_dataset copy/Bruises/mirrored_bruises (101).jpg,18d01d0d66657637f5ec39dee17a59b09ba3c0d75c09e04f70398d0788a344f1,kaggle_card_license_unknown_review_before_redistribution
data/datasets/efficientnet_kaggle_v1/train/bruise/5f94148ff5c4ce7c.jpg,bruise,train,data/raw/kaggle/ibrahimfateen_wound_classification/Wound_dataset copy/Bruises/mirrored_bruises (102).jpg,5f94148ff5c4ce7c265c37ea66843c90578228ad210f116995d2bc5123be5919,kaggle_card_license_unknown_review_before_redistribution
data/datasets/efficientnet_kaggle_v1/train/bruise/1a7d01bacfad1607.jpg,bruise,train,data/raw/kaggle/ibrahimfateen_wound_classification/Wound_dataset copy/Bruises/mirrored_bruises (103).jpg,1a7d01bacfad16077eb5ba5b2baa162d0b02e56c6c0b8642b977472f1fb95f2a,kaggle_card_license_unknown_review_before_redistribution
data/datasets/efficientnet_kaggle_v1/train/bruise/11551e07b4b3d072.jpg,bruise,train,data/raw/kaggle/ibrahimfateen_wound_classification/Wound_dataset copy/Bruises/mirrored_bruises (104).jpg,11551e07b4b3d072e912e2c66e81730c6850d65ece49f49a7c833ca92bc58e89,kaggle_card_license_unknown_review_before_redistribution
data/datasets/efficientnet_kaggle_v1/train/bruise/1eeda2acc899d1d5.jpg,bruise,train,data/raw/kaggle/ibrahimfateen_wound_classification/Wound_dataset copy/Bruises/mirrored_bruises (105).jpg,1eeda2acc899d1d5400ed0f0ae56a06b4580bf944ac2009b76266caac058c091,kaggle_card_license_unknown_review_before_redistribution
data/datasets/efficientnet_kaggle_v1/train/bruise/6de9edd08a93331b.jpg,bruise,train,data/raw/kaggle/ibrahimfateen_wound_classification/Wound_dataset copy/Bruises/mirrored_bruises (106).jpg,6de9edd08a93331b85380421a943cf326e5bd38fda20c5f1ff5e7f387bba7af7,kaggle_card_license_unknown_review_before_redistribution
data/datasets/efficientnet_kaggle_v1/test/bruise/5d7eecf8a493ea42.jpg,bruise,test,data/raw/kaggle/ibrahimfateen_wound_classification/Wound_dataset copy/Bruises/mirrored_bruises (107).jpg,5d7eecf8a493ea42f2fb206bea3f8a4aed9ed8ac036c044d44d75bfcfb0aa53a,kaggle_card_license_unknown_review_before_redistribution
data/datasets/efficientnet_kaggle_v1/train/bruise/2bbb5b739792398e.jpg,bruise,train,data/raw/kaggle/ibrahimfateen_wound_classification/Wound_dataset copy/Bruises/mirrored_bruises (108).jpg,2bbb5b739792398e240fce4ff93c847aea93304b631b44d87a361e85c48dd3be,kaggle_card_license_unknown_review_before_redistribution
data/datasets/efficientnet_kaggle_v1/val/bruise/f8798c6efdb8eb83.jpg,bruise,val,data/raw/kaggle/ibrahimfateen_wound_classification/Wound_dataset copy/Bruises/mirrored_bruises (109).jpg,f8798c6efdb8eb83a9da3af8e4c6e6d74a4ce21f80daa2d6c530f3cda75e5497,kaggle_card_license_unknown_review_before_redistribution
data/datasets/efficientnet_kaggle_v1/test/bruise/8c899c4e089f2639.jpg,bruise,test,data/raw/kaggle/ibrahimfateen_wound_classification/Wound_dataset copy/Bruises/mirrored_bruises (11).jpg,8c899c4e089f263939570506b47c477ce061940747b62567c76e6218c6cd0884,kaggle_card_license_unknown_review_before_redistribution
data/datasets/efficientnet_kaggle_v1/test/bruise/65ce5baa06ce1c4e.jpg,bruise,test,data/raw/kaggle/ibrahimfateen_wound_classification/Wound_dataset copy/Bruises/mirrored_bruises (110).jpg,65ce5baa06ce1c4e82e9a8fe7b35f0b4cde306e2a6054006c3a2999a3740a85c,kaggle_card_license_unknown_review_before_redistribution
data/datasets/efficientnet_kaggle_v1/test/bruise/7c757f4fe6d5ae44.jpg,bruise,test,data/raw/kaggle/ibrahimfateen_wound_classification/Wound_dataset copy/Bruises/mirrored_bruises (111).jpg,7c757f4fe6d5ae44d60d6ff133c0c3f8de90058c68a3f159c8f2844657031341,kaggle_card_license_unknown_review_before_redistribution
data/datasets/efficientnet_kaggle_v1/train/bruise/43a8ce59b6234e07.jpg,bruise,train,data/raw/kaggle/ibrahimfateen_wound_classification/Wound_dataset copy/Bruises/mirrored_bruises (112).jpg,43a8ce59b6234e07f56764e90ec4014a441f31b6ad16a1dc2f3f1db14411533a,kaggle_card_license_unknown_review_before_redistribution
data/datasets/efficientnet_kaggle_v1/train/bruise/68abec449b1cd631.jpg,bruise,train,data/raw/kaggle/ibrahimfateen_wound_classification/Wound_dataset copy/Bruises/mirrored_bruises (113).jpg,68abec449b1cd631e9ff8d0130407d991fb469ae7b10521c7ebd90c35e8dd306,kaggle_card_license_unknown_review_before_redistribution
data/datasets/efficientnet_kaggle_v1/train/bruise/bec0aa42a63de523.jpg,bruise,train,data/raw/kaggle/ibrahimfateen_wound_classification/Wound_dataset copy/Bruises/mirrored_bruises (114).jpg,bec0aa42a63de523fc2218c85e61afb4f06ef0917e185fbb590ecb5d42afccad,kaggle_card_license_unknown_review_before_redistribution
data/datasets/efficientnet_kaggle_v1/train/bruise/e0aaef2bde0303f3.jpg,bruise,train,data/raw/kaggle/ibrahimfateen_wound_classification/Wound_dataset copy/Bruises/mirrored_bruises (115).jpg,e0aaef2bde0303f362cf35ec96c55fb5c29d1e38b863d8dfc958d8f31bb6ba10,kaggle_card_license_unknown_review_before_redistribution
data/datasets/efficientnet_kaggle_v1/train/bruise/a618c7572ed002f1.jpg,bruise,train,data/raw/kaggle/ibrahimfateen_wound_classification/Wound_dataset copy/Bruises/mirrored_bruises (116).jpg,a618c7572ed002f14666ccc82a063b8c36e75a309a7110e91155c8e3be8b8523,kaggle_card_license_unknown_review_before_redistribution
data/datasets/efficientnet_kaggle_v1/train/bruise/bd927312d5c0b88c.jpg,bruise,train,data/raw/kaggle/ibrahimfateen_wound_classification/Wound_dataset copy/Bruises/mirrored_bruises (117).jpg,bd927312d5c0b88c7477de28b303e1da2b651a8cae82a241db47f52ea55c4974,kaggle_card_license_unknown_review_before_redistribution
data/datasets/efficientnet_kaggle_v1/train/bruise/da42070157517063.jpg,bruise,train,data/raw/kaggle/ibrahimfateen_wound_classification/Wound_dataset copy/Bruises/mirrored_bruises (118).jpg,da420701575170632e8ec4d35208922f47a25c52091d3f9793751146c5f57058,kaggle_card_license_unknown_review_before_redistribution
data/datasets/efficientnet_kaggle_v1/train/bruise/d8b427bacc03b79e.jpg,bruise,train,data/raw/kaggle/ibrahimfateen_wound_classification/Wound_dataset copy/Bruises/mirrored_bruises (119).jpg,d8b427bacc03b79ea3a64840de3b044602b907a07b49af800c2bf13cb7db62c0,kaggle_card_license_unknown_review_before_redistribution
data/datasets/efficientnet_kaggle_v1/train/bruise/58cc32b3223ce100.jpg,bruise,train,data/raw/kaggle/ibrahimfateen_wound_classification/Wound_dataset copy/Bruises/mirrored_bruises (12).jpg,58cc32b3223ce1006e4a1f227d8ec4b42f2f1e37e5052e1d2f07ca6afb104f05,kaggle_card_license_unknown_review_before_redistribution
data/datasets/efficientnet_kaggle_v1/train/bruise/866a4374fc8f965e.jpg,bruise,train,data/raw/kaggle/ibrahimfateen_wound_classification/Wound_dataset copy/Bruises/mirrored_bruises (120).jpg,866a4374fc8f965e5ae1b8e2e18fde9df71f83862a59c03856074a407903828c,kaggle_card_license_unknown_review_before_redistribution
data/datasets/efficientnet_kaggle_v1/train/bruise/1cd89c67b5dc83bc.jpg,bruise,train,data/raw/kaggle/ibrahimfateen_wound_classification/Wound_dataset copy/Bruises/mirrored_bruises (121).jpg,1cd89c67b5dc83bc5da29cf3f4f7ade261042b1547d7d8c5b7ce26282b3a00d7,kaggle_card_license_unknown_review_before_redistribution
data/datasets/efficientnet_kaggle_v1/test/bruise/49b92817495312d8.jpg,bruise,test,data/raw/kaggle/ibrahimfateen_wound_classification/Wound_dataset copy/Bruises/mirrored_bruises (122).jpg,49b92817495312d802087b15b9a183f63572e20750b67f104301fb12bc6bfc7e,kaggle_card_license_unknown_review_before_redistribution
data/datasets/efficientnet_kaggle_v1/val/bruise/d8d7ae1fe77179f1.jpg,bruise,val,data/raw/kaggle/ibrahimfateen_wound_classification/Wound_dataset copy/Bruises/mirrored_bruises (13).jpg,d8d7ae1fe77179f154d1126977e6c2459f3023dbe705939e1bbd0611da3f1adf,kaggle_card_license_unknown_review_before_redistribution
data/datasets/efficientnet_kaggle_v1/train/bruise/914181104552831e.jpg,bruise,train,data/raw/kaggle/ibrahimfateen_wound_classification/Wound_dataset copy/Bruises/mirrored_bruises (14).jpg,914181104552831ef134703d3822d409688c0c138c2c6b73c238ea5c2932f452,kaggle_card_license_unknown_review_before_redistribution
data/datasets/efficientnet_kaggle_v1/train/bruise/6031cebb71ed34ff.jpg,bruise,train,data/raw/kaggle/ibrahimfateen_wound_classification/Wound_dataset copy/Bruises/mirrored_bruises (15).jpg,6031cebb71ed34ff813b0955aea0b644d4029b55bb54fc62f7e62f743458fe4c,kaggle_card_license_unknown_review_before_redistribution
data/datasets/efficientnet_kaggle_v1/train/bruise/46e3143997b197be.jpg,bruise,train,data/raw/kaggle/ibrahimfateen_wound_classification/Wound_dataset copy/Bruises/mirrored_bruises (16).jpg,46e3143997b197bec324caed5f932c5182d3499568e8db4380934100e8d008ec,kaggle_card_license_unknown_review_before_redistribution
data/datasets/efficientnet_kaggle_v1/train/bruise/27ab3e73749ea6d6.jpg,bruise,train,data/raw/kaggle/ibrahimfateen_wound_classification/Wound_dataset copy/Bruises/mirrored_bruises (17).jpg,27ab3e73749ea6d62d923b58c6975dd24bfc2ba9705d58b24ea75a08ea205ae3,kaggle_card_license_unknown_review_before_redistribution
data/datasets/efficientnet_kaggle_v1/test/bruise/b85780f28a8d4955.jpg,bruise,test,data/raw/kaggle/ibrahimfateen_wound_classification/Wound_dataset copy/Bruises/mirrored_bruises (18).jpg,b85780f28a8d49553b1dbf4700a9ca55b04d452f5e3101c13667b8e4c69e1099,kaggle_card_license_unknown_review_before_redistribution
data/datasets/efficientnet_kaggle_v1/train/bruise/7a95d165bd1d4941.jpg,bruise,train,data/raw/kaggle/ibrahimfateen_wound_classification/Wound_dataset copy/Bruises/mirrored_bruises (19).jpg,7a95d165bd1d49417773b90261faa265925afad5b5a5b576fced72af092842d1,kaggle_card_license_unknown_review_before_redistribution
data/datasets/efficientnet_kaggle_v1/test/bruise/0261d7e048ac9f0c.jpg,bruise,test,data/raw/kaggle/ibrahimfateen_wound_classification/Wound_dataset copy/Bruises/mirrored_bruises (2).jpg,0261d7e048ac9f0cf2bb6ce60ea16591907ce75d45d91b92842c256bebb95156,kaggle_card_license_unknown_review_before_redistribution
data/datasets/efficientnet_kaggle_v1/train/bruise/e99285c096b23c80.jpg,bruise,train,data/raw/kaggle/ibrahimfateen_wound_classification/Wound_dataset copy/Bruises/mirrored_bruises (20).jpg,e99285c096b23c805405e41411624dddd65bc0cc947fedb2209231bdcb915c42,kaggle_card_license_unknown_review_before_redistribution
data/datasets/efficientnet_kaggle_v1/test/bruise/dc783741ebe4529f.jpg,bruise,test,data/raw/kaggle/ibrahimfateen_wound_classification/Wound_dataset copy/Bruises/mirrored_bruises (21).jpg,dc783741ebe4529f93b0ad17bc6455e5efbb8c162d4a4acff9fcec1fdde027b4,kaggle_card_license_unknown_review_before_redistribution
data/datasets/efficientnet_kaggle_v1/val/bruise/beb59bf0d28af3e7.jpg,bruise,val,data/raw/kaggle/ibrahimfateen_wound_classification/Wound_dataset copy/Bruises/mirrored_bruises (22).jpg,beb59bf0d28af3e7a0d683a783df85f9028613f9bcf02cc1c65916474b688c78,kaggle_card_license_unknown_review_before_redistribution
data/datasets/efficientnet_kaggle_v1/train/bruise/d4b3c2d590d72bee.jpg,bruise,train,data/raw/kaggle/ibrahimfateen_wound_classification/Wound_dataset copy/Bruises/mirrored_bruises (23).jpg,d4b3c2d590d72beec370eeec03613861186a8242ebad20b4f492963b89d9ca5c,kaggle_card_license_unknown_review_before_redistribution
data/datasets/efficientnet_kaggle_v1/test/bruise/e4104888df7aa755.jpg,bruise,test,data/raw/kaggle/ibrahimfateen_wound_classification/Wound_dataset copy/Bruises/mirrored_bruises (24).jpg,e4104888df7aa755c0471d3ea3f16a2c4d1e0b6e33a3b69a134f2c2f130ef570,kaggle_card_license_unknown_review_before_redistribution
data/datasets/efficientnet_kaggle_v1/val/bruise/4771851d67f87daa.jpg,bruise,val,data/raw/kaggle/ibrahimfateen_wound_classification/Wound_dataset copy/Bruises/mirrored_bruises (25).jpg,4771851d67f87daab588430e997d3c3dd9fa7805a264c7fcd7b1852a5d83c703,kaggle_card_license_unknown_review_before_redistribution
data/datasets/efficientnet_kaggle_v1/train/bruise/c4f47b05e59155b7.jpg,bruise,train,data/raw/kaggle/ibrahimfateen_wound_classification/Wound_dataset copy/Bruises/mirrored_bruises (26).jpg,c4f47b05e59155b7cea281247a690fef8189cb66a88a734d3bbddc1335a7de84,kaggle_card_license_unknown_review_before_redistribution
data/datasets/efficientnet_kaggle_v1/val/bruise/6340344c80d8e833.jpg,bruise,val,data/raw/kaggle/ibrahimfateen_wound_classification/Wound_dataset copy/Bruises/mirrored_bruises (27).jpg,6340344c80d8e8336bd005ecfb6b513a88d290b040f59b966de8c9acc03200a6,kaggle_card_license_unknown_review_before_redistribution
data/datasets/efficientnet_kaggle_v1/train/bruise/4a064cced1009ba9.jpg,bruise,train,data/raw/kaggle/ibrahimfateen_wound_classification/Wound_dataset copy/Bruises/mirrored_bruises (28).jpg,4a064cced1009ba96c65b5ab52b63feaa6f37b9a7cd0504fe8473bfe647e88c2,kaggle_card_license_unknown_review_before_redistribution
data/datasets/efficientnet_kaggle_v1/val/bruise/52e95638b84c052f.jpg,bruise,val,data/raw/kaggle/ibrahimfateen_wound_classification/Wound_dataset copy/Bruises/mirrored_bruises (29).jpg,52e95638b84c052fedf5cab08e8cac9de6e391490e8db0a8b9f770996b11d3ae,kaggle_card_license_unknown_review_before_redistribution
data/datasets/efficientnet_kaggle_v1/train/bruise/1facb230c073a90f.jpg,bruise,train,data/raw/kaggle/ibrahimfateen_wound_classification/Wound_dataset copy/Bruises/mirrored_bruises (3).jpg,1facb230c073a90fa5aef1581dbb3dcd490c20529276ecb92be2444423ee82e3,kaggle_card_license_unknown_review_before_redistribution
data/datasets/efficientnet_kaggle_v1/train/bruise/dfa5527879ad7ecb.jpg,bruise,train,data/raw/kaggle/ibrahimfateen_wound_classification/Wound_dataset copy/Bruises/mirrored_bruises (30).jpg,dfa5527879ad7ecbe548942d35582bfa96ecb21c78438c2edb671e739ea1087e,kaggle_card_license_unknown_review_before_redistribution
data/datasets/efficientnet_kaggle_v1/train/bruise/aaae91d9553505ef.jpg,bruise,train,data/raw/kaggle/ibrahimfateen_wound_classification/Wound_dataset copy/Bruises/mirrored_bruises (31).jpg,aaae91d9553505ef1397f1dab06bc8de95bd7352f7e519e4f7732df9358532e6,kaggle_card_license_unknown_review_before_redistribution
data/datasets/efficientnet_kaggle_v1/val/bruise/64c87b584c3033a1.jpg,bruise,val,data/raw/kaggle/ibrahimfateen_wound_classification/Wound_dataset copy/Bruises/mirrored_bruises (32).jpg,64c87b584c3033a14dc0331755bdce339f183cab1b6f407dc935425f0a5cf8c8,kaggle_card_license_unknown_review_before_redistribution
data/datasets/efficientnet_kaggle_v1/train/bruise/df54459b36366a9d.jpg,bruise,train,data/raw/kaggle/ibrahimfateen_wound_classification/Wound_dataset copy/Bruises/mirrored_bruises (33).jpg,df54459b36366a9d7b3f2c2c05bd19f4abb9462cfc051ad81eb58a28f7502f38,kaggle_card_license_unknown_review_before_redistribution
data/datasets/efficientnet_kaggle_v1/test/bruise/a6bddec279f609ef.jpg,bruise,test,data/raw/kaggle/ibrahimfateen_wound_classification/Wound_dataset copy/Bruises/mirrored_bruises (34).jpg,a6bddec279f609efdd6dc09ba0976836b40ff12eba834072e03687a7c33dd8f2,kaggle_card_license_unknown_review_before_redistribution
data/datasets/efficientnet_kaggle_v1/train/bruise/0e9bef22b4040088.jpg,bruise,train,data/raw/kaggle/ibrahimfateen_wound_classification/Wound_dataset copy/Bruises/mirrored_bruises (35).jpg,0e9bef22b4040088868d0b5fcde0bd0b23baf1f7912b2135fa2cfbec7af89f2f,kaggle_card_license_unknown_review_before_redistribution
data/datasets/efficientnet_kaggle_v1/test/bruise/f571b8cd70c88739.jpg,bruise,test,data/raw/kaggle/ibrahimfateen_wound_classification/Wound_dataset copy/Bruises/mirrored_bruises (36).jpg,f571b8cd70c887390408de768d3fb5261a3908db6f030147bf0a5ae882f9380d,kaggle_card_license_unknown_review_before_redistribution
data/datasets/efficientnet_kaggle_v1/train/bruise/a7972e848f4f9a14.jpg,bruise,train,data/raw/kaggle/ibrahimfateen_wound_classification/Wound_dataset copy/Bruises/mirrored_bruises (38).jpg,a7972e848f4f9a146fd595d38d2e6151cd0d77437496cdd2151952dd7f503e56,kaggle_card_license_unknown_review_before_redistribution
data/datasets/efficientnet_kaggle_v1/test/bruise/feb4ab43a1dbd160.jpg,bruise,test,data/raw/kaggle/ibrahimfateen_wound_classification/Wound_dataset copy/Bruises/mirrored_bruises (39).jpg,feb4ab43a1dbd160c275dcb169c65ed366d0ae2ca33aef55b0037a769a1f8314,kaggle_card_license_unknown_review_before_redistribution
data/datasets/efficientnet_kaggle_v1/train/bruise/45b49a8143869307.jpg,bruise,train,data/raw/kaggle/ibrahimfateen_wound_classification/Wound_dataset copy/Bruises/mirrored_bruises (4).jpg,45b49a8143869307f586e472b1bbafc36876ccbdce3aca8084c9dfe93903d552,kaggle_card_license_unknown_review_before_redistribution
data/datasets/efficientnet_kaggle_v1/train/bruise/102f572c2a8a2386.jpg,bruise,train,data/raw/kaggle/ibrahimfateen_wound_classification/Wound_dataset copy/Bruises/mirrored_bruises (40).jpg,102f572c2a8a2386a89ef4a971e4bc0046056abdd7cba7434a871cd0817216b5,kaggle_card_license_unknown_review_before_redistribution
data/datasets/efficientnet_kaggle_v1/train/bruise/18056a920cb9fb42.jpg,bruise,train,data/raw/kaggle/ibrahimfateen_wound_classification/Wound_dataset copy/Bruises/mirrored_bruises (41).jpg,18056a920cb9fb4283e276c7facd4bc3b0892080919896a5457d933b7f163042,kaggle_card_license_unknown_review_before_redistribution
data/datasets/efficientnet_kaggle_v1/train/bruise/c09fe8916c629962.jpg,bruise,train,data/raw/kaggle/ibrahimfateen_wound_classification/Wound_dataset copy/Bruises/mirrored_bruises (42).jpg,c09fe8916c629962ffd1802783bc7b0e31042bf9c9b64cc3b489236a7ed2bfeb,kaggle_card_license_unknown_review_before_redistribution
data/datasets/efficientnet_kaggle_v1/train/bruise/fd0138e51785c67c.jpg,bruise,train,data/raw/kaggle/ibrahimfateen_wound_classification/Wound_dataset copy/Bruises/mirrored_bruises (43).jpg,fd0138e51785c67c1ca725b632c4130d318aa792a10bd62d15739c1e59a49eb7,kaggle_card_license_unknown_review_before_redistribution
data/datasets/efficientnet_kaggle_v1/train/bruise/1ae80d2f033ab930.jpg,bruise,train,data/raw/kaggle/ibrahimfateen_wound_classification/Wound_dataset copy/Bruises/mirrored_bruises (44).jpg,1ae80d2f033ab930b871a8b6f635e9fc61efe022e91076e2bb1525addb1bdb4e,kaggle_card_license_unknown_review_before_redistribution
data/datasets/efficientnet_kaggle_v1/test/bruise/cd43f811531a7c00.jpg,bruise,test,data/raw/kaggle/ibrahimfateen_wound_classification/Wound_dataset copy/Bruises/mirrored_bruises (45).jpg,cd43f811531a7c00e667ee111ed6b69e69127dfd325b6f2d508e56b3549119b0,kaggle_card_license_unknown_review_before_redistribution
data/datasets/efficientnet_kaggle_v1/train/bruise/c97bc64d2aa7b216.jpg,bruise,train,data/raw/kaggle/ibrahimfateen_wound_classification/Wound_dataset copy/Bruises/mirrored_bruises (46).jpg,c97bc64d2aa7b21669469ff325826aafb2c2901d31f2aa4b0aca902d6ce44fd1,kaggle_card_license_unknown_review_before_redistribution
data/datasets/efficientnet_kaggle_v1/val/bruise/a8499319c312a8b6.jpg,bruise,val,data/raw/kaggle/ibrahimfateen_wound_classification/Wound_dataset copy/Bruises/mirrored_bruises (47).jpg,a8499319c312a8b6b6c9d0cd8db95da545988e2fe226d64bbd7aa44af6d44587,kaggle_card_license_unknown_review_before_redistribution
data/datasets/efficientnet_kaggle_v1/train/bruise/c74ed9add2d82175.jpg,bruise,train,data/raw/kaggle/ibrahimfateen_wound_classification/Wound_dataset copy/Bruises/mirrored_bruises (48).jpg,c74ed9add2d821750ba963fb0701548ce3fdbe8238e8bbf21a3ba25785dcf4fd,kaggle_card_license_unknown_review_before_redistribution
data/datasets/efficientnet_kaggle_v1/train/bruise/73eaf474df15b4f7.jpg,bruise,train,data/raw/kaggle/ibrahimfateen_wound_classification/Wound_dataset copy/Bruises/mirrored_bruises (49).jpg,73eaf474df15b4f79b7417ec18294ad40fffa2699af4a7fa533096b5a7bb70e6,kaggle_card_license_unknown_review_before_redistribution
data/datasets/efficientnet_kaggle_v1/train/bruise/6d8c4885fd16d179.jpg,bruise,train,data/raw/kaggle/ibrahimfateen_wound_classification/Wound_dataset copy/Bruises/mirrored_bruises (5).jpg,6d8c4885fd16d1799ffcc7721b585490735bd4dcdc6881abf385572c69e5ddbf,kaggle_card_license_unknown_review_before_redistribution
data/datasets/efficientnet_kaggle_v1/train/bruise/82cf7d6fd8540a66.jpg,bruise,train,data/raw/kaggle/ibrahimfateen_wound_classification/Wound_dataset copy/Bruises/mirrored_bruises (50).jpg,82cf7d6fd8540a66955878f35094bc2c24f691da56ad2ca2e0aa28ba1bb9b217,kaggle_card_license_unknown_review_before_redistribution
data/datasets/efficientnet_kaggle_v1/train/bruise/1e2ff058d88a6f9b.jpg,bruise,train,data/raw/kaggle/ibrahimfateen_wound_classification/Wound_dataset copy/Bruises/mirrored_bruises (51).jpg,1e2ff058d88a6f9bb8aeaaf50c9b4a6e3164771984a5367f6aca8f7546cd25e7,kaggle_card_license_unknown_review_before_redistribution
data/datasets/efficientnet_kaggle_v1/train/bruise/a973c8e17df87bee.jpg,bruise,train,data/raw/kaggle/ibrahimfateen_wound_classification/Wound_dataset copy/Bruises/mirrored_bruises (52).jpg,a973c8e17df87bee7c008e8d96ebdce27009d918bd45d00069d3146ca72d5398,kaggle_card_license_unknown_review_before_redistribution
data/datasets/efficientnet_kaggle_v1/train/bruise/e4d7baf4d5137cb1.jpg,bruise,train,data/raw/kaggle/ibrahimfateen_wound_classification/Wound_dataset copy/Bruises/mirrored_bruises (53).jpg,e4d7baf4d5137cb1453d13086a6192cf482813fbf4ae83275b71628c47dc2ada,kaggle_card_license_unknown_review_before_redistribution
data/datasets/efficientnet_kaggle_v1/train/bruise/86ab8ad84f07784d.jpg,bruise,train,data/raw/kaggle/ibrahimfateen_wound_classification/Wound_dataset copy/Bruises/mirrored_bruises (54).jpg,86ab8ad84f07784dc1863a86ab11ea5c7dc813057c0cac95ceb68de396fa766a,kaggle_card_license_unknown_review_before_redistribution
data/datasets/efficientnet_kaggle_v1/val/bruise/41ab3ae967ccef4a.jpg,bruise,val,data/raw/kaggle/ibrahimfateen_wound_classification/Wound_dataset copy/Bruises/mirrored_bruises (55).jpg,41ab3ae967ccef4a5e1b99315f3582a6f23b9ca3e6ded6aeeef705f43134dd1e,kaggle_card_license_unknown_review_before_redistribution
data/datasets/efficientnet_kaggle_v1/train/bruise/f1fd56a4bc8e66f8.jpg,bruise,train,data/raw/kaggle/ibrahimfateen_wound_classification/Wound_dataset copy/Bruises/mirrored_bruises (56).jpg,f1fd56a4bc8e66f8ce133c3c8144a32e119e108b9f5406965e7d539e12ec64af,kaggle_card_license_unknown_review_before_redistribution
data/datasets/efficientnet_kaggle_v1/train/bruise/905f1ff01d64a9e6.jpg,bruise,train,data/raw/kaggle/ibrahimfateen_wound_classification/Wound_dataset copy/Bruises/mirrored_bruises (57).jpg,905f1ff01d64a9e66c5348dead4ad513a441f268fb8631726a28cd98b32f874d,kaggle_card_license_unknown_review_before_redistribution
data/datasets/efficientnet_kaggle_v1/train/bruise/66d8940ba7f9bf55.jpg,bruise,train,data/raw/kaggle/ibrahimfateen_wound_classification/Wound_dataset copy/Bruises/mirrored_bruises (58).jpg,66d8940ba7f9bf550855ae671e4a9a88ce0ae034c3caa736dc33caa8aaadc66a,kaggle_card_license_unknown_review_before_redistribution
data/datasets/efficientnet_kaggle_v1/val/bruise/8a1df5cea690fd42.jpg,bruise,val,data/raw/kaggle/ibrahimfateen_wound_classification/Wound_dataset copy/Bruises/mirrored_bruises (59).jpg,8a1df5cea690fd42ad4e9ec101a3bafe83b69b896f0122f28c6ac3b7e8fbef4f,kaggle_card_license_unknown_review_before_redistribution
data/datasets/efficientnet_kaggle_v1/train/bruise/ba94f849c6c56833.jpg,bruise,train,data/raw/kaggle/ibrahimfateen_wound_classification/Wound_dataset copy/Bruises/mirrored_bruises (6).jpg,ba94f849c6c56833a983022bc10fb4c34689af7af3b896b4dbf753bb2c35e76f,kaggle_card_license_unknown_review_before_redistribution
data/datasets/efficientnet_kaggle_v1/test/bruise/a480a2bd1417b764.jpg,bruise,test,data/raw/kaggle/ibrahimfateen_wound_classification/Wound_dataset copy/Bruises/mirrored_bruises (60).jpg,a480a2bd1417b76413b6f696f95700c9d8dde9db675d78ff10b417dcb7936803,kaggle_card_license_unknown_review_before_redistribution
data/datasets/efficientnet_kaggle_v1/test/bruise/92063d199c745e14.jpg,bruise,test,data/raw/kaggle/ibrahimfateen_wound_classification/Wound_dataset copy/Bruises/mirrored_bruises (61).jpg,92063d199c745e148e17fa7e0a7ec3e88c0985186c56968d6a2ac185e286d24f,kaggle_card_license_unknown_review_before_redistribution
data/datasets/efficientnet_kaggle_v1/test/bruise/72ab0e7cdcc8581a.jpg,bruise,test,data/raw/kaggle/ibrahimfateen_wound_classification/Wound_dataset copy/Bruises/mirrored_bruises (62).jpg,72ab0e7cdcc8581a93e028c53ba30ac45b5f6068996e74680fb63e31d673f15e,kaggle_card_license_unknown_review_before_redistribution
data/datasets/efficientnet_kaggle_v1/test/bruise/46c0f9d851ab6d68.jpg,bruise,test,data/raw/kaggle/ibrahimfateen_wound_classification/Wound_dataset copy/Bruises/mirrored_bruises (63).jpg,46c0f9d851ab6d6837d5a53a1ef344ed6a4d73cf215b1608b37a71ebd0ae5f62,kaggle_card_license_unknown_review_before_redistribution
data/datasets/efficientnet_kaggle_v1/test/bruise/aa4b77d405c53f27.jpg,bruise,test,data/raw/kaggle/ibrahimfateen_wound_classification/Wound_dataset copy/Bruises/mirrored_bruises (64).jpg,aa4b77d405c53f27415b92a47e76445c1f2fcf787b0879a5bcd72de4bcae6804,kaggle_card_license_unknown_review_before_redistribution
data/datasets/efficientnet_kaggle_v1/train/bruise/e5053ae93aef2794.jpg,bruise,train,data/raw/kaggle/ibrahimfateen_wound_classification/Wound_dataset copy/Bruises/mirrored_bruises (65).jpg,e5053ae93aef2794d814f8df2946b9294ca4958b117dd12ca47edd2e2636902c,kaggle_card_license_unknown_review_before_redistribution
data/datasets/efficientnet_kaggle_v1/test/bruise/3fa4043ebaf2f5c8.jpg,bruise,test,data/raw/kaggle/ibrahimfateen_wound_classification/Wound_dataset copy/Bruises/mirrored_bruises (66).jpg,3fa4043ebaf2f5c8cc0d8cbc5a62f996903f53e3fcf2e31c8ecefe0d517c731f,kaggle_card_license_unknown_review_before_redistribution
data/datasets/efficientnet_kaggle_v1/test/bruise/cce57d4fe3be1faa.jpg,bruise,test,data/raw/kaggle/ibrahimfateen_wound_classification/Wound_dataset copy/Bruises/mirrored_bruises (67).jpg,cce57d4fe3be1faa81d797907c8ed316441402ece8f08707861ca42b2cd131c8,kaggle_card_license_unknown_review_before_redistribution
data/datasets/efficientnet_kaggle_v1/train/bruise/cc9a987237cc2212.jpg,bruise,train,data/raw/kaggle/ibrahimfateen_wound_classification/Wound_dataset copy/Bruises/mirrored_bruises (68).jpg,cc9a987237cc2212da91125223705014799feab1eac8aa5681c0025a5f89f8f6,kaggle_card_license_unknown_review_before_redistribution
data/datasets/efficientnet_kaggle_v1/val/bruise/debb9aad9ce7fd7d.jpg,bruise,val,data/raw/kaggle/ibrahimfateen_wound_classification/Wound_dataset copy/Bruises/mirrored_bruises (69).jpg,debb9aad9ce7fd7d5cccf4739ab9589d4a994f907d8f125e6b1ab4d2848211e5,kaggle_card_license_unknown_review_before_redistribution
data/datasets/efficientnet_kaggle_v1/train/bruise/d9a7dc6b983f5fe5.jpg,bruise,train,data/raw/kaggle/ibrahimfateen_wound_classification/Wound_dataset copy/Bruises/mirrored_bruises (7).jpg,d9a7dc6b983f5fe5ad974dc451bbf8b9d7acc9dd1e5fe8ff452982db89349785,kaggle_card_license_unknown_review_before_redistribution
data/datasets/efficientnet_kaggle_v1/train/bruise/1a801e8e384bb353.jpg,bruise,train,data/raw/kaggle/ibrahimfateen_wound_classification/Wound_dataset copy/Bruises/mirrored_bruises (70).jpg,1a801e8e384bb3533b2bc92e2518fea26f7a385380ffcc25d005c8c398b17b52,kaggle_card_license_unknown_review_before_redistribution
data/datasets/efficientnet_kaggle_v1/test/bruise/b0c4abfbe5bf2065.jpg,bruise,test,data/raw/kaggle/ibrahimfateen_wound_classification/Wound_dataset copy/Bruises/mirrored_bruises (71).jpg,b0c4abfbe5bf2065d94dbaf85edef7f22e05ec1bee2e2c8d1cd840bb3d80f544,kaggle_card_license_unknown_review_before_redistribution
data/datasets/efficientnet_kaggle_v1/train/bruise/8aff9b99647a1c01.jpg,bruise,train,data/raw/kaggle/ibrahimfateen_wound_classification/Wound_dataset copy/Bruises/mirrored_bruises (72).jpg,8aff9b99647a1c016d0c24eb23b6f3289793db1595b91014c8ac3b43e0d30c79,kaggle_card_license_unknown_review_before_redistribution
data/datasets/efficientnet_kaggle_v1/val/bruise/27a50580dbe9bafe.jpg,bruise,val,data/raw/kaggle/ibrahimfateen_wound_classification/Wound_dataset copy/Bruises/mirrored_bruises (73).jpg,27a50580dbe9bafed8a05499f06fef4feedf3df57fc1dbf9d89349526f5d1c2e,kaggle_card_license_unknown_review_before_redistribution
data/datasets/efficientnet_kaggle_v1/train/bruise/18dda20027bced9b.jpg,bruise,train,data/raw/kaggle/ibrahimfateen_wound_classification/Wound_dataset copy/Bruises/mirrored_bruises (74).jpg,18dda20027bced9b14d0368a4314bb6b706cfbbc35ff46041a67efcdb21f1673,kaggle_card_license_unknown_review_before_redistribution
data/datasets/efficientnet_kaggle_v1/train/bruise/6c9324a8dfb98f48.jpg,bruise,train,data/raw/kaggle/ibrahimfateen_wound_classification/Wound_dataset copy/Bruises/mirrored_bruises (75).jpg,6c9324a8dfb98f4851d39ed4ca9150f536dabdbd4996b468b67e24361a1a8f1e,kaggle_card_license_unknown_review_before_redistribution
data/datasets/efficientnet_kaggle_v1/train/bruise/caf190a024876da0.jpg,bruise,train,data/raw/kaggle/ibrahimfateen_wound_classification/Wound_dataset copy/Bruises/mirrored_bruises (76).jpg,caf190a024876da02553f4bd56188c994bda63188eed09fa2d910f05dd567cd9,kaggle_card_license_unknown_review_before_redistribution
data/datasets/efficientnet_kaggle_v1/train/bruise/5e04cb8b07d18a66.jpg,bruise,train,data/raw/kaggle/ibrahimfateen_wound_classification/Wound_dataset copy/Bruises/mirrored_bruises (77).jpg,5e04cb8b07d18a66575551b40b35f837d4effb805262c9dbfeec0093f439ace6,kaggle_card_license_unknown_review_before_redistribution
data/datasets/efficientnet_kaggle_v1/train/bruise/c5c50134020f8509.jpg,bruise,train,data/raw/kaggle/ibrahimfateen_wound_classification/Wound_dataset copy/Bruises/mirrored_bruises (78).jpg,c5c50134020f85092f25af16755a4a74793b8904a3012ae51d4c117b8a586272,kaggle_card_license_unknown_review_before_redistribution
data/datasets/efficientnet_kaggle_v1/train/bruise/9a5dfd85ebb9ba21.jpg,bruise,train,data/raw/kaggle/ibrahimfateen_wound_classification/Wound_dataset copy/Bruises/mirrored_bruises (79).jpg,9a5dfd85ebb9ba210eaad1dd6fdf2723f5bf1be6d34724f3f641002ba84f73de,kaggle_card_license_unknown_review_before_redistribution
data/datasets/efficientnet_kaggle_v1/train/bruise/77567319043314f8.jpg,bruise,train,data/raw/kaggle/ibrahimfateen_wound_classification/Wound_dataset copy/Bruises/mirrored_bruises (8).jpg,77567319043314f8a441f96c0eb826c698b1a00c481e2c5ebecf18b27f73faa6,kaggle_card_license_unknown_review_before_redistribution
data/datasets/efficientnet_kaggle_v1/test/bruise/695034da9b051018.jpg,bruise,test,data/raw/kaggle/ibrahimfateen_wound_classification/Wound_dataset copy/Bruises/mirrored_bruises (80).jpg,695034da9b051018ca32bb87b59bcd23798b45a477d2c19469f4bee120b87283,kaggle_card_license_unknown_review_before_redistribution
data/datasets/efficientnet_kaggle_v1/train/bruise/7fdaa772b0330e71.jpg,bruise,train,data/raw/kaggle/ibrahimfateen_wound_classification/Wound_dataset copy/Bruises/mirrored_bruises (81).jpg,7fdaa772b0330e71f2d243d4c6db76e4619cb39c91e36e9defdd0eca59c62bb1,kaggle_card_license_unknown_review_before_redistribution
data/datasets/efficientnet_kaggle_v1/val/bruise/5f836bf9ebd8af2b.jpg,bruise,val,data/raw/kaggle/ibrahimfateen_wound_classification/Wound_dataset copy/Bruises/mirrored_bruises (82).jpg,5f836bf9ebd8af2b6e91f4411a6bb3573dfb0db0f0e6aed8f25a469d670b168a,kaggle_card_license_unknown_review_before_redistribution
data/datasets/efficientnet_kaggle_v1/train/bruise/47bca8c685b295da.jpg,bruise,train,data/raw/kaggle/ibrahimfateen_wound_classification/Wound_dataset copy/Bruises/mirrored_bruises (83).jpg,47bca8c685b295dace33c5dbf0efb7384f7ef8d0af373a7612d3714b5be21398,kaggle_card_license_unknown_review_before_redistribution
data/datasets/efficientnet_kaggle_v1/train/bruise/24afedb58f42aa70.jpg,bruise,train,data/raw/kaggle/ibrahimfateen_wound_classification/Wound_dataset copy/Bruises/mirrored_bruises (84).jpg,24afedb58f42aa704166c627e7c9c4005690113621ddfc742c23af31793be6a4,kaggle_card_license_unknown_review_before_redistribution
data/datasets/efficientnet_kaggle_v1/val/bruise/b5964fa391fca220.jpg,bruise,val,data/raw/kaggle/ibrahimfateen_wound_classification/Wound_dataset copy/Bruises/mirrored_bruises (85).jpg,b5964fa391fca2206268aacda4f084b84a0c94cb28442ffb33464c5ee56c4b1c,kaggle_card_license_unknown_review_before_redistribution
data/datasets/efficientnet_kaggle_v1/train/bruise/fa6bfa4765c64629.jpg,bruise,train,data/raw/kaggle/ibrahimfateen_wound_classification/Wound_dataset copy/Bruises/mirrored_bruises (86).jpg,fa6bfa4765c646292ab885be822f15fb6c895bcaded6661c7f8732f2a52b3465,kaggle_card_license_unknown_review_before_redistribution
data/datasets/efficientnet_kaggle_v1/train/bruise/e42ee7713286c51b.jpg,bruise,train,data/raw/kaggle/ibrahimfateen_wound_classification/Wound_dataset copy/Bruises/mirrored_bruises (87).jpg,e42ee7713286c51bddd75753c8b99a17f26e059238787599bc46de100100030f,kaggle_card_license_unknown_review_before_redistribution
data/datasets/efficientnet_kaggle_v1/train/bruise/28b160861740c3de.jpg,bruise,train,data/raw/kaggle/ibrahimfateen_wound_classification/Wound_dataset copy/Bruises/mirrored_bruises (88).jpg,28b160861740c3de99886f66a7367f6af83c7946d432772397562d954f072fa6,kaggle_card_license_unknown_review_before_redistribution
data/datasets/efficientnet_kaggle_v1/train/bruise/31141bcb94a0bca7.jpg,bruise,train,data/raw/kaggle/ibrahimfateen_wound_classification/Wound_dataset copy/Bruises/mirrored_bruises (89).jpg,31141bcb94a0bca791be49abe8834e72a143c5ee5e7f295d89c35dd9f044a726,kaggle_card_license_unknown_review_before_redistribution
data/datasets/efficientnet_kaggle_v1/train/bruise/84b3acab1780e209.jpg,bruise,train,data/raw/kaggle/ibrahimfateen_wound_classification/Wound_dataset copy/Bruises/mirrored_bruises (9).jpg,84b3acab1780e209826fec06ddf9f98d0c1a336638b2fd37690fe135b110ef2f,kaggle_card_license_unknown_review_before_redistribution
data/datasets/efficientnet_kaggle_v1/train/bruise/5eb2c3e9c0dc6461.jpg,bruise,train,data/raw/kaggle/ibrahimfateen_wound_classification/Wound_dataset copy/Bruises/mirrored_bruises (90).jpg,5eb2c3e9c0dc646159e300ef75e56bb99e0a3ed7467c45b4215d7df3aee9ea89,kaggle_card_license_unknown_review_before_redistribution
data/datasets/efficientnet_kaggle_v1/train/bruise/4be47d375baa15ff.jpg,bruise,train,data/raw/kaggle/ibrahimfateen_wound_classification/Wound_dataset copy/Bruises/mirrored_bruises (91).jpg,4be47d375baa15ff6c5d8e737a87b0a716e39584f01fa3050c980b10d302bfd3,kaggle_card_license_unknown_review_before_redistribution
data/datasets/efficientnet_kaggle_v1/train/bruise/bc52632c1ad65949.jpg,bruise,train,data/raw/kaggle/ibrahimfateen_wound_classification/Wound_dataset copy/Bruises/mirrored_bruises (92).jpg,bc52632c1ad65949e2dad317ae5ca0430a524ff314537cd3b20cfe0300bee829,kaggle_card_license_unknown_review_before_redistribution
data/datasets/efficientnet_kaggle_v1/val/bruise/5c0d9c6b9a009b5f.jpg,bruise,val,data/raw/kaggle/ibrahimfateen_wound_classification/Wound_dataset copy/Bruises/mirrored_bruises (93).jpg,5c0d9c6b9a009b5f9729a13ace41eaab98eb7ca282662d92f57fb991f3f744f2,kaggle_card_license_unknown_review_before_redistribution
data/datasets/efficientnet_kaggle_v1/train/bruise/6bd9a311b0ed1ed0.jpg,bruise,train,data/raw/kaggle/ibrahimfateen_wound_classification/Wound_dataset copy/Bruises/mirrored_bruises (94).jpg,6bd9a311b0ed1ed0670545ab710fbecac8cba719c31ad5bc2d17719e17cb606b,kaggle_card_license_unknown_review_before_redistribution
data/datasets/efficientnet_kaggle_v1/val/bruise/f7bcbaf6d6e75886.jpg,bruise,val,data/raw/kaggle/ibrahimfateen_wound_classification/Wound_dataset copy/Bruises/mirrored_bruises (95).jpg,f7bcbaf6d6e7588633467c56ce300cc2534424588a1a72730ed505aa90bf443e,kaggle_card_license_unknown_review_before_redistribution
data/datasets/efficientnet_kaggle_v1/val/bruise/41aee1471386c7a0.jpg,bruise,val,data/raw/kaggle/ibrahimfateen_wound_classification/Wound_dataset copy/Bruises/mirrored_bruises (96).jpg,41aee1471386c7a0ab02ac88ebc111ba28bcd255fdd984bbc4aa0d4895816dc9,kaggle_card_license_unknown_review_before_redistribution
data/datasets/efficientnet_kaggle_v1/train/bruise/50327b4597a83a7b.jpg,bruise,train,data/raw/kaggle/ibrahimfateen_wound_classification/Wound_dataset copy/Bruises/mirrored_bruises (97).jpg,50327b4597a83a7badefdf4f77c4390ac5bd75780f6aaa53893d3b9d5ef98007,kaggle_card_license_unknown_review_before_redistribution
data/datasets/efficientnet_kaggle_v1/test/bruise/ddd3da3137912514.jpg,bruise,test,data/raw/kaggle/ibrahimfateen_wound_classification/Wound_dataset copy/Bruises/mirrored_bruises (98).jpg,ddd3da313791251452462cbc832cafb97146261ab13e57d0cae4728da5143871,kaggle_card_license_unknown_review_before_redistribution
data/datasets/efficientnet_kaggle_v1/test/bruise/cf8421b21c4cdc4d.jpg,bruise,test,data/raw/kaggle/ibrahimfateen_wound_classification/Wound_dataset copy/Bruises/mirrored_bruises (99).jpg,cf8421b21c4cdc4d327f1ec7f52848ece18ed81fef49ecdebea0999263bb3fc7,kaggle_card_license_unknown_review_before_redistribution
data/datasets/efficientnet_kaggle_v1/train/burn/fad599bf10512be9.jpg,burn,train,data/raw/kaggle/ibrahimfateen_wound_classification/Wound_dataset copy/Burns/case1-burns-to-hand-and-arm-1.jpg,fad599bf10512be94d0af4145c6254faab6914a29c51d493fdda8333254195f2,kaggle_card_license_unknown_review_before_redistribution
data/datasets/efficientnet_kaggle_v1/test/burn/4da6d3ab09819442.jpg,burn,test,data/raw/kaggle/ibrahimfateen_wound_classification/Wound_dataset copy/Burns/case1-burns-to-hand-and-arm.jpg,4da6d3ab098194428a25f9dfa91897cba3807f4523ad4bd9ee0f40f19b6beb3c,kaggle_card_license_unknown_review_before_redistribution
data/datasets/efficientnet_kaggle_v1/test/burn/b079ed2e5699258a.jpg,burn,test,data/raw/kaggle/ibrahimfateen_wound_classification/Wound_dataset copy/Burns/case2-burn-to-arm-1.jpg,b079ed2e5699258ab8fa4f150b13a329e52d674ffe10a0c1d8c89f96f6173e9f,kaggle_card_license_unknown_review_before_redistribution
data/datasets/efficientnet_kaggle_v1/train/burn/15f15cb35827664d.jpg,burn,train,data/raw/kaggle/ibrahimfateen_wound_classification/Wound_dataset copy/Burns/case2-burn-to-arm-2.jpg,15f15cb35827664d2084c29bab42fd12555a0a6d06ab93decce18ab08a57d44f,kaggle_card_license_unknown_review_before_redistribution
data/datasets/efficientnet_kaggle_v1/train/burn/326c75aff66e05ee.jpg,burn,train,data/raw/kaggle/ibrahimfateen_wound_classification/Wound_dataset copy/Burns/case2-burn-to-arm-3.jpg,326c75aff66e05ee799e12040dcff5aafd852288dbbfe4cb36d7156121746416,kaggle_card_license_unknown_review_before_redistribution
data/datasets/efficientnet_kaggle_v1/train/burn/d8da6e53d7818127.jpg,burn,train,data/raw/kaggle/ibrahimfateen_wound_classification/Wound_dataset copy/Burns/case2-burn-to-arm-4.jpg,d8da6e53d7818127f11bf0240a3dad313e5213f5520760c6cfac94d151a59f4f,kaggle_card_license_unknown_review_before_redistribution
data/datasets/efficientnet_kaggle_v1/train/burn/030e35b79a642da5.jpg,burn,train,data/raw/kaggle/ibrahimfateen_wound_classification/Wound_dataset copy/Burns/case2-burn-to-arm-5.jpg,030e35b79a642da552f9c07ff897705535eae68e89c1be81156c5ddc85a8f8d2,kaggle_card_license_unknown_review_before_redistribution
data/datasets/efficientnet_kaggle_v1/val/burn/2af7252fbf3b82d9.jpg,burn,val,data/raw/kaggle/ibrahimfateen_wound_classification/Wound_dataset copy/Burns/case2-burn-to-arm-6.jpg,2af7252fbf3b82d96e649ea819d3fa73423d693b331bfcb398ab9ec456f3c471,kaggle_card_license_unknown_review_before_redistribution
data/datasets/efficientnet_kaggle_v1/val/burn/857d3612bc58de6d.jpg,burn,val,data/raw/kaggle/ibrahimfateen_wound_classification/Wound_dataset copy/Burns/case2-burns-to-arm-7.jpg,857d3612bc58de6d2bad5ef3d7e29d360b80fd47f68adb85eb781703e850193a,kaggle_card_license_unknown_review_before_redistribution
data/datasets/efficientnet_kaggle_v1/val/burn/7c1b59ecbaa1c76e.jpg,burn,val,data/raw/kaggle/ibrahimfateen_wound_classification/Wound_dataset copy/Burns/case3-burn-to-head-showing-healing-0.jpg,7c1b59ecbaa1c76eca7fbf2e661569e8200bef03e65dd625c9c6e3bf9248dee0,kaggle_card_license_unknown_review_before_redistribution
data/datasets/efficientnet_kaggle_v1/test/burn/89a19f6a8a258c96.jpg,burn,test,data/raw/kaggle/ibrahimfateen_wound_classification/Wound_dataset copy/Burns/case3-burn-to-head-showing-healing-1.jpg,89a19f6a8a258c96f4249549ce42009b79ded2e57f078c045c96be97047a715f,kaggle_card_license_unknown_review_before_redistribution
data/datasets/efficientnet_kaggle_v1/test/burn/2add9ce306d824c3.jpg,burn,test,data/raw/kaggle/ibrahimfateen_wound_classification/Wound_dataset copy/Burns/case3-burn-to-head-showing-healing-2.jpg,2add9ce306d824c3c95add0ebd9651908085d89f62b3efedffe4645abdf7c29d,kaggle_card_license_unknown_review_before_redistribution
data/datasets/efficientnet_kaggle_v1/train/burn/592f5f52f1104816.jpg,burn,train,data/raw/kaggle/ibrahimfateen_wound_classification/Wound_dataset copy/Burns/case3-burn-to-head-showing-healing-3.jpg,592f5f52f11048169be2334ec55bdd9f7fbd0707e5ae60087adc59e8116b3e4c,kaggle_card_license_unknown_review_before_redistribution
data/datasets/efficientnet_kaggle_v1/val/burn/c6a390495e43a80a.jpg,burn,val,data/raw/kaggle/ibrahimfateen_wound_classification/Wound_dataset copy/Burns/case4-burn-to-leg-treated-with-gel-0.jpg,c6a390495e43a80ad2d53ee7d5d819fd40676baa14b44085f5ad565270196314,kaggle_card_license_unknown_review_before_redistribution
data/datasets/efficientnet_kaggle_v1/test/burn/730ed6ab948e1663.jpg,burn,test,data/raw/kaggle/ibrahimfateen_wound_classification/Wound_dataset copy/Burns/case4-burn-to-leg-treated-with-gel-1.jpg,730ed6ab948e1663428f4b90a739ca9ca9e43a726d9f10c2d104d8b8a76f289d,kaggle_card_license_unknown_review_before_redistribution
data/datasets/efficientnet_kaggle_v1/test/burn/804ab5f738014265.jpg,burn,test,data/raw/kaggle/ibrahimfateen_wound_classification/Wound_dataset copy/Burns/case4-burn-to-leg-treated-with-gel-2.jpg,804ab5f7380142653dd29a3ceff752da59154262bd58d019d024d89c43316f83,kaggle_card_license_unknown_review_before_redistribution
data/datasets/efficientnet_kaggle_v1/val/burn/72208fbdb0a3ba66.jpg,burn,val,data/raw/kaggle/ibrahimfateen_wound_classification/Wound_dataset copy/Burns/case5-burn-to-foot.jpg,72208fbdb0a3ba66a4d8d9255981bc25ba4950b32488aff7b23d5b0c542f78ed,kaggle_card_license_unknown_review_before_redistribution
data/datasets/efficientnet_kaggle_v1/train/burn/0c579b770c4ac955.jpg,burn,train,data/raw/kaggle/ibrahimfateen_wound_classification/Wound_dataset copy/Burns/case6-burn-to-shoulder.jpg,0c579b770c4ac95536a5b5be8fc65477ce0c08eaa3e81220886b790186bf9a05,kaggle_card_license_unknown_review_before_redistribution
data/datasets/efficientnet_kaggle_v1/train/burn/443cfad41663e916.jpg,burn,train,data/raw/kaggle/ibrahimfateen_wound_classification/Wound_dataset copy/Burns/case7-burn-to-thigh.jpg,443cfad41663e9168e124125e42f0c43017b18d05d7cec8456df6169c1fa91bf,kaggle_card_license_unknown_review_before_redistribution
data/datasets/efficientnet_kaggle_v1/train/burn/e73abf797de4e444.jpg,burn,train,data/raw/kaggle/ibrahimfateen_wound_classification/Wound_dataset copy/Burns/mirrored_burns (1).jpg,e73abf797de4e444f79eaa329495f35528be0e6b62d4664ec8e19480bbfbacd6,kaggle_card_license_unknown_review_before_redistribution
data/datasets/efficientnet_kaggle_v1/train/burn/64032d814f9f3e70.jpg,burn,train,data/raw/kaggle/ibrahimfateen_wound_classification/Wound_dataset copy/Burns/mirrored_burns (10).jpg,64032d814f9f3e70f9bbd88ccc1bc4826ff4d87494aa15491db4997c6695b473,kaggle_card_license_unknown_review_before_redistribution
data/datasets/efficientnet_kaggle_v1/train/burn/696fd38a229a9cb6.jpg,burn,train,data/raw/kaggle/ibrahimfateen_wound_classification/Wound_dataset copy/Burns/mirrored_burns (11).jpg,696fd38a229a9cb606e97af8191cd9629bf24896399e38b59328d614c7b535c5,kaggle_card_license_unknown_review_before_redistribution
data/datasets/efficientnet_kaggle_v1/train/burn/a8fbceb7d3065714.jpg,burn,train,data/raw/kaggle/ibrahimfateen_wound_classification/Wound_dataset copy/Burns/mirrored_burns (12).jpg,a8fbceb7d3065714bcdf01a3c55f1c1a29f5ca053e16d549518e8cf4a178f664,kaggle_card_license_unknown_review_before_redistribution
data/datasets/efficientnet_kaggle_v1/train/burn/6961ef5b5c7f12bd.jpg,burn,train,data/raw/kaggle/ibrahimfateen_wound_classification/Wound_dataset copy/Burns/mirrored_burns (13).jpg,6961ef5b5c7f12bd29366f6bee00d1a47bf635aa41d001586cbc6a3651272592,kaggle_card_license_unknown_review_before_redistribution
data/datasets/efficientnet_kaggle_v1/train/burn/ccbfeb684d3e5583.jpg,burn,train,data/raw/kaggle/ibrahimfateen_wound_classification/Wound_dataset copy/Burns/mirrored_burns (14).jpg,ccbfeb684d3e5583a870c3fc3a682404d2ead178307a944b905072eebb285c96,kaggle_card_license_unknown_review_before_redistribution
data/datasets/efficientnet_kaggle_v1/train/burn/f5c1d26b00e53ca1.jpg,burn,train,data/raw/kaggle/ibrahimfateen_wound_classification/Wound_dataset copy/Burns/mirrored_burns (15).jpg,f5c1d26b00e53ca1a20bee4cce488e533be032c577abe68ba2b2d81926d2a67d,kaggle_card_license_unknown_review_before_redistribution
data/datasets/efficientnet_kaggle_v1/train/burn/ba75a16ec7be6725.jpg,burn,train,data/raw/kaggle/ibrahimfateen_wound_classification/Wound_dataset copy/Burns/mirrored_burns (16).jpg,ba75a16ec7be6725f533787b8b17ceca3f6e9f9b9df200beb792a43370bb45cd,kaggle_card_license_unknown_review_before_redistribution
data/datasets/efficientnet_kaggle_v1/train/burn/f28ad0ec65d8c68d.jpg,burn,train,data/raw/kaggle/ibrahimfateen_wound_classification/Wound_dataset copy/Burns/mirrored_burns (17).jpg,f28ad0ec65d8c68d5c4f0d063eaa0093e615c16de6d324f16790ff45ab6e75c7,kaggle_card_license_unknown_review_before_redistribution
data/datasets/efficientnet_kaggle_v1/train/burn/ac09d4d19aa5b529.jpg,burn,train,data/raw/kaggle/ibrahimfateen_wound_classification/Wound_dataset copy/Burns/mirrored_burns (18).jpg,ac09d4d19aa5b529d1d7f8477e410e37923ebd41c4c567d43f42f54aac26c8a8,kaggle_card_license_unknown_review_before_redistribution
data/datasets/efficientnet_kaggle_v1/train/burn/5fb4a386da3edd87.jpg,burn,train,data/raw/kaggle/ibrahimfateen_wound_classification/Wound_dataset copy/Burns/mirrored_burns (19).jpg,5fb4a386da3edd879568de8319793eee363e858921529fc85250e2bbf966cbbd,kaggle_card_license_unknown_review_before_redistribution
data/datasets/efficientnet_kaggle_v1/val/burn/95c8c6d095b1a928.jpg,burn,val,data/raw/kaggle/ibrahimfateen_wound_classification/Wound_dataset copy/Burns/mirrored_burns (2).jpg,95c8c6d095b1a9282b8e01eca461405282f6b081fea477826945ec8dd6045c2a,kaggle_card_license_unknown_review_before_redistribution
data/datasets/efficientnet_kaggle_v1/train/burn/e227f80786377a7f.jpg,burn,train,data/raw/kaggle/ibrahimfateen_wound_classification/Wound_dataset copy/Burns/mirrored_burns (20).jpg,e227f80786377a7faeaa09226f9227b933107927d60c38c19dba149e76fe1ffb,kaggle_card_license_unknown_review_before_redistribution
data/datasets/efficientnet_kaggle_v1/train/burn/bd88db46fd30edaf.jpg,burn,train,data/raw/kaggle/ibrahimfateen_wound_classification/Wound_dataset copy/Burns/mirrored_burns (21).jpg,bd88db46fd30edaf71fb92ec5f9a4a14a6e7c21e4924b93922e4c35ade8ede9a,kaggle_card_license_unknown_review_before_redistribution
data/datasets/efficientnet_kaggle_v1/train/burn/5dc7dc9496a5258d.jpg,burn,train,data/raw/kaggle/ibrahimfateen_wound_classification/Wound_dataset copy/Burns/mirrored_burns (22).jpg,5dc7dc9496a5258d57887f674987c495a6d322d32aa6724d98b42f4d8a904cfe,kaggle_card_license_unknown_review_before_redistribution
data/datasets/efficientnet_kaggle_v1/test/burn/48274d82cefbe42f.jpg,burn,test,data/raw/kaggle/ibrahimfateen_wound_classification/Wound_dataset copy/Burns/mirrored_burns (23).jpg,48274d82cefbe42f062c7ad390c8084c7b51b758da6b7f7e690ec2501db9063a,kaggle_card_license_unknown_review_before_redistribution
data/datasets/efficientnet_kaggle_v1/train/burn/6c64f81d91eb88d6.jpg,burn,train,data/raw/kaggle/ibrahimfateen_wound_classification/Wound_dataset copy/Burns/mirrored_burns (24).jpg,6c64f81d91eb88d6ed0ed7be1b2aa4380ca9627d3d3ce77778014cfd435569e4,kaggle_card_license_unknown_review_before_redistribution
data/datasets/efficientnet_kaggle_v1/train/burn/617ec74a9930f43c.jpg,burn,train,data/raw/kaggle/ibrahimfateen_wound_classification/Wound_dataset copy/Burns/mirrored_burns (25).jpg,617ec74a9930f43cbef622843555e91ae2add9b5a38e197197a91fb38daa82fe,kaggle_card_license_unknown_review_before_redistribution
data/datasets/efficientnet_kaggle_v1/train/burn/3c7f38b127366502.jpg,burn,train,data/raw/kaggle/ibrahimfateen_wound_classification/Wound_dataset copy/Burns/mirrored_burns (26).jpg,3c7f38b127366502930044f26612004f389a07fe66fbf0dd9bea4dbc53992407,kaggle_card_license_unknown_review_before_redistribution
data/datasets/efficientnet_kaggle_v1/train/burn/65eeb1fcd882b45e.jpg,burn,train,data/raw/kaggle/ibrahimfateen_wound_classification/Wound_dataset copy/Burns/mirrored_burns (27).jpg,65eeb1fcd882b45e2a2d177aa2f7f62698bc5c53386c1b3582df957833f83c18,kaggle_card_license_unknown_review_before_redistribution
data/datasets/efficientnet_kaggle_v1/test/burn/619ceccaf61c7857.jpg,burn,test,data/raw/kaggle/ibrahimfateen_wound_classification/Wound_dataset copy/Burns/mirrored_burns (28).jpg,619ceccaf61c78575c6d69e44760b48a0a5691e1f2449a2b28de9161459848e6,kaggle_card_license_unknown_review_before_redistribution
data/datasets/efficientnet_kaggle_v1/train/burn/edd3cb5dec70925b.jpg,burn,train,data/raw/kaggle/ibrahimfateen_wound_classification/Wound_dataset copy/Burns/mirrored_burns (29).jpg,edd3cb5dec70925bdc8ed1994bd8cdf3a3778e5b62a0334c6c0c6f450114a7b7,kaggle_card_license_unknown_review_before_redistribution
data/datasets/efficientnet_kaggle_v1/test/burn/0170968a0839cd78.jpg,burn,test,data/raw/kaggle/ibrahimfateen_wound_classification/Wound_dataset copy/Burns/mirrored_burns (3).jpg,0170968a0839cd781f76b6b9fd6cf1513c70c34e5753e067504d3954953e90c7,kaggle_card_license_unknown_review_before_redistribution
data/datasets/efficientnet_kaggle_v1/train/burn/4c0409b734e9c7dc.jpg,burn,train,data/raw/kaggle/ibrahimfateen_wound_classification/Wound_dataset copy/Burns/mirrored_burns (30).jpg,4c0409b734e9c7dc8bce2e604a4bc89c7e8035317c79b25728903e44539b2e41,kaggle_card_license_unknown_review_before_redistribution
data/datasets/efficientnet_kaggle_v1/test/burn/91c0e32c4ecdafc5.jpg,burn,test,data/raw/kaggle/ibrahimfateen_wound_classification/Wound_dataset copy/Burns/mirrored_burns (31).jpg,91c0e32c4ecdafc51e9220618b35ffd9af3a180e497660403cc241ff51708f59,kaggle_card_license_unknown_review_before_redistribution
data/datasets/efficientnet_kaggle_v1/val/burn/99ec5030d98b307d.jpg,burn,val,data/raw/kaggle/ibrahimfateen_wound_classification/Wound_dataset copy/Burns/mirrored_burns (32).jpg,99ec5030d98b307d8f175c8b348999290afa75e7f257f908ecc2fb2e11673ccf,kaggle_card_license_unknown_review_before_redistribution
data/datasets/efficientnet_kaggle_v1/val/burn/9b526c685da54fcd.jpg,burn,val,data/raw/kaggle/ibrahimfateen_wound_classification/Wound_dataset copy/Burns/mirrored_burns (33).jpg,9b526c685da54fcdb9093bcb500d9b1bcff3a736bc6432d5433973ad0d81bea2,kaggle_card_license_unknown_review_before_redistribution
data/datasets/efficientnet_kaggle_v1/val/burn/b7c80ea3b372343f.jpg,burn,val,data/raw/kaggle/ibrahimfateen_wound_classification/Wound_dataset copy/Burns/mirrored_burns (34).jpg,b7c80ea3b372343f26d6e2b7d03a74bf36201d13bb1f07a5d987e06f4a6e3a84,kaggle_card_license_unknown_review_before_redistribution
data/datasets/efficientnet_kaggle_v1/train/burn/2af11c73c6731a2e.jpg,burn,train,data/raw/kaggle/ibrahimfateen_wound_classification/Wound_dataset copy/Burns/mirrored_burns (35).jpg,2af11c73c6731a2e4966873b2b90452b040c8b62cf91af9542181f616c96bbea,kaggle_card_license_unknown_review_before_redistribution
data/datasets/efficientnet_kaggle_v1/train/burn/6e7466a3ae350d3b.jpg,burn,train,data/raw/kaggle/ibrahimfateen_wound_classification/Wound_dataset copy/Burns/mirrored_burns (36).jpg,6e7466a3ae350d3b6955a4518970b4b852211bcf93e34104d111a1a2e9f17a85,kaggle_card_license_unknown_review_before_redistribution
data/datasets/efficientnet_kaggle_v1/train/burn/b69fad6ec8b8a26f.jpg,burn,train,data/raw/kaggle/ibrahimfateen_wound_classification/Wound_dataset copy/Burns/mirrored_burns (37).jpg,b69fad6ec8b8a26f5d9735764e4cf1e82ecea97426a6c84a1c27c50ceb60205b,kaggle_card_license_unknown_review_before_redistribution
data/datasets/efficientnet_kaggle_v1/train/burn/266db2d15ad3dd4a.jpg,burn,train,data/raw/kaggle/ibrahimfateen_wound_classification/Wound_dataset copy/Burns/mirrored_burns (38).jpg,266db2d15ad3dd4aa24062355de8e3b0a066a76499813b58a5358a8748e7fbd5,kaggle_card_license_unknown_review_before_redistribution
data/datasets/efficientnet_kaggle_v1/train/burn/77ad372b1ec41b66.jpg,burn,train,data/raw/kaggle/ibrahimfateen_wound_classification/Wound_dataset copy/Burns/mirrored_burns (39).jpg,77ad372b1ec41b66d1b7ddcfc14e7a950283209b9502d705498425787c5a60a7,kaggle_card_license_unknown_review_before_redistribution
data/datasets/efficientnet_kaggle_v1/train/burn/aa1d2f98f9bfe517.jpg,burn,train,data/raw/kaggle/ibrahimfateen_wound_classification/Wound_dataset copy/Burns/mirrored_burns (4).jpg,aa1d2f98f9bfe517059d35639a3b950b5897c84d58cdb6288cfe5287766fe183,kaggle_card_license_unknown_review_before_redistribution
data/datasets/efficientnet_kaggle_v1/train/burn/10bc54616cf2cea8.jpg,burn,train,data/raw/kaggle/ibrahimfateen_wound_classification/Wound_dataset copy/Burns/mirrored_burns (40).jpg,10bc54616cf2cea8312a4fd2a5cc980a02e283dfba0b639f62a02de8aa81efb6,kaggle_card_license_unknown_review_before_redistribution
data/datasets/efficientnet_kaggle_v1/test/burn/b9c2e2be8d01a203.jpg,burn,test,data/raw/kaggle/ibrahimfateen_wound_classification/Wound_dataset copy/Burns/mirrored_burns (41).jpg,b9c2e2be8d01a20381bb90dd03c6f88492b71dd634fc503206cde0ad277d6dba,kaggle_card_license_unknown_review_before_redistribution
data/datasets/efficientnet_kaggle_v1/train/burn/a1191ff839752b3a.jpg,burn,train,data/raw/kaggle/ibrahimfateen_wound_classification/Wound_dataset copy/Burns/mirrored_burns (42).jpg,a1191ff839752b3ace537f1581f5655e78d5fd86b3958cedac751eef0cf68f90,kaggle_card_license_unknown_review_before_redistribution
data/datasets/efficientnet_kaggle_v1/train/burn/3db4c50d2ce579ec.jpg,burn,train,data/raw/kaggle/ibrahimfateen_wound_classification/Wound_dataset copy/Burns/mirrored_burns (43).jpg,3db4c50d2ce579ecf653fdf4a29fb5daa2b42278dd5396a0c80dda73bf841b09,kaggle_card_license_unknown_review_before_redistribution
data/datasets/efficientnet_kaggle_v1/train/burn/1bba90e2f10a5019.jpg,burn,train,data/raw/kaggle/ibrahimfateen_wound_classification/Wound_dataset copy/Burns/mirrored_burns (5).jpg,1bba90e2f10a5019f2679b78e1c26d3a890eb76c4820d76064d3774291b233c9,kaggle_card_license_unknown_review_before_redistribution
data/datasets/efficientnet_kaggle_v1/train/burn/c589ce7e359ccc90.jpg,burn,train,data/raw/kaggle/ibrahimfateen_wound_classification/Wound_dataset copy/Burns/mirrored_burns (51).jpg,c589ce7e359ccc90903f31f31e388165f73bd59a1a3afda6a52b172adad9e233,kaggle_card_license_unknown_review_before_redistribution
data/datasets/efficientnet_kaggle_v1/test/burn/96db196bdf3df74c.jpg,burn,test,data/raw/kaggle/ibrahimfateen_wound_classification/Wound_dataset copy/Burns/mirrored_burns (53).jpg,96db196bdf3df74cf679481a7a5e2c14ece160e53db11f9efeab4e86845fbd07,kaggle_card_license_unknown_review_before_redistribution
data/datasets/efficientnet_kaggle_v1/train/burn/b193467d1c94cdd5.jpg,burn,train,data/raw/kaggle/ibrahimfateen_wound_classification/Wound_dataset copy/Burns/mirrored_burns (54).jpg,b193467d1c94cdd50e9d4340097de23a6aaafb81e8799759746672e8f9bb6f70,kaggle_card_license_unknown_review_before_redistribution
data/datasets/efficientnet_kaggle_v1/train/burn/806c70e86e7c2a68.jpg,burn,train,data/raw/kaggle/ibrahimfateen_wound_classification/Wound_dataset copy/Burns/mirrored_burns (55).jpg,806c70e86e7c2a68530cab58ce39e85da5fb7d19c54d9834af461fa1a5be4fe5,kaggle_card_license_unknown_review_before_redistribution
data/datasets/efficientnet_kaggle_v1/val/burn/09da0568fdd2f8d3.jpg,burn,val,data/raw/kaggle/ibrahimfateen_wound_classification/Wound_dataset copy/Burns/mirrored_burns (56).jpg,09da0568fdd2f8d3a96b0f519bd96006fd85861be2c24519a7b9b92a43d95e3c,kaggle_card_license_unknown_review_before_redistribution
data/datasets/efficientnet_kaggle_v1/val/burn/bd91d822402c8d5c.jpg,burn,val,data/raw/kaggle/ibrahimfateen_wound_classification/Wound_dataset copy/Burns/mirrored_burns (6).jpg,bd91d822402c8d5cf81c8f97e4ec17edf8701847069d3f08bb85f89c9fbeb07e,kaggle_card_license_unknown_review_before_redistribution
data/datasets/efficientnet_kaggle_v1/train/burn/b840177a43dab9fc.jpg,burn,train,data/raw/kaggle/ibrahimfateen_wound_classification/Wound_dataset copy/Burns/mirrored_burns (7).jpg,b840177a43dab9fc2cb8573f2e1247bc2774627e88b93816af1e1b2917ade53b,kaggle_card_license_unknown_review_before_redistribution
data/datasets/efficientnet_kaggle_v1/train/burn/4eb0b1cc9c79b5b8.jpg,burn,train,data/raw/kaggle/ibrahimfateen_wound_classification/Wound_dataset copy/Burns/mirrored_burns (8).jpg,4eb0b1cc9c79b5b8ec15f4ec65712fcd17259b9ec0a13572817a86aacbbae415,kaggle_card_license_unknown_review_before_redistribution
data/datasets/efficientnet_kaggle_v1/train/burn/2ed7964223e28dca.jpg,burn,train,data/raw/kaggle/ibrahimfateen_wound_classification/Wound_dataset copy/Burns/mirrored_burns (9).jpg,2ed7964223e28dca35dc8056a61bc42f76d20d0b74b7db6812d60274075f65af,kaggle_card_license_unknown_review_before_redistribution
data/datasets/efficientnet_kaggle_v1/train/burn/6cb97df82cce638a.jpg,burn,train,data/raw/kaggle/ibrahimfateen_wound_classification/Wound_dataset copy/Burns/mirrored_case1-burns-to-hand-and-arm-1.jpg,6cb97df82cce638ad88be133e22708c28aa3da7bf11ddb5b76c70a23939a92fc,kaggle_card_license_unknown_review_before_redistribution
data/datasets/efficientnet_kaggle_v1/train/burn/86c37adcd157ed81.jpg,burn,train,data/raw/kaggle/ibrahimfateen_wound_classification/Wound_dataset copy/Burns/mirrored_case1-burns-to-hand-and-arm.jpg,86c37adcd157ed81ab548cb823d18c6955de0229c9b28273637eddcfe4c8f781,kaggle_card_license_unknown_review_before_redistribution
data/datasets/efficientnet_kaggle_v1/train/burn/ff904377a5ab321a.jpg,burn,train,data/raw/kaggle/ibrahimfateen_wound_classification/Wound_dataset copy/Burns/mirrored_case2-burn-to-arm-1.jpg,ff904377a5ab321aff0751673c12e77d0162312e6a9724aab2c6d231e5dc1269,kaggle_card_license_unknown_review_before_redistribution
data/datasets/efficientnet_kaggle_v1/train/burn/92902908f551b40d.jpg,burn,train,data/raw/kaggle/ibrahimfateen_wound_classification/Wound_dataset copy/Burns/mirrored_case2-burn-to-arm-2.jpg,92902908f551b40df1bf805efbe9f39946a1c177a3f4171c9a608b3262c27631,kaggle_card_license_unknown_review_before_redistribution
data/datasets/efficientnet_kaggle_v1/train/burn/0a4c54ee2f28d86b.jpg,burn,train,data/raw/kaggle/ibrahimfateen_wound_classification/Wound_dataset copy/Burns/mirrored_case2-burn-to-arm-3.jpg,0a4c54ee2f28d86b3540ad2be6401890024531126db916a5b0c581814ba46096,kaggle_card_license_unknown_review_before_redistribution
data/datasets/efficientnet_kaggle_v1/train/burn/097c4137060650ff.jpg,burn,train,data/raw/kaggle/ibrahimfateen_wound_classification/Wound_dataset copy/Burns/mirrored_case2-burn-to-arm-4.jpg,097c4137060650ff3d0a65c6921e09f1920aea73374b551a8a4d7676a19c15ef,kaggle_card_license_unknown_review_before_redistribution
data/datasets/efficientnet_kaggle_v1/train/burn/d871b4820c1666e5.jpg,burn,train,data/raw/kaggle/ibrahimfateen_wound_classification/Wound_dataset copy/Burns/mirrored_case2-burn-to-arm-5.jpg,d871b4820c1666e5f7f17435605b8aefd5064fa0c24b89268579bea880eac696,kaggle_card_license_unknown_review_before_redistribution
data/datasets/efficientnet_kaggle_v1/train/burn/2acbf97be0e66d34.jpg,burn,train,data/raw/kaggle/ibrahimfateen_wound_classification/Wound_dataset copy/Burns/mirrored_case2-burn-to-arm-6.jpg,2acbf97be0e66d342b32b0ca92ad87fbb0ac759f46bbbe7a4b24b49be58c9217,kaggle_card_license_unknown_review_before_redistribution
data/datasets/efficientnet_kaggle_v1/test/burn/8226cb4e22282936.jpg,burn,test,data/raw/kaggle/ibrahimfateen_wound_classification/Wound_dataset copy/Burns/mirrored_case2-burns-to-arm-7.jpg,8226cb4e222829363433d01fed24cdf88acc41574ce2bf7833feb8af57f660b5,kaggle_card_license_unknown_review_before_redistribution
data/datasets/efficientnet_kaggle_v1/train/burn/351976b8862d675e.jpg,burn,train,data/raw/kaggle/ibrahimfateen_wound_classification/Wound_dataset copy/Burns/mirrored_case3-burn-to-head-showing-healing-0.jpg,351976b8862d675ed410a413e12a2f7a3babfc1f4c82a29849245a1b09536c03,kaggle_card_license_unknown_review_before_redistribution
data/datasets/efficientnet_kaggle_v1/val/burn/99bd4dd4a3523c63.jpg,burn,val,data/raw/kaggle/ibrahimfateen_wound_classification/Wound_dataset copy/Burns/mirrored_case3-burn-to-head-showing-healing-1.jpg,99bd4dd4a3523c63b2f8780340e1bb67a644cbc22e695e4a960801a480ce822d,kaggle_card_license_unknown_review_before_redistribution
data/datasets/efficientnet_kaggle_v1/train/burn/495e9a1950a9a76b.jpg,burn,train,data/raw/kaggle/ibrahimfateen_wound_classification/Wound_dataset copy/Burns/mirrored_case3-burn-to-head-showing-healing-2.jpg,495e9a1950a9a76b10e9f77a865697e2c6953749902713772a5899cda0cc4f01,kaggle_card_license_unknown_review_before_redistribution
data/datasets/efficientnet_kaggle_v1/train/burn/8073d7d29eadd151.jpg,burn,train,data/raw/kaggle/ibrahimfateen_wound_classification/Wound_dataset copy/Burns/mirrored_case3-burn-to-head-showing-healing-3.jpg,8073d7d29eadd15182f66408ff32c51d1537e7f98753c21121b5d9d229398c4e,kaggle_card_license_unknown_review_before_redistribution
data/datasets/efficientnet_kaggle_v1/train/burn/d86d6f9136836ae8.jpg,burn,train,data/raw/kaggle/ibrahimfateen_wound_classification/Wound_dataset copy/Burns/mirrored_case4-burn-to-leg-treated-with-gel-0.jpg,d86d6f9136836ae8c7a4c60c25ba875b08a61ddd0a54e30c940eb65e22205f76,kaggle_card_license_unknown_review_before_redistribution
data/datasets/efficientnet_kaggle_v1/test/burn/7a931995a72dc61e.jpg,burn,test,data/raw/kaggle/ibrahimfateen_wound_classification/Wound_dataset copy/Burns/mirrored_case4-burn-to-leg-treated-with-gel-1.jpg,7a931995a72dc61eeffbe83b5659e8481142e3cab402513d6af4cfab3a096124,kaggle_card_license_unknown_review_before_redistribution
data/datasets/efficientnet_kaggle_v1/train/burn/f9ee54cfc1ebc12e.jpg,burn,train,data/raw/kaggle/ibrahimfateen_wound_classification/Wound_dataset copy/Burns/mirrored_case4-burn-to-leg-treated-with-gel-2.jpg,f9ee54cfc1ebc12e0f2179e46fe4443926fc63e0e9bb443ecc60a225b24c43e7,kaggle_card_license_unknown_review_before_redistribution
data/datasets/efficientnet_kaggle_v1/train/burn/3f5b98709c5f2932.jpg,burn,train,data/raw/kaggle/ibrahimfateen_wound_classification/Wound_dataset copy/Burns/mirrored_case5-burn-to-foot.jpg,3f5b98709c5f29329c8f4cb8ada29c96c68def043ae7ba7c4f7bee07a0201074,kaggle_card_license_unknown_review_before_redistribution
data/datasets/efficientnet_kaggle_v1/train/burn/e0e08d42711d2c1f.jpg,burn,train,data/raw/kaggle/ibrahimfateen_wound_classification/Wound_dataset copy/Burns/mirrored_case6-burn-to-shoulder.jpg,e0e08d42711d2c1f761545849fc8e77773e7400d79570fa129bf5faea417c2d1,kaggle_card_license_unknown_review_before_redistribution
data/datasets/efficientnet_kaggle_v1/train/burn/1ab85a9c352a038f.jpg,burn,train,data/raw/kaggle/ibrahimfateen_wound_classification/Wound_dataset copy/Burns/mirrored_case7-burn-to-thigh.jpg,1ab85a9c352a038f3b9b24140c561dccdf13b5e024f0d5d43687f542c01fe87e,kaggle_card_license_unknown_review_before_redistribution
data/datasets/efficientnet_kaggle_v1/train/cut/c85e63e50381d958.jpg,cut,train,data/raw/kaggle/ibrahimfateen_wound_classification/Wound_dataset copy/Cut/mirrored_cut (1).jpg,c85e63e50381d9585473858fb99cf95b13b92861e074ce761bbd97d2d99c2e7a,kaggle_card_license_unknown_review_before_redistribution
data/datasets/efficientnet_kaggle_v1/train/cut/f475c257fbd65a95.jpg,cut,train,data/raw/kaggle/ibrahimfateen_wound_classification/Wound_dataset copy/Cut/mirrored_cut (10).jpg,f475c257fbd65a95f866810fa9bbab24db2ca5d0edce6a19710362d6f08eac28,kaggle_card_license_unknown_review_before_redistribution
data/datasets/efficientnet_kaggle_v1/train/cut/db002992f7b438c3.jpg,cut,train,data/raw/kaggle/ibrahimfateen_wound_classification/Wound_dataset copy/Cut/mirrored_cut (11).jpg,db002992f7b438c3bcde7167aebd114296dfb3961b7c9ab830d2e23a3f4fa007,kaggle_card_license_unknown_review_before_redistribution
data/datasets/efficientnet_kaggle_v1/test/cut/af1c7d5bf5da8997.jpg,cut,test,data/raw/kaggle/ibrahimfateen_wound_classification/Wound_dataset copy/Cut/mirrored_cut (12).jpg,af1c7d5bf5da8997feab65f04c206b170280fa552ac86c67c09fb155dd175878,kaggle_card_license_unknown_review_before_redistribution
data/datasets/efficientnet_kaggle_v1/val/cut/e8fac523a53e1d2b.jpg,cut,val,data/raw/kaggle/ibrahimfateen_wound_classification/Wound_dataset copy/Cut/mirrored_cut (13).jpg,e8fac523a53e1d2bf26ad4426688e3427b978a61c71189cf63acba0c2b9a7947,kaggle_card_license_unknown_review_before_redistribution
data/datasets/efficientnet_kaggle_v1/val/cut/8aa0fba08bc25904.jpg,cut,val,data/raw/kaggle/ibrahimfateen_wound_classification/Wound_dataset copy/Cut/mirrored_cut (14).jpg,8aa0fba08bc25904d93eeccd108dc79df0bbf6742f823fd8f12221e66142d13d,kaggle_card_license_unknown_review_before_redistribution
data/datasets/efficientnet_kaggle_v1/train/cut/aa0a93eb842765fb.jpg,cut,train,data/raw/kaggle/ibrahimfateen_wound_classification/Wound_dataset copy/Cut/mirrored_cut (15).jpg,aa0a93eb842765fb08473e935fa83790deab8bdddb5fbe710ca9694cebb2e615,kaggle_card_license_unknown_review_before_redistribution
data/datasets/efficientnet_kaggle_v1/train/cut/a48e08ef1e85d19c.jpg,cut,train,data/raw/kaggle/ibrahimfateen_wound_classification/Wound_dataset copy/Cut/mirrored_cut (16).jpg,a48e08ef1e85d19c4714d077a8774820a509d508c9960babd6e142555b647e27,kaggle_card_license_unknown_review_before_redistribution
data/datasets/efficientnet_kaggle_v1/train/cut/05d7e3d53116d013.jpg,cut,train,data/raw/kaggle/ibrahimfateen_wound_classification/Wound_dataset copy/Cut/mirrored_cut (17).jpg,05d7e3d53116d01362dc4de047bcb55ca2da4bd8c269c432d59b27182441fb9d,kaggle_card_license_unknown_review_before_redistribution
data/datasets/efficientnet_kaggle_v1/val/cut/b6ab9f034affa982.jpg,cut,val,data/raw/kaggle/ibrahimfateen_wound_classification/Wound_dataset copy/Cut/mirrored_cut (18).jpg,b6ab9f034affa982c9f86cf8df2cf5b69af751782adc8f2affe0d060e809e289,kaggle_card_license_unknown_review_before_redistribution
data/datasets/efficientnet_kaggle_v1/test/cut/901df83e57387f9e.jpg,cut,test,data/raw/kaggle/ibrahimfateen_wound_classification/Wound_dataset copy/Cut/mirrored_cut (19).jpg,901df83e57387f9ec673b54ff80ad32f967513975accee33f5b3cb0e1f1fbbac,kaggle_card_license_unknown_review_before_redistribution
data/datasets/efficientnet_kaggle_v1/val/cut/706029e6072c1af9.jpg,cut,val,data/raw/kaggle/ibrahimfateen_wound_classification/Wound_dataset copy/Cut/mirrored_cut (2).jpg,706029e6072c1af97dedd16b722f1e15afc557c3d57aacc1bd6f714aa663b66d,kaggle_card_license_unknown_review_before_redistribution
data/datasets/efficientnet_kaggle_v1/train/cut/cad380d3cc596f59.jpg,cut,train,data/raw/kaggle/ibrahimfateen_wound_classification/Wound_dataset copy/Cut/mirrored_cut (20).jpg,cad380d3cc596f59d5831212b68e1a330da71951bf7e3ad2c471c473e24db937,kaggle_card_license_unknown_review_before_redistribution
data/datasets/efficientnet_kaggle_v1/train/cut/fa1b7b48dc9bc3ab.jpg,cut,train,data/raw/kaggle/ibrahimfateen_wound_classification/Wound_dataset copy/Cut/mirrored_cut (21).jpg,fa1b7b48dc9bc3abf9d0942d0f19b77828b8a0a5abcadac413e6f853c4c3804f,kaggle_card_license_unknown_review_before_redistribution
data/datasets/efficientnet_kaggle_v1/train/cut/5798dbc84623a6da.jpg,cut,train,data/raw/kaggle/ibrahimfateen_wound_classification/Wound_dataset copy/Cut/mirrored_cut (22).jpg,5798dbc84623a6da3fcc82957e112145d775a8bb54e7ac9d53a17a730838f80b,kaggle_card_license_unknown_review_before_redistribution
data/datasets/efficientnet_kaggle_v1/train/cut/91b9127b296afd61.jpg,cut,train,data/raw/kaggle/ibrahimfateen_wound_classification/Wound_dataset copy/Cut/mirrored_cut (23).jpg,91b9127b296afd61cef6a35631b01d82d300f534c10eea3b96cd7360112a4216,kaggle_card_license_unknown_review_before_redistribution
data/datasets/efficientnet_kaggle_v1/test/cut/2732193dbabf24b0.jpg,cut,test,data/raw/kaggle/ibrahimfateen_wound_classification/Wound_dataset copy/Cut/mirrored_cut (24).jpg,2732193dbabf24b014c2007b103d3c0be12e8e38c06a14b833668764bddbfcb8,kaggle_card_license_unknown_review_before_redistribution
data/datasets/efficientnet_kaggle_v1/train/cut/b22c62f6f9441872.jpg,cut,train,data/raw/kaggle/ibrahimfateen_wound_classification/Wound_dataset copy/Cut/mirrored_cut (25).jpg,b22c62f6f94418729d637a12cdf3dd20661e040b6b7c146908275062629864af,kaggle_card_license_unknown_review_before_redistribution
data/datasets/efficientnet_kaggle_v1/test/cut/3309c830a4e554f0.jpg,cut,test,data/raw/kaggle/ibrahimfateen_wound_classification/Wound_dataset copy/Cut/mirrored_cut (26).jpg,3309c830a4e554f0a3ea966e5fd82cc01f8e482aa95e76b11100b93a97f98c6e,kaggle_card_license_unknown_review_before_redistribution
data/datasets/efficientnet_kaggle_v1/train/cut/54dee2492074136c.jpg,cut,train,data/raw/kaggle/ibrahimfateen_wound_classification/Wound_dataset copy/Cut/mirrored_cut (27).jpg,54dee2492074136c0ba5a75454a301afb73e362a2c2445b11ca31522e0a4e8fd,kaggle_card_license_unknown_review_before_redistribution
data/datasets/efficientnet_kaggle_v1/train/cut/77612ee67bc0ddb9.jpg,cut,train,data/raw/kaggle/ibrahimfateen_wound_classification/Wound_dataset copy/Cut/mirrored_cut (28).jpg,77612ee67bc0ddb903fee421541798b8e196c8d712a3ce7511304656cea81ff6,kaggle_card_license_unknown_review_before_redistribution
data/datasets/efficientnet_kaggle_v1/val/cut/c00e41a4c6e1f9b3.jpg,cut,val,data/raw/kaggle/ibrahimfateen_wound_classification/Wound_dataset copy/Cut/mirrored_cut (29).jpg,c00e41a4c6e1f9b383f551b29b78339fbb02d6168103a96cd0010a494abf2bea,kaggle_card_license_unknown_review_before_redistribution
data/datasets/efficientnet_kaggle_v1/train/cut/f81eb426994c21af.jpg,cut,train,data/raw/kaggle/ibrahimfateen_wound_classification/Wound_dataset copy/Cut/mirrored_cut (3).jpg,f81eb426994c21afcd0b4fea02b49b144cd5007ed91940f787a2c9b1566e14ed,kaggle_card_license_unknown_review_before_redistribution
data/datasets/efficientnet_kaggle_v1/train/cut/326428080af2efd1.jpg,cut,train,data/raw/kaggle/ibrahimfateen_wound_classification/Wound_dataset copy/Cut/mirrored_cut (30).jpg,326428080af2efd1784c7a610fa42723e50b97ca868bafb6b7cd9357fb24d1f6,kaggle_card_license_unknown_review_before_redistribution
data/datasets/efficientnet_kaggle_v1/train/cut/157cdc57c78fbc4a.jpg,cut,train,data/raw/kaggle/ibrahimfateen_wound_classification/Wound_dataset copy/Cut/mirrored_cut (31).jpg,157cdc57c78fbc4a435d1a0c51f64e6b31e4a7968a432768f56412dfa9416718,kaggle_card_license_unknown_review_before_redistribution
data/datasets/efficientnet_kaggle_v1/train/cut/07b8d036182fd741.jpg,cut,train,data/raw/kaggle/ibrahimfateen_wound_classification/Wound_dataset copy/Cut/mirrored_cut (32).jpg,07b8d036182fd7415cb23afd5951d419b4d7aac977c3eb584b3fd43750506271,kaggle_card_license_unknown_review_before_redistribution
data/datasets/efficientnet_kaggle_v1/train/cut/a0d9b8f9e85874ac.jpg,cut,train,data/raw/kaggle/ibrahimfateen_wound_classification/Wound_dataset copy/Cut/mirrored_cut (33).jpg,a0d9b8f9e85874acb2d8026540053bc12e56af74b1ecf54fd1e119e60f291bd3,kaggle_card_license_unknown_review_before_redistribution
data/datasets/efficientnet_kaggle_v1/train/cut/28bb1ccbfbd4d5dc.jpg,cut,train,data/raw/kaggle/ibrahimfateen_wound_classification/Wound_dataset copy/Cut/mirrored_cut (34).jpg,28bb1ccbfbd4d5dc73e32a7059345d6f0aa59baac7731d658546024a26279a90,kaggle_card_license_unknown_review_before_redistribution
data/datasets/efficientnet_kaggle_v1/train/cut/912a8461fc4bd861.jpg,cut,train,data/raw/kaggle/ibrahimfateen_wound_classification/Wound_dataset copy/Cut/mirrored_cut (35).jpg,912a8461fc4bd861a442274436edcec23eb1bb9b233fc4e8c027ca62c632588a,kaggle_card_license_unknown_review_before_redistribution
data/datasets/efficientnet_kaggle_v1/train/cut/0cc85a477c01b66d.jpg,cut,train,data/raw/kaggle/ibrahimfateen_wound_classification/Wound_dataset copy/Cut/mirrored_cut (36).jpg,0cc85a477c01b66d816ea11b6ba614f32affcb12fe9f7dd6b4b08d0d44d96bc0,kaggle_card_license_unknown_review_before_redistribution
data/datasets/efficientnet_kaggle_v1/train/cut/aedd240b4329aa29.jpg,cut,train,data/raw/kaggle/ibrahimfateen_wound_classification/Wound_dataset copy/Cut/mirrored_cut (37).jpg,aedd240b4329aa29b2d56a2a862db19f1f2631ebd08ced8ef6356816c13c903b,kaggle_card_license_unknown_review_before_redistribution
data/datasets/efficientnet_kaggle_v1/train/cut/fc4f3b35a2775485.jpg,cut,train,data/raw/kaggle/ibrahimfateen_wound_classification/Wound_dataset copy/Cut/mirrored_cut (38).jpg,fc4f3b35a27754859b59a3e7c13b6231c1403d2104ae38d3f07a9117c8775ed0,kaggle_card_license_unknown_review_before_redistribution
data/datasets/efficientnet_kaggle_v1/val/cut/d632f260559ff35b.jpg,cut,val,data/raw/kaggle/ibrahimfateen_wound_classification/Wound_dataset copy/Cut/mirrored_cut (39).jpg,d632f260559ff35b8164fcd9255605f301ab577bbe2b7b9b09d8fd65d6079295,kaggle_card_license_unknown_review_before_redistribution
data/datasets/efficientnet_kaggle_v1/test/cut/114bb1d16ba5eb43.jpg,cut,test,data/raw/kaggle/ibrahimfateen_wound_classification/Wound_dataset copy/Cut/mirrored_cut (4).jpg,114bb1d16ba5eb43182e229927f048abdfbe8f4759ec3c31bc4617ff8751078b,kaggle_card_license_unknown_review_before_redistribution
data/datasets/efficientnet_kaggle_v1/train/cut/63a90cc0abf43018.jpg,cut,train,data/raw/kaggle/ibrahimfateen_wound_classification/Wound_dataset copy/Cut/mirrored_cut (40).jpg,63a90cc0abf43018bf0e7b430ef63a29fb554296b185ed1fb6bb7d673b2aacb6,kaggle_card_license_unknown_review_before_redistribution
data/datasets/efficientnet_kaggle_v1/train/cut/73945264fd6d7631.jpg,cut,train,data/raw/kaggle/ibrahimfateen_wound_classification/Wound_dataset copy/Cut/mirrored_cut (41).jpg,73945264fd6d7631a730d9a1768eb43276440b3e22e256eb4bbff472c9a51856,kaggle_card_license_unknown_review_before_redistribution
data/datasets/efficientnet_kaggle_v1/test/cut/38a1927e18195bfb.jpg,cut,test,data/raw/kaggle/ibrahimfateen_wound_classification/Wound_dataset copy/Cut/mirrored_cut (42).jpg,38a1927e18195bfb46321983d3879456c065051b9bfc3ac02b20e5676be6b6e1,kaggle_card_license_unknown_review_before_redistribution
data/datasets/efficientnet_kaggle_v1/train/cut/c48d02203600801a.jpg,cut,train,data/raw/kaggle/ibrahimfateen_wound_classification/Wound_dataset copy/Cut/mirrored_cut (43).jpg,c48d02203600801abdc218349bde6daec2c9f40458f795eb3c5f18abe721fa5e,kaggle_card_license_unknown_review_before_redistribution
data/datasets/efficientnet_kaggle_v1/train/cut/b0a6728f48beb628.jpg,cut,train,data/raw/kaggle/ibrahimfateen_wound_classification/Wound_dataset copy/Cut/mirrored_cut (44).jpg,b0a6728f48beb628bce472cd25ea7767347a1a9f77d68e52ae88bb18313166a4,kaggle_card_license_unknown_review_before_redistribution
data/datasets/efficientnet_kaggle_v1/train/cut/4467d30b64812486.jpg,cut,train,data/raw/kaggle/ibrahimfateen_wound_classification/Wound_dataset copy/Cut/mirrored_cut (45).jpg,4467d30b64812486e7a1ae17f652753c71cfc0f87c698f947b31a911e8824934,kaggle_card_license_unknown_review_before_redistribution
data/datasets/efficientnet_kaggle_v1/train/cut/eac20062b1f9f2de.jpg,cut,train,data/raw/kaggle/ibrahimfateen_wound_classification/Wound_dataset copy/Cut/mirrored_cut (46).jpg,eac20062b1f9f2de46d1a25f26a9fe25eb14c41c59f98385f676713ee14760f7,kaggle_card_license_unknown_review_before_redistribution
data/datasets/efficientnet_kaggle_v1/test/cut/d541380868d5cd7c.jpg,cut,test,data/raw/kaggle/ibrahimfateen_wound_classification/Wound_dataset copy/Cut/mirrored_cut (47).jpg,d541380868d5cd7c2bbb44fe31ed4a154107128b93a6e520b31e0a43b3ea4931,kaggle_card_license_unknown_review_before_redistribution
data/datasets/efficientnet_kaggle_v1/val/cut/39f6ca624af3798a.jpg,cut,val,data/raw/kaggle/ibrahimfateen_wound_classification/Wound_dataset copy/Cut/mirrored_cut (48).jpg,39f6ca624af3798af10dc420911b1556b66dcb52729809d65a1eadfd47d8b914,kaggle_card_license_unknown_review_before_redistribution
data/datasets/efficientnet_kaggle_v1/train/cut/06e87651f3815d3e.jpg,cut,train,data/raw/kaggle/ibrahimfateen_wound_classification/Wound_dataset copy/Cut/mirrored_cut (49).jpg,06e87651f3815d3e864ca1429857e5256ef507a1247ffe197774032d6294020a,kaggle_card_license_unknown_review_before_redistribution
data/datasets/efficientnet_kaggle_v1/train/cut/0b81e5d06f6c8fb4.jpg,cut,train,data/raw/kaggle/ibrahimfateen_wound_classification/Wound_dataset copy/Cut/mirrored_cut (5).jpg,0b81e5d06f6c8fb44476f9544344a3e95d3bd810ef7adc6b8e4e8849a8232da3,kaggle_card_license_unknown_review_before_redistribution
data/datasets/efficientnet_kaggle_v1/train/cut/a34aff5c013f47b9.jpg,cut,train,data/raw/kaggle/ibrahimfateen_wound_classification/Wound_dataset copy/Cut/mirrored_cut (50).jpg,a34aff5c013f47b906022057b5b4418a33db0fadcc2fe98fa5f8621c46416cb2,kaggle_card_license_unknown_review_before_redistribution
data/datasets/efficientnet_kaggle_v1/train/cut/30a361ea33e69b53.jpg,cut,train,data/raw/kaggle/ibrahimfateen_wound_classification/Wound_dataset copy/Cut/mirrored_cut (6).jpg,30a361ea33e69b535867fd520f8ed5de6ecdc0526983cfaac031bdd560ccdb1a,kaggle_card_license_unknown_review_before_redistribution
data/datasets/efficientnet_kaggle_v1/train/cut/761fa4fd50387dc7.jpg,cut,train,data/raw/kaggle/ibrahimfateen_wound_classification/Wound_dataset copy/Cut/mirrored_cut (7).jpg,761fa4fd50387dc79239a07b25043a6de3da7af93726e68a785df9ac296daed3,kaggle_card_license_unknown_review_before_redistribution
data/datasets/efficientnet_kaggle_v1/test/cut/5db85259496373dc.jpg,cut,test,data/raw/kaggle/ibrahimfateen_wound_classification/Wound_dataset copy/Cut/mirrored_cut (8).jpg,5db85259496373dc497f36d1ac37477d792f42ff94dd1f828999ad8962eb9940,kaggle_card_license_unknown_review_before_redistribution
data/datasets/efficientnet_kaggle_v1/train/cut/aa8fddd01291669e.jpg,cut,train,data/raw/kaggle/ibrahimfateen_wound_classification/Wound_dataset copy/Cut/mirrored_cut (9).jpg,aa8fddd01291669e4e7a37fe90ab59089ebebb2147f5a6efd0d9613d08971a76,kaggle_card_license_unknown_review_before_redistribution
data/datasets/efficientnet_kaggle_v1/train/wound/e43113841f025e9e.jpg,wound,train,data/raw/kaggle/ibrahimfateen_wound_classification/Wound_dataset copy/Diabetic Wounds/100_0.jpg,e43113841f025e9e5b68fffa6ab62e1ab3ebb07290dd705e2a26d2737e436ca9,kaggle_card_license_unknown_review_before_redistribution
data/datasets/efficientnet_kaggle_v1/train/wound/f2b9e8d0ae19c9c4.jpg,wound,train,data/raw/kaggle/ibrahimfateen_wound_classification/Wound_dataset copy/Diabetic Wounds/101_0.jpg,f2b9e8d0ae19c9c41da5e90b5cc4c0d5d86a7a971ae36e21f79c42192e8ee413,kaggle_card_license_unknown_review_before_redistribution
data/datasets/efficientnet_kaggle_v1/train/wound/413015c43d507def.jpg,wound,train,data/raw/kaggle/ibrahimfateen_wound_classification/Wound_dataset copy/Diabetic Wounds/102_0.jpg,413015c43d507def913ee12cf8f5c665357951203fcf6648335304dd184d6cab,kaggle_card_license_unknown_review_before_redistribution
data/datasets/efficientnet_kaggle_v1/train/wound/d7f082cbcfefb957.jpg,wound,train,data/raw/kaggle/ibrahimfateen_wound_classification/Wound_dataset copy/Diabetic Wounds/103_0.jpg,d7f082cbcfefb957e8cbdb9fbb8886c9f891393944b1bc0d04406daaba162c6c,kaggle_card_license_unknown_review_before_redistribution
data/datasets/efficientnet_kaggle_v1/train/wound/d6cf0990b345a4f2.jpg,wound,train,data/raw/kaggle/ibrahimfateen_wound_classification/Wound_dataset copy/Diabetic Wounds/104_0.jpg,d6cf0990b345a4f237fafd2783f2fa2af46c706c557d6d83fa65858a4204ae55,kaggle_card_license_unknown_review_before_redistribution
data/datasets/efficientnet_kaggle_v1/val/wound/00e9c4080ecf8c88.jpg,wound,val,data/raw/kaggle/ibrahimfateen_wound_classification/Wound_dataset copy/Diabetic Wounds/105_0.jpg,00e9c4080ecf8c887c3c3f7f73419da552cd958a80883dec24a5a0ed9b3e24a2,kaggle_card_license_unknown_review_before_redistribution
data/datasets/efficientnet_kaggle_v1/train/wound/8f06887bf674e700.jpg,wound,train,data/raw/kaggle/ibrahimfateen_wound_classification/Wound_dataset copy/Diabetic Wounds/106_0.jpg,8f06887bf674e700eb03612629c2e38c512fb9853a340452890dfbd0f5593ee3,kaggle_card_license_unknown_review_before_redistribution
data/datasets/efficientnet_kaggle_v1/val/wound/6ae3296c0e8a0d82.jpg,wound,val,data/raw/kaggle/ibrahimfateen_wound_classification/Wound_dataset copy/Diabetic Wounds/107_0.jpg,6ae3296c0e8a0d823fd8d5b2ff87952faf719da7830f46789cf281b1ee074dd9,kaggle_card_license_unknown_review_before_redistribution
data/datasets/efficientnet_kaggle_v1/train/wound/26610faabdff1b3e.jpg,wound,train,data/raw/kaggle/ibrahimfateen_wound_classification/Wound_dataset copy/Diabetic Wounds/108_0.jpg,26610faabdff1b3e305d0899d3c2368c1d5b3f4dc2edacde47b5454cfaf23b22,kaggle_card_license_unknown_review_before_redistribution
data/datasets/efficientnet_kaggle_v1/train/wound/4e58dcb6d43f9133.jpg,wound,train,data/raw/kaggle/ibrahimfateen_wound_classification/Wound_dataset copy/Diabetic Wounds/109_0.jpg,4e58dcb6d43f91331d99287ce4dc04887900661f972dff6b6ab2e33b6fd5e6a6,kaggle_card_license_unknown_review_before_redistribution
data/datasets/efficientnet_kaggle_v1/val/wound/7b0c049f8f2cc45c.jpg,wound,val,data/raw/kaggle/ibrahimfateen_wound_classification/Wound_dataset copy/Diabetic Wounds/10_0.jpg,7b0c049f8f2cc45c5912d45f6a2050ade50d70b9d8046aae8aa0cb01b8ce5493,kaggle_card_license_unknown_review_before_redistribution
data/datasets/efficientnet_kaggle_v1/train/wound/1acab58ae673cbeb.jpg,wound,train,data/raw/kaggle/ibrahimfateen_wound_classification/Wound_dataset copy/Diabetic Wounds/110_0.jpg,1acab58ae673cbeb55b6e50ece3b011ed3df1b3e5bedd0e1c0cbc051c4080564,kaggle_card_license_unknown_review_before_redistribution
data/datasets/efficientnet_kaggle_v1/train/wound/7c354c0d4a07f15a.jpg,wound,train,data/raw/kaggle/ibrahimfateen_wound_classification/Wound_dataset copy/Diabetic Wounds/111_0.jpg,7c354c0d4a07f15a6a6288040728e841dcbf50a2b51c965df666c1940c3acec8,kaggle_card_license_unknown_review_before_redistribution
data/datasets/efficientnet_kaggle_v1/val/wound/6deb2f9166c1219b.jpg,wound,val,data/raw/kaggle/ibrahimfateen_wound_classification/Wound_dataset copy/Diabetic Wounds/112_0.jpg,6deb2f9166c1219b73b756a57381e4090adbc410e6235223e26a36d383d0c3e4,kaggle_card_license_unknown_review_before_redistribution
data/datasets/efficientnet_kaggle_v1/train/wound/9dd7cd628617b115.jpg,wound,train,data/raw/kaggle/ibrahimfateen_wound_classification/Wound_dataset copy/Diabetic Wounds/113_0.jpg,9dd7cd628617b115d5982f39fc05b3741e9285528ea6113b13f1b74a9e3af5c6,kaggle_card_license_unknown_review_before_redistribution
data/datasets/efficientnet_kaggle_v1/val/wound/3a708a5bcf9af9e0.jpg,wound,val,data/raw/kaggle/ibrahimfateen_wound_classification/Wound_dataset copy/Diabetic Wounds/114_0.jpg,3a708a5bcf9af9e076ddbe7de61f74218ae18f33b7a32472c60d82122b7ae05f,kaggle_card_license_unknown_review_before_redistribution
data/datasets/efficientnet_kaggle_v1/train/wound/b3b2737c258fb782.jpg,wound,train,data/raw/kaggle/ibrahimfateen_wound_classification/Wound_dataset copy/Diabetic Wounds/115_0.jpg,b3b2737c258fb782580f8cc18d71cafb6bf61b43b9225d019b95017a602dbcfb,kaggle_card_license_unknown_review_before_redistribution
data/datasets/efficientnet_kaggle_v1/train/wound/d9111f166d1113d5.jpg,wound,train,data/raw/kaggle/ibrahimfateen_wound_classification/Wound_dataset copy/Diabetic Wounds/116_0.jpg,d9111f166d1113d5baefd36f3249d520e0d6244b0d0d25e9f94b0306744c4d8e,kaggle_card_license_unknown_review_before_redistribution
data/datasets/efficientnet_kaggle_v1/train/wound/82ab61c49760f300.jpg,wound,train,data/raw/kaggle/ibrahimfateen_wound_classification/Wound_dataset copy/Diabetic Wounds/117_0.jpg,82ab61c49760f300fb844b811c98268bb787c4e59d716652fb31cbed826ec8d0,kaggle_card_license_unknown_review_before_redistribution
data/datasets/efficientnet_kaggle_v1/train/wound/f8cc7fed676b97e6.jpg,wound,train,data/raw/kaggle/ibrahimfateen_wound_classification/Wound_dataset copy/Diabetic Wounds/118_0.jpg,f8cc7fed676b97e68d2a47c68a24b77d8e8b13b8d1025a39064dc582520ee24d,kaggle_card_license_unknown_review_before_redistribution
data/datasets/efficientnet_kaggle_v1/train/wound/49eb97acb392d979.jpg,wound,train,data/raw/kaggle/ibrahimfateen_wound_classification/Wound_dataset copy/Diabetic Wounds/119_0.jpg,49eb97acb392d979a1e79b4548a4ef1af1b7a48a391cc5fe9583212f238c1b77,kaggle_card_license_unknown_review_before_redistribution
data/datasets/efficientnet_kaggle_v1/train/wound/0fc18e4261616f77.jpg,wound,train,data/raw/kaggle/ibrahimfateen_wound_classification/Wound_dataset copy/Diabetic Wounds/11_0.jpg,0fc18e4261616f77dc72b755870cfb895a372396c390898842598511ef8b40f3,kaggle_card_license_unknown_review_before_redistribution
data/datasets/efficientnet_kaggle_v1/val/wound/15afded599611987.jpg,wound,val,data/raw/kaggle/ibrahimfateen_wound_classification/Wound_dataset copy/Diabetic Wounds/120_0.jpg,15afded5996119870f0767a91911d62d017845c70f517a61fececc73301b7ea4,kaggle_card_license_unknown_review_before_redistribution
data/datasets/efficientnet_kaggle_v1/train/wound/7ab1b433b2f39166.jpg,wound,train,data/raw/kaggle/ibrahimfateen_wound_classification/Wound_dataset copy/Diabetic Wounds/121_0.jpg,7ab1b433b2f39166801a56b79eab7f841840af7abaa73fdddcd9a869a0e6f2f0,kaggle_card_license_unknown_review_before_redistribution
data/datasets/efficientnet_kaggle_v1/val/wound/1b8124b3745786ff.jpg,wound,val,data/raw/kaggle/ibrahimfateen_wound_classification/Wound_dataset copy/Diabetic Wounds/122_0.jpg,1b8124b3745786ff62d5dfe4161955e352ce05988872f4bf7a4a4fbd11b42944,kaggle_card_license_unknown_review_before_redistribution
data/datasets/efficientnet_kaggle_v1/train/wound/dc9521688f52c8eb.jpg,wound,train,data/raw/kaggle/ibrahimfateen_wound_classification/Wound_dataset copy/Diabetic Wounds/122_1.jpg,dc9521688f52c8ebd0756555dbe51ab7b692cc35de467985b94cf4688759b243,kaggle_card_license_unknown_review_before_redistribution
data/datasets/efficientnet_kaggle_v1/train/wound/444f09dd9828432a.jpg,wound,train,data/raw/kaggle/ibrahimfateen_wound_classification/Wound_dataset copy/Diabetic Wounds/123_0.jpg,444f09dd9828432a32a3679d8784d37af6cb1c71028e3ecf61a86317de27f830,kaggle_card_license_unknown_review_before_redistribution
data/datasets/efficientnet_kaggle_v1/train/wound/c3168f8d23b0f1c8.jpg,wound,train,data/raw/kaggle/ibrahimfateen_wound_classification/Wound_dataset copy/Diabetic Wounds/124_0.jpg,c3168f8d23b0f1c8767dfa5ccf599ae6532711f841a0526b2923802061e75f9d,kaggle_card_license_unknown_review_before_redistribution
data/datasets/efficientnet_kaggle_v1/train/wound/d3fcfef21190c174.jpg,wound,train,data/raw/kaggle/ibrahimfateen_wound_classification/Wound_dataset copy/Diabetic Wounds/125_0.jpg,d3fcfef21190c174441cb520963a37ec15e49892c842f24e3431195bcb469e93,kaggle_card_license_unknown_review_before_redistribution
data/datasets/efficientnet_kaggle_v1/test/wound/7936ab88ec4440a6.jpg,wound,test,data/raw/kaggle/ibrahimfateen_wound_classification/Wound_dataset copy/Diabetic Wounds/126_0.jpg,7936ab88ec4440a661c4554d156822afe3891c5414cfde95a5194859f28db7a9,kaggle_card_license_unknown_review_before_redistribution
data/datasets/efficientnet_kaggle_v1/train/wound/8349ce5d649b75e3.jpg,wound,train,data/raw/kaggle/ibrahimfateen_wound_classification/Wound_dataset copy/Diabetic Wounds/127_0.jpg,8349ce5d649b75e38127aa6d1c757517b7a20b7d23e4fcc00e7815905fc8f086,kaggle_card_license_unknown_review_before_redistribution
data/datasets/efficientnet_kaggle_v1/test/wound/4719ddad44c2c6d2.jpg,wound,test,data/raw/kaggle/ibrahimfateen_wound_classification/Wound_dataset copy/Diabetic Wounds/128_0.jpg,4719ddad44c2c6d2da99f71d62edaf72454628189d5eaae22dca1379fb308387,kaggle_card_license_unknown_review_before_redistribution
data/datasets/efficientnet_kaggle_v1/train/wound/8862904dfe6c1c3e.jpg,wound,train,data/raw/kaggle/ibrahimfateen_wound_classification/Wound_dataset copy/Diabetic Wounds/129_0.jpg,8862904dfe6c1c3ecd19b06db781de3aa4aa2cd6e7f82101915b24c580d3bf71,kaggle_card_license_unknown_review_before_redistribution
data/datasets/efficientnet_kaggle_v1/train/wound/d648a8ba235096c3.jpg,wound,train,data/raw/kaggle/ibrahimfateen_wound_classification/Wound_dataset copy/Diabetic Wounds/129_1.jpg,d648a8ba235096c34db41e186eb140afca8b35a9bd6910e523be35dd4abaa8a4,kaggle_card_license_unknown_review_before_redistribution
data/datasets/efficientnet_kaggle_v1/val/wound/f3b370450bdd328f.jpg,wound,val,data/raw/kaggle/ibrahimfateen_wound_classification/Wound_dataset copy/Diabetic Wounds/129_2.jpg,f3b370450bdd328fa9b462afc6fb594c7b6b4beaca705a32938e95266debb3dc,kaggle_card_license_unknown_review_before_redistribution
data/datasets/efficientnet_kaggle_v1/test/wound/b9c9fb89bb574fa2.jpg,wound,test,data/raw/kaggle/ibrahimfateen_wound_classification/Wound_dataset copy/Diabetic Wounds/129_3.jpg,b9c9fb89bb574fa2bcae588e41caf0c7ebbde7f433e5ef1c670d4ee72ace1ade,kaggle_card_license_unknown_review_before_redistribution
data/datasets/efficientnet_kaggle_v1/train/wound/b6e35ff204f7e76f.jpg,wound,train,data/raw/kaggle/ibrahimfateen_wound_classification/Wound_dataset copy/Diabetic Wounds/12_0.jpg,b6e35ff204f7e76f00806dc17a9575c2ca1e22d7dce09d3a0020c4e1dc1f74f3,kaggle_card_license_unknown_review_before_redistribution
data/datasets/efficientnet_kaggle_v1/val/wound/acf2f1116dffb2cc.jpg,wound,val,data/raw/kaggle/ibrahimfateen_wound_classification/Wound_dataset copy/Diabetic Wounds/130_0.jpg,acf2f1116dffb2cc1c08215d9c64a3cbfe324cfeeabc6a618a8666dc788b6369,kaggle_card_license_unknown_review_before_redistribution
data/datasets/efficientnet_kaggle_v1/train/wound/faf7b4835931f899.jpg,wound,train,data/raw/kaggle/ibrahimfateen_wound_classification/Wound_dataset copy/Diabetic Wounds/131_0.jpg,faf7b4835931f899fdf3610438a7c7f16e6a8959d98ae465675047e699b16576,kaggle_card_license_unknown_review_before_redistribution
data/datasets/efficientnet_kaggle_v1/train/wound/4ae04823d6559d24.jpg,wound,train,data/raw/kaggle/ibrahimfateen_wound_classification/Wound_dataset copy/Diabetic Wounds/131_1.jpg,4ae04823d6559d244a49266d098314c6bf2a45b8aa042fd3825a739b8b8fca9d,kaggle_card_license_unknown_review_before_redistribution
data/datasets/efficientnet_kaggle_v1/train/wound/cde1848e08521825.jpg,wound,train,data/raw/kaggle/ibrahimfateen_wound_classification/Wound_dataset copy/Diabetic Wounds/132_0.jpg,cde1848e08521825689c60c8a50b68d6fea2a60465c6c19e0435e4f3708d7887,kaggle_card_license_unknown_review_before_redistribution
data/datasets/efficientnet_kaggle_v1/train/wound/e765d3103e23efdb.jpg,wound,train,data/raw/kaggle/ibrahimfateen_wound_classification/Wound_dataset copy/Diabetic Wounds/132_1.jpg,e765d3103e23efdb0952a98dff1d43708178213ce67944155cd62d23c33f50c1,kaggle_card_license_unknown_review_before_redistribution
data/datasets/efficientnet_kaggle_v1/train/wound/a910428a471c9c09.jpg,wound,train,data/raw/kaggle/ibrahimfateen_wound_classification/Wound_dataset copy/Diabetic Wounds/133_0.jpg,a910428a471c9c09f5d69a5fa5910ee5ae23115428322e018905d32acaf40765,kaggle_card_license_unknown_review_before_redistribution
data/datasets/efficientnet_kaggle_v1/train/wound/8e45b0249cd06757.jpg,wound,train,data/raw/kaggle/ibrahimfateen_wound_classification/Wound_dataset copy/Diabetic Wounds/134_0.jpg,8e45b0249cd06757aa6ce612713fc8994911c654e811977d5a9692c8fbdc3496,kaggle_card_license_unknown_review_before_redistribution
data/datasets/efficientnet_kaggle_v1/train/wound/a52fa2e9b8cde910.jpg,wound,train,data/raw/kaggle/ibrahimfateen_wound_classification/Wound_dataset copy/Diabetic Wounds/134_1.jpg,a52fa2e9b8cde910ae78ffac3efcd877732b3094c1067d2bd76d634679dc3b3d,kaggle_card_license_unknown_review_before_redistribution
data/datasets/efficientnet_kaggle_v1/train/wound/10f2aae2eaafe788.jpg,wound,train,data/raw/kaggle/ibrahimfateen_wound_classification/Wound_dataset copy/Diabetic Wounds/135_0.jpg,10f2aae2eaafe788c7f83a836e683902318d4bb1eb08919d4304d3bfbb8c907c,kaggle_card_license_unknown_review_before_redistribution
data/datasets/efficientnet_kaggle_v1/train/wound/6a94d9fa6dbfd422.jpg,wound,train,data/raw/kaggle/ibrahimfateen_wound_classification/Wound_dataset copy/Diabetic Wounds/136_0.jpg,6a94d9fa6dbfd4224c0ab88f947fc7f0a68484517cd0da5e563deeef71d9afbd,kaggle_card_license_unknown_review_before_redistribution
data/datasets/efficientnet_kaggle_v1/train/wound/156536923840df44.jpg,wound,train,data/raw/kaggle/ibrahimfateen_wound_classification/Wound_dataset copy/Diabetic Wounds/137_0.jpg,156536923840df44e1a952fc812aaa84049844c23a9807c7688d1ce8a9179e39,kaggle_card_license_unknown_review_before_redistribution
data/datasets/efficientnet_kaggle_v1/train/wound/562dbb279efd67e8.jpg,wound,train,data/raw/kaggle/ibrahimfateen_wound_classification/Wound_dataset copy/Diabetic Wounds/138_0.jpg,562dbb279efd67e855de9c49e3151c914ef59a38f1b78fabc4f3e51635f9f7d9,kaggle_card_license_unknown_review_before_redistribution
data/datasets/efficientnet_kaggle_v1/test/wound/e6155c6688ab2e17.jpg,wound,test,data/raw/kaggle/ibrahimfateen_wound_classification/Wound_dataset copy/Diabetic Wounds/138_1.jpg,e6155c6688ab2e171b961a5279046bec6d91b8c0c860bbe93555da2a2870e40a,kaggle_card_license_unknown_review_before_redistribution
data/datasets/efficientnet_kaggle_v1/train/wound/b4fe1b532b01a55f.jpg,wound,train,data/raw/kaggle/ibrahimfateen_wound_classification/Wound_dataset copy/Diabetic Wounds/139_0.jpg,b4fe1b532b01a55ff1937facf63a3a43df2cbd7f774e3bfa6467074cff8b36f4,kaggle_card_license_unknown_review_before_redistribution
data/datasets/efficientnet_kaggle_v1/train/wound/fdae42ec9eb19bc6.jpg,wound,train,data/raw/kaggle/ibrahimfateen_wound_classification/Wound_dataset copy/Diabetic Wounds/139_1.jpg,fdae42ec9eb19bc6c8ed161f7453948bc0f6caff94614b587ce0ccff58315158,kaggle_card_license_unknown_review_before_redistribution
data/datasets/efficientnet_kaggle_v1/val/wound/53bb4e3827108940.jpg,wound,val,data/raw/kaggle/ibrahimfateen_wound_classification/Wound_dataset copy/Diabetic Wounds/13_0.jpg,53bb4e3827108940d6f0d9197671e23e20ded595676f286092cc2ddf6432ffbe,kaggle_card_license_unknown_review_before_redistribution
data/datasets/efficientnet_kaggle_v1/test/wound/8ad362627bffcf1a.jpg,wound,test,data/raw/kaggle/ibrahimfateen_wound_classification/Wound_dataset copy/Diabetic Wounds/140_0.jpg,8ad362627bffcf1ae6e0302ae9295f077e332f9e2de475047baf595f4f399874,kaggle_card_license_unknown_review_before_redistribution
data/datasets/efficientnet_kaggle_v1/test/wound/397a43251a1082cb.jpg,wound,test,data/raw/kaggle/ibrahimfateen_wound_classification/Wound_dataset copy/Diabetic Wounds/141_0.jpg,397a43251a1082cb9cad68b1f77fd61004256abf2fbbab99c39392eced0c77ca,kaggle_card_license_unknown_review_before_redistribution
data/datasets/efficientnet_kaggle_v1/train/wound/03249c9d7d97c7b9.jpg,wound,train,data/raw/kaggle/ibrahimfateen_wound_classification/Wound_dataset copy/Diabetic Wounds/142_0.jpg,03249c9d7d97c7b9320dea0da0483533ae2ecd920c990b837e2f9be451e8a41b,kaggle_card_license_unknown_review_before_redistribution
data/datasets/efficientnet_kaggle_v1/test/wound/933348a91844f186.jpg,wound,test,data/raw/kaggle/ibrahimfateen_wound_classification/Wound_dataset copy/Diabetic Wounds/143_0.jpg,933348a91844f1867714c311c5ae30b1c63e0dc723e0ed972067ecab3e28af9f,kaggle_card_license_unknown_review_before_redistribution
data/datasets/efficientnet_kaggle_v1/train/wound/d988622eb54e322c.jpg,wound,train,data/raw/kaggle/ibrahimfateen_wound_classification/Wound_dataset copy/Diabetic Wounds/144_0.jpg,d988622eb54e322c54e310e99609eebd9e5075c96597341394020bfa3fd7b46e,kaggle_card_license_unknown_review_before_redistribution
data/datasets/efficientnet_kaggle_v1/train/wound/8ed4f9bffbe35edd.jpg,wound,train,data/raw/kaggle/ibrahimfateen_wound_classification/Wound_dataset copy/Diabetic Wounds/145_0.jpg,8ed4f9bffbe35edd3033312f77e7e098122752502495ea0396e9c605e6e2c230,kaggle_card_license_unknown_review_before_redistribution
data/datasets/efficientnet_kaggle_v1/test/wound/4867648aec8b8eaf.jpg,wound,test,data/raw/kaggle/ibrahimfateen_wound_classification/Wound_dataset copy/Diabetic Wounds/145_1.jpg,4867648aec8b8eaf30fc5914abef70d3fbe9454de3fecc43efce280f7fe70793,kaggle_card_license_unknown_review_before_redistribution
data/datasets/efficientnet_kaggle_v1/test/wound/f5f1bb1bff13018f.jpg,wound,test,data/raw/kaggle/ibrahimfateen_wound_classification/Wound_dataset copy/Diabetic Wounds/146_0.jpg,f5f1bb1bff13018f6a5edfe85294007c5114cd9b3cd77448f48a82bbd2325da7,kaggle_card_license_unknown_review_before_redistribution
data/datasets/efficientnet_kaggle_v1/train/wound/4bb076604b987715.jpg,wound,train,data/raw/kaggle/ibrahimfateen_wound_classification/Wound_dataset copy/Diabetic Wounds/146_1.jpg,4bb076604b9877153e7eb512681b1f5241fa4fb1f9f1e88701d71ae6ddeec3eb,kaggle_card_license_unknown_review_before_redistribution
data/datasets/efficientnet_kaggle_v1/train/wound/e1db83cb369d7f17.jpg,wound,train,data/raw/kaggle/ibrahimfateen_wound_classification/Wound_dataset copy/Diabetic Wounds/146_2.jpg,e1db83cb369d7f176e6bfcaaa1e6f665692e701cf6645bf3839d11626a94e7cf,kaggle_card_license_unknown_review_before_redistribution
data/datasets/efficientnet_kaggle_v1/train/wound/c211f055f1535448.jpg,wound,train,data/raw/kaggle/ibrahimfateen_wound_classification/Wound_dataset copy/Diabetic Wounds/147_0.jpg,c211f055f15354480001dec04e185f2749485825d23ee19d7df35a31c59e8006,kaggle_card_license_unknown_review_before_redistribution
data/datasets/efficientnet_kaggle_v1/val/wound/458e28e43e4f702c.jpg,wound,val,data/raw/kaggle/ibrahimfateen_wound_classification/Wound_dataset copy/Diabetic Wounds/147_1.jpg,458e28e43e4f702cf661fd6203754813aa70b1b072efad4f9945d545017e66b7,kaggle_card_license_unknown_review_before_redistribution
data/datasets/efficientnet_kaggle_v1/train/wound/80fb19a743882bb0.jpg,wound,train,data/raw/kaggle/ibrahimfateen_wound_classification/Wound_dataset copy/Diabetic Wounds/148_0.jpg,80fb19a743882bb0e2fb27c8f85c8ec4f52308c4c95e285d5ea511c7371401fd,kaggle_card_license_unknown_review_before_redistribution
data/datasets/efficientnet_kaggle_v1/train/wound/f9d5ad03a01a8d55.jpg,wound,train,data/raw/kaggle/ibrahimfateen_wound_classification/Wound_dataset copy/Diabetic Wounds/149_0.jpg,f9d5ad03a01a8d559873452d6d748433ff40ee10b083f394c6ff786f6049b5e9,kaggle_card_license_unknown_review_before_redistribution
data/datasets/efficientnet_kaggle_v1/train/wound/7eb3b4e1c6834eb5.jpg,wound,train,data/raw/kaggle/ibrahimfateen_wound_classification/Wound_dataset copy/Diabetic Wounds/14_0.jpg,7eb3b4e1c6834eb599b7c9105bc41a3d043746bf41b0f832cd73e2fa51cae98f,kaggle_card_license_unknown_review_before_redistribution
data/datasets/efficientnet_kaggle_v1/test/wound/2111b5dd992e9671.jpg,wound,test,data/raw/kaggle/ibrahimfateen_wound_classification/Wound_dataset copy/Diabetic Wounds/150_0.jpg,2111b5dd992e9671e97b70da6bcb2a29ef147ae32c6a74846926665a0e0b96ac,kaggle_card_license_unknown_review_before_redistribution
data/datasets/efficientnet_kaggle_v1/train/wound/f55515c2ec238835.jpg,wound,train,data/raw/kaggle/ibrahimfateen_wound_classification/Wound_dataset copy/Diabetic Wounds/151_0.jpg,f55515c2ec2388353045229c59d9995b04c7a5629f4f6fe934336639e7bf9ad4,kaggle_card_license_unknown_review_before_redistribution
data/datasets/efficientnet_kaggle_v1/train/wound/ff8429c46cc60424.jpg,wound,train,data/raw/kaggle/ibrahimfateen_wound_classification/Wound_dataset copy/Diabetic Wounds/152_0.jpg,ff8429c46cc6042457db8d58d3963905216375b4184d5b7f7dd620ee66454da6,kaggle_card_license_unknown_review_before_redistribution
data/datasets/efficientnet_kaggle_v1/train/wound/e238867edeafaa11.jpg,wound,train,data/raw/kaggle/ibrahimfateen_wound_classification/Wound_dataset copy/Diabetic Wounds/153_0.jpg,e238867edeafaa11a24d456757acda13e2196b08eaa9509e9c14ce8f8c488358,kaggle_card_license_unknown_review_before_redistribution
data/datasets/efficientnet_kaggle_v1/train/wound/317db0bce7ca2069.jpg,wound,train,data/raw/kaggle/ibrahimfateen_wound_classification/Wound_dataset copy/Diabetic Wounds/154_0.jpg,317db0bce7ca2069feb66c2901f7f8374d2957cab78ff7cf919f01c5dd9879fb,kaggle_card_license_unknown_review_before_redistribution
data/datasets/efficientnet_kaggle_v1/train/wound/0e8cb50c69200479.jpg,wound,train,data/raw/kaggle/ibrahimfateen_wound_classification/Wound_dataset copy/Diabetic Wounds/15_0.jpg,0e8cb50c692004792445a032c680ce97f80f94c2d9356425f726449c0e3b4fee,kaggle_card_license_unknown_review_before_redistribution
data/datasets/efficientnet_kaggle_v1/val/wound/e119e1b2e6fd1a26.jpg,wound,val,data/raw/kaggle/ibrahimfateen_wound_classification/Wound_dataset copy/Diabetic Wounds/16_0.jpg,e119e1b2e6fd1a26dcf215b56e35806d3e73d1dd5a96a7dbb58ac13369253709,kaggle_card_license_unknown_review_before_redistribution
data/datasets/efficientnet_kaggle_v1/train/wound/22493d986181bab2.jpg,wound,train,data/raw/kaggle/ibrahimfateen_wound_classification/Wound_dataset copy/Diabetic Wounds/17_0.jpg,22493d986181bab2a5043a6c04c2366478cf752e340a402ed256f9bffba5cf44,kaggle_card_license_unknown_review_before_redistribution
data/datasets/efficientnet_kaggle_v1/train/wound/4bc46dccb84dd4ac.jpg,wound,train,data/raw/kaggle/ibrahimfateen_wound_classification/Wound_dataset copy/Diabetic Wounds/18_0.jpg,4bc46dccb84dd4ac401799ab06d3f427eb01554204723ad7e7669272cd5abffe,kaggle_card_license_unknown_review_before_redistribution
data/datasets/efficientnet_kaggle_v1/train/wound/6bbe2d9d624aad13.jpg,wound,train,data/raw/kaggle/ibrahimfateen_wound_classification/Wound_dataset copy/Diabetic Wounds/19_0.jpg,6bbe2d9d624aad130e527b600b434ee13035f67707c9f5508efc6e1986169076,kaggle_card_license_unknown_review_before_redistribution
data/datasets/efficientnet_kaggle_v1/train/wound/602af804b10c8feb.jpg,wound,train,data/raw/kaggle/ibrahimfateen_wound_classification/Wound_dataset copy/Diabetic Wounds/1_0.jpg,602af804b10c8feb39782c48f405a8f8c73ac4d8051bb9e42e47e860ba9cf3e4,kaggle_card_license_unknown_review_before_redistribution
data/datasets/efficientnet_kaggle_v1/val/wound/34754f0a6761f2c2.jpg,wound,val,data/raw/kaggle/ibrahimfateen_wound_classification/Wound_dataset copy/Diabetic Wounds/20_0.jpg,34754f0a6761f2c224e76d47039d8f7e6a73aa326846793b21fd3ce49418072f,kaggle_card_license_unknown_review_before_redistribution
data/datasets/efficientnet_kaggle_v1/train/wound/996b08d93cd7e283.jpg,wound,train,data/raw/kaggle/ibrahimfateen_wound_classification/Wound_dataset copy/Diabetic Wounds/21_0.jpg,996b08d93cd7e2833c27c51172f2304c02c77f4437b426cf4a8fd76d4387086e,kaggle_card_license_unknown_review_before_redistribution
data/datasets/efficientnet_kaggle_v1/train/wound/877599065e155eb3.jpg,wound,train,data/raw/kaggle/ibrahimfateen_wound_classification/Wound_dataset copy/Diabetic Wounds/22_0.jpg,877599065e155eb37bd90421db8594f463fe9e953101f7c269d985b96ac9c63a,kaggle_card_license_unknown_review_before_redistribution
data/datasets/efficientnet_kaggle_v1/train/wound/7812f5e1318d6782.jpg,wound,train,data/raw/kaggle/ibrahimfateen_wound_classification/Wound_dataset copy/Diabetic Wounds/23_0.jpg,7812f5e1318d6782b1e69af932c52d59f14191b7f438062a4f61c2bb1fdd8555,kaggle_card_license_unknown_review_before_redistribution
data/datasets/efficientnet_kaggle_v1/train/wound/3f8f29d2af01ee6b.jpg,wound,train,data/raw/kaggle/ibrahimfateen_wound_classification/Wound_dataset copy/Diabetic Wounds/23_1.jpg,3f8f29d2af01ee6b99f07f2b3f3bc93ba89aaa3e09c0c932d6e487719f3c1fe7,kaggle_card_license_unknown_review_before_redistribution
data/datasets/efficientnet_kaggle_v1/train/wound/c1cfd2f4e3f77f3f.jpg,wound,train,data/raw/kaggle/ibrahimfateen_wound_classification/Wound_dataset copy/Diabetic Wounds/24_0.jpg,c1cfd2f4e3f77f3f3aba8ba1f9b7ee35cc294ca8677edc5203bb00a5cd9cb6e8,kaggle_card_license_unknown_review_before_redistribution
data/datasets/efficientnet_kaggle_v1/train/wound/754f97bbc201bad6.jpg,wound,train,data/raw/kaggle/ibrahimfateen_wound_classification/Wound_dataset copy/Diabetic Wounds/25_0.jpg,754f97bbc201bad611e17f5ef3e56e3e0f771c65b9c9e5ad55f336047c774e32,kaggle_card_license_unknown_review_before_redistribution
data/datasets/efficientnet_kaggle_v1/train/wound/dd5a63d4630ea472.jpg,wound,train,data/raw/kaggle/ibrahimfateen_wound_classification/Wound_dataset copy/Diabetic Wounds/25_1.jpg,dd5a63d4630ea472afbe7f87d36e5478245e7ab88f78cf8c19a09ef7138c47f0,kaggle_card_license_unknown_review_before_redistribution
data/datasets/efficientnet_kaggle_v1/val/wound/ce79372711e1a973.jpg,wound,val,data/raw/kaggle/ibrahimfateen_wound_classification/Wound_dataset copy/Diabetic Wounds/26_0.jpg,ce79372711e1a97380d1389ba97f67a101df832a2cd6c48a4131c64b5f21d846,kaggle_card_license_unknown_review_before_redistribution
data/datasets/efficientnet_kaggle_v1/train/wound/5d44ac61dbab8255.jpg,wound,train,data/raw/kaggle/ibrahimfateen_wound_classification/Wound_dataset copy/Diabetic Wounds/27_0.jpg,5d44ac61dbab825551f6f4da7d378418a92734a657bd85e8a170704656b22c23,kaggle_card_license_unknown_review_before_redistribution
data/datasets/efficientnet_kaggle_v1/val/wound/c7e91cec5cb46215.jpg,wound,val,data/raw/kaggle/ibrahimfateen_wound_classification/Wound_dataset copy/Diabetic Wounds/28_0.jpg,c7e91cec5cb462151d8826d7be37318b8f2cdd5bf1cd3af1158f30c6e9c15f10,kaggle_card_license_unknown_review_before_redistribution
data/datasets/efficientnet_kaggle_v1/val/wound/d8e3e2c4033e974d.jpg,wound,val,data/raw/kaggle/ibrahimfateen_wound_classification/Wound_dataset copy/Diabetic Wounds/29_0.jpg,d8e3e2c4033e974dbca4a38d045c73b2d2ad4583091cb613869f60275c295bbe,kaggle_card_license_unknown_review_before_redistribution
data/datasets/efficientnet_kaggle_v1/train/wound/d944ba185b6ad5db.jpg,wound,train,data/raw/kaggle/ibrahimfateen_wound_classification/Wound_dataset copy/Diabetic Wounds/2_0.jpg,d944ba185b6ad5dbaeda78a68ac6cbd033e35ad64657ade4fb02bfd1c952ad65,kaggle_card_license_unknown_review_before_redistribution
data/datasets/efficientnet_kaggle_v1/train/wound/12d56e2252af1fb7.jpg,wound,train,data/raw/kaggle/ibrahimfateen_wound_classification/Wound_dataset copy/Diabetic Wounds/30_0.jpg,12d56e2252af1fb7232903a699e34e6ba8a62b4d0730fb48c27903dbabe57dd1,kaggle_card_license_unknown_review_before_redistribution
data/datasets/efficientnet_kaggle_v1/train/wound/32ca16d3018e2562.jpg,wound,train,data/raw/kaggle/ibrahimfateen_wound_classification/Wound_dataset copy/Diabetic Wounds/31_0.jpg,32ca16d3018e2562b33f4b6279759522e702588f07eff4f5b5fb3003d289b030,kaggle_card_license_unknown_review_before_redistribution
data/datasets/efficientnet_kaggle_v1/test/wound/bf6d678e289dcbb6.jpg,wound,test,data/raw/kaggle/ibrahimfateen_wound_classification/Wound_dataset copy/Diabetic Wounds/32_0.jpg,bf6d678e289dcbb6dd5346f84ceb9e94271dfd57ed8cee9020bec91d8cb1c096,kaggle_card_license_unknown_review_before_redistribution
data/datasets/efficientnet_kaggle_v1/train/wound/31830a3da7d759b8.jpg,wound,train,data/raw/kaggle/ibrahimfateen_wound_classification/Wound_dataset copy/Diabetic Wounds/32_1.jpg,31830a3da7d759b84ef737139e01115868b5fa29149944fa72d0ec0594de8b9c,kaggle_card_license_unknown_review_before_redistribution
data/datasets/efficientnet_kaggle_v1/val/wound/559f63f70ccd8901.jpg,wound,val,data/raw/kaggle/ibrahimfateen_wound_classification/Wound_dataset copy/Diabetic Wounds/33_0.jpg,559f63f70ccd89011f90c387d258ccf0584d15627bd4833b67fde0491f905774,kaggle_card_license_unknown_review_before_redistribution
data/datasets/efficientnet_kaggle_v1/train/wound/085ee10a0fd69291.jpg,wound,train,data/raw/kaggle/ibrahimfateen_wound_classification/Wound_dataset copy/Diabetic Wounds/34_0.jpg,085ee10a0fd692917e3697db75c8963d486ca16cff68a392b92ef24f556dc285,kaggle_card_license_unknown_review_before_redistribution
data/datasets/efficientnet_kaggle_v1/val/wound/9ff275af64356151.jpg,wound,val,data/raw/kaggle/ibrahimfateen_wound_classification/Wound_dataset copy/Diabetic Wounds/35_0.jpg,9ff275af6435615106d75936e46e339d49dc2cdd9b3f32c1270cb29bcd4e74ea,kaggle_card_license_unknown_review_before_redistribution
data/datasets/efficientnet_kaggle_v1/train/wound/c49f16f42f5d7656.jpg,wound,train,data/raw/kaggle/ibrahimfateen_wound_classification/Wound_dataset copy/Diabetic Wounds/36_0.jpg,c49f16f42f5d76562ccb361343aa1619ab7bf018286ff3bca37556771ebb0208,kaggle_card_license_unknown_review_before_redistribution
data/datasets/efficientnet_kaggle_v1/train/wound/4499b09f9f3a8095.jpg,wound,train,data/raw/kaggle/ibrahimfateen_wound_classification/Wound_dataset copy/Diabetic Wounds/37_0.jpg,4499b09f9f3a8095ca243a76481c26cfb67d19c31883ee753dacd291ae7a2527,kaggle_card_license_unknown_review_before_redistribution
data/datasets/efficientnet_kaggle_v1/train/wound/bd99470c607fd93a.jpg,wound,train,data/raw/kaggle/ibrahimfateen_wound_classification/Wound_dataset copy/Diabetic Wounds/38_0.jpg,bd99470c607fd93a2cb701836887e1ec1a2d85f8c74bc1b9f1a88a46851fcf75,kaggle_card_license_unknown_review_before_redistribution
data/datasets/efficientnet_kaggle_v1/train/wound/f7b5e3f82ceafb74.jpg,wound,train,data/raw/kaggle/ibrahimfateen_wound_classification/Wound_dataset copy/Diabetic Wounds/39_0.jpg,f7b5e3f82ceafb7473785349b16d27dd955ee482c90c607927cbef841ce51005,kaggle_card_license_unknown_review_before_redistribution
data/datasets/efficientnet_kaggle_v1/test/wound/5a47507504e6b133.jpg,wound,test,data/raw/kaggle/ibrahimfateen_wound_classification/Wound_dataset copy/Diabetic Wounds/3_0.jpg,5a47507504e6b1331e635a73fc54c8e4280f80e6683fcc85dbb64c05018699d8,kaggle_card_license_unknown_review_before_redistribution
data/datasets/efficientnet_kaggle_v1/val/wound/d0027f3c043b4968.jpg,wound,val,data/raw/kaggle/ibrahimfateen_wound_classification/Wound_dataset copy/Diabetic Wounds/40_0.jpg,d0027f3c043b4968ca7fc217e157c497a3ce8e4d5751b34aeb7229616ba0404c,kaggle_card_license_unknown_review_before_redistribution
data/datasets/efficientnet_kaggle_v1/test/wound/6ba5e31bab47e5b3.jpg,wound,test,data/raw/kaggle/ibrahimfateen_wound_classification/Wound_dataset copy/Diabetic Wounds/41_0.jpg,6ba5e31bab47e5b30e1862e66d0be172e11ff75b618ec39ff72181b535232ddb,kaggle_card_license_unknown_review_before_redistribution
data/datasets/efficientnet_kaggle_v1/train/wound/ca9d266c5ab26902.jpg,wound,train,data/raw/kaggle/ibrahimfateen_wound_classification/Wound_dataset copy/Diabetic Wounds/42_0.jpg,ca9d266c5ab2690225aaa0ea03e15b77f0f6b6e1195f0632a145dfee319081c1,kaggle_card_license_unknown_review_before_redistribution
data/datasets/efficientnet_kaggle_v1/train/wound/321c94d0b228c956.jpg,wound,train,data/raw/kaggle/ibrahimfateen_wound_classification/Wound_dataset copy/Diabetic Wounds/43_0.jpg,321c94d0b228c956c196c66739978a1b3af6d996d375394228c2c7c5d01350aa,kaggle_card_license_unknown_review_before_redistribution
data/datasets/efficientnet_kaggle_v1/train/wound/586d9d0ac404d783.jpg,wound,train,data/raw/kaggle/ibrahimfateen_wound_classification/Wound_dataset copy/Diabetic Wounds/44_0.jpg,586d9d0ac404d7837d28cdbdd3634ffcf9f594b54e7b08384097ba2afc1ad17a,kaggle_card_license_unknown_review_before_redistribution
data/datasets/efficientnet_kaggle_v1/val/wound/b29b367d98419650.jpg,wound,val,data/raw/kaggle/ibrahimfateen_wound_classification/Wound_dataset copy/Diabetic Wounds/45_0.jpg,b29b367d98419650319e21abcc0998444c96ffcfd698dab0bba11c880954eda7,kaggle_card_license_unknown_review_before_redistribution
data/datasets/efficientnet_kaggle_v1/train/wound/a2071518da74fcae.jpg,wound,train,data/raw/kaggle/ibrahimfateen_wound_classification/Wound_dataset copy/Diabetic Wounds/45_1.jpg,a2071518da74fcaef9d543551a49db64b485ce4216ce8e33df8ef86060b535c2,kaggle_card_license_unknown_review_before_redistribution
data/datasets/efficientnet_kaggle_v1/train/wound/2606fd0bd1df55df.jpg,wound,train,data/raw/kaggle/ibrahimfateen_wound_classification/Wound_dataset copy/Diabetic Wounds/46_0.jpg,2606fd0bd1df55dfd40ec1c6504c98786b7b33cd6c3d5b2096da58b5abc2705f,kaggle_card_license_unknown_review_before_redistribution
data/datasets/efficientnet_kaggle_v1/train/wound/131024f26e22aee5.jpg,wound,train,data/raw/kaggle/ibrahimfateen_wound_classification/Wound_dataset copy/Diabetic Wounds/47_0.jpg,131024f26e22aee5c3616560f761c093147a4aec5a2145dd63abd7fb12edab4d,kaggle_card_license_unknown_review_before_redistribution
data/datasets/efficientnet_kaggle_v1/train/wound/eedda1362520239a.jpg,wound,train,data/raw/kaggle/ibrahimfateen_wound_classification/Wound_dataset copy/Diabetic Wounds/48_0.jpg,eedda1362520239aab6d9aa3f2496bcf535d0dcf80ef50e70fd6bc16923a710d,kaggle_card_license_unknown_review_before_redistribution
data/datasets/efficientnet_kaggle_v1/val/wound/50181fc1b5446e33.jpg,wound,val,data/raw/kaggle/ibrahimfateen_wound_classification/Wound_dataset copy/Diabetic Wounds/49_0.jpg,50181fc1b5446e33e200fc1416a87049e10ea11513f9d3d0faf1811de71aaaae,kaggle_card_license_unknown_review_before_redistribution
data/datasets/efficientnet_kaggle_v1/train/wound/9a4f954a678f8cdc.jpg,wound,train,data/raw/kaggle/ibrahimfateen_wound_classification/Wound_dataset copy/Diabetic Wounds/4_0.jpg,9a4f954a678f8cdcbe5882eb370529747b4a709ae3ae5b2a9cd0384250049174,kaggle_card_license_unknown_review_before_redistribution
data/datasets/efficientnet_kaggle_v1/val/wound/2ded2a485afd3482.jpg,wound,val,data/raw/kaggle/ibrahimfateen_wound_classification/Wound_dataset copy/Diabetic Wounds/50_0.jpg,2ded2a485afd348236c57234997f5516c792c870bc0f04ad78f0d2cc678d4248,kaggle_card_license_unknown_review_before_redistribution
data/datasets/efficientnet_kaggle_v1/val/wound/97b6371704d5a385.jpg,wound,val,data/raw/kaggle/ibrahimfateen_wound_classification/Wound_dataset copy/Diabetic Wounds/51_0.jpg,97b6371704d5a3855dd61de32a7ad63a2c6462ebb1bce1c8ef7f330792d33429,kaggle_card_license_unknown_review_before_redistribution
data/datasets/efficientnet_kaggle_v1/train/wound/6132da38e621da36.jpg,wound,train,data/raw/kaggle/ibrahimfateen_wound_classification/Wound_dataset copy/Diabetic Wounds/52_0.jpg,6132da38e621da36428fb7661e4a8b9fdbc3a92341e789f942e0c33da01a8b3f,kaggle_card_license_unknown_review_before_redistribution
data/datasets/efficientnet_kaggle_v1/train/wound/74360ef95a2eff33.jpg,wound,train,data/raw/kaggle/ibrahimfateen_wound_classification/Wound_dataset copy/Diabetic Wounds/53_0.jpg,74360ef95a2eff3360443f34745771b85164c0a6b0af69abf293d2dde55fd125,kaggle_card_license_unknown_review_before_redistribution
data/datasets/efficientnet_kaggle_v1/train/wound/4e338706a6f1150e.jpg,wound,train,data/raw/kaggle/ibrahimfateen_wound_classification/Wound_dataset copy/Diabetic Wounds/54_0.jpg,4e338706a6f1150e0c494c6ad1f1ac311886631fc3149c767fd92d29580ba3f7,kaggle_card_license_unknown_review_before_redistribution
data/datasets/efficientnet_kaggle_v1/train/wound/d3e62079da3e8525.jpg,wound,train,data/raw/kaggle/ibrahimfateen_wound_classification/Wound_dataset copy/Diabetic Wounds/54_1.jpg,d3e62079da3e8525176de9df05f03c6a50b368c9a1d36bd94a7615a56ae7c134,kaggle_card_license_unknown_review_before_redistribution
data/datasets/efficientnet_kaggle_v1/train/wound/17e0aa087b064708.jpg,wound,train,data/raw/kaggle/ibrahimfateen_wound_classification/Wound_dataset copy/Diabetic Wounds/55_0.jpg,17e0aa087b0647080095ee4bd39ebba71a531bf526e61bccc9cfa45d50d9c72a,kaggle_card_license_unknown_review_before_redistribution
data/datasets/efficientnet_kaggle_v1/train/wound/dc12f0348078d5e7.jpg,wound,train,data/raw/kaggle/ibrahimfateen_wound_classification/Wound_dataset copy/Diabetic Wounds/55_1.jpg,dc12f0348078d5e754caf926e10d4ddfd16aedd2d69f95a858805349e48d666b,kaggle_card_license_unknown_review_before_redistribution
data/datasets/efficientnet_kaggle_v1/val/wound/e937c270b6b8e5b8.jpg,wound,val,data/raw/kaggle/ibrahimfateen_wound_classification/Wound_dataset copy/Diabetic Wounds/56_0.jpg,e937c270b6b8e5b86907574d02568151320540ba8dafedd96acf02ebfe62c010,kaggle_card_license_unknown_review_before_redistribution
data/datasets/efficientnet_kaggle_v1/val/wound/188963d5805c274e.jpg,wound,val,data/raw/kaggle/ibrahimfateen_wound_classification/Wound_dataset copy/Diabetic Wounds/56_1.jpg,188963d5805c274e2cc12c5cca4d46e4234a76ae14e484c94268d0c3905f15e0,kaggle_card_license_unknown_review_before_redistribution
data/datasets/efficientnet_kaggle_v1/train/wound/b7f2ee64f3c7eef4.jpg,wound,train,data/raw/kaggle/ibrahimfateen_wound_classification/Wound_dataset copy/Diabetic Wounds/56_2.jpg,b7f2ee64f3c7eef449e823d599558f2278abe60e42115b5b49d1ca37be34ea36,kaggle_card_license_unknown_review_before_redistribution
data/datasets/efficientnet_kaggle_v1/train/wound/e0da2fa2ca8f8cef.jpg,wound,train,data/raw/kaggle/ibrahimfateen_wound_classification/Wound_dataset copy/Diabetic Wounds/57_0.jpg,e0da2fa2ca8f8cefccdc7e05e26a76756b0d21208039f9f93d8db42fab3061e3,kaggle_card_license_unknown_review_before_redistribution
data/datasets/efficientnet_kaggle_v1/train/wound/178be7a032a77f3d.jpg,wound,train,data/raw/kaggle/ibrahimfateen_wound_classification/Wound_dataset copy/Diabetic Wounds/58_0.jpg,178be7a032a77f3dbb5452cdb4ecf2b2881d6cd87e893e5e29b9708b69060b70,kaggle_card_license_unknown_review_before_redistribution
data/datasets/efficientnet_kaggle_v1/train/wound/acc66c045c6a98b8.jpg,wound,train,data/raw/kaggle/ibrahimfateen_wound_classification/Wound_dataset copy/Diabetic Wounds/59_0.jpg,acc66c045c6a98b88a352f8d7ced92e6e5be992a277b6ea36939a99dfe0b1582,kaggle_card_license_unknown_review_before_redistribution
data/datasets/efficientnet_kaggle_v1/train/wound/c866d8a57378cb46.jpg,wound,train,data/raw/kaggle/ibrahimfateen_wound_classification/Wound_dataset copy/Diabetic Wounds/5_0.jpg,c866d8a57378cb464ac309369eadcd27dc8bdacfb2a2acef6906bb8b438549d4,kaggle_card_license_unknown_review_before_redistribution
data/datasets/efficientnet_kaggle_v1/test/wound/eea30aa0840a1b94.jpg,wound,test,data/raw/kaggle/ibrahimfateen_wound_classification/Wound_dataset copy/Diabetic Wounds/60_0.jpg,eea30aa0840a1b94a64e48dc206ce656f69f12e083ac36ca8d107fbe1c66814a,kaggle_card_license_unknown_review_before_redistribution
data/datasets/efficientnet_kaggle_v1/val/wound/81e8cfa6beb70dfb.jpg,wound,val,data/raw/kaggle/ibrahimfateen_wound_classification/Wound_dataset copy/Diabetic Wounds/61_0.jpg,81e8cfa6beb70dfb8deacd836adf483d230dd80565705484f63734440eb19b07,kaggle_card_license_unknown_review_before_redistribution
data/datasets/efficientnet_kaggle_v1/train/wound/ceb73e402ea0a05f.jpg,wound,train,data/raw/kaggle/ibrahimfateen_wound_classification/Wound_dataset copy/Diabetic Wounds/62_0.jpg,ceb73e402ea0a05f7a445fe85f163d881418614cb1684e7c18a368c0f511f282,kaggle_card_license_unknown_review_before_redistribution
data/datasets/efficientnet_kaggle_v1/val/wound/0b3e7f9bf1d9f77e.jpg,wound,val,data/raw/kaggle/ibrahimfateen_wound_classification/Wound_dataset copy/Diabetic Wounds/63_0.jpg,0b3e7f9bf1d9f77e50be7228f4453535e83bf5a9863bf8272110022cd8842f23,kaggle_card_license_unknown_review_before_redistribution
data/datasets/efficientnet_kaggle_v1/train/wound/f6165d69686ab7d2.jpg,wound,train,data/raw/kaggle/ibrahimfateen_wound_classification/Wound_dataset copy/Diabetic Wounds/64_0.jpg,f6165d69686ab7d28d0077423ac65697a6b5cefa21300d4f1934cd55c7864009,kaggle_card_license_unknown_review_before_redistribution
data/datasets/efficientnet_kaggle_v1/train/wound/7de86c6e99c27e11.jpg,wound,train,data/raw/kaggle/ibrahimfateen_wound_classification/Wound_dataset copy/Diabetic Wounds/64_1.jpg,7de86c6e99c27e1193d3670c59235f5805e0a5b9330cd883a1bb69f4501a2f85,kaggle_card_license_unknown_review_before_redistribution
data/datasets/efficientnet_kaggle_v1/train/wound/a00909d9048f96b1.jpg,wound,train,data/raw/kaggle/ibrahimfateen_wound_classification/Wound_dataset copy/Diabetic Wounds/64_2.jpg,a00909d9048f96b10687c2eff5d6652e69f193a7215e2c05328026cb9ca15422,kaggle_card_license_unknown_review_before_redistribution
data/datasets/efficientnet_kaggle_v1/test/wound/180954577dba5df3.jpg,wound,test,data/raw/kaggle/ibrahimfateen_wound_classification/Wound_dataset copy/Diabetic Wounds/65_0.jpg,180954577dba5df3b2577a247204b74882cf8ac7f8ab29b42a6cb373f915d70f,kaggle_card_license_unknown_review_before_redistribution
data/datasets/efficientnet_kaggle_v1/train/wound/f636474f2fb95237.jpg,wound,train,data/raw/kaggle/ibrahimfateen_wound_classification/Wound_dataset copy/Diabetic Wounds/65_1.jpg,f636474f2fb95237ece506ac039b53ad10c82556028e9f34e04f884675a103bf,kaggle_card_license_unknown_review_before_redistribution
data/datasets/efficientnet_kaggle_v1/train/wound/9149393e0d479905.jpg,wound,train,data/raw/kaggle/ibrahimfateen_wound_classification/Wound_dataset copy/Diabetic Wounds/66_0.jpg,9149393e0d479905247d4a4f30d54d7ab273d500ca7a2b647562db829bf1c440,kaggle_card_license_unknown_review_before_redistribution
data/datasets/efficientnet_kaggle_v1/train/wound/e44845dceea57e8c.jpg,wound,train,data/raw/kaggle/ibrahimfateen_wound_classification/Wound_dataset copy/Diabetic Wounds/67_0.jpg,e44845dceea57e8c399992731996e169499687f5309790f025efafea639390f0,kaggle_card_license_unknown_review_before_redistribution
data/datasets/efficientnet_kaggle_v1/train/wound/035d384b0bba0783.jpg,wound,train,data/raw/kaggle/ibrahimfateen_wound_classification/Wound_dataset copy/Diabetic Wounds/68_0.jpg,035d384b0bba07837358a3e40b6096d42a3bb25b3709ba039c0e8445a77e948f,kaggle_card_license_unknown_review_before_redistribution
data/datasets/efficientnet_kaggle_v1/train/wound/becfe0b7bdc8b3a8.jpg,wound,train,data/raw/kaggle/ibrahimfateen_wound_classification/Wound_dataset copy/Diabetic Wounds/69_0.jpg,becfe0b7bdc8b3a81b21906ffb787fb2c4148666fd1d6f482ead200bdcc0f8e5,kaggle_card_license_unknown_review_before_redistribution
data/datasets/efficientnet_kaggle_v1/train/wound/221eeca7d6e0abbe.jpg,wound,train,data/raw/kaggle/ibrahimfateen_wound_classification/Wound_dataset copy/Diabetic Wounds/6_0.jpg,221eeca7d6e0abbe4052f048f3e02c3ac281a89c864d81da43377304afcc9abd,kaggle_card_license_unknown_review_before_redistribution
data/datasets/efficientnet_kaggle_v1/val/wound/11d85860d8d244f8.jpg,wound,val,data/raw/kaggle/ibrahimfateen_wound_classification/Wound_dataset copy/Diabetic Wounds/70_0.jpg,11d85860d8d244f86cd83696be881cf3dddfb3e16ac026c13f72aa7d144d13ee,kaggle_card_license_unknown_review_before_redistribution
data/datasets/efficientnet_kaggle_v1/test/wound/04ac6cb7881b5eea.jpg,wound,test,data/raw/kaggle/ibrahimfateen_wound_classification/Wound_dataset copy/Diabetic Wounds/70_1.jpg,04ac6cb7881b5eea189ef44b8017a8919c03b4d77175d9cf1d627e385100763b,kaggle_card_license_unknown_review_before_redistribution
data/datasets/efficientnet_kaggle_v1/val/wound/1d0b4fc5452e052e.jpg,wound,val,data/raw/kaggle/ibrahimfateen_wound_classification/Wound_dataset copy/Diabetic Wounds/71_0.jpg,1d0b4fc5452e052e5f10dc8878904fb725daf1fe71807b5a8747290c2e49ae86,kaggle_card_license_unknown_review_before_redistribution
data/datasets/efficientnet_kaggle_v1/val/wound/4667a1811c2faeea.jpg,wound,val,data/raw/kaggle/ibrahimfateen_wound_classification/Wound_dataset copy/Diabetic Wounds/72_0.jpg,4667a1811c2faeea9d4b9ce2799add1d9a1e621a90ce3934d79602f233d919b9,kaggle_card_license_unknown_review_before_redistribution
data/datasets/efficientnet_kaggle_v1/train/wound/8f492c9c86f0fbc6.jpg,wound,train,data/raw/kaggle/ibrahimfateen_wound_classification/Wound_dataset copy/Diabetic Wounds/73_0.jpg,8f492c9c86f0fbc6bc206b41ea1d8abe689cc942b16d7323651f1d346e4f12b5,kaggle_card_license_unknown_review_before_redistribution
data/datasets/efficientnet_kaggle_v1/train/wound/1a529e2245758e5c.jpg,wound,train,data/raw/kaggle/ibrahimfateen_wound_classification/Wound_dataset copy/Diabetic Wounds/74_0.jpg,1a529e2245758e5cd570511e62abb6626143b08bc1083208602ef4b0ae98bba9,kaggle_card_license_unknown_review_before_redistribution
data/datasets/efficientnet_kaggle_v1/train/wound/102d1eceb13fcb05.jpg,wound,train,data/raw/kaggle/ibrahimfateen_wound_classification/Wound_dataset copy/Diabetic Wounds/75_0.jpg,102d1eceb13fcb05f95d7d5d5bbfbe07af7c68baa74c2fad484480a2fab8b279,kaggle_card_license_unknown_review_before_redistribution
data/datasets/efficientnet_kaggle_v1/test/wound/943e48363ab06fb0.jpg,wound,test,data/raw/kaggle/ibrahimfateen_wound_classification/Wound_dataset copy/Diabetic Wounds/76_0.jpg,943e48363ab06fb099273cd6b602c4e9672ebfd38b62f00ed1566e5f4afd7be5,kaggle_card_license_unknown_review_before_redistribution
data/datasets/efficientnet_kaggle_v1/train/wound/c82e05e4c6a28dd6.jpg,wound,train,data/raw/kaggle/ibrahimfateen_wound_classification/Wound_dataset copy/Diabetic Wounds/77_0.jpg,c82e05e4c6a28dd603a6123c70416cdb0dbea9611ddff31f05cd34e497d08026,kaggle_card_license_unknown_review_before_redistribution
data/datasets/efficientnet_kaggle_v1/train/wound/f80ee0f4d064e5e9.jpg,wound,train,data/raw/kaggle/ibrahimfateen_wound_classification/Wound_dataset copy/Diabetic Wounds/78_0.jpg,f80ee0f4d064e5e987f50ec5460ad557fa62bc669c1ae1ea44e49ce99ce1e66b,kaggle_card_license_unknown_review_before_redistribution
data/datasets/efficientnet_kaggle_v1/val/wound/4b871eee227f611f.jpg,wound,val,data/raw/kaggle/ibrahimfateen_wound_classification/Wound_dataset copy/Diabetic Wounds/78_1.jpg,4b871eee227f611fc98a66af0d419502f18f716eca01d3ee13cd0dd4d66ec0c7,kaggle_card_license_unknown_review_before_redistribution
data/datasets/efficientnet_kaggle_v1/train/wound/7b03fce7b85c5eb0.jpg,wound,train,data/raw/kaggle/ibrahimfateen_wound_classification/Wound_dataset copy/Diabetic Wounds/79_0.jpg,7b03fce7b85c5eb0995cd4469fd80c002d3b38d59f18c5e2b6874baa01e34f4a,kaggle_card_license_unknown_review_before_redistribution
data/datasets/efficientnet_kaggle_v1/train/wound/ab12e9c6f65858a8.jpg,wound,train,data/raw/kaggle/ibrahimfateen_wound_classification/Wound_dataset copy/Diabetic Wounds/7_0.jpg,ab12e9c6f65858a83eb897c59a7f334eaf10b66accf7991a90f8a5d87d878753,kaggle_card_license_unknown_review_before_redistribution
data/datasets/efficientnet_kaggle_v1/train/wound/8093b472a9c35546.jpg,wound,train,data/raw/kaggle/ibrahimfateen_wound_classification/Wound_dataset copy/Diabetic Wounds/7_1.jpg,8093b472a9c35546d7b69a54ba4d389560cce298a165c3d361054c92c35eb53b,kaggle_card_license_unknown_review_before_redistribution
data/datasets/efficientnet_kaggle_v1/test/wound/1284d707b8112bfe.jpg,wound,test,data/raw/kaggle/ibrahimfateen_wound_classification/Wound_dataset copy/Diabetic Wounds/80_0.jpg,1284d707b8112bfeef3756d30b0c24684dfaa5e934161d5c8cfc69788d988129,kaggle_card_license_unknown_review_before_redistribution
data/datasets/efficientnet_kaggle_v1/train/wound/d4702c98e28c01fd.jpg,wound,train,data/raw/kaggle/ibrahimfateen_wound_classification/Wound_dataset copy/Diabetic Wounds/81_0.jpg,d4702c98e28c01fd1a942734a36a03f56b28faacdae9560c11ab9512458636ac,kaggle_card_license_unknown_review_before_redistribution
data/datasets/efficientnet_kaggle_v1/test/wound/74f46ec5f26b0b45.jpg,wound,test,data/raw/kaggle/ibrahimfateen_wound_classification/Wound_dataset copy/Diabetic Wounds/81_1.jpg,74f46ec5f26b0b45717846685893da7057e6b13373c5cc8654816f20dd9e2f05,kaggle_card_license_unknown_review_before_redistribution
data/datasets/efficientnet_kaggle_v1/train/wound/a6f5bc9fb2354cd2.jpg,wound,train,data/raw/kaggle/ibrahimfateen_wound_classification/Wound_dataset copy/Diabetic Wounds/82_0.jpg,a6f5bc9fb2354cd2c50cfa5b3e9b6703a6cdb9b6cc52c050f7719d51639882b1,kaggle_card_license_unknown_review_before_redistribution
data/datasets/efficientnet_kaggle_v1/train/wound/1efaca217f4c3adb.jpg,wound,train,data/raw/kaggle/ibrahimfateen_wound_classification/Wound_dataset copy/Diabetic Wounds/82_1.jpg,1efaca217f4c3adb4e4d1a2f08e14e0772d8f8290d30fc2f41d56ff851e0d530,kaggle_card_license_unknown_review_before_redistribution
data/datasets/efficientnet_kaggle_v1/val/wound/4779d5a0c2edd6b0.jpg,wound,val,data/raw/kaggle/ibrahimfateen_wound_classification/Wound_dataset copy/Diabetic Wounds/83_0.jpg,4779d5a0c2edd6b0e6d189a04929c4f01eca0fc4eebbb7f084f9c408dec1fb54,kaggle_card_license_unknown_review_before_redistribution
data/datasets/efficientnet_kaggle_v1/val/wound/da6be960173ba3f2.jpg,wound,val,data/raw/kaggle/ibrahimfateen_wound_classification/Wound_dataset copy/Diabetic Wounds/84_0.jpg,da6be960173ba3f23eabacfe9170cfd68d8daa9b04457967640fc5ff6b6113ae,kaggle_card_license_unknown_review_before_redistribution
data/datasets/efficientnet_kaggle_v1/val/wound/646ee1163d7878d2.jpg,wound,val,data/raw/kaggle/ibrahimfateen_wound_classification/Wound_dataset copy/Diabetic Wounds/85_0.jpg,646ee1163d7878d27e4ac6cfb10b64c3c57f5fefe063863749710be59e7d091b,kaggle_card_license_unknown_review_before_redistribution
data/datasets/efficientnet_kaggle_v1/train/wound/53b595db3884b621.jpg,wound,train,data/raw/kaggle/ibrahimfateen_wound_classification/Wound_dataset copy/Diabetic Wounds/86_0.jpg,53b595db3884b621b30c89ed6fbf6590fe26f2fcf4f5f22b9fb830a9dab2b6be,kaggle_card_license_unknown_review_before_redistribution
data/datasets/efficientnet_kaggle_v1/train/wound/9a4450498d60f601.jpg,wound,train,data/raw/kaggle/ibrahimfateen_wound_classification/Wound_dataset copy/Diabetic Wounds/87_0.jpg,9a4450498d60f60193c1008f852f3b00f082aafbf5742a5a055ec39212b44137,kaggle_card_license_unknown_review_before_redistribution
data/datasets/efficientnet_kaggle_v1/train/wound/4372b7600571cd04.jpg,wound,train,data/raw/kaggle/ibrahimfateen_wound_classification/Wound_dataset copy/Diabetic Wounds/88_0.jpg,4372b7600571cd041023595b22b040fb4a4af72c3a3e739321a93154507595bc,kaggle_card_license_unknown_review_before_redistribution
data/datasets/efficientnet_kaggle_v1/train/wound/3f5e672ce00d804e.jpg,wound,train,data/raw/kaggle/ibrahimfateen_wound_classification/Wound_dataset copy/Diabetic Wounds/89_0.jpg,3f5e672ce00d804e10b02e07b322590405b1abc78cbb21c5f6ec7cb4f19f3dee,kaggle_card_license_unknown_review_before_redistribution
data/datasets/efficientnet_kaggle_v1/val/wound/a04c870f258900d4.jpg,wound,val,data/raw/kaggle/ibrahimfateen_wound_classification/Wound_dataset copy/Diabetic Wounds/8_0.jpg,a04c870f258900d462dde4cb5d505daf2817e547a05ef6665884f39d9bccfd71,kaggle_card_license_unknown_review_before_redistribution
data/datasets/efficientnet_kaggle_v1/val/wound/cc02b503fd6c0a33.jpg,wound,val,data/raw/kaggle/ibrahimfateen_wound_classification/Wound_dataset copy/Diabetic Wounds/90_0.jpg,cc02b503fd6c0a33bce005e3cf722b0ddad96e014511977d6675de106857e976,kaggle_card_license_unknown_review_before_redistribution
data/datasets/efficientnet_kaggle_v1/train/wound/1545d1c14dcb5ec8.jpg,wound,train,data/raw/kaggle/ibrahimfateen_wound_classification/Wound_dataset copy/Diabetic Wounds/91_0.jpg,1545d1c14dcb5ec8c0c26a7ca946827c2c2de89863dec50b3d302071662b6c62,kaggle_card_license_unknown_review_before_redistribution
data/datasets/efficientnet_kaggle_v1/train/wound/fd6a3a71ac38011f.jpg,wound,train,data/raw/kaggle/ibrahimfateen_wound_classification/Wound_dataset copy/Diabetic Wounds/92_0.jpg,fd6a3a71ac38011f7b960b7f4ba2edf5536b59c6ddaa987001eff08c58b51f1d,kaggle_card_license_unknown_review_before_redistribution
data/datasets/efficientnet_kaggle_v1/train/wound/7d30c35baeb2de2b.jpg,wound,train,data/raw/kaggle/ibrahimfateen_wound_classification/Wound_dataset copy/Diabetic Wounds/93_0.jpg,7d30c35baeb2de2b79f429b11af2f224e2900e58babc9253682a6a9ccb254988,kaggle_card_license_unknown_review_before_redistribution
data/datasets/efficientnet_kaggle_v1/train/wound/6810b5805d0c5fba.jpg,wound,train,data/raw/kaggle/ibrahimfateen_wound_classification/Wound_dataset copy/Diabetic Wounds/94_0.jpg,6810b5805d0c5fba489fe4c4925132e456aada56038e8849c41b3783828674ed,kaggle_card_license_unknown_review_before_redistribution
data/datasets/efficientnet_kaggle_v1/train/wound/c1b8446c66375e33.jpg,wound,train,data/raw/kaggle/ibrahimfateen_wound_classification/Wound_dataset copy/Diabetic Wounds/95_0.jpg,c1b8446c66375e33ee5d22a28070470f112e681f35cdf2d86e0b278ad9f826bc,kaggle_card_license_unknown_review_before_redistribution
data/datasets/efficientnet_kaggle_v1/train/wound/4300e5f3988e24d8.jpg,wound,train,data/raw/kaggle/ibrahimfateen_wound_classification/Wound_dataset copy/Diabetic Wounds/96_0.jpg,4300e5f3988e24d886613c052b243af138a33700774fc51fd194e1bde527d25a,kaggle_card_license_unknown_review_before_redistribution
data/datasets/efficientnet_kaggle_v1/train/wound/8541e5200ecb47fe.jpg,wound,train,data/raw/kaggle/ibrahimfateen_wound_classification/Wound_dataset copy/Diabetic Wounds/97_0.jpg,8541e5200ecb47fec6f56eb53d3f5dd1e9975810f2c88cff5bd4aec0d46effd5,kaggle_card_license_unknown_review_before_redistribution
data/datasets/efficientnet_kaggle_v1/train/wound/078df3f7bd2de268.jpg,wound,train,data/raw/kaggle/ibrahimfateen_wound_classification/Wound_dataset copy/Diabetic Wounds/98_0.jpg,078df3f7bd2de2685160f0253fbb46f4853e863e68d2ac8ea48af58171278562,kaggle_card_license_unknown_review_before_redistribution
data/datasets/efficientnet_kaggle_v1/train/wound/a2df72e9d94bea17.jpg,wound,train,data/raw/kaggle/ibrahimfateen_wound_classification/Wound_dataset copy/Diabetic Wounds/99_0.jpg,a2df72e9d94bea1751abe557e4bc62e9b5958a3e8db53aa6e1560ceb05f33820,kaggle_card_license_unknown_review_before_redistribution
data/datasets/efficientnet_kaggle_v1/train/wound/473cdcea40d9c5c8.jpg,wound,train,data/raw/kaggle/ibrahimfateen_wound_classification/Wound_dataset copy/Diabetic Wounds/9_0.jpg,473cdcea40d9c5c8b8e800dfbdbdd3134f35afa8372ec61c303299caf0422596,kaggle_card_license_unknown_review_before_redistribution
data/datasets/efficientnet_kaggle_v1/test/wound/d04443a0a9f33886.jpg,wound,test,data/raw/kaggle/ibrahimfateen_wound_classification/Wound_dataset copy/Diabetic Wounds/9_1.jpg,d04443a0a9f33886ad988e6591d8de1cb518697f581852943b91b2c4d20d4e98,kaggle_card_license_unknown_review_before_redistribution
data/datasets/efficientnet_kaggle_v1/train/wound/90ae77151a00d6e2.jpg,wound,train,data/raw/kaggle/ibrahimfateen_wound_classification/Wound_dataset copy/Diabetic Wounds/9_2.jpg,90ae77151a00d6e24d29d0fa39180d9f6fefddeb65ee1f5b8fa44eefd96e3469,kaggle_card_license_unknown_review_before_redistribution
data/datasets/efficientnet_kaggle_v1/train/wound/ac314fd855439d07.jpg,wound,train,data/raw/kaggle/ibrahimfateen_wound_classification/Wound_dataset copy/Diabetic Wounds/foot-ulcer-0001.jpg,ac314fd855439d07719e5b26c1a1a9d8b8072258c28c1b54ae5e3f0086b97d92,kaggle_card_license_unknown_review_before_redistribution
data/datasets/efficientnet_kaggle_v1/train/wound/835f3a51a09aacf9.jpg,wound,train,data/raw/kaggle/ibrahimfateen_wound_classification/Wound_dataset copy/Diabetic Wounds/foot-ulcer-0002.jpg,835f3a51a09aacf9b8be00c83a271b6df9689777fcd5772a544686d1c27b8db6,kaggle_card_license_unknown_review_before_redistribution
data/datasets/efficientnet_kaggle_v1/train/wound/d373f1d569f598e5.jpg,wound,train,data/raw/kaggle/ibrahimfateen_wound_classification/Wound_dataset copy/Diabetic Wounds/foot-ulcer-0003.jpg,d373f1d569f598e57ca6c07044c113880c1b6e7d0b4b1e2411cc14516f39f614,kaggle_card_license_unknown_review_before_redistribution
data/datasets/efficientnet_kaggle_v1/val/wound/e4a0a89b87a8b4fb.jpg,wound,val,data/raw/kaggle/ibrahimfateen_wound_classification/Wound_dataset copy/Diabetic Wounds/foot-ulcer-0004.jpg,e4a0a89b87a8b4fbe170d577e26ea516f340a0f8dcf2161ef0006155b1814e5d,kaggle_card_license_unknown_review_before_redistribution
data/datasets/efficientnet_kaggle_v1/train/wound/35731b64f6d02455.jpg,wound,train,data/raw/kaggle/ibrahimfateen_wound_classification/Wound_dataset copy/Diabetic Wounds/foot-ulcer-0005.jpg,35731b64f6d02455a0df6b9857880285701f1a1906e6a7ac11426ff852d17908,kaggle_card_license_unknown_review_before_redistribution
data/datasets/efficientnet_kaggle_v1/train/wound/8a0508607f1d14a5.jpg,wound,train,data/raw/kaggle/ibrahimfateen_wound_classification/Wound_dataset copy/Diabetic Wounds/foot-ulcer-0006.jpg,8a0508607f1d14a56a9a39a5debb5610acc17a5f8b534f909d4b048f7696dd52,kaggle_card_license_unknown_review_before_redistribution
data/datasets/efficientnet_kaggle_v1/train/wound/e2e04ffa790328ad.jpg,wound,train,data/raw/kaggle/ibrahimfateen_wound_classification/Wound_dataset copy/Diabetic Wounds/foot-ulcer-0007.jpg,e2e04ffa790328ad8bb756a85e967b2455a87301771b80f893510ac5b1933b43,kaggle_card_license_unknown_review_before_redistribution
data/datasets/efficientnet_kaggle_v1/test/wound/f6733021e534d876.jpg,wound,test,data/raw/kaggle/ibrahimfateen_wound_classification/Wound_dataset copy/Diabetic Wounds/foot-ulcer-0008.jpg,f6733021e534d87619010e0da69922d4509716e7a3513aa1d9a0b08e0bd74d54,kaggle_card_license_unknown_review_before_redistribution
data/datasets/efficientnet_kaggle_v1/train/wound/908634c0645c203a.jpg,wound,train,data/raw/kaggle/ibrahimfateen_wound_classification/Wound_dataset copy/Diabetic Wounds/foot-ulcer-0009.jpg,908634c0645c203a0d7b85dcc83413b6376661098859720a91399f01b392ce69,kaggle_card_license_unknown_review_before_redistribution
data/datasets/efficientnet_kaggle_v1/test/wound/7a8d58f071aafede.jpg,wound,test,data/raw/kaggle/ibrahimfateen_wound_classification/Wound_dataset copy/Diabetic Wounds/foot-ulcer-0010.jpg,7a8d58f071aafedea09dd8ccde7fa009d67ef6eb6fd9b293862477548676047b,kaggle_card_license_unknown_review_before_redistribution
data/datasets/efficientnet_kaggle_v1/train/wound/8f3a800a4c39f2fe.jpg,wound,train,data/raw/kaggle/ibrahimfateen_wound_classification/Wound_dataset copy/Diabetic Wounds/foot-ulcer-0011.jpg,8f3a800a4c39f2fe12f5c860e4ad8d026fbd0d3e776e54b1b56d65e9d6ac997d,kaggle_card_license_unknown_review_before_redistribution
data/datasets/efficientnet_kaggle_v1/test/wound/a65df097a19039bc.jpg,wound,test,data/raw/kaggle/ibrahimfateen_wound_classification/Wound_dataset copy/Diabetic Wounds/foot-ulcer-0012.jpg,a65df097a19039bc3e7eb8eb94af3f1fe8a4cf95a81683d18db66efff89d0297,kaggle_card_license_unknown_review_before_redistribution
data/datasets/efficientnet_kaggle_v1/train/wound/eb8bef5bdb059d8a.jpg,wound,train,data/raw/kaggle/ibrahimfateen_wound_classification/Wound_dataset copy/Diabetic Wounds/foot-ulcer-0013.jpg,eb8bef5bdb059d8a0045b680d59c8e216508698ab9e2d8b5a7f2f5444040291f,kaggle_card_license_unknown_review_before_redistribution
data/datasets/efficientnet_kaggle_v1/train/wound/86ed8ec7241a67b9.jpg,wound,train,data/raw/kaggle/ibrahimfateen_wound_classification/Wound_dataset copy/Diabetic Wounds/foot-ulcer-0014.jpg,86ed8ec7241a67b99abbecd8b9f05cf0bff2470bde9bb349837f52cd782c66c0,kaggle_card_license_unknown_review_before_redistribution
data/datasets/efficientnet_kaggle_v1/train/wound/1b3a5a2b52aca45c.jpg,wound,train,data/raw/kaggle/ibrahimfateen_wound_classification/Wound_dataset copy/Diabetic Wounds/foot-ulcer-0015.jpg,1b3a5a2b52aca45c7bfc87e98e01bb48a73339bd5d0a18efa755b6a8c32b3e01,kaggle_card_license_unknown_review_before_redistribution
data/datasets/efficientnet_kaggle_v1/train/wound/b2c39333f7d3b24b.jpg,wound,train,data/raw/kaggle/ibrahimfateen_wound_classification/Wound_dataset copy/Diabetic Wounds/foot-ulcer-0016.jpg,b2c39333f7d3b24b7c15db23a65d6f2707858421c4e031c9d7c91506d691a825,kaggle_card_license_unknown_review_before_redistribution
data/datasets/efficientnet_kaggle_v1/train/wound/daa56544879e3c11.jpg,wound,train,data/raw/kaggle/ibrahimfateen_wound_classification/Wound_dataset copy/Diabetic Wounds/foot-ulcer-0017.jpg,daa56544879e3c1167dc5bb171c8f5422fa0ec560bd880a9afe8de6054efe407,kaggle_card_license_unknown_review_before_redistribution
data/datasets/efficientnet_kaggle_v1/test/wound/c1d87f76dbe38b46.jpg,wound,test,data/raw/kaggle/ibrahimfateen_wound_classification/Wound_dataset copy/Diabetic Wounds/foot-ulcer-0018.jpg,c1d87f76dbe38b4603881878deae311c1c004fd120f76d909bd660bed8bdff01,kaggle_card_license_unknown_review_before_redistribution
data/datasets/efficientnet_kaggle_v1/test/wound/a09b9cdb43e8f1d5.jpg,wound,test,data/raw/kaggle/ibrahimfateen_wound_classification/Wound_dataset copy/Diabetic Wounds/foot-ulcer-0019.jpg,a09b9cdb43e8f1d562c5a2d6c43d7d8d97ebfb383234f584985b56c5b80cf899,kaggle_card_license_unknown_review_before_redistribution
data/datasets/efficientnet_kaggle_v1/train/wound/6f9d8a7152cc5909.jpg,wound,train,data/raw/kaggle/ibrahimfateen_wound_classification/Wound_dataset copy/Diabetic Wounds/foot-ulcer-0020.jpg,6f9d8a7152cc59098532f1ae2f7a5e32de47165814c97cddb69aa84c52b587ce,kaggle_card_license_unknown_review_before_redistribution
data/datasets/efficientnet_kaggle_v1/train/wound/b4aeafb876144282.jpg,wound,train,data/raw/kaggle/ibrahimfateen_wound_classification/Wound_dataset copy/Diabetic Wounds/foot-ulcer-0021.jpg,b4aeafb876144282c7a278c403b28efc813e966d810f64ffa145162e65a90889,kaggle_card_license_unknown_review_before_redistribution
data/datasets/efficientnet_kaggle_v1/train/wound/44b2214ce00575e0.jpg,wound,train,data/raw/kaggle/ibrahimfateen_wound_classification/Wound_dataset copy/Diabetic Wounds/foot-ulcer-0022.jpg,44b2214ce00575e0d35b73aff4f21ba4471990318c1d8cc6950215c42517d68d,kaggle_card_license_unknown_review_before_redistribution
data/datasets/efficientnet_kaggle_v1/train/wound/f86c9bccc53cfecd.jpg,wound,train,data/raw/kaggle/ibrahimfateen_wound_classification/Wound_dataset copy/Diabetic Wounds/foot-ulcer-0023.jpg,f86c9bccc53cfecdcf50c498ea8784df5260441e958b3ea3f350e23bcfba8e9c,kaggle_card_license_unknown_review_before_redistribution
data/datasets/efficientnet_kaggle_v1/train/wound/50f3de03f6a5ffbe.jpg,wound,train,data/raw/kaggle/ibrahimfateen_wound_classification/Wound_dataset copy/Diabetic Wounds/foot-ulcer-0024.jpg,50f3de03f6a5ffbed334b6e22f8b8a413939f07b178de25dcfb9c67026a01c5f,kaggle_card_license_unknown_review_before_redistribution
data/datasets/efficientnet_kaggle_v1/train/wound/0db5ac9376fb815d.jpg,wound,train,data/raw/kaggle/ibrahimfateen_wound_classification/Wound_dataset copy/Diabetic Wounds/foot-ulcer-0025.jpg,0db5ac9376fb815dee217ea566bab17f8262f443559298af2038e17793fe3de4,kaggle_card_license_unknown_review_before_redistribution
data/datasets/efficientnet_kaggle_v1/train/wound/e28cab6ba11471d4.jpg,wound,train,data/raw/kaggle/ibrahimfateen_wound_classification/Wound_dataset copy/Diabetic Wounds/foot-ulcer-0026.jpg,e28cab6ba11471d4950a8bb655763dce158efcbe097c107ef1c8dea68f5be9ef,kaggle_card_license_unknown_review_before_redistribution
data/datasets/efficientnet_kaggle_v1/train/wound/3b4ea27dd4f773e1.jpg,wound,train,data/raw/kaggle/ibrahimfateen_wound_classification/Wound_dataset copy/Diabetic Wounds/foot-ulcer-0027.jpg,3b4ea27dd4f773e1f2321409e0a8620e44763bdedf1818e8544ead6987b16c51,kaggle_card_license_unknown_review_before_redistribution
data/datasets/efficientnet_kaggle_v1/train/wound/af8bda8652e6143c.jpg,wound,train,data/raw/kaggle/ibrahimfateen_wound_classification/Wound_dataset copy/Diabetic Wounds/foot-ulcer-0028.jpg,af8bda8652e6143c9b01eb16cd8095704819b4e87ed9a4b293a039369d859188,kaggle_card_license_unknown_review_before_redistribution
data/datasets/efficientnet_kaggle_v1/test/wound/a12d2af0025e36a9.jpg,wound,test,data/raw/kaggle/ibrahimfateen_wound_classification/Wound_dataset copy/Diabetic Wounds/foot-ulcer-0029.jpg,a12d2af0025e36a9a02c135444b236e7fb305459f113fc462c4e12f066245e89,kaggle_card_license_unknown_review_before_redistribution
data/datasets/efficientnet_kaggle_v1/train/wound/43b60a2ec60a0c8f.jpg,wound,train,data/raw/kaggle/ibrahimfateen_wound_classification/Wound_dataset copy/Diabetic Wounds/foot-ulcer-0030.jpg,43b60a2ec60a0c8fee6df227587fd24a38c17e21c23c5d45d325dbccd4cb7f97,kaggle_card_license_unknown_review_before_redistribution
data/datasets/efficientnet_kaggle_v1/val/wound/4cf979179142b4a3.jpg,wound,val,data/raw/kaggle/ibrahimfateen_wound_classification/Wound_dataset copy/Diabetic Wounds/foot-ulcer-0032.jpg,4cf979179142b4a3331a17131698c4200586398637216002e8047646d305a3a5,kaggle_card_license_unknown_review_before_redistribution
data/datasets/efficientnet_kaggle_v1/test/wound/abda3fb9e29e3b61.jpg,wound,test,data/raw/kaggle/ibrahimfateen_wound_classification/Wound_dataset copy/Diabetic Wounds/foot-ulcer-2-1.jpg,abda3fb9e29e3b6105657276c76fd7a18618737f9d08156c275980c1a409a1ab,kaggle_card_license_unknown_review_before_redistribution
data/datasets/efficientnet_kaggle_v1/train/wound/171fa5e689d96df1.jpg,wound,train,data/raw/kaggle/ibrahimfateen_wound_classification/Wound_dataset copy/Diabetic Wounds/foot-ulcer-2-2.jpg,171fa5e689d96df19afc45ed6b95fb1359ffa96f872ce9c936bf564efa5a5a37,kaggle_card_license_unknown_review_before_redistribution
data/datasets/efficientnet_kaggle_v1/test/wound/152d41c9a30ddab5.jpg,wound,test,data/raw/kaggle/ibrahimfateen_wound_classification/Wound_dataset copy/Diabetic Wounds/foot-ulcer-2-3.jpg,152d41c9a30ddab5eae1e0baa7ece6c3665f4d5ed6f8bc3741aae4651c1c3fcc,kaggle_card_license_unknown_review_before_redistribution
data/datasets/efficientnet_kaggle_v1/train/wound/6ca1e3c68141093c.jpg,wound,train,data/raw/kaggle/ibrahimfateen_wound_classification/Wound_dataset copy/Diabetic Wounds/foot-ulcer-2-4.jpg,6ca1e3c68141093cdde0e0464df69641a43cec974b1153de17e1640347e88618,kaggle_card_license_unknown_review_before_redistribution
data/datasets/efficientnet_kaggle_v1/test/wound/96fdfdd27f8b23f7.jpg,wound,test,data/raw/kaggle/ibrahimfateen_wound_classification/Wound_dataset copy/Diabetic Wounds/foot-ulcer-3-2.jpg,96fdfdd27f8b23f71f16b6eb7255127346490cd0dac86755bfd044c7b1a45f5e,kaggle_card_license_unknown_review_before_redistribution
data/datasets/efficientnet_kaggle_v1/train/wound/875e7cf1009297d7.jpg,wound,train,data/raw/kaggle/ibrahimfateen_wound_classification/Wound_dataset copy/Diabetic Wounds/foot-ulcer-3-3.jpg,875e7cf1009297d71a2133d5cf51ea26ee466b7c2212b92de867569aa1566577,kaggle_card_license_unknown_review_before_redistribution
data/datasets/efficientnet_kaggle_v1/val/wound/4533b17e87200272.jpg,wound,val,data/raw/kaggle/ibrahimfateen_wound_classification/Wound_dataset copy/Diabetic Wounds/foot-ulcer-3-4.jpg,4533b17e8720027260bd4110e79f3f1d4696c65dd338bdf1c66d17eeecfde1c5,kaggle_card_license_unknown_review_before_redistribution
data/datasets/efficientnet_kaggle_v1/train/wound/698c41c4d76462f4.jpg,wound,train,data/raw/kaggle/ibrahimfateen_wound_classification/Wound_dataset copy/Diabetic Wounds/foot-ulcer-3-5.jpg,698c41c4d76462f4e30b581e021fec17f5de1fb86def38ef1c857ce5200c4c05,kaggle_card_license_unknown_review_before_redistribution
data/datasets/efficientnet_kaggle_v1/train/wound/e797b682d637bafe.jpg,wound,train,data/raw/kaggle/ibrahimfateen_wound_classification/Wound_dataset copy/Diabetic Wounds/foot-ulcer-3-6.jpg,e797b682d637bafedb9ba99eb3c5aab40f2791a247b1533e8c88582573e841b7,kaggle_card_license_unknown_review_before_redistribution
data/datasets/efficientnet_kaggle_v1/val/wound/c317d693b749c767.jpg,wound,val,data/raw/kaggle/ibrahimfateen_wound_classification/Wound_dataset copy/Diabetic Wounds/foot-ulcer1-1.jpg,c317d693b749c7679c92b5d80b71dc98ee31d07ad4ff972981981ab0ef188044,kaggle_card_license_unknown_review_before_redistribution
data/datasets/efficientnet_kaggle_v1/train/wound/135b81cb59744009.jpg,wound,train,data/raw/kaggle/ibrahimfateen_wound_classification/Wound_dataset copy/Diabetic Wounds/foot-ulcer1-2.jpg,135b81cb5974400950912727e8a7fbfa798d7dc25d868565b7134593fb54ee03,kaggle_card_license_unknown_review_before_redistribution
data/datasets/efficientnet_kaggle_v1/train/wound/0f5b7dd7d3992890.jpg,wound,train,data/raw/kaggle/ibrahimfateen_wound_classification/Wound_dataset copy/Diabetic Wounds/foot-ulcer1-3.jpg,0f5b7dd7d399289097038108a8efb7b4e23754c0c80baf31aa7f3df3faaa0255,kaggle_card_license_unknown_review_before_redistribution
data/datasets/efficientnet_kaggle_v1/train/wound/988f372d950fe874.jpg,wound,train,data/raw/kaggle/ibrahimfateen_wound_classification/Wound_dataset copy/Diabetic Wounds/foot-ulcer1-4.jpg,988f372d950fe8740d104f83cea12a3058ad9856954bdb00160ab60990907405,kaggle_card_license_unknown_review_before_redistribution
data/datasets/efficientnet_kaggle_v1/test/wound/29f521474b7c914e.jpg,wound,test,data/raw/kaggle/ibrahimfateen_wound_classification/Wound_dataset copy/Diabetic Wounds/foot-ulcer1-5.jpg,29f521474b7c914ec2392cc622ba160a9dbc05eaec20a689cb5a4e0fc600b71b,kaggle_card_license_unknown_review_before_redistribution
data/datasets/efficientnet_kaggle_v1/train/wound/b2a1e730ed9458b4.jpg,wound,train,data/raw/kaggle/ibrahimfateen_wound_classification/Wound_dataset copy/Diabetic Wounds/foot-ulcer1-8.jpg,b2a1e730ed9458b4850257c6d2435c68f8406ac592927132a34379e00fb218e8,kaggle_card_license_unknown_review_before_redistribution
data/datasets/efficientnet_kaggle_v1/train/wound/18d45659e7c3586e.jpg,wound,train,data/raw/kaggle/ibrahimfateen_wound_classification/Wound_dataset copy/Diabetic Wounds/mirrored_100_0.jpg,18d45659e7c3586ea04c818fee260b69ac2290d7e1a35313cc9e440810062b77,kaggle_card_license_unknown_review_before_redistribution
data/datasets/efficientnet_kaggle_v1/test/wound/c80110a7d1d4e144.jpg,wound,test,data/raw/kaggle/ibrahimfateen_wound_classification/Wound_dataset copy/Diabetic Wounds/mirrored_101_0.jpg,c80110a7d1d4e14440d5405a15af589f91de0ffada3ea3bca65f3c0e837f493a,kaggle_card_license_unknown_review_before_redistribution
data/datasets/efficientnet_kaggle_v1/test/wound/5db5b85494933057.jpg,wound,test,data/raw/kaggle/ibrahimfateen_wound_classification/Wound_dataset copy/Diabetic Wounds/mirrored_102_0.jpg,5db5b8549493305799d6c1b31b66db845a5221fc6ddb2c340add25323c6f9857,kaggle_card_license_unknown_review_before_redistribution
data/datasets/efficientnet_kaggle_v1/train/wound/199d8140663c71fb.jpg,wound,train,data/raw/kaggle/ibrahimfateen_wound_classification/Wound_dataset copy/Diabetic Wounds/mirrored_103_0.jpg,199d8140663c71fbe8c2ecf8b1ea7a44b5b26f41e92b6ea7f2bad2df886681e9,kaggle_card_license_unknown_review_before_redistribution
data/datasets/efficientnet_kaggle_v1/train/wound/9afe67432f80c341.jpg,wound,train,data/raw/kaggle/ibrahimfateen_wound_classification/Wound_dataset copy/Diabetic Wounds/mirrored_104_0.jpg,9afe67432f80c3416c7e65c1e191a799beebbf07b4ca2cfb71f395948a0761f4,kaggle_card_license_unknown_review_before_redistribution
data/datasets/efficientnet_kaggle_v1/train/wound/19a7860e1d5533c8.jpg,wound,train,data/raw/kaggle/ibrahimfateen_wound_classification/Wound_dataset copy/Diabetic Wounds/mirrored_105_0.jpg,19a7860e1d5533c8d6a51ad27c321519d245d6e8c4249595096795bfe8ebd6af,kaggle_card_license_unknown_review_before_redistribution
data/datasets/efficientnet_kaggle_v1/train/wound/fe1ffe3f91643a1d.jpg,wound,train,data/raw/kaggle/ibrahimfateen_wound_classification/Wound_dataset copy/Diabetic Wounds/mirrored_106_0.jpg,fe1ffe3f91643a1d53d6296f508e90f453a61519a08c0e4bb84718803760a29e,kaggle_card_license_unknown_review_before_redistribution
data/datasets/efficientnet_kaggle_v1/train/wound/c0ab51c5b049c20a.jpg,wound,train,data/raw/kaggle/ibrahimfateen_wound_classification/Wound_dataset copy/Diabetic Wounds/mirrored_107_0.jpg,c0ab51c5b049c20a1cbbc9fe35767a0ceee105076c7d79ae00b37e4f1c71f81d,kaggle_card_license_unknown_review_before_redistribution
data/datasets/efficientnet_kaggle_v1/train/wound/0528aef94b2b50dd.jpg,wound,train,data/raw/kaggle/ibrahimfateen_wound_classification/Wound_dataset copy/Diabetic Wounds/mirrored_108_0.jpg,0528aef94b2b50dde8c2c2552b42643d0612aa10a683f1281ee0480b359e2a08,kaggle_card_license_unknown_review_before_redistribution
data/datasets/efficientnet_kaggle_v1/test/wound/5109906df8edc131.jpg,wound,test,data/raw/kaggle/ibrahimfateen_wound_classification/Wound_dataset copy/Diabetic Wounds/mirrored_109_0.jpg,5109906df8edc13142036cf6a405db3fdcf7b2aa3fafdea6c0933ce4484d3de1,kaggle_card_license_unknown_review_before_redistribution
data/datasets/efficientnet_kaggle_v1/test/wound/eb6e8b5969d6a790.jpg,wound,test,data/raw/kaggle/ibrahimfateen_wound_classification/Wound_dataset copy/Diabetic Wounds/mirrored_10_0.jpg,eb6e8b5969d6a79091a679e84a102c9fe69f685c2b64e813e03f35efdc4c7e25,kaggle_card_license_unknown_review_before_redistribution
data/datasets/efficientnet_kaggle_v1/train/wound/55282048adf66321.jpg,wound,train,data/raw/kaggle/ibrahimfateen_wound_classification/Wound_dataset copy/Diabetic Wounds/mirrored_110_0.jpg,55282048adf66321ec17b175b0778ee47aadbec4821ac2bdf9814c9c543d3993,kaggle_card_license_unknown_review_before_redistribution
data/datasets/efficientnet_kaggle_v1/test/wound/ceb2251121a61630.jpg,wound,test,data/raw/kaggle/ibrahimfateen_wound_classification/Wound_dataset copy/Diabetic Wounds/mirrored_111_0.jpg,ceb2251121a61630c0f5eb4ddf84749e801a3500943c7c095e05f254cb2b0ba5,kaggle_card_license_unknown_review_before_redistribution
data/datasets/efficientnet_kaggle_v1/train/wound/58a1988608f4abd0.jpg,wound,train,data/raw/kaggle/ibrahimfateen_wound_classification/Wound_dataset copy/Diabetic Wounds/mirrored_112_0.jpg,58a1988608f4abd007264d43afe78f52ddbbbe7d7619400dbdab5ea40aa1eebc,kaggle_card_license_unknown_review_before_redistribution
data/datasets/efficientnet_kaggle_v1/test/wound/f80bf312a7df827b.jpg,wound,test,data/raw/kaggle/ibrahimfateen_wound_classification/Wound_dataset copy/Diabetic Wounds/mirrored_113_0.jpg,f80bf312a7df827b8391a0d7b24b5a713a7d05b0849a3bb0138ec6f58c8df784,kaggle_card_license_unknown_review_before_redistribution
data/datasets/efficientnet_kaggle_v1/train/wound/4db797f7a40df18c.jpg,wound,train,data/raw/kaggle/ibrahimfateen_wound_classification/Wound_dataset copy/Diabetic Wounds/mirrored_114_0.jpg,4db797f7a40df18cc130872eda777cd1f04ce11137d78adb3d4b6a04e86f34bf,kaggle_card_license_unknown_review_before_redistribution
data/datasets/efficientnet_kaggle_v1/test/wound/640863a2c33275d8.jpg,wound,test,data/raw/kaggle/ibrahimfateen_wound_classification/Wound_dataset copy/Diabetic Wounds/mirrored_115_0.jpg,640863a2c33275d85c2672d4d4c5fa252b9a9b29d918ee39f5c48302efb54599,kaggle_card_license_unknown_review_before_redistribution
data/datasets/efficientnet_kaggle_v1/train/wound/0f9dcfad815cd604.jpg,wound,train,data/raw/kaggle/ibrahimfateen_wound_classification/Wound_dataset copy/Diabetic Wounds/mirrored_116_0.jpg,0f9dcfad815cd604e98512d013b57cab27d35a42b3cf204e42b9fef158e4cad2,kaggle_card_license_unknown_review_before_redistribution
data/datasets/efficientnet_kaggle_v1/test/wound/414f891e1578b5ed.jpg,wound,test,data/raw/kaggle/ibrahimfateen_wound_classification/Wound_dataset copy/Diabetic Wounds/mirrored_117_0.jpg,414f891e1578b5ed68faefa3f2b7ce3d6e54103908bf5be63a629bbc0676812e,kaggle_card_license_unknown_review_before_redistribution
data/datasets/efficientnet_kaggle_v1/train/wound/b1b04e760d5545e8.jpg,wound,train,data/raw/kaggle/ibrahimfateen_wound_classification/Wound_dataset copy/Diabetic Wounds/mirrored_118_0.jpg,b1b04e760d5545e856ca62e88303cfc2ac3be83285ec591e379254f5fbe50833,kaggle_card_license_unknown_review_before_redistribution
data/datasets/efficientnet_kaggle_v1/train/wound/a2424ae82ef28e0c.jpg,wound,train,data/raw/kaggle/ibrahimfateen_wound_classification/Wound_dataset copy/Diabetic Wounds/mirrored_119_0.jpg,a2424ae82ef28e0cbb23584c124bf05ad7be14c25186d5c50aa0a6cd74461a49,kaggle_card_license_unknown_review_before_redistribution
data/datasets/efficientnet_kaggle_v1/train/wound/73f3df9617120f23.jpg,wound,train,data/raw/kaggle/ibrahimfateen_wound_classification/Wound_dataset copy/Diabetic Wounds/mirrored_11_0.jpg,73f3df9617120f23505c5facd228dc2b7195981c316547ead399da260e746804,kaggle_card_license_unknown_review_before_redistribution
data/datasets/efficientnet_kaggle_v1/test/wound/d32a0dac9e1c8dbd.jpg,wound,test,data/raw/kaggle/ibrahimfateen_wound_classification/Wound_dataset copy/Diabetic Wounds/mirrored_120_0.jpg,d32a0dac9e1c8dbd40665f6f1f301f283eac211e43e8f07ba2f5d55849be5938,kaggle_card_license_unknown_review_before_redistribution
data/datasets/efficientnet_kaggle_v1/train/wound/6c4fe78637076f11.jpg,wound,train,data/raw/kaggle/ibrahimfateen_wound_classification/Wound_dataset copy/Diabetic Wounds/mirrored_121_0.jpg,6c4fe78637076f116db12111c085889417893043e6b2861cb72fe8b899129dbf,kaggle_card_license_unknown_review_before_redistribution
data/datasets/efficientnet_kaggle_v1/train/wound/74772cd12adb654f.jpg,wound,train,data/raw/kaggle/ibrahimfateen_wound_classification/Wound_dataset copy/Diabetic Wounds/mirrored_122_0.jpg,74772cd12adb654feefe94348fe5bfc33cd8b48d880fcc8d3d7d56d45dc5c156,kaggle_card_license_unknown_review_before_redistribution
data/datasets/efficientnet_kaggle_v1/train/wound/0cc02cf90095aabb.jpg,wound,train,data/raw/kaggle/ibrahimfateen_wound_classification/Wound_dataset copy/Diabetic Wounds/mirrored_122_1.jpg,0cc02cf90095aabbfb79626a7c5e489638d2acaf07c18962561684bd6a4226bd,kaggle_card_license_unknown_review_before_redistribution
data/datasets/efficientnet_kaggle_v1/train/wound/4bc2b1ee116be3b9.jpg,wound,train,data/raw/kaggle/ibrahimfateen_wound_classification/Wound_dataset copy/Diabetic Wounds/mirrored_123_0.jpg,4bc2b1ee116be3b96b12a150d7ef7a38c84ca372da7c09093f6f32e31b6532c7,kaggle_card_license_unknown_review_before_redistribution
data/datasets/efficientnet_kaggle_v1/train/wound/e6f4bcae1be9930f.jpg,wound,train,data/raw/kaggle/ibrahimfateen_wound_classification/Wound_dataset copy/Diabetic Wounds/mirrored_124_0.jpg,e6f4bcae1be9930f45c66916464f998252ae7f895ca24e78e531d59c423fa2ca,kaggle_card_license_unknown_review_before_redistribution
data/datasets/efficientnet_kaggle_v1/train/wound/8832be24e8064ece.jpg,wound,train,data/raw/kaggle/ibrahimfateen_wound_classification/Wound_dataset copy/Diabetic Wounds/mirrored_125_0.jpg,8832be24e8064ece4976363602f56d90bb03dc69187b5c8955fde8a072d6867d,kaggle_card_license_unknown_review_before_redistribution
data/datasets/efficientnet_kaggle_v1/train/wound/9166108bcaa25d3e.jpg,wound,train,data/raw/kaggle/ibrahimfateen_wound_classification/Wound_dataset copy/Diabetic Wounds/mirrored_126_0.jpg,9166108bcaa25d3e03991ee1fc609ab4978416b65e3161f4c4132e4683f1ad25,kaggle_card_license_unknown_review_before_redistribution
data/datasets/efficientnet_kaggle_v1/train/wound/9a309372be2fce48.jpg,wound,train,data/raw/kaggle/ibrahimfateen_wound_classification/Wound_dataset copy/Diabetic Wounds/mirrored_127_0.jpg,9a309372be2fce4877c0c806def33222f472d95f3eb31e1975b021c4df11f6bf,kaggle_card_license_unknown_review_before_redistribution
data/datasets/efficientnet_kaggle_v1/train/wound/58561f44028d41ce.jpg,wound,train,data/raw/kaggle/ibrahimfateen_wound_classification/Wound_dataset copy/Diabetic Wounds/mirrored_128_0.jpg,58561f44028d41ce32f3cdd3120d6ac9b646b3383cfe466d6ad1abd19791b4ee,kaggle_card_license_unknown_review_before_redistribution
data/datasets/efficientnet_kaggle_v1/train/wound/0d4a15d56f8fca10.jpg,wound,train,data/raw/kaggle/ibrahimfateen_wound_classification/Wound_dataset copy/Diabetic Wounds/mirrored_129_0.jpg,0d4a15d56f8fca109c41fd891e3c9d4dba6240b7a33d32c0303d54c9bc027e56,kaggle_card_license_unknown_review_before_redistribution
data/datasets/efficientnet_kaggle_v1/train/wound/6d769b8f2e109bc1.jpg,wound,train,data/raw/kaggle/ibrahimfateen_wound_classification/Wound_dataset copy/Diabetic Wounds/mirrored_129_1.jpg,6d769b8f2e109bc19a6d2151701d7736c00d55b4c494d3d336cab78e1faad620,kaggle_card_license_unknown_review_before_redistribution
data/datasets/efficientnet_kaggle_v1/test/wound/86d149eb881a3eeb.jpg,wound,test,data/raw/kaggle/ibrahimfateen_wound_classification/Wound_dataset copy/Diabetic Wounds/mirrored_129_2.jpg,86d149eb881a3eebd3c794ddb7af99657df86df2cacf88f5804f2de21838262b,kaggle_card_license_unknown_review_before_redistribution
data/datasets/efficientnet_kaggle_v1/train/wound/02d69c5644355021.jpg,wound,train,data/raw/kaggle/ibrahimfateen_wound_classification/Wound_dataset copy/Diabetic Wounds/mirrored_129_3.jpg,02d69c56443550210485a620127cb8d96ad5a79e1e9a1d112e362a9af6588556,kaggle_card_license_unknown_review_before_redistribution
data/datasets/efficientnet_kaggle_v1/train/wound/ccc52f0c7f99a375.jpg,wound,train,data/raw/kaggle/ibrahimfateen_wound_classification/Wound_dataset copy/Diabetic Wounds/mirrored_12_0.jpg,ccc52f0c7f99a3758323ca60e4bed62f43013bb49805f27959e0ec23d8b695bc,kaggle_card_license_unknown_review_before_redistribution
data/datasets/efficientnet_kaggle_v1/train/wound/64a277fbef7d84c2.jpg,wound,train,data/raw/kaggle/ibrahimfateen_wound_classification/Wound_dataset copy/Diabetic Wounds/mirrored_130_0.jpg,64a277fbef7d84c2f1ce0a8f7789bbc97ff2469d8e014be832e7272d691c5353,kaggle_card_license_unknown_review_before_redistribution
data/datasets/efficientnet_kaggle_v1/test/wound/f5b86dedf243a075.jpg,wound,test,data/raw/kaggle/ibrahimfateen_wound_classification/Wound_dataset copy/Diabetic Wounds/mirrored_131_0.jpg,f5b86dedf243a075690ffd04e99e7aa4650e4981257a6edce7e993194ffdbf82,kaggle_card_license_unknown_review_before_redistribution
data/datasets/efficientnet_kaggle_v1/train/wound/435cad4587e66497.jpg,wound,train,data/raw/kaggle/ibrahimfateen_wound_classification/Wound_dataset copy/Diabetic Wounds/mirrored_131_1.jpg,435cad4587e6649703d026c5a9d7f503c777d79e8acb2a2026af14b526d65ef6,kaggle_card_license_unknown_review_before_redistribution
data/datasets/efficientnet_kaggle_v1/val/wound/cd9b760f3c2cd0cf.jpg,wound,val,data/raw/kaggle/ibrahimfateen_wound_classification/Wound_dataset copy/Diabetic Wounds/mirrored_132_0.jpg,cd9b760f3c2cd0cf2bb046363d77e04028be47f9cee23814b7b474453f25b635,kaggle_card_license_unknown_review_before_redistribution
data/datasets/efficientnet_kaggle_v1/train/wound/10a0821bdc7c0be8.jpg,wound,train,data/raw/kaggle/ibrahimfateen_wound_classification/Wound_dataset copy/Diabetic Wounds/mirrored_132_1.jpg,10a0821bdc7c0be8a7ba1c625f44ca4c5c083f6bb898f7ffc36e3492311bd44f,kaggle_card_license_unknown_review_before_redistribution
data/datasets/efficientnet_kaggle_v1/train/wound/edcd45de91546b1b.jpg,wound,train,data/raw/kaggle/ibrahimfateen_wound_classification/Wound_dataset copy/Diabetic Wounds/mirrored_133_0.jpg,edcd45de91546b1b93a94ca6e60cd3919ad5baa78839e5527376083d2fba2591,kaggle_card_license_unknown_review_before_redistribution
data/datasets/efficientnet_kaggle_v1/train/wound/5c86b835337d7bd7.jpg,wound,train,data/raw/kaggle/ibrahimfateen_wound_classification/Wound_dataset copy/Diabetic Wounds/mirrored_134_0.jpg,5c86b835337d7bd733722ef13743e1ede1244b8a7d6dc2c5e351c49b984f6aa1,kaggle_card_license_unknown_review_before_redistribution
data/datasets/efficientnet_kaggle_v1/val/wound/bbfb00f80511b0a2.jpg,wound,val,data/raw/kaggle/ibrahimfateen_wound_classification/Wound_dataset copy/Diabetic Wounds/mirrored_134_1.jpg,bbfb00f80511b0a293ba137ffcb12e5b216bf9933378d5887d049bdc98fc00ba,kaggle_card_license_unknown_review_before_redistribution
data/datasets/efficientnet_kaggle_v1/train/wound/fd717aa20d97deea.jpg,wound,train,data/raw/kaggle/ibrahimfateen_wound_classification/Wound_dataset copy/Diabetic Wounds/mirrored_135_0.jpg,fd717aa20d97deeaca2d75c57d95fa22edef62b6d131c10913692f16aa4a9087,kaggle_card_license_unknown_review_before_redistribution
data/datasets/efficientnet_kaggle_v1/train/wound/64665266ead74e86.jpg,wound,train,data/raw/kaggle/ibrahimfateen_wound_classification/Wound_dataset copy/Diabetic Wounds/mirrored_136_0.jpg,64665266ead74e86401f1b08a51cf1f786a3defb9d8886dee1bd368eac360fd0,kaggle_card_license_unknown_review_before_redistribution
data/datasets/efficientnet_kaggle_v1/test/wound/1be96d49fbb8ae8f.jpg,wound,test,data/raw/kaggle/ibrahimfateen_wound_classification/Wound_dataset copy/Diabetic Wounds/mirrored_137_0.jpg,1be96d49fbb8ae8f64dcd74bf67f1e1969b525a33330b60007faedb64fa491c2,kaggle_card_license_unknown_review_before_redistribution
data/datasets/efficientnet_kaggle_v1/train/wound/ecfea7effa82f7f2.jpg,wound,train,data/raw/kaggle/ibrahimfateen_wound_classification/Wound_dataset copy/Diabetic Wounds/mirrored_138_0.jpg,ecfea7effa82f7f2ade5f22c81faa520801262acecd0524576b2634e69ca19fd,kaggle_card_license_unknown_review_before_redistribution
data/datasets/efficientnet_kaggle_v1/train/wound/b2045dfa7e1212da.jpg,wound,train,data/raw/kaggle/ibrahimfateen_wound_classification/Wound_dataset copy/Diabetic Wounds/mirrored_138_1.jpg,b2045dfa7e1212da4d05a47aba76a0d93915046c7519d2421483619fbc26396f,kaggle_card_license_unknown_review_before_redistribution
data/datasets/efficientnet_kaggle_v1/train/wound/ca7122940f2f188d.jpg,wound,train,data/raw/kaggle/ibrahimfateen_wound_classification/Wound_dataset copy/Diabetic Wounds/mirrored_139_0.jpg,ca7122940f2f188daf8b7edfa5db0c1e6991db6e926fdec82dc4124d1b0b88de,kaggle_card_license_unknown_review_before_redistribution
data/datasets/efficientnet_kaggle_v1/train/wound/ec843bde28f37488.jpg,wound,train,data/raw/kaggle/ibrahimfateen_wound_classification/Wound_dataset copy/Diabetic Wounds/mirrored_139_1.jpg,ec843bde28f37488adc7a687138262663b85453609316b78aa0190130c3b56bf,kaggle_card_license_unknown_review_before_redistribution
data/datasets/efficientnet_kaggle_v1/val/wound/20f44c1e3562a615.jpg,wound,val,data/raw/kaggle/ibrahimfateen_wound_classification/Wound_dataset copy/Diabetic Wounds/mirrored_13_0.jpg,20f44c1e3562a6154d50577c2af0e5dd160d05369328aaebf1b9f44993eee40d,kaggle_card_license_unknown_review_before_redistribution
data/datasets/efficientnet_kaggle_v1/train/wound/32baa58054429919.jpg,wound,train,data/raw/kaggle/ibrahimfateen_wound_classification/Wound_dataset copy/Diabetic Wounds/mirrored_140_0.jpg,32baa5805442991925a18fffd743a81ec22b7f5091f56bf8fedde8f8c2b105c8,kaggle_card_license_unknown_review_before_redistribution
data/datasets/efficientnet_kaggle_v1/train/wound/fa0552ac8e20c9b3.jpg,wound,train,data/raw/kaggle/ibrahimfateen_wound_classification/Wound_dataset copy/Diabetic Wounds/mirrored_141_0.jpg,fa0552ac8e20c9b34c68f1193d1e56f6be3c88d218f56a6519ad6ea601de90eb,kaggle_card_license_unknown_review_before_redistribution
data/datasets/efficientnet_kaggle_v1/train/wound/d45781b9617633b1.jpg,wound,train,data/raw/kaggle/ibrahimfateen_wound_classification/Wound_dataset copy/Diabetic Wounds/mirrored_142_0.jpg,d45781b9617633b15ee91ccc733802fe6805ce6da90e1211516955128e66ce5c,kaggle_card_license_unknown_review_before_redistribution
data/datasets/efficientnet_kaggle_v1/val/wound/a2d412f30a77a2b5.jpg,wound,val,data/raw/kaggle/ibrahimfateen_wound_classification/Wound_dataset copy/Diabetic Wounds/mirrored_143_0.jpg,a2d412f30a77a2b523c60323b44cac47dbfd4f584ddef0cd754aeb571796b9b7,kaggle_card_license_unknown_review_before_redistribution
data/datasets/efficientnet_kaggle_v1/train/wound/3bd3f1e3dcc9f305.jpg,wound,train,data/raw/kaggle/ibrahimfateen_wound_classification/Wound_dataset copy/Diabetic Wounds/mirrored_144_0.jpg,3bd3f1e3dcc9f305942c26700efe6a4cb30b8e24946972e0a6230eabd8dd27d6,kaggle_card_license_unknown_review_before_redistribution
data/datasets/efficientnet_kaggle_v1/train/wound/a1822b99b6bd29b8.jpg,wound,train,data/raw/kaggle/ibrahimfateen_wound_classification/Wound_dataset copy/Diabetic Wounds/mirrored_145_0.jpg,a1822b99b6bd29b87edd97d98eacf93150e5ae5cdb04b5d176feeb41d0b83ce7,kaggle_card_license_unknown_review_before_redistribution
data/datasets/efficientnet_kaggle_v1/train/wound/60d6da033efb0761.jpg,wound,train,data/raw/kaggle/ibrahimfateen_wound_classification/Wound_dataset copy/Diabetic Wounds/mirrored_145_1.jpg,60d6da033efb0761b39b26b68eea2dc705d37024d0001e17f0fae0fe12703def,kaggle_card_license_unknown_review_before_redistribution
data/datasets/efficientnet_kaggle_v1/train/wound/c4acae43cb278271.jpg,wound,train,data/raw/kaggle/ibrahimfateen_wound_classification/Wound_dataset copy/Diabetic Wounds/mirrored_146_0.jpg,c4acae43cb278271b33b0bf784991620a30828f4f99cfa28745221fbdf893b78,kaggle_card_license_unknown_review_before_redistribution
data/datasets/efficientnet_kaggle_v1/train/wound/b8899d86f7a31ee3.jpg,wound,train,data/raw/kaggle/ibrahimfateen_wound_classification/Wound_dataset copy/Diabetic Wounds/mirrored_146_1.jpg,b8899d86f7a31ee34785b976ffa4d8f0cc79533509669d2fa8370b7464afbf57,kaggle_card_license_unknown_review_before_redistribution
data/datasets/efficientnet_kaggle_v1/train/wound/9ec53b52c0ddb851.jpg,wound,train,data/raw/kaggle/ibrahimfateen_wound_classification/Wound_dataset copy/Diabetic Wounds/mirrored_146_2.jpg,9ec53b52c0ddb851921a363b73debf6c3e008da223677eb28497319f6cdd85e1,kaggle_card_license_unknown_review_before_redistribution
data/datasets/efficientnet_kaggle_v1/train/wound/96d2f867a8462c9b.jpg,wound,train,data/raw/kaggle/ibrahimfateen_wound_classification/Wound_dataset copy/Diabetic Wounds/mirrored_147_0.jpg,96d2f867a8462c9ba4fac355041b3f5bad52c03a681f60c96cd90b78bae24cd1,kaggle_card_license_unknown_review_before_redistribution
data/datasets/efficientnet_kaggle_v1/train/wound/04b7d143250edec9.jpg,wound,train,data/raw/kaggle/ibrahimfateen_wound_classification/Wound_dataset copy/Diabetic Wounds/mirrored_147_1.jpg,04b7d143250edec9e82e29a9b168c67e1d75967306de9e0e2f75cb37b9daa7e0,kaggle_card_license_unknown_review_before_redistribution
data/datasets/efficientnet_kaggle_v1/train/wound/e1befeb9d7848cd5.jpg,wound,train,data/raw/kaggle/ibrahimfateen_wound_classification/Wound_dataset copy/Diabetic Wounds/mirrored_148_0.jpg,e1befeb9d7848cd554a5436e9b0381b155f21454dfe826d26a5cd75445f0b2fa,kaggle_card_license_unknown_review_before_redistribution
data/datasets/efficientnet_kaggle_v1/train/wound/b99a78bcdcb6c691.jpg,wound,train,data/raw/kaggle/ibrahimfateen_wound_classification/Wound_dataset copy/Diabetic Wounds/mirrored_149_0.jpg,b99a78bcdcb6c69132f0c49e6373951361ae76cbfbca872c0a921a4bc073ef7e,kaggle_card_license_unknown_review_before_redistribution
data/datasets/efficientnet_kaggle_v1/train/wound/a48174f2caf841fc.jpg,wound,train,data/raw/kaggle/ibrahimfateen_wound_classification/Wound_dataset copy/Diabetic Wounds/mirrored_14_0.jpg,a48174f2caf841fcf7b41e613472d964034582c5176cdfa6e15569ddb95243b9,kaggle_card_license_unknown_review_before_redistribution
data/datasets/efficientnet_kaggle_v1/train/wound/6344486066285c8d.jpg,wound,train,data/raw/kaggle/ibrahimfateen_wound_classification/Wound_dataset copy/Diabetic Wounds/mirrored_150_0.jpg,6344486066285c8dd3e4bf0f24ddabba415fc9ecf22b131f3d1bfb78e4d7824c,kaggle_card_license_unknown_review_before_redistribution
data/datasets/efficientnet_kaggle_v1/train/wound/15804fa00cb46c16.jpg,wound,train,data/raw/kaggle/ibrahimfateen_wound_classification/Wound_dataset copy/Diabetic Wounds/mirrored_151_0.jpg,15804fa00cb46c168ee0946a31aef650d94f5e9ca63e6b49a1708b98474e23f5,kaggle_card_license_unknown_review_before_redistribution
data/datasets/efficientnet_kaggle_v1/train/wound/e0abe0b772417959.jpg,wound,train,data/raw/kaggle/ibrahimfateen_wound_classification/Wound_dataset copy/Diabetic Wounds/mirrored_152_0.jpg,e0abe0b772417959f560debc9c0ea2ef3320ee9dd01eb2517d0247b40c7de0ef,kaggle_card_license_unknown_review_before_redistribution
data/datasets/efficientnet_kaggle_v1/train/wound/c2fab0673efe96ad.jpg,wound,train,data/raw/kaggle/ibrahimfateen_wound_classification/Wound_dataset copy/Diabetic Wounds/mirrored_153_0.jpg,c2fab0673efe96ad7d71fa4d068e13a7467d6d4130599e1a1ec1d2e2c5d3822f,kaggle_card_license_unknown_review_before_redistribution
data/datasets/efficientnet_kaggle_v1/train/wound/47c9af8318d54ba6.jpg,wound,train,data/raw/kaggle/ibrahimfateen_wound_classification/Wound_dataset copy/Diabetic Wounds/mirrored_154_0.jpg,47c9af8318d54ba6bcb730bdd0af6c27184f843355f3eaf71a27e091acec24cf,kaggle_card_license_unknown_review_before_redistribution
data/datasets/efficientnet_kaggle_v1/test/wound/2e7bc7b5502e5710.jpg,wound,test,data/raw/kaggle/ibrahimfateen_wound_classification/Wound_dataset copy/Diabetic Wounds/mirrored_15_0.jpg,2e7bc7b5502e5710b1fe235fb5c1515591001897878c757aec318db6a756a073,kaggle_card_license_unknown_review_before_redistribution
data/datasets/efficientnet_kaggle_v1/train/wound/d82258f3dd36dbb6.jpg,wound,train,data/raw/kaggle/ibrahimfateen_wound_classification/Wound_dataset copy/Diabetic Wounds/mirrored_16_0.jpg,d82258f3dd36dbb6ce77b1ac1a6f0edeb73b9e66365c8e2ebcfb8f98e012c285,kaggle_card_license_unknown_review_before_redistribution
data/datasets/efficientnet_kaggle_v1/train/wound/fd1894e49a01c60d.jpg,wound,train,data/raw/kaggle/ibrahimfateen_wound_classification/Wound_dataset copy/Diabetic Wounds/mirrored_17_0.jpg,fd1894e49a01c60dfd247867836b99ea975b2787ed26608c9d87934dcf471623,kaggle_card_license_unknown_review_before_redistribution
data/datasets/efficientnet_kaggle_v1/train/wound/42d1547cfb1fb8d4.jpg,wound,train,data/raw/kaggle/ibrahimfateen_wound_classification/Wound_dataset copy/Diabetic Wounds/mirrored_18_0.jpg,42d1547cfb1fb8d47b3022c36a3aaea60546a2ca4068d6bc24cd1f9b49f1af50,kaggle_card_license_unknown_review_before_redistribution
data/datasets/efficientnet_kaggle_v1/val/wound/2ceb1a3f2329d32b.jpg,wound,val,data/raw/kaggle/ibrahimfateen_wound_classification/Wound_dataset copy/Diabetic Wounds/mirrored_19_0.jpg,2ceb1a3f2329d32bac06ac4fb51b31342b7cca0730531513deab8a481ce7f11a,kaggle_card_license_unknown_review_before_redistribution
data/datasets/efficientnet_kaggle_v1/train/wound/8ef75c99cfaef62d.jpg,wound,train,data/raw/kaggle/ibrahimfateen_wound_classification/Wound_dataset copy/Diabetic Wounds/mirrored_1_0.jpg,8ef75c99cfaef62dac83793ee18c1e7c5cf615bfc8044b5f8c17fd983c6e8792,kaggle_card_license_unknown_review_before_redistribution
data/datasets/efficientnet_kaggle_v1/test/wound/bf59f3dc2e4e6e28.jpg,wound,test,data/raw/kaggle/ibrahimfateen_wound_classification/Wound_dataset copy/Diabetic Wounds/mirrored_20_0.jpg,bf59f3dc2e4e6e28b8169f29c54885498aece90fadb144ff1b0af5de63ce776f,kaggle_card_license_unknown_review_before_redistribution
data/datasets/efficientnet_kaggle_v1/train/wound/365e09d75cd0665b.jpg,wound,train,data/raw/kaggle/ibrahimfateen_wound_classification/Wound_dataset copy/Diabetic Wounds/mirrored_21_0.jpg,365e09d75cd0665b0e42f15b8c411fe124b95ebe594fc81f729ff5bc0aa21d2b,kaggle_card_license_unknown_review_before_redistribution
data/datasets/efficientnet_kaggle_v1/train/wound/4e4e24921a835155.jpg,wound,train,data/raw/kaggle/ibrahimfateen_wound_classification/Wound_dataset copy/Diabetic Wounds/mirrored_22_0.jpg,4e4e24921a835155ca58ccde51f09d6ca65336fb789f58d977e33044504e1e00,kaggle_card_license_unknown_review_before_redistribution
data/datasets/efficientnet_kaggle_v1/train/wound/ccc8d5eeca03856d.jpg,wound,train,data/raw/kaggle/ibrahimfateen_wound_classification/Wound_dataset copy/Diabetic Wounds/mirrored_23_0.jpg,ccc8d5eeca03856d82151395f5e2a22054c8a88e27f6823ce3f6a529fc4a6606,kaggle_card_license_unknown_review_before_redistribution
data/datasets/efficientnet_kaggle_v1/train/wound/c05eade0e2f725b5.jpg,wound,train,data/raw/kaggle/ibrahimfateen_wound_classification/Wound_dataset copy/Diabetic Wounds/mirrored_23_1.jpg,c05eade0e2f725b529cdc34a02b219c2f7a20428d465efb55d09c58c4b3feb6f,kaggle_card_license_unknown_review_before_redistribution
data/datasets/efficientnet_kaggle_v1/train/wound/3f25305cb70d6fd7.jpg,wound,train,data/raw/kaggle/ibrahimfateen_wound_classification/Wound_dataset copy/Diabetic Wounds/mirrored_24_0.jpg,3f25305cb70d6fd706ff6169e37f13e8c324b08b6668c2809823a5f6e98b6c43,kaggle_card_license_unknown_review_before_redistribution
data/datasets/efficientnet_kaggle_v1/val/wound/4d9b242e7c001210.jpg,wound,val,data/raw/kaggle/ibrahimfateen_wound_classification/Wound_dataset copy/Diabetic Wounds/mirrored_25_0.jpg,4d9b242e7c00121029bb8fbfcfca25cabe06d6c316924c2b72d0760c763ada3a,kaggle_card_license_unknown_review_before_redistribution
data/datasets/efficientnet_kaggle_v1/train/wound/93cee6c9e4654180.jpg,wound,train,data/raw/kaggle/ibrahimfateen_wound_classification/Wound_dataset copy/Diabetic Wounds/mirrored_25_1.jpg,93cee6c9e465418036b8be41c7c2edb7f07aef49ef7346a1707f54c52c561bad,kaggle_card_license_unknown_review_before_redistribution
data/datasets/efficientnet_kaggle_v1/train/wound/7bf7343eb3f4302a.jpg,wound,train,data/raw/kaggle/ibrahimfateen_wound_classification/Wound_dataset copy/Diabetic Wounds/mirrored_26_0.jpg,7bf7343eb3f4302af98fbfb37449b7b150934d6057d8e579ec5a2b13d2fe5018,kaggle_card_license_unknown_review_before_redistribution
data/datasets/efficientnet_kaggle_v1/train/wound/04fa9ad962d672b0.jpg,wound,train,data/raw/kaggle/ibrahimfateen_wound_classification/Wound_dataset copy/Diabetic Wounds/mirrored_27_0.jpg,04fa9ad962d672b0dc2120137ce6ee4075eb6ef86eead6efd50b2c7c4a351a2e,kaggle_card_license_unknown_review_before_redistribution
data/datasets/efficientnet_kaggle_v1/test/wound/78fbbf8e19adfb81.jpg,wound,test,data/raw/kaggle/ibrahimfateen_wound_classification/Wound_dataset copy/Diabetic Wounds/mirrored_28_0.jpg,78fbbf8e19adfb81738214cbbe410da1a700e26442bff411fbaa03ba73ac87eb,kaggle_card_license_unknown_review_before_redistribution
data/datasets/efficientnet_kaggle_v1/train/wound/d2842786e8064585.jpg,wound,train,data/raw/kaggle/ibrahimfateen_wound_classification/Wound_dataset copy/Diabetic Wounds/mirrored_29_0.jpg,d2842786e80645852113e475984dc2505976250b2e278d7fa258ffb082eb54a8,kaggle_card_license_unknown_review_before_redistribution
data/datasets/efficientnet_kaggle_v1/train/wound/cc40cd05dba01b02.jpg,wound,train,data/raw/kaggle/ibrahimfateen_wound_classification/Wound_dataset copy/Diabetic Wounds/mirrored_2_0.jpg,cc40cd05dba01b025d4a8a52c1cf9b4e75b4a924f75edd23de3aa11dce72910a,kaggle_card_license_unknown_review_before_redistribution
data/datasets/efficientnet_kaggle_v1/train/wound/68167eee8423f536.jpg,wound,train,data/raw/kaggle/ibrahimfateen_wound_classification/Wound_dataset copy/Diabetic Wounds/mirrored_30_0.jpg,68167eee8423f53698b6ce92577d1443f8a4c979bc5d6bc13f69da59b33f3688,kaggle_card_license_unknown_review_before_redistribution
data/datasets/efficientnet_kaggle_v1/train/wound/61aa61679f9a6e79.jpg,wound,train,data/raw/kaggle/ibrahimfateen_wound_classification/Wound_dataset copy/Diabetic Wounds/mirrored_31_0.jpg,61aa61679f9a6e79c340a2d46712bd051a5c3fd823a6e8d3cdfa19ae9d3439eb,kaggle_card_license_unknown_review_before_redistribution
data/datasets/efficientnet_kaggle_v1/train/wound/e1a15adb8198c93c.jpg,wound,train,data/raw/kaggle/ibrahimfateen_wound_classification/Wound_dataset copy/Diabetic Wounds/mirrored_32_0.jpg,e1a15adb8198c93c32db793c3e3abe32ff23a2b6089b8db5840c3da006385ced,kaggle_card_license_unknown_review_before_redistribution
data/datasets/efficientnet_kaggle_v1/val/wound/1d15d3296143f0cc.jpg,wound,val,data/raw/kaggle/ibrahimfateen_wound_classification/Wound_dataset copy/Diabetic Wounds/mirrored_32_1.jpg,1d15d3296143f0cc26c691e09d61b98b8ace2ab5c08d7ac3cfd48fe35de99bfc,kaggle_card_license_unknown_review_before_redistribution
data/datasets/efficientnet_kaggle_v1/train/wound/f6efe0314ffc7301.jpg,wound,train,data/raw/kaggle/ibrahimfateen_wound_classification/Wound_dataset copy/Diabetic Wounds/mirrored_33_0.jpg,f6efe0314ffc73016d5f232bc14630d366d62e000a13be46a23e9671fd6f33c4,kaggle_card_license_unknown_review_before_redistribution
data/datasets/efficientnet_kaggle_v1/train/wound/d1346e5189b131d8.jpg,wound,train,data/raw/kaggle/ibrahimfateen_wound_classification/Wound_dataset copy/Diabetic Wounds/mirrored_34_0.jpg,d1346e5189b131d83591fcd508e789881dbd4fd612832dd5a1147d37ec0ffb68,kaggle_card_license_unknown_review_before_redistribution
data/datasets/efficientnet_kaggle_v1/train/wound/1234b206853ca16c.jpg,wound,train,data/raw/kaggle/ibrahimfateen_wound_classification/Wound_dataset copy/Diabetic Wounds/mirrored_35_0.jpg,1234b206853ca16c7c4d76a70555411ee982f3cc68ddce50f8343a45f5e40379,kaggle_card_license_unknown_review_before_redistribution
data/datasets/efficientnet_kaggle_v1/val/wound/adbc1e443ab5c75f.jpg,wound,val,data/raw/kaggle/ibrahimfateen_wound_classification/Wound_dataset copy/Diabetic Wounds/mirrored_36_0.jpg,adbc1e443ab5c75f66e4d436bf62cc84fec908c38cccea41abd550c3e3cceeda,kaggle_card_license_unknown_review_before_redistribution
data/datasets/efficientnet_kaggle_v1/train/wound/5e55457eb1327836.jpg,wound,train,data/raw/kaggle/ibrahimfateen_wound_classification/Wound_dataset copy/Diabetic Wounds/mirrored_37_0.jpg,5e55457eb132783690492c1d388d6db0d559db7bffed8fa4653863a8c8fe7867,kaggle_card_license_unknown_review_before_redistribution
data/datasets/efficientnet_kaggle_v1/train/wound/1c8b396fdbee8ce1.jpg,wound,train,data/raw/kaggle/ibrahimfateen_wound_classification/Wound_dataset copy/Diabetic Wounds/mirrored_38_0.jpg,1c8b396fdbee8ce1709f5876b66b5631e696df34b30a1c87ac76ddd03ef6a925,kaggle_card_license_unknown_review_before_redistribution
data/datasets/efficientnet_kaggle_v1/val/wound/3e8f693a536e6956.jpg,wound,val,data/raw/kaggle/ibrahimfateen_wound_classification/Wound_dataset copy/Diabetic Wounds/mirrored_39_0.jpg,3e8f693a536e69563a3ade5ef80cbc259b279d85252da3f1f00fe6bf21b6b921,kaggle_card_license_unknown_review_before_redistribution
data/datasets/efficientnet_kaggle_v1/train/wound/aae6e87e63b395b6.jpg,wound,train,data/raw/kaggle/ibrahimfateen_wound_classification/Wound_dataset copy/Diabetic Wounds/mirrored_3_0.jpg,aae6e87e63b395b670815fd9769147e0bdd185f8d82e3a3a621d76828e2fa954,kaggle_card_license_unknown_review_before_redistribution
data/datasets/efficientnet_kaggle_v1/train/wound/fa48ded21b4d90f9.jpg,wound,train,data/raw/kaggle/ibrahimfateen_wound_classification/Wound_dataset copy/Diabetic Wounds/mirrored_40_0.jpg,fa48ded21b4d90f9fd4ceda3a8ac8db1072844f6681365b335cc3e028f8c376b,kaggle_card_license_unknown_review_before_redistribution
data/datasets/efficientnet_kaggle_v1/train/wound/8d9bee279105fe57.jpg,wound,train,data/raw/kaggle/ibrahimfateen_wound_classification/Wound_dataset copy/Diabetic Wounds/mirrored_41_0.jpg,8d9bee279105fe576fa5ec35972b99fba88b90414c1294c3be0ca6bc904d9849,kaggle_card_license_unknown_review_before_redistribution
data/datasets/efficientnet_kaggle_v1/train/wound/62bc3d97be2bf0b6.jpg,wound,train,data/raw/kaggle/ibrahimfateen_wound_classification/Wound_dataset copy/Diabetic Wounds/mirrored_42_0.jpg,62bc3d97be2bf0b694e932a0bce8ed5aeb771adc48649bfc0d682b004041a0e5,kaggle_card_license_unknown_review_before_redistribution
data/datasets/efficientnet_kaggle_v1/train/wound/e5184cb8e9902118.jpg,wound,train,data/raw/kaggle/ibrahimfateen_wound_classification/Wound_dataset copy/Diabetic Wounds/mirrored_43_0.jpg,e5184cb8e990211885779097dadeae76bbad2f17089cea1f2aa46fe838bd68ee,kaggle_card_license_unknown_review_before_redistribution
data/datasets/efficientnet_kaggle_v1/train/wound/d4d04d42fdc48b83.jpg,wound,train,data/raw/kaggle/ibrahimfateen_wound_classification/Wound_dataset copy/Diabetic Wounds/mirrored_44_0.jpg,d4d04d42fdc48b83537fe80c62938f526b3b8f018c3b92a62a74df708754b6d8,kaggle_card_license_unknown_review_before_redistribution
data/datasets/efficientnet_kaggle_v1/train/wound/acf8087640eaa47e.jpg,wound,train,data/raw/kaggle/ibrahimfateen_wound_classification/Wound_dataset copy/Diabetic Wounds/mirrored_45_0.jpg,acf8087640eaa47ee75a0407b88dd71920465f1bae9d2e368b1a84343a792a25,kaggle_card_license_unknown_review_before_redistribution
data/datasets/efficientnet_kaggle_v1/train/wound/02a35348c33051d4.jpg,wound,train,data/raw/kaggle/ibrahimfateen_wound_classification/Wound_dataset copy/Diabetic Wounds/mirrored_45_1.jpg,02a35348c33051d44c9548b619bfba8323d2e92b066a9c433d0d19364035c5a2,kaggle_card_license_unknown_review_before_redistribution
data/datasets/efficientnet_kaggle_v1/train/wound/e3663c36e3d6f5a8.jpg,wound,train,data/raw/kaggle/ibrahimfateen_wound_classification/Wound_dataset copy/Diabetic Wounds/mirrored_46_0.jpg,e3663c36e3d6f5a8b9ff7143d336042b197195d5f8d24408f36daab6b5ebeb31,kaggle_card_license_unknown_review_before_redistribution
data/datasets/efficientnet_kaggle_v1/test/wound/18394437f0bbb4cc.jpg,wound,test,data/raw/kaggle/ibrahimfateen_wound_classification/Wound_dataset copy/Diabetic Wounds/mirrored_47_0.jpg,18394437f0bbb4cc827c6bf10cc551d7cd789277bd5ed6b0df622cb521418463,kaggle_card_license_unknown_review_before_redistribution
data/datasets/efficientnet_kaggle_v1/val/wound/0ff4335b40b73c29.jpg,wound,val,data/raw/kaggle/ibrahimfateen_wound_classification/Wound_dataset copy/Diabetic Wounds/mirrored_48_0.jpg,0ff4335b40b73c29487446e29d95d60b00c2e0d790e0db104d061b4697e4b5a8,kaggle_card_license_unknown_review_before_redistribution
data/datasets/efficientnet_kaggle_v1/train/wound/fe6aeb15a41f0c19.jpg,wound,train,data/raw/kaggle/ibrahimfateen_wound_classification/Wound_dataset copy/Diabetic Wounds/mirrored_49_0.jpg,fe6aeb15a41f0c1971502e4c59b6c17350e122b29479f85ff4a308fbc8b152ec,kaggle_card_license_unknown_review_before_redistribution
data/datasets/efficientnet_kaggle_v1/test/wound/5653ba6ebf4dd914.jpg,wound,test,data/raw/kaggle/ibrahimfateen_wound_classification/Wound_dataset copy/Diabetic Wounds/mirrored_4_0.jpg,5653ba6ebf4dd9147f6d386279f3786344d295c99fc33cc0dfebaa72e4d06052,kaggle_card_license_unknown_review_before_redistribution
data/datasets/efficientnet_kaggle_v1/val/wound/21d027540ab0d72a.jpg,wound,val,data/raw/kaggle/ibrahimfateen_wound_classification/Wound_dataset copy/Diabetic Wounds/mirrored_50_0.jpg,21d027540ab0d72a551005042967f6bc48edf48a280328e0c027bbbfaa2c885a,kaggle_card_license_unknown_review_before_redistribution
data/datasets/efficientnet_kaggle_v1/train/wound/2ca6e7d33f5f645f.jpg,wound,train,data/raw/kaggle/ibrahimfateen_wound_classification/Wound_dataset copy/Diabetic Wounds/mirrored_51_0.jpg,2ca6e7d33f5f645fd1c9f91020d304516b2d2487eb6a4e6a0427be00a17ed2ea,kaggle_card_license_unknown_review_before_redistribution
data/datasets/efficientnet_kaggle_v1/train/wound/9f4e4e83c0d617c6.jpg,wound,train,data/raw/kaggle/ibrahimfateen_wound_classification/Wound_dataset copy/Diabetic Wounds/mirrored_52_0.jpg,9f4e4e83c0d617c61367f7769737f8bfe15306061ef220c734d993055f108bac,kaggle_card_license_unknown_review_before_redistribution
data/datasets/efficientnet_kaggle_v1/train/wound/8312c20f51ef004c.jpg,wound,train,data/raw/kaggle/ibrahimfateen_wound_classification/Wound_dataset copy/Diabetic Wounds/mirrored_53_0.jpg,8312c20f51ef004cc2d9c73f7fb353f43ff59d4b64c284ad338552e442f30f2c,kaggle_card_license_unknown_review_before_redistribution
data/datasets/efficientnet_kaggle_v1/train/wound/f1e37261aa1aaa48.jpg,wound,train,data/raw/kaggle/ibrahimfateen_wound_classification/Wound_dataset copy/Diabetic Wounds/mirrored_54_0.jpg,f1e37261aa1aaa4860ac56e5f1349d0dd932ee986f28b3d3890a33fc322e6c53,kaggle_card_license_unknown_review_before_redistribution
data/datasets/efficientnet_kaggle_v1/train/wound/c7419cb7a5c1828b.jpg,wound,train,data/raw/kaggle/ibrahimfateen_wound_classification/Wound_dataset copy/Diabetic Wounds/mirrored_54_1.jpg,c7419cb7a5c1828b67f8ed9f41d31b1db8c57b230cc147b138d077a643e6d94f,kaggle_card_license_unknown_review_before_redistribution
data/datasets/efficientnet_kaggle_v1/train/wound/dfaeb5861c6c5739.jpg,wound,train,data/raw/kaggle/ibrahimfateen_wound_classification/Wound_dataset copy/Diabetic Wounds/mirrored_55_0.jpg,dfaeb5861c6c57395dab3b4570c70ec31af1f3dadd6807739a989d65036d0ce6,kaggle_card_license_unknown_review_before_redistribution
data/datasets/efficientnet_kaggle_v1/train/wound/d68fbc00a12c9ac6.jpg,wound,train,data/raw/kaggle/ibrahimfateen_wound_classification/Wound_dataset copy/Diabetic Wounds/mirrored_55_1.jpg,d68fbc00a12c9ac68eea6ba9c44adbadc49e39911abeac3dfbe8542ac420f9bd,kaggle_card_license_unknown_review_before_redistribution
data/datasets/efficientnet_kaggle_v1/train/wound/6fefd77fbacfd4bc.jpg,wound,train,data/raw/kaggle/ibrahimfateen_wound_classification/Wound_dataset copy/Diabetic Wounds/mirrored_56_0.jpg,6fefd77fbacfd4bcfcf2f842e8619d5e21507ce360d149245c8e8e064ba8479b,kaggle_card_license_unknown_review_before_redistribution
data/datasets/efficientnet_kaggle_v1/train/wound/9a02683917592e4f.jpg,wound,train,data/raw/kaggle/ibrahimfateen_wound_classification/Wound_dataset copy/Diabetic Wounds/mirrored_56_1.jpg,9a02683917592e4fd77d4759dff73ec1217dc53c0095f98a812a15bbc529af47,kaggle_card_license_unknown_review_before_redistribution
data/datasets/efficientnet_kaggle_v1/train/wound/c489149e5e6548d5.jpg,wound,train,data/raw/kaggle/ibrahimfateen_wound_classification/Wound_dataset copy/Diabetic Wounds/mirrored_56_2.jpg,c489149e5e6548d5881bf99b3051244df9f192066df206073fb7d4039536b01c,kaggle_card_license_unknown_review_before_redistribution
data/datasets/efficientnet_kaggle_v1/train/wound/2fb1e611fed2b092.jpg,wound,train,data/raw/kaggle/ibrahimfateen_wound_classification/Wound_dataset copy/Diabetic Wounds/mirrored_57_0.jpg,2fb1e611fed2b0929f353536387abf318635138f56e7dc55a943dd32208d19fc,kaggle_card_license_unknown_review_before_redistribution
data/datasets/efficientnet_kaggle_v1/train/wound/38415bc4a4336387.jpg,wound,train,data/raw/kaggle/ibrahimfateen_wound_classification/Wound_dataset copy/Diabetic Wounds/mirrored_58_0.jpg,38415bc4a4336387ce8464a3e4089d23ddec0d58c20c9eca6268b84a19c5994f,kaggle_card_license_unknown_review_before_redistribution
data/datasets/efficientnet_kaggle_v1/train/wound/f805dea9c6ad7374.jpg,wound,train,data/raw/kaggle/ibrahimfateen_wound_classification/Wound_dataset copy/Diabetic Wounds/mirrored_59_0.jpg,f805dea9c6ad73743665cbee6f66242381dd688e1ba219182ce40253a0939590,kaggle_card_license_unknown_review_before_redistribution
data/datasets/efficientnet_kaggle_v1/train/wound/5aefa159ba677d51.jpg,wound,train,data/raw/kaggle/ibrahimfateen_wound_classification/Wound_dataset copy/Diabetic Wounds/mirrored_5_0.jpg,5aefa159ba677d51af01c4407198675bcbed301c063e842f363711b6a671b4b6,kaggle_card_license_unknown_review_before_redistribution
data/datasets/efficientnet_kaggle_v1/train/wound/04a529020dda999d.jpg,wound,train,data/raw/kaggle/ibrahimfateen_wound_classification/Wound_dataset copy/Diabetic Wounds/mirrored_60_0.jpg,04a529020dda999d3de1618c84141a4c9f4aab7c3347ba5a184fd99540b3becf,kaggle_card_license_unknown_review_before_redistribution
data/datasets/efficientnet_kaggle_v1/val/wound/2e03598fbe9cb803.jpg,wound,val,data/raw/kaggle/ibrahimfateen_wound_classification/Wound_dataset copy/Diabetic Wounds/mirrored_61_0.jpg,2e03598fbe9cb803d53c43778e056344c9663b49ea8bcfef8148fac7f83fd7fe,kaggle_card_license_unknown_review_before_redistribution
data/datasets/efficientnet_kaggle_v1/train/wound/7b4646049f43300e.jpg,wound,train,data/raw/kaggle/ibrahimfateen_wound_classification/Wound_dataset copy/Diabetic Wounds/mirrored_62_0.jpg,7b4646049f43300e38eaf036db6fcbcb9d451ef3dc5055901b05253abe2b3f55,kaggle_card_license_unknown_review_before_redistribution
data/datasets/efficientnet_kaggle_v1/train/wound/659c61af4e174ac7.jpg,wound,train,data/raw/kaggle/ibrahimfateen_wound_classification/Wound_dataset copy/Diabetic Wounds/mirrored_63_0.jpg,659c61af4e174ac71ec37e4976f50d43810069d1193105d716411fdc1f33b5b7,kaggle_card_license_unknown_review_before_redistribution
data/datasets/efficientnet_kaggle_v1/val/wound/b18275dcebc459ff.jpg,wound,val,data/raw/kaggle/ibrahimfateen_wound_classification/Wound_dataset copy/Diabetic Wounds/mirrored_64_0.jpg,b18275dcebc459ff23e039ef68968c0bba9de19b89034c8d38a72ed9cee78977,kaggle_card_license_unknown_review_before_redistribution
data/datasets/efficientnet_kaggle_v1/test/wound/3796a030d57f185b.jpg,wound,test,data/raw/kaggle/ibrahimfateen_wound_classification/Wound_dataset copy/Diabetic Wounds/mirrored_64_1.jpg,3796a030d57f185bdb9db976bfa825648f4255b90b614edd0e85cf6065983f78,kaggle_card_license_unknown_review_before_redistribution
data/datasets/efficientnet_kaggle_v1/test/wound/4d0a70197f4e5552.jpg,wound,test,data/raw/kaggle/ibrahimfateen_wound_classification/Wound_dataset copy/Diabetic Wounds/mirrored_64_2.jpg,4d0a70197f4e5552f6dbaa52f5e87eaece015f3948d55ab493f9b5dcbc3faada,kaggle_card_license_unknown_review_before_redistribution
data/datasets/efficientnet_kaggle_v1/val/wound/7569486203ed2c4a.jpg,wound,val,data/raw/kaggle/ibrahimfateen_wound_classification/Wound_dataset copy/Diabetic Wounds/mirrored_65_0.jpg,7569486203ed2c4a79af72bdf47c3109a67460b105be406e4207a2f4726e2587,kaggle_card_license_unknown_review_before_redistribution
data/datasets/efficientnet_kaggle_v1/train/wound/9bf3644df698383c.jpg,wound,train,data/raw/kaggle/ibrahimfateen_wound_classification/Wound_dataset copy/Diabetic Wounds/mirrored_65_1.jpg,9bf3644df698383cb34741a31006e3fb5478758715bf776a379a9e6b49f0f833,kaggle_card_license_unknown_review_before_redistribution
data/datasets/efficientnet_kaggle_v1/train/wound/a99fa6536e8eb732.jpg,wound,train,data/raw/kaggle/ibrahimfateen_wound_classification/Wound_dataset copy/Diabetic Wounds/mirrored_66_0.jpg,a99fa6536e8eb7322491f6ed83eee6bef040313039bace86f8199bb10c0a0a75,kaggle_card_license_unknown_review_before_redistribution
data/datasets/efficientnet_kaggle_v1/train/wound/4e17b7cfd3b1ab4c.jpg,wound,train,data/raw/kaggle/ibrahimfateen_wound_classification/Wound_dataset copy/Diabetic Wounds/mirrored_67_0.jpg,4e17b7cfd3b1ab4c7f7d1383454506e5d4e62de78ba39971f90af1219a2d4a68,kaggle_card_license_unknown_review_before_redistribution
data/datasets/efficientnet_kaggle_v1/test/wound/669dec5ca6c733f3.jpg,wound,test,data/raw/kaggle/ibrahimfateen_wound_classification/Wound_dataset copy/Diabetic Wounds/mirrored_68_0.jpg,669dec5ca6c733f36f6518e445ec7cb34fcf16b242cfdf8f047f25f70ab1f576,kaggle_card_license_unknown_review_before_redistribution
data/datasets/efficientnet_kaggle_v1/train/wound/a4e41ca91fefd4a9.jpg,wound,train,data/raw/kaggle/ibrahimfateen_wound_classification/Wound_dataset copy/Diabetic Wounds/mirrored_69_0.jpg,a4e41ca91fefd4a9c0f2e69dbc06c0e3259a13b4eb83126939308bc0c8e36c37,kaggle_card_license_unknown_review_before_redistribution
data/datasets/efficientnet_kaggle_v1/train/wound/283e2bfa94d1b5f4.jpg,wound,train,data/raw/kaggle/ibrahimfateen_wound_classification/Wound_dataset copy/Diabetic Wounds/mirrored_6_0.jpg,283e2bfa94d1b5f4dc5d36643632fb5b9211a6f422820076f0b61ff94adc0d34,kaggle_card_license_unknown_review_before_redistribution
data/datasets/efficientnet_kaggle_v1/train/wound/56c913f803cda38c.jpg,wound,train,data/raw/kaggle/ibrahimfateen_wound_classification/Wound_dataset copy/Diabetic Wounds/mirrored_70_0.jpg,56c913f803cda38c8074e9e771dde7da75523820d1382c08c634b1d5c83e2e14,kaggle_card_license_unknown_review_before_redistribution
data/datasets/efficientnet_kaggle_v1/train/wound/133753c9bcb3c0de.jpg,wound,train,data/raw/kaggle/ibrahimfateen_wound_classification/Wound_dataset copy/Diabetic Wounds/mirrored_70_1.jpg,133753c9bcb3c0de503e74e752df10002e1c531e13a2a04f57a9672e1a8d58e6,kaggle_card_license_unknown_review_before_redistribution
data/datasets/efficientnet_kaggle_v1/test/wound/4f46b417a12d80b2.jpg,wound,test,data/raw/kaggle/ibrahimfateen_wound_classification/Wound_dataset copy/Diabetic Wounds/mirrored_71_0.jpg,4f46b417a12d80b2f62c4821c88c0235c6a41ce088b4d24c448cd1b4e79bf4c3,kaggle_card_license_unknown_review_before_redistribution
data/datasets/efficientnet_kaggle_v1/train/wound/352e452df470657e.jpg,wound,train,data/raw/kaggle/ibrahimfateen_wound_classification/Wound_dataset copy/Diabetic Wounds/mirrored_72_0.jpg,352e452df470657ee2d39e409e8fc10348f7b3aa3514e65c4074c96de013c8f6,kaggle_card_license_unknown_review_before_redistribution
data/datasets/efficientnet_kaggle_v1/train/wound/ae66caf64b26e4b3.jpg,wound,train,data/raw/kaggle/ibrahimfateen_wound_classification/Wound_dataset copy/Diabetic Wounds/mirrored_73_0.jpg,ae66caf64b26e4b320cd870e59abe9435faf1554ef629797b8db8608a77ce49c,kaggle_card_license_unknown_review_before_redistribution
data/datasets/efficientnet_kaggle_v1/train/wound/42c0429765df10d1.jpg,wound,train,data/raw/kaggle/ibrahimfateen_wound_classification/Wound_dataset copy/Diabetic Wounds/mirrored_74_0.jpg,42c0429765df10d1ba23e6577bfff3a2d0590353ddd8838666192fa1f1855a34,kaggle_card_license_unknown_review_before_redistribution
data/datasets/efficientnet_kaggle_v1/train/wound/48a85aa7fb7c06ce.jpg,wound,train,data/raw/kaggle/ibrahimfateen_wound_classification/Wound_dataset copy/Diabetic Wounds/mirrored_75_0.jpg,48a85aa7fb7c06cea8e09fa85e41002df81639f6bfb724e777eac535036c670e,kaggle_card_license_unknown_review_before_redistribution
data/datasets/efficientnet_kaggle_v1/test/wound/1db9f39e7987f4d7.jpg,wound,test,data/raw/kaggle/ibrahimfateen_wound_classification/Wound_dataset copy/Diabetic Wounds/mirrored_76_0.jpg,1db9f39e7987f4d767f8f8c36c617d00cb1a7833fadd59a75a5a94f7a1124698,kaggle_card_license_unknown_review_before_redistribution
data/datasets/efficientnet_kaggle_v1/train/wound/891b89b0f7fee884.jpg,wound,train,data/raw/kaggle/ibrahimfateen_wound_classification/Wound_dataset copy/Diabetic Wounds/mirrored_77_0.jpg,891b89b0f7fee884376b736fa0aff51521668415d751d6d5d311b347feb7e08a,kaggle_card_license_unknown_review_before_redistribution
data/datasets/efficientnet_kaggle_v1/train/wound/e7930b16b8cc9416.jpg,wound,train,data/raw/kaggle/ibrahimfateen_wound_classification/Wound_dataset copy/Diabetic Wounds/mirrored_78_0.jpg,e7930b16b8cc9416f3727d94e6239ecf106a2ca32d4770b31388d0cc9c0194af,kaggle_card_license_unknown_review_before_redistribution
data/datasets/efficientnet_kaggle_v1/train/wound/ada9cd0ac929bd43.jpg,wound,train,data/raw/kaggle/ibrahimfateen_wound_classification/Wound_dataset copy/Diabetic Wounds/mirrored_78_1.jpg,ada9cd0ac929bd43a5917fa889d5ebe38a7334684d6c6be6ade7cfbc98b9affd,kaggle_card_license_unknown_review_before_redistribution
data/datasets/efficientnet_kaggle_v1/train/wound/9ffe6c041bfe7372.jpg,wound,train,data/raw/kaggle/ibrahimfateen_wound_classification/Wound_dataset copy/Diabetic Wounds/mirrored_79_0.jpg,9ffe6c041bfe73723f9783599f919027d518036cad176185827b8d05b7b00292,kaggle_card_license_unknown_review_before_redistribution
data/datasets/efficientnet_kaggle_v1/test/wound/75acd6303cd76f68.jpg,wound,test,data/raw/kaggle/ibrahimfateen_wound_classification/Wound_dataset copy/Diabetic Wounds/mirrored_7_0.jpg,75acd6303cd76f682e541d05e1bc7a0eaa21cbf178a23fef1abe4c0b8fa8be28,kaggle_card_license_unknown_review_before_redistribution
data/datasets/efficientnet_kaggle_v1/train/wound/05a86a8a9cb81d9d.jpg,wound,train,data/raw/kaggle/ibrahimfateen_wound_classification/Wound_dataset copy/Diabetic Wounds/mirrored_7_1.jpg,05a86a8a9cb81d9d127f4cf2d9726ec2e2134edebba687fd28df73fa6168d152,kaggle_card_license_unknown_review_before_redistribution
data/datasets/efficientnet_kaggle_v1/train/wound/36ea6d8b63157793.jpg,wound,train,data/raw/kaggle/ibrahimfateen_wound_classification/Wound_dataset copy/Diabetic Wounds/mirrored_80_0.jpg,36ea6d8b631577937bd740ba095fc1e526aeeb8814e8621845ea25dab4de334d,kaggle_card_license_unknown_review_before_redistribution
data/datasets/efficientnet_kaggle_v1/train/wound/c99053c2adc85f0f.jpg,wound,train,data/raw/kaggle/ibrahimfateen_wound_classification/Wound_dataset copy/Diabetic Wounds/mirrored_81_0.jpg,c99053c2adc85f0fe99ee874d7ab991263d59ad23408fabd226422107e44178f,kaggle_card_license_unknown_review_before_redistribution
data/datasets/efficientnet_kaggle_v1/train/wound/c5dd42ef651da8fb.jpg,wound,train,data/raw/kaggle/ibrahimfateen_wound_classification/Wound_dataset copy/Diabetic Wounds/mirrored_81_1.jpg,c5dd42ef651da8fbb3ffd48ef07e361a1175153b90085bc2748f419285371f66,kaggle_card_license_unknown_review_before_redistribution
data/datasets/efficientnet_kaggle_v1/train/wound/62f89d14effb6187.jpg,wound,train,data/raw/kaggle/ibrahimfateen_wound_classification/Wound_dataset copy/Diabetic Wounds/mirrored_82_0.jpg,62f89d14effb61877e0bdbbf21b2ade1a00df21387d36b5c56fc8275b834f56a,kaggle_card_license_unknown_review_before_redistribution
data/datasets/efficientnet_kaggle_v1/val/wound/815c4aa4b6ed55f9.jpg,wound,val,data/raw/kaggle/ibrahimfateen_wound_classification/Wound_dataset copy/Diabetic Wounds/mirrored_82_1.jpg,815c4aa4b6ed55f979ff2e55b1066fdeeb22ef89df20957eee50ae13d68365ea,kaggle_card_license_unknown_review_before_redistribution
data/datasets/efficientnet_kaggle_v1/train/wound/8b546fa3b846f419.jpg,wound,train,data/raw/kaggle/ibrahimfateen_wound_classification/Wound_dataset copy/Diabetic Wounds/mirrored_83_0.jpg,8b546fa3b846f41975307bf368afe97c65a32bc59c843dedf3d8d37976d6e770,kaggle_card_license_unknown_review_before_redistribution
data/datasets/efficientnet_kaggle_v1/test/wound/d16dcd322edae02c.jpg,wound,test,data/raw/kaggle/ibrahimfateen_wound_classification/Wound_dataset copy/Diabetic Wounds/mirrored_84_0.jpg,d16dcd322edae02c63cc1f6d4979114397fbd3dfe69ed3ed4837be43c996fb52,kaggle_card_license_unknown_review_before_redistribution
data/datasets/efficientnet_kaggle_v1/train/wound/fac909ac114ab11d.jpg,wound,train,data/raw/kaggle/ibrahimfateen_wound_classification/Wound_dataset copy/Diabetic Wounds/mirrored_85_0.jpg,fac909ac114ab11d97a1dcda04fc3590bf6dc28f2452c3bec5a9937d8a37ed27,kaggle_card_license_unknown_review_before_redistribution
data/datasets/efficientnet_kaggle_v1/train/wound/d7777ac2162d0d54.jpg,wound,train,data/raw/kaggle/ibrahimfateen_wound_classification/Wound_dataset copy/Diabetic Wounds/mirrored_86_0.jpg,d7777ac2162d0d54309795e920c1faaf9298df8220ad13aaa520e46252554211,kaggle_card_license_unknown_review_before_redistribution
data/datasets/efficientnet_kaggle_v1/train/wound/27e7870435023a66.jpg,wound,train,data/raw/kaggle/ibrahimfateen_wound_classification/Wound_dataset copy/Diabetic Wounds/mirrored_87_0.jpg,27e7870435023a660d36bd1fda46c0e79431057899a44bc9bef62e6ee6cccbd1,kaggle_card_license_unknown_review_before_redistribution
data/datasets/efficientnet_kaggle_v1/test/wound/6ef6c9e00ac11b91.jpg,wound,test,data/raw/kaggle/ibrahimfateen_wound_classification/Wound_dataset copy/Diabetic Wounds/mirrored_88_0.jpg,6ef6c9e00ac11b918bed451989f8a483a1605d6bbd9e2765db4ba0e6af3a30cb,kaggle_card_license_unknown_review_before_redistribution
data/datasets/efficientnet_kaggle_v1/train/wound/aa349515c2783bb0.jpg,wound,train,data/raw/kaggle/ibrahimfateen_wound_classification/Wound_dataset copy/Diabetic Wounds/mirrored_89_0.jpg,aa349515c2783bb08156a8bd5f547e048bb2ccde19753ef5edb4e8e188d7d44f,kaggle_card_license_unknown_review_before_redistribution
data/datasets/efficientnet_kaggle_v1/val/wound/a2fa3b53ef452c21.jpg,wound,val,data/raw/kaggle/ibrahimfateen_wound_classification/Wound_dataset copy/Diabetic Wounds/mirrored_8_0.jpg,a2fa3b53ef452c21af67039e8b39cd32363cb37bd0d69c51da5e25d5f2985080,kaggle_card_license_unknown_review_before_redistribution
data/datasets/efficientnet_kaggle_v1/train/wound/3680d7149f94504b.jpg,wound,train,data/raw/kaggle/ibrahimfateen_wound_classification/Wound_dataset copy/Diabetic Wounds/mirrored_90_0.jpg,3680d7149f94504b6f11a1987c75551a2d69bc4c676b3a2d46933620b8dfc45b,kaggle_card_license_unknown_review_before_redistribution
data/datasets/efficientnet_kaggle_v1/train/wound/4d7dc7ff69f5c02c.jpg,wound,train,data/raw/kaggle/ibrahimfateen_wound_classification/Wound_dataset copy/Diabetic Wounds/mirrored_91_0.jpg,4d7dc7ff69f5c02c91c01e8d4288e71a64b2f467f285cd202124234cbe91b0d1,kaggle_card_license_unknown_review_before_redistribution
data/datasets/efficientnet_kaggle_v1/train/wound/fcfa4ef25c8d6304.jpg,wound,train,data/raw/kaggle/ibrahimfateen_wound_classification/Wound_dataset copy/Diabetic Wounds/mirrored_92_0.jpg,fcfa4ef25c8d63043666e6f1745dc3aa3f9c4c7146a06d44e6ba84ac03d8420d,kaggle_card_license_unknown_review_before_redistribution
data/datasets/efficientnet_kaggle_v1/test/wound/f5978bfb2a2ee57d.jpg,wound,test,data/raw/kaggle/ibrahimfateen_wound_classification/Wound_dataset copy/Diabetic Wounds/mirrored_93_0.jpg,f5978bfb2a2ee57dd7c1d5eaf0ab812126e4a7c2dc490368dcaebaac8e92b8b7,kaggle_card_license_unknown_review_before_redistribution
data/datasets/efficientnet_kaggle_v1/train/wound/0c1c44cfe8287f7e.jpg,wound,train,data/raw/kaggle/ibrahimfateen_wound_classification/Wound_dataset copy/Diabetic Wounds/mirrored_94_0.jpg,0c1c44cfe8287f7e242e73f540ab6ef34cf63dd249b11efd076b310e13b2c349,kaggle_card_license_unknown_review_before_redistribution
data/datasets/efficientnet_kaggle_v1/train/wound/c99a22cdf2910372.jpg,wound,train,data/raw/kaggle/ibrahimfateen_wound_classification/Wound_dataset copy/Diabetic Wounds/mirrored_95_0.jpg,c99a22cdf2910372ef1240f34be9455dd2a33a572bdd1450a356f03cbe03c131,kaggle_card_license_unknown_review_before_redistribution
data/datasets/efficientnet_kaggle_v1/test/wound/441f63257f703f5a.jpg,wound,test,data/raw/kaggle/ibrahimfateen_wound_classification/Wound_dataset copy/Diabetic Wounds/mirrored_96_0.jpg,441f63257f703f5a09b38c4e1532e8e9f9c9b698728500198b8ab5a0a172e4b4,kaggle_card_license_unknown_review_before_redistribution
data/datasets/efficientnet_kaggle_v1/test/wound/3f81b9559e87e49d.jpg,wound,test,data/raw/kaggle/ibrahimfateen_wound_classification/Wound_dataset copy/Diabetic Wounds/mirrored_97_0.jpg,3f81b9559e87e49d0536ba057b1f17c8fe4f5c317fd5fb19b90e8d49e0273f0b,kaggle_card_license_unknown_review_before_redistribution
data/datasets/efficientnet_kaggle_v1/test/wound/336c40d1414366bf.jpg,wound,test,data/raw/kaggle/ibrahimfateen_wound_classification/Wound_dataset copy/Diabetic Wounds/mirrored_98_0.jpg,336c40d1414366bfd1801b7dae7dafeb59209718370b78216133d91fb19eec31,kaggle_card_license_unknown_review_before_redistribution
data/datasets/efficientnet_kaggle_v1/train/wound/7fd10ddcdcabf82f.jpg,wound,train,data/raw/kaggle/ibrahimfateen_wound_classification/Wound_dataset copy/Diabetic Wounds/mirrored_99_0.jpg,7fd10ddcdcabf82f847967dc08e2251fc747884205a60a90a2c5c22366b149fd,kaggle_card_license_unknown_review_before_redistribution
data/datasets/efficientnet_kaggle_v1/train/wound/366a11ebbc0acbcd.jpg,wound,train,data/raw/kaggle/ibrahimfateen_wound_classification/Wound_dataset copy/Diabetic Wounds/mirrored_9_0.jpg,366a11ebbc0acbcd3f70ab3551d6893de3e9203b5038887844572a8b2ba8dab6,kaggle_card_license_unknown_review_before_redistribution
data/datasets/efficientnet_kaggle_v1/train/wound/83ac4040a92c2e22.jpg,wound,train,data/raw/kaggle/ibrahimfateen_wound_classification/Wound_dataset copy/Diabetic Wounds/mirrored_9_1.jpg,83ac4040a92c2e229a513932d5c385cd03a0d0305115c5dd36da3a1227c8af5a,kaggle_card_license_unknown_review_before_redistribution
data/datasets/efficientnet_kaggle_v1/val/wound/40ddcabe95aa0d78.jpg,wound,val,data/raw/kaggle/ibrahimfateen_wound_classification/Wound_dataset copy/Diabetic Wounds/mirrored_9_2.jpg,40ddcabe95aa0d78232348af34dd001b5658edecdbb1d04700c22493ee83345e,kaggle_card_license_unknown_review_before_redistribution
data/datasets/efficientnet_kaggle_v1/train/wound/c809738a88aef3eb.jpg,wound,train,data/raw/kaggle/ibrahimfateen_wound_classification/Wound_dataset copy/Diabetic Wounds/mirrored_foot-ulcer-0001.jpg,c809738a88aef3eb9c6a5c99d1565fb25fa6a37a6e37e5c0f8fd098d40ad6146,kaggle_card_license_unknown_review_before_redistribution
data/datasets/efficientnet_kaggle_v1/test/wound/062747d8168408e2.jpg,wound,test,data/raw/kaggle/ibrahimfateen_wound_classification/Wound_dataset copy/Diabetic Wounds/mirrored_foot-ulcer-0002.jpg,062747d8168408e23a0f238fcb88b917d663277ccf6bcf1351fe30de093d7af5,kaggle_card_license_unknown_review_before_redistribution
data/datasets/efficientnet_kaggle_v1/train/wound/6125cff114a52cce.jpg,wound,train,data/raw/kaggle/ibrahimfateen_wound_classification/Wound_dataset copy/Diabetic Wounds/mirrored_foot-ulcer-0003.jpg,6125cff114a52cce0180797066910b64f04bb3a7385bbca2a02b592a15b3f4d8,kaggle_card_license_unknown_review_before_redistribution
data/datasets/efficientnet_kaggle_v1/train/wound/954ced9077ce4b9c.jpg,wound,train,data/raw/kaggle/ibrahimfateen_wound_classification/Wound_dataset copy/Diabetic Wounds/mirrored_foot-ulcer-0004.jpg,954ced9077ce4b9ce2db92a9c00be525a484b147d677e83115ef2d8b1672ccdd,kaggle_card_license_unknown_review_before_redistribution
data/datasets/efficientnet_kaggle_v1/train/wound/cb49ada4c05a9c69.jpg,wound,train,data/raw/kaggle/ibrahimfateen_wound_classification/Wound_dataset copy/Diabetic Wounds/mirrored_foot-ulcer-0005.jpg,cb49ada4c05a9c6954d8f613e83abbbc5317f2319257a0cd0fb04f713af84acc,kaggle_card_license_unknown_review_before_redistribution
data/datasets/efficientnet_kaggle_v1/val/wound/561b09782bec92a5.jpg,wound,val,data/raw/kaggle/ibrahimfateen_wound_classification/Wound_dataset copy/Diabetic Wounds/mirrored_foot-ulcer-0006.jpg,561b09782bec92a5d30d5a13f8b31b83094de70151ff405a8063b471e440db37,kaggle_card_license_unknown_review_before_redistribution
data/datasets/efficientnet_kaggle_v1/train/wound/442473671b7a07f2.jpg,wound,train,data/raw/kaggle/ibrahimfateen_wound_classification/Wound_dataset copy/Diabetic Wounds/mirrored_foot-ulcer-0007.jpg,442473671b7a07f291191669c7d1acf0167c1ee547ea27b7caaefb82cc723504,kaggle_card_license_unknown_review_before_redistribution
data/datasets/efficientnet_kaggle_v1/test/wound/5073c013483db43e.jpg,wound,test,data/raw/kaggle/ibrahimfateen_wound_classification/Wound_dataset copy/Diabetic Wounds/mirrored_foot-ulcer-0008.jpg,5073c013483db43e173267a37b7e54b34327aec4bf576bf0e9ca382ac9422810,kaggle_card_license_unknown_review_before_redistribution
data/datasets/efficientnet_kaggle_v1/test/wound/1d744a08bf9cf4e5.jpg,wound,test,data/raw/kaggle/ibrahimfateen_wound_classification/Wound_dataset copy/Diabetic Wounds/mirrored_foot-ulcer-0009.jpg,1d744a08bf9cf4e56ccfe1212dc4cd54fbae79b81049f673ef7539759db18199,kaggle_card_license_unknown_review_before_redistribution
data/datasets/efficientnet_kaggle_v1/train/wound/347a73009e3cf13c.jpg,wound,train,data/raw/kaggle/ibrahimfateen_wound_classification/Wound_dataset copy/Diabetic Wounds/mirrored_foot-ulcer-0010.jpg,347a73009e3cf13cc9aa47d6eb253d2804e6cb28ed0e9c5be3366100b42ef267,kaggle_card_license_unknown_review_before_redistribution
data/datasets/efficientnet_kaggle_v1/train/wound/3ea2f9b7a3f8567a.jpg,wound,train,data/raw/kaggle/ibrahimfateen_wound_classification/Wound_dataset copy/Diabetic Wounds/mirrored_foot-ulcer-0011.jpg,3ea2f9b7a3f8567aee27c6a22542eabd38b9e98d33603e02d28e292de69fb51c,kaggle_card_license_unknown_review_before_redistribution
data/datasets/efficientnet_kaggle_v1/test/wound/18e063053a603dab.jpg,wound,test,data/raw/kaggle/ibrahimfateen_wound_classification/Wound_dataset copy/Diabetic Wounds/mirrored_foot-ulcer-0012.jpg,18e063053a603dab8cb0d1cf3b2aec3843c14bedb0173dad8b34f418c1c9a0b0,kaggle_card_license_unknown_review_before_redistribution
data/datasets/efficientnet_kaggle_v1/val/wound/98e726c3574cda6d.jpg,wound,val,data/raw/kaggle/ibrahimfateen_wound_classification/Wound_dataset copy/Diabetic Wounds/mirrored_foot-ulcer-0013.jpg,98e726c3574cda6da4b00d7e29590aa83e266c36f3bc589cc38c67ab3edb4d0e,kaggle_card_license_unknown_review_before_redistribution
data/datasets/efficientnet_kaggle_v1/val/wound/b1040f41fc57124d.jpg,wound,val,data/raw/kaggle/ibrahimfateen_wound_classification/Wound_dataset copy/Diabetic Wounds/mirrored_foot-ulcer-0014.jpg,b1040f41fc57124dc3a7362e8b35c4477ec4a92e9c0c64c572581d2f67465f20,kaggle_card_license_unknown_review_before_redistribution
data/datasets/efficientnet_kaggle_v1/train/wound/c6d90d845d18d007.jpg,wound,train,data/raw/kaggle/ibrahimfateen_wound_classification/Wound_dataset copy/Diabetic Wounds/mirrored_foot-ulcer-0015.jpg,c6d90d845d18d00784778c9e2eebbe01b9b4b1dd3c0635223f3058b35dcd1d53,kaggle_card_license_unknown_review_before_redistribution
data/datasets/efficientnet_kaggle_v1/train/wound/66947a18653afbc7.jpg,wound,train,data/raw/kaggle/ibrahimfateen_wound_classification/Wound_dataset copy/Diabetic Wounds/mirrored_foot-ulcer-0016.jpg,66947a18653afbc7c70abf68edd2b6dad1b97fb469f142f6bcf6a4a19677f143,kaggle_card_license_unknown_review_before_redistribution
data/datasets/efficientnet_kaggle_v1/test/wound/77cdab7f04659ae6.jpg,wound,test,data/raw/kaggle/ibrahimfateen_wound_classification/Wound_dataset copy/Diabetic Wounds/mirrored_foot-ulcer-0017.jpg,77cdab7f04659ae67da3bfbbe88d1c7703145a2b3dd9720e5ad2232cb7a8760e,kaggle_card_license_unknown_review_before_redistribution
data/datasets/efficientnet_kaggle_v1/test/wound/d5bc1e29b7149a7f.jpg,wound,test,data/raw/kaggle/ibrahimfateen_wound_classification/Wound_dataset copy/Diabetic Wounds/mirrored_foot-ulcer-0018.jpg,d5bc1e29b7149a7f51ea54c2b34c28b3bdec0a0b027498274f905042a468fc76,kaggle_card_license_unknown_review_before_redistribution
data/datasets/efficientnet_kaggle_v1/train/wound/30f3b69e87a3ff8f.jpg,wound,train,data/raw/kaggle/ibrahimfateen_wound_classification/Wound_dataset copy/Diabetic Wounds/mirrored_foot-ulcer-0019.jpg,30f3b69e87a3ff8f449e1fc204818e3525fa741e0ddcc8517e58a3c3f3cc7df2,kaggle_card_license_unknown_review_before_redistribution
data/datasets/efficientnet_kaggle_v1/train/wound/63b9563f1b7101df.jpg,wound,train,data/raw/kaggle/ibrahimfateen_wound_classification/Wound_dataset copy/Diabetic Wounds/mirrored_foot-ulcer-0020.jpg,63b9563f1b7101df6fd336a9f8addad19abd81f89257f3ef00b9a4ddaa00bedc,kaggle_card_license_unknown_review_before_redistribution
data/datasets/efficientnet_kaggle_v1/test/wound/7313989da0c23fb7.jpg,wound,test,data/raw/kaggle/ibrahimfateen_wound_classification/Wound_dataset copy/Diabetic Wounds/mirrored_foot-ulcer-0021.jpg,7313989da0c23fb7de40de3b7102c215b793b0db30413eba491085b808a7ad96,kaggle_card_license_unknown_review_before_redistribution
data/datasets/efficientnet_kaggle_v1/train/wound/4ba93ab1af5bfa15.jpg,wound,train,data/raw/kaggle/ibrahimfateen_wound_classification/Wound_dataset copy/Diabetic Wounds/mirrored_foot-ulcer-0022.jpg,4ba93ab1af5bfa15d8a857a899f28991d7a0498d2dd9639033a7f38551a13603,kaggle_card_license_unknown_review_before_redistribution
data/datasets/efficientnet_kaggle_v1/train/wound/66481dc5553c52f7.jpg,wound,train,data/raw/kaggle/ibrahimfateen_wound_classification/Wound_dataset copy/Diabetic Wounds/mirrored_foot-ulcer-0023.jpg,66481dc5553c52f7ef34311db1eb9610ca49d935402c7899b9da35be25150c16,kaggle_card_license_unknown_review_before_redistribution
data/datasets/efficientnet_kaggle_v1/train/wound/c00a81434f79210a.jpg,wound,train,data/raw/kaggle/ibrahimfateen_wound_classification/Wound_dataset copy/Diabetic Wounds/mirrored_foot-ulcer-0024.jpg,c00a81434f79210ae3d87f6e0fe36237e78b2758c2149438fd99b121ffdf1874,kaggle_card_license_unknown_review_before_redistribution
data/datasets/efficientnet_kaggle_v1/train/wound/06dac8c8cbe76feb.jpg,wound,train,data/raw/kaggle/ibrahimfateen_wound_classification/Wound_dataset copy/Diabetic Wounds/mirrored_foot-ulcer-0025.jpg,06dac8c8cbe76feb4002ee004943cbd3dcbbce997e068321433d9c234495aed2,kaggle_card_license_unknown_review_before_redistribution
data/datasets/efficientnet_kaggle_v1/train/wound/5a0d3b84cf7d5994.jpg,wound,train,data/raw/kaggle/ibrahimfateen_wound_classification/Wound_dataset copy/Diabetic Wounds/mirrored_foot-ulcer-0026.jpg,5a0d3b84cf7d5994374fc73bf6007f46ad1fbd4f61762aae714ddf08cc8705be,kaggle_card_license_unknown_review_before_redistribution
data/datasets/efficientnet_kaggle_v1/train/wound/c71be6ca11fc7db3.jpg,wound,train,data/raw/kaggle/ibrahimfateen_wound_classification/Wound_dataset copy/Diabetic Wounds/mirrored_foot-ulcer-0027.jpg,c71be6ca11fc7db3d63d699d817601caf8a9c125f4e06047f055deca7ef9a543,kaggle_card_license_unknown_review_before_redistribution
data/datasets/efficientnet_kaggle_v1/train/wound/d446be672a4b864e.jpg,wound,train,data/raw/kaggle/ibrahimfateen_wound_classification/Wound_dataset copy/Diabetic Wounds/mirrored_foot-ulcer-0028.jpg,d446be672a4b864ee543c3bd8b79c68d7317d22bdae354bdb3f43539dd412821,kaggle_card_license_unknown_review_before_redistribution
data/datasets/efficientnet_kaggle_v1/val/wound/e31176e01c28947b.jpg,wound,val,data/raw/kaggle/ibrahimfateen_wound_classification/Wound_dataset copy/Diabetic Wounds/mirrored_foot-ulcer-0029.jpg,e31176e01c28947bb21596085c9829d27c1f42cae1ef0edd149b0d5f4468d45a,kaggle_card_license_unknown_review_before_redistribution
data/datasets/efficientnet_kaggle_v1/train/wound/3e0690f213b6e0df.jpg,wound,train,data/raw/kaggle/ibrahimfateen_wound_classification/Wound_dataset copy/Diabetic Wounds/mirrored_foot-ulcer-0030.jpg,3e0690f213b6e0df5f6f1647782fc22bf00bebe09e3275714e1de2eed723e52b,kaggle_card_license_unknown_review_before_redistribution
data/datasets/efficientnet_kaggle_v1/train/wound/ebb7eaa71b80b92c.jpg,wound,train,data/raw/kaggle/ibrahimfateen_wound_classification/Wound_dataset copy/Diabetic Wounds/mirrored_foot-ulcer-0032.jpg,ebb7eaa71b80b92cac9ab42fa562868ac99b42dcc8a661cd691d4f2dd2bb8cf3,kaggle_card_license_unknown_review_before_redistribution
data/datasets/efficientnet_kaggle_v1/train/wound/a46fe11b97d44667.jpg,wound,train,data/raw/kaggle/ibrahimfateen_wound_classification/Wound_dataset copy/Diabetic Wounds/mirrored_foot-ulcer-2-1.jpg,a46fe11b97d4466740300b51a458d6cff733dde8174facf1c7ca361a1cbe8c5f,kaggle_card_license_unknown_review_before_redistribution
data/datasets/efficientnet_kaggle_v1/train/wound/6fa2eac20253d80c.jpg,wound,train,data/raw/kaggle/ibrahimfateen_wound_classification/Wound_dataset copy/Diabetic Wounds/mirrored_foot-ulcer-2-2.jpg,6fa2eac20253d80c76aa2111e991b24f0f11a9eff44a15ceb799d3e543207965,kaggle_card_license_unknown_review_before_redistribution
data/datasets/efficientnet_kaggle_v1/train/wound/e6672e6388f9713a.jpg,wound,train,data/raw/kaggle/ibrahimfateen_wound_classification/Wound_dataset copy/Diabetic Wounds/mirrored_foot-ulcer-2-3.jpg,e6672e6388f9713ada27ec595b7daae25ccb7315890e57d9492893403b8a6948,kaggle_card_license_unknown_review_before_redistribution
data/datasets/efficientnet_kaggle_v1/train/wound/c2691eb5c7b5bb5c.jpg,wound,train,data/raw/kaggle/ibrahimfateen_wound_classification/Wound_dataset copy/Diabetic Wounds/mirrored_foot-ulcer-2-4.jpg,c2691eb5c7b5bb5cc0eee5f1e86e29d9cfc30722fc8969d61d37ff310e7c4421,kaggle_card_license_unknown_review_before_redistribution
data/datasets/efficientnet_kaggle_v1/train/wound/4917a10f4d977c69.jpg,wound,train,data/raw/kaggle/ibrahimfateen_wound_classification/Wound_dataset copy/Diabetic Wounds/mirrored_foot-ulcer-3-2.jpg,4917a10f4d977c69a91c0202e89f69d825e38b623dea15c0c5e13a2315e29f70,kaggle_card_license_unknown_review_before_redistribution
data/datasets/efficientnet_kaggle_v1/train/wound/15341a4b83d51c3f.jpg,wound,train,data/raw/kaggle/ibrahimfateen_wound_classification/Wound_dataset copy/Diabetic Wounds/mirrored_foot-ulcer-3-3.jpg,15341a4b83d51c3ffc24c1c072fd601512321f77160e52bb98427e0fca400c65,kaggle_card_license_unknown_review_before_redistribution
data/datasets/efficientnet_kaggle_v1/test/wound/77be329b83402395.jpg,wound,test,data/raw/kaggle/ibrahimfateen_wound_classification/Wound_dataset copy/Diabetic Wounds/mirrored_foot-ulcer-3-4.jpg,77be329b834023959bda04923a307e29c98a29515e25c1c631e6a833aa2a0fca,kaggle_card_license_unknown_review_before_redistribution
data/datasets/efficientnet_kaggle_v1/test/wound/c8620de9f1b40277.jpg,wound,test,data/raw/kaggle/ibrahimfateen_wound_classification/Wound_dataset copy/Diabetic Wounds/mirrored_foot-ulcer-3-5.jpg,c8620de9f1b40277055bda8303110c6c7dfb74b1295cf924225ec0a0d7ca5b64,kaggle_card_license_unknown_review_before_redistribution
data/datasets/efficientnet_kaggle_v1/train/wound/ba9424d6c63534ea.jpg,wound,train,data/raw/kaggle/ibrahimfateen_wound_classification/Wound_dataset copy/Diabetic Wounds/mirrored_foot-ulcer-3-6.jpg,ba9424d6c63534eab2f9b0d6d072d5b2f333a8f07f9d002dc3eb406de0b03f5d,kaggle_card_license_unknown_review_before_redistribution
data/datasets/efficientnet_kaggle_v1/train/wound/d786e97c099c3e84.jpg,wound,train,data/raw/kaggle/ibrahimfateen_wound_classification/Wound_dataset copy/Diabetic Wounds/mirrored_foot-ulcer1-1.jpg,d786e97c099c3e8463164c1a8a51f62353fefda787e67e6a076695816e6e1abd,kaggle_card_license_unknown_review_before_redistribution
data/datasets/efficientnet_kaggle_v1/train/wound/1ade09bfd91d4cb1.jpg,wound,train,data/raw/kaggle/ibrahimfateen_wound_classification/Wound_dataset copy/Diabetic Wounds/mirrored_foot-ulcer1-2.jpg,1ade09bfd91d4cb17fdc06294573e00c0e198e3b21d65a9819562542579d6c4c,kaggle_card_license_unknown_review_before_redistribution
data/datasets/efficientnet_kaggle_v1/test/wound/d6de9b5a201d00df.jpg,wound,test,data/raw/kaggle/ibrahimfateen_wound_classification/Wound_dataset copy/Diabetic Wounds/mirrored_foot-ulcer1-3.jpg,d6de9b5a201d00df2d27e3e848a93cb449a3cfb9d7ff18f70d2179e88d58aba2,kaggle_card_license_unknown_review_before_redistribution
data/datasets/efficientnet_kaggle_v1/train/wound/f01bd42dc23ab3e0.jpg,wound,train,data/raw/kaggle/ibrahimfateen_wound_classification/Wound_dataset copy/Diabetic Wounds/mirrored_foot-ulcer1-4.jpg,f01bd42dc23ab3e0e45d0bb94e6dce9a103a06e4cd3944c6de41e6b8174a884a,kaggle_card_license_unknown_review_before_redistribution
data/datasets/efficientnet_kaggle_v1/train/wound/e07fe8992f0844b7.jpg,wound,train,data/raw/kaggle/ibrahimfateen_wound_classification/Wound_dataset copy/Diabetic Wounds/mirrored_foot-ulcer1-5.jpg,e07fe8992f0844b7f5fd005e29757d815037f448b76bcf2e8a85162b62328791,kaggle_card_license_unknown_review_before_redistribution
data/datasets/efficientnet_kaggle_v1/val/wound/150329ebe11399ad.jpg,wound,val,data/raw/kaggle/ibrahimfateen_wound_classification/Wound_dataset copy/Diabetic Wounds/mirrored_foot-ulcer1-8.jpg,150329ebe11399ad7209048b2512ca0d78bc9f25b2ca8f62771abfcf6251d224,kaggle_card_license_unknown_review_before_redistribution
data/datasets/efficientnet_kaggle_v1/train/laceration/729690ff24ce3ecb.jpg,laceration,train,data/raw/kaggle/ibrahimfateen_wound_classification/Wound_dataset copy/Laseration/mirrored_laseration (1).jpg,729690ff24ce3ecb3b79bdeec8128cfd8617182efa09547f004ae68ff41ca01e,kaggle_card_license_unknown_review_before_redistribution
data/datasets/efficientnet_kaggle_v1/train/laceration/9e20af86feb9802e.jpg,laceration,train,data/raw/kaggle/ibrahimfateen_wound_classification/Wound_dataset copy/Laseration/mirrored_laseration (10).jpg,9e20af86feb9802e79a2734d53ff9bc94c1ed804efd86222456d7abe17cffb63,kaggle_card_license_unknown_review_before_redistribution
data/datasets/efficientnet_kaggle_v1/train/laceration/1fee9fb826d897fa.jpg,laceration,train,data/raw/kaggle/ibrahimfateen_wound_classification/Wound_dataset copy/Laseration/mirrored_laseration (11).jpg,1fee9fb826d897fa01a1d3b537e563e37664750e0286f3bbf220da173001f742,kaggle_card_license_unknown_review_before_redistribution
data/datasets/efficientnet_kaggle_v1/train/laceration/aa4eae94370e0ff4.jpg,laceration,train,data/raw/kaggle/ibrahimfateen_wound_classification/Wound_dataset copy/Laseration/mirrored_laseration (12).jpg,aa4eae94370e0ff4d9d518f29264078424883e370371d1e3618ae59a26f44e7a,kaggle_card_license_unknown_review_before_redistribution
data/datasets/efficientnet_kaggle_v1/train/laceration/f0e45e6d2c2749d1.jpg,laceration,train,data/raw/kaggle/ibrahimfateen_wound_classification/Wound_dataset copy/Laseration/mirrored_laseration (13).jpg,f0e45e6d2c2749d163af0bfdb5e42e9dce05395c3b9300f829190f2680c8e7e0,kaggle_card_license_unknown_review_before_redistribution
data/datasets/efficientnet_kaggle_v1/train/laceration/909dc4740359052d.jpg,laceration,train,data/raw/kaggle/ibrahimfateen_wound_classification/Wound_dataset copy/Laseration/mirrored_laseration (14).jpg,909dc4740359052dfa893b1a8e99de1c42088b3444c2ea8e5cfa57b37deefb4a,kaggle_card_license_unknown_review_before_redistribution
data/datasets/efficientnet_kaggle_v1/train/laceration/1c22d38e31b2e41c.jpg,laceration,train,data/raw/kaggle/ibrahimfateen_wound_classification/Wound_dataset copy/Laseration/mirrored_laseration (15).jpg,1c22d38e31b2e41ca49feae577c3fccec8fb72ba2e12b91f04e6243ea3c786e3,kaggle_card_license_unknown_review_before_redistribution
data/datasets/efficientnet_kaggle_v1/train/laceration/5dae99f1a052c9ea.jpg,laceration,train,data/raw/kaggle/ibrahimfateen_wound_classification/Wound_dataset copy/Laseration/mirrored_laseration (16).jpg,5dae99f1a052c9ea5c099b3345c279081848a5263f129d4cc7708c346f177924,kaggle_card_license_unknown_review_before_redistribution
data/datasets/efficientnet_kaggle_v1/test/laceration/c3ba91fd57ab28f5.jpg,laceration,test,data/raw/kaggle/ibrahimfateen_wound_classification/Wound_dataset copy/Laseration/mirrored_laseration (17).jpg,c3ba91fd57ab28f5642b8e68934225e2471fd0fb06b27cb773474faa44ad45fd,kaggle_card_license_unknown_review_before_redistribution
data/datasets/efficientnet_kaggle_v1/test/laceration/3b57d10cae1dc479.jpg,laceration,test,data/raw/kaggle/ibrahimfateen_wound_classification/Wound_dataset copy/Laseration/mirrored_laseration (18).jpg,3b57d10cae1dc47954fd9b00873190d108c3b615a705658011d47945d0b174a5,kaggle_card_license_unknown_review_before_redistribution
data/datasets/efficientnet_kaggle_v1/train/laceration/f026949075525a9e.jpg,laceration,train,data/raw/kaggle/ibrahimfateen_wound_classification/Wound_dataset copy/Laseration/mirrored_laseration (19).jpg,f026949075525a9e6c7db1c15bcbcfc8907e8c15a24d95e89d7c0d5c9294e5cf,kaggle_card_license_unknown_review_before_redistribution
data/datasets/efficientnet_kaggle_v1/val/laceration/e91e9130ec32bf43.jpg,laceration,val,data/raw/kaggle/ibrahimfateen_wound_classification/Wound_dataset copy/Laseration/mirrored_laseration (2).jpg,e91e9130ec32bf432b17fd1df1c245744533fcf752718793127d98b709b56421,kaggle_card_license_unknown_review_before_redistribution
data/datasets/efficientnet_kaggle_v1/train/laceration/1939860a7e5def7c.jpg,laceration,train,data/raw/kaggle/ibrahimfateen_wound_classification/Wound_dataset copy/Laseration/mirrored_laseration (20).jpg,1939860a7e5def7c354d94b3732997c527c08e235567aaea027a15aba4a4341b,kaggle_card_license_unknown_review_before_redistribution
data/datasets/efficientnet_kaggle_v1/train/laceration/7bc4caabab4f7271.jpg,laceration,train,data/raw/kaggle/ibrahimfateen_wound_classification/Wound_dataset copy/Laseration/mirrored_laseration (21).jpg,7bc4caabab4f72713f7295d453c2186f70aecf0d0493caa123b29131101a5441,kaggle_card_license_unknown_review_before_redistribution
data/datasets/efficientnet_kaggle_v1/val/laceration/b760545cb14cd972.jpg,laceration,val,data/raw/kaggle/ibrahimfateen_wound_classification/Wound_dataset copy/Laseration/mirrored_laseration (22).jpg,b760545cb14cd9728dc8929dfbf01863fcb72cec461095d8ed6c02586c182d89,kaggle_card_license_unknown_review_before_redistribution
data/datasets/efficientnet_kaggle_v1/train/laceration/58de509d8b6e2d52.jpg,laceration,train,data/raw/kaggle/ibrahimfateen_wound_classification/Wound_dataset copy/Laseration/mirrored_laseration (23).jpg,58de509d8b6e2d523d2e47f1390d9271b22b353ebf6dc64d9e76bfb758ecef5b,kaggle_card_license_unknown_review_before_redistribution
data/datasets/efficientnet_kaggle_v1/train/laceration/2fc19c13974d6969.jpg,laceration,train,data/raw/kaggle/ibrahimfateen_wound_classification/Wound_dataset copy/Laseration/mirrored_laseration (24).jpg,2fc19c13974d6969c671fae169d42962b55662fcdf282f60697f1a1f8d9872f8,kaggle_card_license_unknown_review_before_redistribution
data/datasets/efficientnet_kaggle_v1/train/laceration/d1bca86dbe61d7c8.jpg,laceration,train,data/raw/kaggle/ibrahimfateen_wound_classification/Wound_dataset copy/Laseration/mirrored_laseration (25).jpg,d1bca86dbe61d7c8dcb9a72d2457334ac3181840473af6f658e86ea93753f09d,kaggle_card_license_unknown_review_before_redistribution
data/datasets/efficientnet_kaggle_v1/train/laceration/9e973231ef6a15d2.jpg,laceration,train,data/raw/kaggle/ibrahimfateen_wound_classification/Wound_dataset copy/Laseration/mirrored_laseration (26).jpg,9e973231ef6a15d294cf8ae3c160fcaa6da7df4537d7553acb8789bb404baf42,kaggle_card_license_unknown_review_before_redistribution
data/datasets/efficientnet_kaggle_v1/train/laceration/c7c5b04e517ba829.jpg,laceration,train,data/raw/kaggle/ibrahimfateen_wound_classification/Wound_dataset copy/Laseration/mirrored_laseration (27).jpg,c7c5b04e517ba82971a045e37ca7754bf9371edab46d2c97b2043af2489b8c0a,kaggle_card_license_unknown_review_before_redistribution
data/datasets/efficientnet_kaggle_v1/train/laceration/e272d43805c45dee.jpg,laceration,train,data/raw/kaggle/ibrahimfateen_wound_classification/Wound_dataset copy/Laseration/mirrored_laseration (28).jpg,e272d43805c45dee34c9a9dbb03fd7c33b1c5746e30fc882ddd8e972c805df2b,kaggle_card_license_unknown_review_before_redistribution
data/datasets/efficientnet_kaggle_v1/train/laceration/facfb7fb0a5a2822.jpg,laceration,train,data/raw/kaggle/ibrahimfateen_wound_classification/Wound_dataset copy/Laseration/mirrored_laseration (29).jpg,facfb7fb0a5a28223f3b855011a9f1c771c55d511c414913b9f132c3f1f29d82,kaggle_card_license_unknown_review_before_redistribution
data/datasets/efficientnet_kaggle_v1/train/laceration/5cc751c14c0ce7ce.jpg,laceration,train,data/raw/kaggle/ibrahimfateen_wound_classification/Wound_dataset copy/Laseration/mirrored_laseration (3).jpg,5cc751c14c0ce7ce9ae8f21960ef47aa480482f265f3d7ba81e2b41c3674ce1c,kaggle_card_license_unknown_review_before_redistribution
data/datasets/efficientnet_kaggle_v1/test/laceration/c71f0318792c88bc.jpg,laceration,test,data/raw/kaggle/ibrahimfateen_wound_classification/Wound_dataset copy/Laseration/mirrored_laseration (30).jpg,c71f0318792c88bca97c3385b31be7b77cdf4b3b6fb3bb02ba565929041a56a2,kaggle_card_license_unknown_review_before_redistribution
data/datasets/efficientnet_kaggle_v1/train/laceration/4014ac49aae469c7.jpg,laceration,train,data/raw/kaggle/ibrahimfateen_wound_classification/Wound_dataset copy/Laseration/mirrored_laseration (31).jpg,4014ac49aae469c793bc7c824d8743f471ed3b1614fedaf87ab5fb09f74a4e2e,kaggle_card_license_unknown_review_before_redistribution
data/datasets/efficientnet_kaggle_v1/val/laceration/4c75fe839444b5ad.jpg,laceration,val,data/raw/kaggle/ibrahimfateen_wound_classification/Wound_dataset copy/Laseration/mirrored_laseration (32).jpg,4c75fe839444b5ad517eeaea39fae32bb28d20ff559db3ced90cdb7f9741a6c0,kaggle_card_license_unknown_review_before_redistribution
data/datasets/efficientnet_kaggle_v1/train/laceration/b3d123cad19a482b.jpg,laceration,train,data/raw/kaggle/ibrahimfateen_wound_classification/Wound_dataset copy/Laseration/mirrored_laseration (33).jpg,b3d123cad19a482bd36c7d35b5098ae155c8c86e761a4dc1d11ef153ae9a681f,kaggle_card_license_unknown_review_before_redistribution
data/datasets/efficientnet_kaggle_v1/train/laceration/d893abd39a1496e1.jpg,laceration,train,data/raw/kaggle/ibrahimfateen_wound_classification/Wound_dataset copy/Laseration/mirrored_laseration (34).jpg,d893abd39a1496e16190adcd7ab42c7737d18a5e26ef92200d7eca522d41a920,kaggle_card_license_unknown_review_before_redistribution
data/datasets/efficientnet_kaggle_v1/test/laceration/ce0594e232e3a363.jpg,laceration,test,data/raw/kaggle/ibrahimfateen_wound_classification/Wound_dataset copy/Laseration/mirrored_laseration (35).jpg,ce0594e232e3a363e3db8046b937b27d47c8fd6b14be659a0a4a5c162f35e699,kaggle_card_license_unknown_review_before_redistribution
data/datasets/efficientnet_kaggle_v1/test/laceration/956acb1e756b5d68.jpg,laceration,test,data/raw/kaggle/ibrahimfateen_wound_classification/Wound_dataset copy/Laseration/mirrored_laseration (36).jpg,956acb1e756b5d68560b5e3eb7929170b08d891e187111b2d51e5c0964b60c99,kaggle_card_license_unknown_review_before_redistribution
data/datasets/efficientnet_kaggle_v1/train/laceration/6f6921d06291685b.jpg,laceration,train,data/raw/kaggle/ibrahimfateen_wound_classification/Wound_dataset copy/Laseration/mirrored_laseration (37).jpg,6f6921d06291685be332b2fc2eb54eb58e4d0bacf1d2c95a74cea1684451f9e7,kaggle_card_license_unknown_review_before_redistribution
data/datasets/efficientnet_kaggle_v1/test/laceration/5bd0c6a120dcd2e7.jpg,laceration,test,data/raw/kaggle/ibrahimfateen_wound_classification/Wound_dataset copy/Laseration/mirrored_laseration (38).jpg,5bd0c6a120dcd2e7af20ea1cf00a43001b7360b5cacb633ee43b3494965e013f,kaggle_card_license_unknown_review_before_redistribution
data/datasets/efficientnet_kaggle_v1/val/laceration/e699d1be307e4f37.jpg,laceration,val,data/raw/kaggle/ibrahimfateen_wound_classification/Wound_dataset copy/Laseration/mirrored_laseration (39).jpg,e699d1be307e4f37a0a6c09ff032a16f98e986fb4744c700b121b312f86cadf6,kaggle_card_license_unknown_review_before_redistribution
data/datasets/efficientnet_kaggle_v1/train/laceration/7d41b66867df5f71.jpg,laceration,train,data/raw/kaggle/ibrahimfateen_wound_classification/Wound_dataset copy/Laseration/mirrored_laseration (4).jpg,7d41b66867df5f7185d6b00cedd7685df573caf907c18508afd9ccc2a92b2b8f,kaggle_card_license_unknown_review_before_redistribution
data/datasets/efficientnet_kaggle_v1/val/laceration/3300b57860a3e478.jpg,laceration,val,data/raw/kaggle/ibrahimfateen_wound_classification/Wound_dataset copy/Laseration/mirrored_laseration (40).jpg,3300b57860a3e478d8889adfce487dc235675513fb1e9263cafdd7bedff65c63,kaggle_card_license_unknown_review_before_redistribution
data/datasets/efficientnet_kaggle_v1/train/laceration/f1b366ece4592291.jpg,laceration,train,data/raw/kaggle/ibrahimfateen_wound_classification/Wound_dataset copy/Laseration/mirrored_laseration (41).jpg,f1b366ece459229152ceaf6782aa84fe6be0b55e29799c78e81c8bb5cadcd08e,kaggle_card_license_unknown_review_before_redistribution
data/datasets/efficientnet_kaggle_v1/train/laceration/9b49bb2090ffc4c9.jpg,laceration,train,data/raw/kaggle/ibrahimfateen_wound_classification/Wound_dataset copy/Laseration/mirrored_laseration (42).jpg,9b49bb2090ffc4c9301f44e2877caee48f2addbc399c698db63cd5c2a51347c1,kaggle_card_license_unknown_review_before_redistribution
data/datasets/efficientnet_kaggle_v1/train/laceration/62af0a672dad703d.jpg,laceration,train,data/raw/kaggle/ibrahimfateen_wound_classification/Wound_dataset copy/Laseration/mirrored_laseration (43).jpg,62af0a672dad703dcf14dbc3044e44521fa2800fbcf4c9886c3c2a180452a3f4,kaggle_card_license_unknown_review_before_redistribution
data/datasets/efficientnet_kaggle_v1/train/laceration/fd8e7dbcaa454a00.jpg,laceration,train,data/raw/kaggle/ibrahimfateen_wound_classification/Wound_dataset copy/Laseration/mirrored_laseration (44).jpg,fd8e7dbcaa454a007b319844b1657a22e6266a72ae3444f5958dbfd5e1192a3c,kaggle_card_license_unknown_review_before_redistribution
data/datasets/efficientnet_kaggle_v1/val/laceration/78fd83763990f8f6.jpg,laceration,val,data/raw/kaggle/ibrahimfateen_wound_classification/Wound_dataset copy/Laseration/mirrored_laseration (45).jpg,78fd83763990f8f6ecb5d587d58ce0a46f063d67d8cc21dea8838dda6279c82d,kaggle_card_license_unknown_review_before_redistribution
data/datasets/efficientnet_kaggle_v1/val/laceration/9b07eed37cc8461f.jpg,laceration,val,data/raw/kaggle/ibrahimfateen_wound_classification/Wound_dataset copy/Laseration/mirrored_laseration (46).jpg,9b07eed37cc8461fb8558522e8f064ca7f7682d530881906a135b0324e001bbd,kaggle_card_license_unknown_review_before_redistribution
data/datasets/efficientnet_kaggle_v1/train/laceration/335302689ef4cf68.jpg,laceration,train,data/raw/kaggle/ibrahimfateen_wound_classification/Wound_dataset copy/Laseration/mirrored_laseration (47).jpg,335302689ef4cf686ddb4b8ba7887f5d033d6db25486b6328ba5f7be4a6eefa2,kaggle_card_license_unknown_review_before_redistribution
data/datasets/efficientnet_kaggle_v1/train/laceration/21a93027bb0608e0.jpg,laceration,train,data/raw/kaggle/ibrahimfateen_wound_classification/Wound_dataset copy/Laseration/mirrored_laseration (48).jpg,21a93027bb0608e00230138c575c572d21407256155fa0f01ef5c289456d060a,kaggle_card_license_unknown_review_before_redistribution
data/datasets/efficientnet_kaggle_v1/test/laceration/918ef592a0fb8345.jpg,laceration,test,data/raw/kaggle/ibrahimfateen_wound_classification/Wound_dataset copy/Laseration/mirrored_laseration (49).jpg,918ef592a0fb8345adc2a893b5a47ac5ae604fc9aec35d97fc8cb5caa340a3bc,kaggle_card_license_unknown_review_before_redistribution
data/datasets/efficientnet_kaggle_v1/val/laceration/657df074a6144470.jpg,laceration,val,data/raw/kaggle/ibrahimfateen_wound_classification/Wound_dataset copy/Laseration/mirrored_laseration (5).jpg,657df074a6144470be9ee371839d9d3a6dde81a777d8d4d14a8747728cbeb73f,kaggle_card_license_unknown_review_before_redistribution
data/datasets/efficientnet_kaggle_v1/train/laceration/e8eae1077a253034.jpg,laceration,train,data/raw/kaggle/ibrahimfateen_wound_classification/Wound_dataset copy/Laseration/mirrored_laseration (50).jpg,e8eae1077a253034f1ee58aa4b32ab75a3d8b4052816ef32a00a897ef9dd9dc8,kaggle_card_license_unknown_review_before_redistribution
data/datasets/efficientnet_kaggle_v1/test/laceration/47cab78a92d3de3d.jpg,laceration,test,data/raw/kaggle/ibrahimfateen_wound_classification/Wound_dataset copy/Laseration/mirrored_laseration (51).jpg,47cab78a92d3de3d894e0699c21bee3469ade90d7aac6d01b6cbb6521c75191e,kaggle_card_license_unknown_review_before_redistribution
data/datasets/efficientnet_kaggle_v1/train/laceration/a63c145625dc80a1.jpg,laceration,train,data/raw/kaggle/ibrahimfateen_wound_classification/Wound_dataset copy/Laseration/mirrored_laseration (52).jpg,a63c145625dc80a1491861d90fc43470fb017db3b0488e8bea8f44e98eeeb981,kaggle_card_license_unknown_review_before_redistribution
data/datasets/efficientnet_kaggle_v1/train/laceration/fe220d15c9958ffa.jpg,laceration,train,data/raw/kaggle/ibrahimfateen_wound_classification/Wound_dataset copy/Laseration/mirrored_laseration (53).jpg,fe220d15c9958ffa9100f0544c6e0658ccfee264b60bb0341bc869cd506139d6,kaggle_card_license_unknown_review_before_redistribution
data/datasets/efficientnet_kaggle_v1/train/laceration/5e8adc84198a5827.jpg,laceration,train,data/raw/kaggle/ibrahimfateen_wound_classification/Wound_dataset copy/Laseration/mirrored_laseration (54).jpg,5e8adc84198a582779c3e2df14532a6c860b99a8d5a0580798a16043caa7047b,kaggle_card_license_unknown_review_before_redistribution
data/datasets/efficientnet_kaggle_v1/val/laceration/0799c8ffeb133f78.jpg,laceration,val,data/raw/kaggle/ibrahimfateen_wound_classification/Wound_dataset copy/Laseration/mirrored_laseration (55).jpg,0799c8ffeb133f784ab5dd48401a332b2d569bf99f4b2c99c57ace396f42c0c2,kaggle_card_license_unknown_review_before_redistribution
data/datasets/efficientnet_kaggle_v1/train/laceration/f6707ed5a57cd7e7.jpg,laceration,train,data/raw/kaggle/ibrahimfateen_wound_classification/Wound_dataset copy/Laseration/mirrored_laseration (56).jpg,f6707ed5a57cd7e7e5b0bc0cf791cc18edb5d4340b73d4de32809fa3aecfa19f,kaggle_card_license_unknown_review_before_redistribution
data/datasets/efficientnet_kaggle_v1/train/laceration/13c41ebd182bb43c.jpg,laceration,train,data/raw/kaggle/ibrahimfateen_wound_classification/Wound_dataset copy/Laseration/mirrored_laseration (57).jpg,13c41ebd182bb43cbd454aa2359133ee37bc38a87ac87af97aa29ab2ddfae3b6,kaggle_card_license_unknown_review_before_redistribution
data/datasets/efficientnet_kaggle_v1/train/laceration/ed434264cc64e559.jpg,laceration,train,data/raw/kaggle/ibrahimfateen_wound_classification/Wound_dataset copy/Laseration/mirrored_laseration (58).jpg,ed434264cc64e5598b8e71a2ef74dd6206b899da659eb3693e5b5e5289892e20,kaggle_card_license_unknown_review_before_redistribution
data/datasets/efficientnet_kaggle_v1/train/laceration/dc3c92a6483ecb43.jpg,laceration,train,data/raw/kaggle/ibrahimfateen_wound_classification/Wound_dataset copy/Laseration/mirrored_laseration (59).jpg,dc3c92a6483ecb4313f4e94da9f9c8b71a91b41588b42628a0542b32d97382eb,kaggle_card_license_unknown_review_before_redistribution
data/datasets/efficientnet_kaggle_v1/train/laceration/cae098d0a8e4dc76.jpg,laceration,train,data/raw/kaggle/ibrahimfateen_wound_classification/Wound_dataset copy/Laseration/mirrored_laseration (6).jpg,cae098d0a8e4dc76727c8ca31ff396f41d96f0cc8743edfcea4c249f7b18bd1e,kaggle_card_license_unknown_review_before_redistribution
data/datasets/efficientnet_kaggle_v1/test/laceration/2a43b093de014159.jpg,laceration,test,data/raw/kaggle/ibrahimfateen_wound_classification/Wound_dataset copy/Laseration/mirrored_laseration (60).jpg,2a43b093de0141599608654239d30a7107a9e2700c319285690791df015a2c77,kaggle_card_license_unknown_review_before_redistribution
data/datasets/efficientnet_kaggle_v1/train/laceration/b26901b549446b19.jpg,laceration,train,data/raw/kaggle/ibrahimfateen_wound_classification/Wound_dataset copy/Laseration/mirrored_laseration (61).jpg,b26901b549446b19d3e8a2355a9e847a437d5213447ed75af61b957f225d66ae,kaggle_card_license_unknown_review_before_redistribution
data/datasets/efficientnet_kaggle_v1/test/laceration/9bb3cd571d17d398.jpg,laceration,test,data/raw/kaggle/ibrahimfateen_wound_classification/Wound_dataset copy/Laseration/mirrored_laseration (7).jpg,9bb3cd571d17d39883ee69255e6df3fbb391c0c235c2fec12d353935557dbc52,kaggle_card_license_unknown_review_before_redistribution
data/datasets/efficientnet_kaggle_v1/train/laceration/a7af51121f06fa76.jpg,laceration,train,data/raw/kaggle/ibrahimfateen_wound_classification/Wound_dataset copy/Laseration/mirrored_laseration (8).jpg,a7af51121f06fa766d215727c853a98f2d5b061e3495f8ac4a6c942a7756e2ba,kaggle_card_license_unknown_review_before_redistribution
data/datasets/efficientnet_kaggle_v1/test/laceration/ab9eaafcbe42e5e4.jpg,laceration,test,data/raw/kaggle/ibrahimfateen_wound_classification/Wound_dataset copy/Laseration/mirrored_laseration (9).jpg,ab9eaafcbe42e5e45d16afb06a4caef3ed294f6e1992161012b8f16d3c655998,kaggle_card_license_unknown_review_before_redistribution
data/datasets/efficientnet_kaggle_v1/val/normal/a7116a9c094bb766.jpg,normal,val,data/raw/kaggle/ibrahimfateen_wound_classification/Wound_dataset copy/Normal/1.jpg,a7116a9c094bb7665697ff107f7f9a18f174f3dde636f753ed454c3d54e7cb97,kaggle_card_license_unknown_review_before_redistribution
data/datasets/efficientnet_kaggle_v1/train/normal/28856c4b6f801850.jpg,normal,train,data/raw/kaggle/ibrahimfateen_wound_classification/Wound_dataset copy/Normal/10.jpg,28856c4b6f801850b1ee040b04d57df7d33e78ccddac19f0ebd149353a594e07,kaggle_card_license_unknown_review_before_redistribution
data/datasets/efficientnet_kaggle_v1/train/normal/119829c3b946d050.jpg,normal,train,data/raw/kaggle/ibrahimfateen_wound_classification/Wound_dataset copy/Normal/100.jpg,119829c3b946d0505a1a602c095b90a3a27e0e0caf9a795604ead1634e5896f0,kaggle_card_license_unknown_review_before_redistribution
data/datasets/efficientnet_kaggle_v1/test/normal/15270ac4bf30c90d.jpg,normal,test,data/raw/kaggle/ibrahimfateen_wound_classification/Wound_dataset copy/Normal/11.jpg,15270ac4bf30c90d03ebf6209c84c2520068bf1de2b9bdc13ed4ef11a0921dda,kaggle_card_license_unknown_review_before_redistribution
data/datasets/efficientnet_kaggle_v1/train/normal/83c60ae0de449868.jpg,normal,train,data/raw/kaggle/ibrahimfateen_wound_classification/Wound_dataset copy/Normal/12.jpg,83c60ae0de4498686642412e9732f9b2d1de49283de55c0e1d4408ad9ee203c1,kaggle_card_license_unknown_review_before_redistribution
data/datasets/efficientnet_kaggle_v1/train/normal/ed2de4e22d1205ee.jpg,normal,train,data/raw/kaggle/ibrahimfateen_wound_classification/Wound_dataset copy/Normal/13.jpg,ed2de4e22d1205eefea6f59a73b17473b31087e9dcfe97f2a837d7b01d792707,kaggle_card_license_unknown_review_before_redistribution
data/datasets/efficientnet_kaggle_v1/train/normal/ce7a5ca6184d256d.jpg,normal,train,data/raw/kaggle/ibrahimfateen_wound_classification/Wound_dataset copy/Normal/14.jpg,ce7a5ca6184d256d13c4deaa4305c5d862b5529b2b7d00e902f990feebe7208e,kaggle_card_license_unknown_review_before_redistribution
data/datasets/efficientnet_kaggle_v1/train/normal/b32d8c607df2a289.jpg,normal,train,data/raw/kaggle/ibrahimfateen_wound_classification/Wound_dataset copy/Normal/15.jpg,b32d8c607df2a289388cc2dbe532e3642468db74b30846e6de9d1306dbe8f30a,kaggle_card_license_unknown_review_before_redistribution
data/datasets/efficientnet_kaggle_v1/test/normal/afae4803f18309a9.jpg,normal,test,data/raw/kaggle/ibrahimfateen_wound_classification/Wound_dataset copy/Normal/16.jpg,afae4803f18309a9f79f3bf0140963dada3106b502850e1173394f438e0339d2,kaggle_card_license_unknown_review_before_redistribution
data/datasets/efficientnet_kaggle_v1/train/normal/22a245a4828be0fc.jpg,normal,train,data/raw/kaggle/ibrahimfateen_wound_classification/Wound_dataset copy/Normal/17.jpg,22a245a4828be0fcf67385139438b48c77714b022b01cd7039fd9515671d2c0e,kaggle_card_license_unknown_review_before_redistribution
data/datasets/efficientnet_kaggle_v1/train/normal/fab0cbd1c377df67.jpg,normal,train,data/raw/kaggle/ibrahimfateen_wound_classification/Wound_dataset copy/Normal/18.jpg,fab0cbd1c377df676edf5def7f01a4887fb1e6b5e16cccb0d5885323a9a3a91e,kaggle_card_license_unknown_review_before_redistribution
data/datasets/efficientnet_kaggle_v1/test/normal/8400e2e4734ac4d0.jpg,normal,test,data/raw/kaggle/ibrahimfateen_wound_classification/Wound_dataset copy/Normal/19.jpg,8400e2e4734ac4d05614f33f06c80ec82c9beb1f95e41ed5745301be289211f5,kaggle_card_license_unknown_review_before_redistribution
data/datasets/efficientnet_kaggle_v1/test/normal/3d34c0bca810181b.jpg,normal,test,data/raw/kaggle/ibrahimfateen_wound_classification/Wound_dataset copy/Normal/2.jpg,3d34c0bca810181b7858a7b25946652f8f08ad850a715a761d17fc63c1b8f999,kaggle_card_license_unknown_review_before_redistribution
data/datasets/efficientnet_kaggle_v1/test/normal/6d67a4fd3d15ae38.jpg,normal,test,data/raw/kaggle/ibrahimfateen_wound_classification/Wound_dataset copy/Normal/20.jpg,6d67a4fd3d15ae389a28f0d3bd9468ad57be1c472f35ee351ec196cff626c1da,kaggle_card_license_unknown_review_before_redistribution
data/datasets/efficientnet_kaggle_v1/train/normal/a9fe06aca7510ef8.jpg,normal,train,data/raw/kaggle/ibrahimfateen_wound_classification/Wound_dataset copy/Normal/21.jpg,a9fe06aca7510ef8300cd105fbf2d16b2ffeb50e0ad3e367f617b2f76f290514,kaggle_card_license_unknown_review_before_redistribution
data/datasets/efficientnet_kaggle_v1/val/normal/2dfba54e203a0d25.jpg,normal,val,data/raw/kaggle/ibrahimfateen_wound_classification/Wound_dataset copy/Normal/22.jpg,2dfba54e203a0d2596817627f08bbdb85f6e0bf297c24e1aa46c828a02524e02,kaggle_card_license_unknown_review_before_redistribution
data/datasets/efficientnet_kaggle_v1/train/normal/19c09cadfbaabc41.jpg,normal,train,data/raw/kaggle/ibrahimfateen_wound_classification/Wound_dataset copy/Normal/23.jpg,19c09cadfbaabc41ba8a6251741b68b2daef7b1e4d6a1cc6449e87f07bbda562,kaggle_card_license_unknown_review_before_redistribution
data/datasets/efficientnet_kaggle_v1/train/normal/2475ec91995af637.jpg,normal,train,data/raw/kaggle/ibrahimfateen_wound_classification/Wound_dataset copy/Normal/24.jpg,2475ec91995af637ba8fad0d7d2b4db12823bc72b2a2efcbc455639a85bef8d4,kaggle_card_license_unknown_review_before_redistribution
data/datasets/efficientnet_kaggle_v1/train/normal/20476648f109cf6a.jpg,normal,train,data/raw/kaggle/ibrahimfateen_wound_classification/Wound_dataset copy/Normal/25.jpg,20476648f109cf6a05367662b44ed0b64af8bd21898c59cdd493c448d1cc1742,kaggle_card_license_unknown_review_before_redistribution
data/datasets/efficientnet_kaggle_v1/test/normal/2b541c719ade56ac.jpg,normal,test,data/raw/kaggle/ibrahimfateen_wound_classification/Wound_dataset copy/Normal/26.jpg,2b541c719ade56ace45eef160e4f2ed81a93073a27335f1423bc9303fa6fc5e1,kaggle_card_license_unknown_review_before_redistribution
data/datasets/efficientnet_kaggle_v1/train/normal/7e0bebae74ea1146.jpg,normal,train,data/raw/kaggle/ibrahimfateen_wound_classification/Wound_dataset copy/Normal/27.jpg,7e0bebae74ea114629a0b59169cea13082ed2717aaa4b7104d689ffd4440f260,kaggle_card_license_unknown_review_before_redistribution
data/datasets/efficientnet_kaggle_v1/test/normal/59fc26a6cba1616e.jpg,normal,test,data/raw/kaggle/ibrahimfateen_wound_classification/Wound_dataset copy/Normal/28.jpg,59fc26a6cba1616eba5628fbc899a86ea489d0182391e8d24ddca0f5f5af0d68,kaggle_card_license_unknown_review_before_redistribution
data/datasets/efficientnet_kaggle_v1/train/normal/37d7ffc9537dbd0f.jpg,normal,train,data/raw/kaggle/ibrahimfateen_wound_classification/Wound_dataset copy/Normal/29.jpg,37d7ffc9537dbd0fffb7af9583f002a4d04e86d5953bb657796a4c30f60c279f,kaggle_card_license_unknown_review_before_redistribution
data/datasets/efficientnet_kaggle_v1/test/normal/fdea2e90c44b913c.jpg,normal,test,data/raw/kaggle/ibrahimfateen_wound_classification/Wound_dataset copy/Normal/3.jpg,fdea2e90c44b913cf224e5ab458e2b16641d962eaa6adceebc35375404b4aa5e,kaggle_card_license_unknown_review_before_redistribution
data/datasets/efficientnet_kaggle_v1/test/normal/f61bb8af4057eb34.jpg,normal,test,data/raw/kaggle/ibrahimfateen_wound_classification/Wound_dataset copy/Normal/30.jpg,f61bb8af4057eb345162640c0fb392fbd22741d2cc8db824f5f8ccef2cd063f8,kaggle_card_license_unknown_review_before_redistribution
data/datasets/efficientnet_kaggle_v1/train/normal/9e449c96c33413b4.jpg,normal,train,data/raw/kaggle/ibrahimfateen_wound_classification/Wound_dataset copy/Normal/31.jpg,9e449c96c33413b488f5c1e80595276f09cec86af6a21f6f122517c39233891a,kaggle_card_license_unknown_review_before_redistribution
data/datasets/efficientnet_kaggle_v1/test/normal/dfde0a4cc2f91ddc.jpg,normal,test,data/raw/kaggle/ibrahimfateen_wound_classification/Wound_dataset copy/Normal/32.jpg,dfde0a4cc2f91ddc73b4fd88cfc0728ceee3dc41f08ee1ae855cba7a3dbae549,kaggle_card_license_unknown_review_before_redistribution
data/datasets/efficientnet_kaggle_v1/train/normal/7230038a2a1b3447.jpg,normal,train,data/raw/kaggle/ibrahimfateen_wound_classification/Wound_dataset copy/Normal/33.jpg,7230038a2a1b34479ff982c4687b414169dcad4f5bbcf144e883cd30c4d16e2c,kaggle_card_license_unknown_review_before_redistribution
data/datasets/efficientnet_kaggle_v1/train/normal/0cd9d432a4f064fd.jpg,normal,train,data/raw/kaggle/ibrahimfateen_wound_classification/Wound_dataset copy/Normal/34.jpg,0cd9d432a4f064fd0f538b9963dc31a25150c0bdd07cc63a9264346386b4c5ca,kaggle_card_license_unknown_review_before_redistribution
data/datasets/efficientnet_kaggle_v1/train/normal/863dbe17749b4d9f.jpg,normal,train,data/raw/kaggle/ibrahimfateen_wound_classification/Wound_dataset copy/Normal/35.jpg,863dbe17749b4d9f5c99a100fc5b880226e1c2b252970308c0d910ae7fdf05c3,kaggle_card_license_unknown_review_before_redistribution
data/datasets/efficientnet_kaggle_v1/val/normal/8af2da2cb095aea5.jpg,normal,val,data/raw/kaggle/ibrahimfateen_wound_classification/Wound_dataset copy/Normal/36.jpg,8af2da2cb095aea56b28b1ce3d06b2596a01e3f45d192d20592e3c023cd4a37e,kaggle_card_license_unknown_review_before_redistribution
data/datasets/efficientnet_kaggle_v1/test/normal/63afd7a9e02d48ec.jpg,normal,test,data/raw/kaggle/ibrahimfateen_wound_classification/Wound_dataset copy/Normal/37.jpg,63afd7a9e02d48ece2c81a8bee07bc01ee645b29d8a182ac3aa9104e0cdf80d2,kaggle_card_license_unknown_review_before_redistribution
data/datasets/efficientnet_kaggle_v1/train/normal/89fd3119bf831e0b.jpg,normal,train,data/raw/kaggle/ibrahimfateen_wound_classification/Wound_dataset copy/Normal/38.jpg,89fd3119bf831e0b2aafd19ef35bc2b4d07c15aedeab14e691fc4037ab7f07c4,kaggle_card_license_unknown_review_before_redistribution
data/datasets/efficientnet_kaggle_v1/train/normal/40a74f32814fdbac.jpg,normal,train,data/raw/kaggle/ibrahimfateen_wound_classification/Wound_dataset copy/Normal/39.jpg,40a74f32814fdbac6cdb31e8de426334a6795617d3bf89159583ac6ebab6b6f0,kaggle_card_license_unknown_review_before_redistribution
data/datasets/efficientnet_kaggle_v1/train/normal/d1ff94cbf9367d21.jpg,normal,train,data/raw/kaggle/ibrahimfateen_wound_classification/Wound_dataset copy/Normal/4.jpg,d1ff94cbf9367d21b6bb52a6f8914b5fa14aa9585888ea33e58d25e53c6064bc,kaggle_card_license_unknown_review_before_redistribution
data/datasets/efficientnet_kaggle_v1/train/normal/bd361d2850449559.jpg,normal,train,data/raw/kaggle/ibrahimfateen_wound_classification/Wound_dataset copy/Normal/40.jpg,bd361d2850449559a62d24ba62e7fbaa9f47447be7b2f9c056d85bc77a18c87f,kaggle_card_license_unknown_review_before_redistribution
data/datasets/efficientnet_kaggle_v1/val/normal/82928d2a74cda913.jpg,normal,val,data/raw/kaggle/ibrahimfateen_wound_classification/Wound_dataset copy/Normal/41.jpg,82928d2a74cda913001d1e2c9af8ce619fe003266c996a3795ccc6c5e55138c4,kaggle_card_license_unknown_review_before_redistribution
data/datasets/efficientnet_kaggle_v1/train/normal/613ec65784cc94b5.jpg,normal,train,data/raw/kaggle/ibrahimfateen_wound_classification/Wound_dataset copy/Normal/42.jpg,613ec65784cc94b5d186a19f09c195aba707c7ea006b51759b9dbd77a5f9a72c,kaggle_card_license_unknown_review_before_redistribution
data/datasets/efficientnet_kaggle_v1/test/normal/cbdad9edcc22cdba.jpg,normal,test,data/raw/kaggle/ibrahimfateen_wound_classification/Wound_dataset copy/Normal/43.jpg,cbdad9edcc22cdba626abf52b04745601c31357954cabec4ed324eecf06b7a50,kaggle_card_license_unknown_review_before_redistribution
data/datasets/efficientnet_kaggle_v1/train/normal/60891163f7c42b9b.jpg,normal,train,data/raw/kaggle/ibrahimfateen_wound_classification/Wound_dataset copy/Normal/44.jpg,60891163f7c42b9b08ae35455539c59ec852b9067d794948d8c30fdd3d1e9606,kaggle_card_license_unknown_review_before_redistribution
data/datasets/efficientnet_kaggle_v1/train/normal/478363e3ed50e15b.jpg,normal,train,data/raw/kaggle/ibrahimfateen_wound_classification/Wound_dataset copy/Normal/45.jpg,478363e3ed50e15b6313ca336bdeb1a7a7efe3c3dc69ee164af630befb477f75,kaggle_card_license_unknown_review_before_redistribution
data/datasets/efficientnet_kaggle_v1/train/normal/0abf2d0a10a4c507.jpg,normal,train,data/raw/kaggle/ibrahimfateen_wound_classification/Wound_dataset copy/Normal/46.jpg,0abf2d0a10a4c507dd21c6a2b27d648e63c37af3e1142b6d0a04d36b914b461d,kaggle_card_license_unknown_review_before_redistribution
data/datasets/efficientnet_kaggle_v1/train/normal/1372b055e965393d.jpg,normal,train,data/raw/kaggle/ibrahimfateen_wound_classification/Wound_dataset copy/Normal/47.jpg,1372b055e965393df9309da4bd77ecb4e00b82ef056205c04c0968383c601148,kaggle_card_license_unknown_review_before_redistribution
data/datasets/efficientnet_kaggle_v1/train/normal/028a2d079cdaca65.jpg,normal,train,data/raw/kaggle/ibrahimfateen_wound_classification/Wound_dataset copy/Normal/48.jpg,028a2d079cdaca655df550ba3781d1d2d7ed75045dd7d71679ed801523c263da,kaggle_card_license_unknown_review_before_redistribution
data/datasets/efficientnet_kaggle_v1/train/normal/98af55df94b7fa1e.jpg,normal,train,data/raw/kaggle/ibrahimfateen_wound_classification/Wound_dataset copy/Normal/49.jpg,98af55df94b7fa1eaec0d61442ca69854824c2e443d8d71a99fad178a153bd44,kaggle_card_license_unknown_review_before_redistribution
data/datasets/efficientnet_kaggle_v1/train/normal/eadcd9929c128c61.jpg,normal,train,data/raw/kaggle/ibrahimfateen_wound_classification/Wound_dataset copy/Normal/5.jpg,eadcd9929c128c61860dfcf082cad3756a4326d1946628ebe2e76625d8a701a1,kaggle_card_license_unknown_review_before_redistribution
data/datasets/efficientnet_kaggle_v1/train/normal/117ad4679c947ee1.jpg,normal,train,data/raw/kaggle/ibrahimfateen_wound_classification/Wound_dataset copy/Normal/50.jpg,117ad4679c947ee1f0b6c8e9005a2e27456dd759df4bd1de6f037beed12782fb,kaggle_card_license_unknown_review_before_redistribution
data/datasets/efficientnet_kaggle_v1/train/normal/3a3d8f2464d05713.jpg,normal,train,data/raw/kaggle/ibrahimfateen_wound_classification/Wound_dataset copy/Normal/51.jpg,3a3d8f2464d057133de920a7fe12f8de28960d035b053e9f83fee808523fc631,kaggle_card_license_unknown_review_before_redistribution
data/datasets/efficientnet_kaggle_v1/train/normal/33d0a89043f95064.jpg,normal,train,data/raw/kaggle/ibrahimfateen_wound_classification/Wound_dataset copy/Normal/52.jpg,33d0a89043f950646b720e42730129167906a485b10f5ce03cc53409af80d5d2,kaggle_card_license_unknown_review_before_redistribution
data/datasets/efficientnet_kaggle_v1/train/normal/7fdae0ef0b872855.jpg,normal,train,data/raw/kaggle/ibrahimfateen_wound_classification/Wound_dataset copy/Normal/53.jpg,7fdae0ef0b872855f98812b8c851cc774a366778cacea6bc217569c46dff538c,kaggle_card_license_unknown_review_before_redistribution
data/datasets/efficientnet_kaggle_v1/test/normal/ff2d0f33a0a256de.jpg,normal,test,data/raw/kaggle/ibrahimfateen_wound_classification/Wound_dataset copy/Normal/54.jpg,ff2d0f33a0a256dee27755bf70ab1124a74a8e309dac4c89867776cc6ed9222b,kaggle_card_license_unknown_review_before_redistribution
data/datasets/efficientnet_kaggle_v1/test/normal/51b790290613b109.jpg,normal,test,data/raw/kaggle/ibrahimfateen_wound_classification/Wound_dataset copy/Normal/55.jpg,51b790290613b109d74960bde6b8f792d59b0bace60477ad210447676474d49b,kaggle_card_license_unknown_review_before_redistribution
data/datasets/efficientnet_kaggle_v1/test/normal/51f0cf3eaf8096ed.jpg,normal,test,data/raw/kaggle/ibrahimfateen_wound_classification/Wound_dataset copy/Normal/56.jpg,51f0cf3eaf8096ed33fa141e41d1d5aa8ac6c3b88517f40b94828d3dbb6a58aa,kaggle_card_license_unknown_review_before_redistribution
data/datasets/efficientnet_kaggle_v1/val/normal/6f35d094a0df855c.jpg,normal,val,data/raw/kaggle/ibrahimfateen_wound_classification/Wound_dataset copy/Normal/57.jpg,6f35d094a0df855c4d9a583a3dab555d8de4d1325d15f466cc90efb96c1d2f9d,kaggle_card_license_unknown_review_before_redistribution
data/datasets/efficientnet_kaggle_v1/train/normal/29b2e9bc41337be8.jpg,normal,train,data/raw/kaggle/ibrahimfateen_wound_classification/Wound_dataset copy/Normal/58.jpg,29b2e9bc41337be84099047f42b3ede4398bc2c4bf5ab4ff8799dfd1b66673cd,kaggle_card_license_unknown_review_before_redistribution
data/datasets/efficientnet_kaggle_v1/train/normal/0c38186bc0f19a8a.jpg,normal,train,data/raw/kaggle/ibrahimfateen_wound_classification/Wound_dataset copy/Normal/59.jpg,0c38186bc0f19a8a69aee220b05cce350a01cdd56a2264d3f3af4a7e91bb9ef6,kaggle_card_license_unknown_review_before_redistribution
data/datasets/efficientnet_kaggle_v1/train/normal/b735ad6e8babd536.jpg,normal,train,data/raw/kaggle/ibrahimfateen_wound_classification/Wound_dataset copy/Normal/6.jpg,b735ad6e8babd536c97eefb73f87a68af8640170abf9147ecc9e77376b1b74cf,kaggle_card_license_unknown_review_before_redistribution
data/datasets/efficientnet_kaggle_v1/train/normal/543db286eca072b1.jpg,normal,train,data/raw/kaggle/ibrahimfateen_wound_classification/Wound_dataset copy/Normal/60.jpg,543db286eca072b16f1fd1c9313f07f05502edb4a6cc4d58345178c8ac8485bf,kaggle_card_license_unknown_review_before_redistribution
data/datasets/efficientnet_kaggle_v1/train/normal/76385df2069304c7.jpg,normal,train,data/raw/kaggle/ibrahimfateen_wound_classification/Wound_dataset copy/Normal/61.jpg,76385df2069304c7675f985bd9c4c02a4556b2d53bd1c2c0d5a71ed0a4f063bc,kaggle_card_license_unknown_review_before_redistribution
data/datasets/efficientnet_kaggle_v1/train/normal/2e2d5a43a5dd73a3.jpg,normal,train,data/raw/kaggle/ibrahimfateen_wound_classification/Wound_dataset copy/Normal/62.jpg,2e2d5a43a5dd73a3e573f14f9d7599e8c3d10f205a6a08d028ed91f560281f02,kaggle_card_license_unknown_review_before_redistribution
data/datasets/efficientnet_kaggle_v1/train/normal/87380eb958cd946e.jpg,normal,train,data/raw/kaggle/ibrahimfateen_wound_classification/Wound_dataset copy/Normal/63.jpg,87380eb958cd946e95b0570a840afc18f814cca8cecf809b4f82b6c8fdf5b17f,kaggle_card_license_unknown_review_before_redistribution
data/datasets/efficientnet_kaggle_v1/val/normal/33320eb001a8f24b.jpg,normal,val,data/raw/kaggle/ibrahimfateen_wound_classification/Wound_dataset copy/Normal/64.jpg,33320eb001a8f24b7f324bc9bf2f4fdab1489da7a1dc9fed6f7804b5b4cdf6ab,kaggle_card_license_unknown_review_before_redistribution
data/datasets/efficientnet_kaggle_v1/test/normal/c6ff4e4e33c4041d.jpg,normal,test,data/raw/kaggle/ibrahimfateen_wound_classification/Wound_dataset copy/Normal/65.jpg,c6ff4e4e33c4041d92b58febb503c2165881172117cae60a7fcf1461fe06c69f,kaggle_card_license_unknown_review_before_redistribution
data/datasets/efficientnet_kaggle_v1/val/normal/d4c2921a91ed2ff8.jpg,normal,val,data/raw/kaggle/ibrahimfateen_wound_classification/Wound_dataset copy/Normal/66.jpg,d4c2921a91ed2ff8825657b67ab2421fd5d9d75e5a7e6ae496498a6bc4449b29,kaggle_card_license_unknown_review_before_redistribution
data/datasets/efficientnet_kaggle_v1/train/normal/ee0201cb509696ec.jpg,normal,train,data/raw/kaggle/ibrahimfateen_wound_classification/Wound_dataset copy/Normal/67.jpg,ee0201cb509696ec00403e2253890c5ba02a2f3af3ef4a40be1cccee99df1fe9,kaggle_card_license_unknown_review_before_redistribution
data/datasets/efficientnet_kaggle_v1/test/normal/4c4904e235e35a78.jpg,normal,test,data/raw/kaggle/ibrahimfateen_wound_classification/Wound_dataset copy/Normal/68.jpg,4c4904e235e35a78c0eed73e89e728de0dc7fd8169bc98c45ae0bf595d67556e,kaggle_card_license_unknown_review_before_redistribution
data/datasets/efficientnet_kaggle_v1/train/normal/92725f3c423efb8e.jpg,normal,train,data/raw/kaggle/ibrahimfateen_wound_classification/Wound_dataset copy/Normal/69.jpg,92725f3c423efb8e794d9d204b5ff8a539000575c4c157036c32620a01679622,kaggle_card_license_unknown_review_before_redistribution
data/datasets/efficientnet_kaggle_v1/test/normal/a5865090c258fedc.jpg,normal,test,data/raw/kaggle/ibrahimfateen_wound_classification/Wound_dataset copy/Normal/7.jpg,a5865090c258fedc4713466fd2a59006655a828510d5ae5abdc6203424656362,kaggle_card_license_unknown_review_before_redistribution
data/datasets/efficientnet_kaggle_v1/train/normal/296259308c85ee3c.jpg,normal,train,data/raw/kaggle/ibrahimfateen_wound_classification/Wound_dataset copy/Normal/70.jpg,296259308c85ee3c28afc153aa65b518ec2395d195f335fb00f136aa5f31c054,kaggle_card_license_unknown_review_before_redistribution
data/datasets/efficientnet_kaggle_v1/val/normal/ed56adc9a5315c41.jpg,normal,val,data/raw/kaggle/ibrahimfateen_wound_classification/Wound_dataset copy/Normal/71.jpg,ed56adc9a5315c413a9c106acd531225282f629d465a46f7c360a15bd1b19d4f,kaggle_card_license_unknown_review_before_redistribution
data/datasets/efficientnet_kaggle_v1/val/normal/74bb08237b4e78e1.jpg,normal,val,data/raw/kaggle/ibrahimfateen_wound_classification/Wound_dataset copy/Normal/72.jpg,74bb08237b4e78e1f91e8bbf3e6252556cf173293a066c70702dbeec8019f89f,kaggle_card_license_unknown_review_before_redistribution
data/datasets/efficientnet_kaggle_v1/train/normal/902344ed65d85571.jpg,normal,train,data/raw/kaggle/ibrahimfateen_wound_classification/Wound_dataset copy/Normal/73.jpg,902344ed65d855719a8f87ad278eb9628868a1e3ff1e33ccde5ccfe2068e7b23,kaggle_card_license_unknown_review_before_redistribution
data/datasets/efficientnet_kaggle_v1/val/normal/6ab74e80fd6d4209.jpg,normal,val,data/raw/kaggle/ibrahimfateen_wound_classification/Wound_dataset copy/Normal/74.jpg,6ab74e80fd6d420934394d4cbbcee47b2e05d2ad5106d76b62b1880f4a88b48f,kaggle_card_license_unknown_review_before_redistribution
data/datasets/efficientnet_kaggle_v1/test/normal/048c244d8128de17.jpg,normal,test,data/raw/kaggle/ibrahimfateen_wound_classification/Wound_dataset copy/Normal/75.jpg,048c244d8128de17db90ec9626a94a7237ec4952893d1065704b42e91ec65c79,kaggle_card_license_unknown_review_before_redistribution
data/datasets/efficientnet_kaggle_v1/test/normal/8ed8787a371afddb.jpg,normal,test,data/raw/kaggle/ibrahimfateen_wound_classification/Wound_dataset copy/Normal/76.jpg,8ed8787a371afddb32707817a8919b263efa5ca043131bd7a97cfec77d459b36,kaggle_card_license_unknown_review_before_redistribution
data/datasets/efficientnet_kaggle_v1/train/normal/e5dd3d0c4dc12f66.jpg,normal,train,data/raw/kaggle/ibrahimfateen_wound_classification/Wound_dataset copy/Normal/77.jpg,e5dd3d0c4dc12f66c27082c9df74021466fee0108871180242707ed44a0b8ef7,kaggle_card_license_unknown_review_before_redistribution
data/datasets/efficientnet_kaggle_v1/test/normal/0270f052df11a821.jpg,normal,test,data/raw/kaggle/ibrahimfateen_wound_classification/Wound_dataset copy/Normal/78.jpg,0270f052df11a8212ac98a411d4d570fe5c708b2a3dbcef7bee70166c68f25e3,kaggle_card_license_unknown_review_before_redistribution
data/datasets/efficientnet_kaggle_v1/train/normal/95ff7a27613d1247.jpg,normal,train,data/raw/kaggle/ibrahimfateen_wound_classification/Wound_dataset copy/Normal/79.jpg,95ff7a27613d1247732e85c1df0eca6c9584530df89acb9b904cd9e45aa4ea18,kaggle_card_license_unknown_review_before_redistribution
data/datasets/efficientnet_kaggle_v1/test/normal/c95d1147631615c8.jpg,normal,test,data/raw/kaggle/ibrahimfateen_wound_classification/Wound_dataset copy/Normal/8.jpg,c95d1147631615c89e3e2b6420d5512fbd0762180649c357b550abd7eeb73798,kaggle_card_license_unknown_review_before_redistribution
data/datasets/efficientnet_kaggle_v1/train/normal/f44204f814c4123a.jpg,normal,train,data/raw/kaggle/ibrahimfateen_wound_classification/Wound_dataset copy/Normal/80.jpg,f44204f814c4123add8a294040ce0fd402b08f0bad9b80f412547ba81073014a,kaggle_card_license_unknown_review_before_redistribution
data/datasets/efficientnet_kaggle_v1/train/normal/b468138fb13f1bec.jpg,normal,train,data/raw/kaggle/ibrahimfateen_wound_classification/Wound_dataset copy/Normal/81.jpg,b468138fb13f1becffc2c19027409a84d16d73a51d02b2150def84b521d78391,kaggle_card_license_unknown_review_before_redistribution
data/datasets/efficientnet_kaggle_v1/train/normal/cefab92c0aa197f7.jpg,normal,train,data/raw/kaggle/ibrahimfateen_wound_classification/Wound_dataset copy/Normal/82.jpg,cefab92c0aa197f7301ca91db5b63f663da693c0217730fac91166e46c8e106a,kaggle_card_license_unknown_review_before_redistribution
data/datasets/efficientnet_kaggle_v1/test/normal/65c649fe0d8bbf06.jpg,normal,test,data/raw/kaggle/ibrahimfateen_wound_classification/Wound_dataset copy/Normal/83.jpg,65c649fe0d8bbf061f37f926a388ba0c5768c3a5a5340409c9ee6e14f4dc65b3,kaggle_card_license_unknown_review_before_redistribution
data/datasets/efficientnet_kaggle_v1/train/normal/dbd4426626a3618f.jpg,normal,train,data/raw/kaggle/ibrahimfateen_wound_classification/Wound_dataset copy/Normal/84.jpg,dbd4426626a3618f2df9114db43046c1dae1b30be79a1a1145f64a7426c749a4,kaggle_card_license_unknown_review_before_redistribution
data/datasets/efficientnet_kaggle_v1/train/normal/0afdefbfa1c27c66.jpg,normal,train,data/raw/kaggle/ibrahimfateen_wound_classification/Wound_dataset copy/Normal/85.jpg,0afdefbfa1c27c6643d3ac4a491780f5a801d8786afc408139a7b0b41c255e9a,kaggle_card_license_unknown_review_before_redistribution
data/datasets/efficientnet_kaggle_v1/train/normal/aaca669d9099e898.jpg,normal,train,data/raw/kaggle/ibrahimfateen_wound_classification/Wound_dataset copy/Normal/86.jpg,aaca669d9099e898617827721bd80628b183b10bd6990c9ffa316aabfbe11d40,kaggle_card_license_unknown_review_before_redistribution
data/datasets/efficientnet_kaggle_v1/train/normal/485cdb7713cabb1d.jpg,normal,train,data/raw/kaggle/ibrahimfateen_wound_classification/Wound_dataset copy/Normal/87.jpg,485cdb7713cabb1d714197bfe71b2fec60aad2af8a86e7a34899a98b47efa1b9,kaggle_card_license_unknown_review_before_redistribution
data/datasets/efficientnet_kaggle_v1/train/normal/846fcff489bad2a8.jpg,normal,train,data/raw/kaggle/ibrahimfateen_wound_classification/Wound_dataset copy/Normal/88.jpg,846fcff489bad2a875d7c1e27e15f74a8a16acde96d78ed43e20f6659c04d961,kaggle_card_license_unknown_review_before_redistribution
data/datasets/efficientnet_kaggle_v1/val/normal/47393dad08cc6279.jpg,normal,val,data/raw/kaggle/ibrahimfateen_wound_classification/Wound_dataset copy/Normal/89.jpg,47393dad08cc627975585bd4e31bdcc62cf06436661add5cb189408b22c05c23,kaggle_card_license_unknown_review_before_redistribution
data/datasets/efficientnet_kaggle_v1/train/normal/4ba9a3f1feaf731b.jpg,normal,train,data/raw/kaggle/ibrahimfateen_wound_classification/Wound_dataset copy/Normal/9.jpg,4ba9a3f1feaf731b60d3e877ee18fe15417f475480bc8a67113fde5d3747b2d4,kaggle_card_license_unknown_review_before_redistribution
data/datasets/efficientnet_kaggle_v1/train/normal/5299bc79222037d3.jpg,normal,train,data/raw/kaggle/ibrahimfateen_wound_classification/Wound_dataset copy/Normal/90.jpg,5299bc79222037d3118e22fe1ce193c50747f95d3e67adea07de28a1b578a91a,kaggle_card_license_unknown_review_before_redistribution
data/datasets/efficientnet_kaggle_v1/train/normal/95ef6d31ac2613df.jpg,normal,train,data/raw/kaggle/ibrahimfateen_wound_classification/Wound_dataset copy/Normal/91.jpg,95ef6d31ac2613df00686db9f84c33c2e4b990c2c61f1e9419e8b349d3eb0f04,kaggle_card_license_unknown_review_before_redistribution
data/datasets/efficientnet_kaggle_v1/train/normal/d929b3f31554b53c.jpg,normal,train,data/raw/kaggle/ibrahimfateen_wound_classification/Wound_dataset copy/Normal/92.jpg,d929b3f31554b53cb4c2f7d0821b81870e5c73812ac795fb42eeca11fd3b5dba,kaggle_card_license_unknown_review_before_redistribution
data/datasets/efficientnet_kaggle_v1/train/normal/d36de1cab7548571.jpg,normal,train,data/raw/kaggle/ibrahimfateen_wound_classification/Wound_dataset copy/Normal/93.jpg,d36de1cab7548571cc4f67d6b452645042996cbf6282f8a4463fd1352a715dfb,kaggle_card_license_unknown_review_before_redistribution
data/datasets/efficientnet_kaggle_v1/train/normal/3d2c81e4e2ad57d7.jpg,normal,train,data/raw/kaggle/ibrahimfateen_wound_classification/Wound_dataset copy/Normal/94.jpg,3d2c81e4e2ad57d74a73e3ee1d497e7ecb448599b605d82a4b3fc95816e0b45c,kaggle_card_license_unknown_review_before_redistribution
data/datasets/efficientnet_kaggle_v1/train/normal/e54fdf4998d68b58.jpg,normal,train,data/raw/kaggle/ibrahimfateen_wound_classification/Wound_dataset copy/Normal/95.jpg,e54fdf4998d68b58b3a90023887b5daf22a939159dfddc53fd5a1a2a1282d559,kaggle_card_license_unknown_review_before_redistribution
data/datasets/efficientnet_kaggle_v1/test/normal/28065e4b15062385.jpg,normal,test,data/raw/kaggle/ibrahimfateen_wound_classification/Wound_dataset copy/Normal/96.jpg,28065e4b15062385528a445ed7443e41f5a494b8a15a1cfa20a273af12745363,kaggle_card_license_unknown_review_before_redistribution
data/datasets/efficientnet_kaggle_v1/train/normal/8911f969f9c823a2.jpg,normal,train,data/raw/kaggle/ibrahimfateen_wound_classification/Wound_dataset copy/Normal/97.jpg,8911f969f9c823a2066bc1a420642ae3a0b15ca3013660fc7b2190df10b2fb84,kaggle_card_license_unknown_review_before_redistribution
data/datasets/efficientnet_kaggle_v1/train/normal/37bf55e6b6c7c622.jpg,normal,train,data/raw/kaggle/ibrahimfateen_wound_classification/Wound_dataset copy/Normal/98.jpg,37bf55e6b6c7c6223d15cbf29613d90f6f9e564d37d839b0dc1f54769ef4a926,kaggle_card_license_unknown_review_before_redistribution
data/datasets/efficientnet_kaggle_v1/train/normal/ce35f38873288e16.jpg,normal,train,data/raw/kaggle/ibrahimfateen_wound_classification/Wound_dataset copy/Normal/99.jpg,ce35f38873288e1657b3598e8a2b8a840bb49430ff2fefbf879ad96912216cfb,kaggle_card_license_unknown_review_before_redistribution
data/datasets/efficientnet_kaggle_v1/train/normal/a8519860c78b74a9.jpg,normal,train,data/raw/kaggle/ibrahimfateen_wound_classification/Wound_dataset copy/Normal/mirrored_1.jpg,a8519860c78b74a9cfe21a8726172812609271de8e87441d9768ec388c1085a0,kaggle_card_license_unknown_review_before_redistribution
data/datasets/efficientnet_kaggle_v1/train/normal/c80591edd8e80319.jpg,normal,train,data/raw/kaggle/ibrahimfateen_wound_classification/Wound_dataset copy/Normal/mirrored_10.jpg,c80591edd8e80319ea1726667af63b94020b6570051f469cf81149d6aeefd89d,kaggle_card_license_unknown_review_before_redistribution
data/datasets/efficientnet_kaggle_v1/val/normal/f33037ba65fa9dee.jpg,normal,val,data/raw/kaggle/ibrahimfateen_wound_classification/Wound_dataset copy/Normal/mirrored_100.jpg,f33037ba65fa9deed5c6682b0e1f26a0c47b3b6aae0d45e6a5b4e8f067cb5efd,kaggle_card_license_unknown_review_before_redistribution
data/datasets/efficientnet_kaggle_v1/train/normal/e505a4bb3c058b89.jpg,normal,train,data/raw/kaggle/ibrahimfateen_wound_classification/Wound_dataset copy/Normal/mirrored_11.jpg,e505a4bb3c058b89f4d1cbdb3601c8c9f7c0d7a5c143004c3aff9e51de9ecdbb,kaggle_card_license_unknown_review_before_redistribution
data/datasets/efficientnet_kaggle_v1/val/normal/137d945bc5051ce1.jpg,normal,val,data/raw/kaggle/ibrahimfateen_wound_classification/Wound_dataset copy/Normal/mirrored_12.jpg,137d945bc5051ce1daa7566e28f72a08871d80bb4fcf3e164efc4faf37b5ede9,kaggle_card_license_unknown_review_before_redistribution
data/datasets/efficientnet_kaggle_v1/train/normal/b2f2865600d8b6b4.jpg,normal,train,data/raw/kaggle/ibrahimfateen_wound_classification/Wound_dataset copy/Normal/mirrored_13.jpg,b2f2865600d8b6b403df7044a414a83df2f106fb0d3058656cbb9493c92601cf,kaggle_card_license_unknown_review_before_redistribution
data/datasets/efficientnet_kaggle_v1/train/normal/5073b3711595a5ac.jpg,normal,train,data/raw/kaggle/ibrahimfateen_wound_classification/Wound_dataset copy/Normal/mirrored_14.jpg,5073b3711595a5acc2880caec5f72d0d48e30a28cb18ab2f502f5e8549e2eadc,kaggle_card_license_unknown_review_before_redistribution
data/datasets/efficientnet_kaggle_v1/train/normal/e7b576f848d56e1f.jpg,normal,train,data/raw/kaggle/ibrahimfateen_wound_classification/Wound_dataset copy/Normal/mirrored_15.jpg,e7b576f848d56e1fe3695bbfbb9f6eb35708bda77794b6dd316199233fbb4567,kaggle_card_license_unknown_review_before_redistribution
data/datasets/efficientnet_kaggle_v1/train/normal/8add7f84bc8e7825.jpg,normal,train,data/raw/kaggle/ibrahimfateen_wound_classification/Wound_dataset copy/Normal/mirrored_16.jpg,8add7f84bc8e7825a3fd5d8e39ac013bb4930e3309c68f825eb7c3dde68a1503,kaggle_card_license_unknown_review_before_redistribution
data/datasets/efficientnet_kaggle_v1/train/normal/5c587b7b6c271c05.jpg,normal,train,data/raw/kaggle/ibrahimfateen_wound_classification/Wound_dataset copy/Normal/mirrored_17.jpg,5c587b7b6c271c051373bb2d57366b4abe5fb6f2a1b57d6cff3182251b8b44e8,kaggle_card_license_unknown_review_before_redistribution
data/datasets/efficientnet_kaggle_v1/test/normal/9dbc5850a7051920.jpg,normal,test,data/raw/kaggle/ibrahimfateen_wound_classification/Wound_dataset copy/Normal/mirrored_18.jpg,9dbc5850a7051920e9f620afad0e3df82b9c86c3ee9264c13d9aead48fe797b8,kaggle_card_license_unknown_review_before_redistribution
data/datasets/efficientnet_kaggle_v1/test/normal/0ef370f835ccb7aa.jpg,normal,test,data/raw/kaggle/ibrahimfateen_wound_classification/Wound_dataset copy/Normal/mirrored_19.jpg,0ef370f835ccb7aa50fd7388841131989e61281eebf77d39bcb185c370a272bf,kaggle_card_license_unknown_review_before_redistribution
data/datasets/efficientnet_kaggle_v1/train/normal/8ac4d64e4af5d09c.jpg,normal,train,data/raw/kaggle/ibrahimfateen_wound_classification/Wound_dataset copy/Normal/mirrored_2.jpg,8ac4d64e4af5d09cb1f1e6eacfd4aafa414a794d71b5f0aadaf38dcbc91da4d4,kaggle_card_license_unknown_review_before_redistribution
data/datasets/efficientnet_kaggle_v1/test/normal/36c369170b7f9096.jpg,normal,test,data/raw/kaggle/ibrahimfateen_wound_classification/Wound_dataset copy/Normal/mirrored_20.jpg,36c369170b7f9096321090517f4f6aa5a4f1e6ad4bc07c32a0132b7dc39fddfa,kaggle_card_license_unknown_review_before_redistribution
data/datasets/efficientnet_kaggle_v1/train/normal/3c60d28af770d45d.jpg,normal,train,data/raw/kaggle/ibrahimfateen_wound_classification/Wound_dataset copy/Normal/mirrored_21.jpg,3c60d28af770d45dcdb31888de607fc35938d0748930ab398539f5aaf8066ca5,kaggle_card_license_unknown_review_before_redistribution
data/datasets/efficientnet_kaggle_v1/train/normal/03b76961c048501b.jpg,normal,train,data/raw/kaggle/ibrahimfateen_wound_classification/Wound_dataset copy/Normal/mirrored_22.jpg,03b76961c048501b85ce506e850bc18208ea403a5ed2ed0ea261f3a4024ce5d8,kaggle_card_license_unknown_review_before_redistribution
data/datasets/efficientnet_kaggle_v1/train/normal/ad14aebcf51cd916.jpg,normal,train,data/raw/kaggle/ibrahimfateen_wound_classification/Wound_dataset copy/Normal/mirrored_23.jpg,ad14aebcf51cd9169035d26ad173166a22347341902aa17aeafae8fd0a01f540,kaggle_card_license_unknown_review_before_redistribution
data/datasets/efficientnet_kaggle_v1/test/normal/718fcba5d1f99d82.jpg,normal,test,data/raw/kaggle/ibrahimfateen_wound_classification/Wound_dataset copy/Normal/mirrored_24.jpg,718fcba5d1f99d8217e1399f33abca303fb393dfedfe331d4339afcc1d4a640a,kaggle_card_license_unknown_review_before_redistribution
data/datasets/efficientnet_kaggle_v1/train/normal/1f79523bb701d711.jpg,normal,train,data/raw/kaggle/ibrahimfateen_wound_classification/Wound_dataset copy/Normal/mirrored_25.jpg,1f79523bb701d71102c8434aaaee6d66ba27ddf5e47851fc5fc484d4b944d797,kaggle_card_license_unknown_review_before_redistribution
data/datasets/efficientnet_kaggle_v1/test/normal/ba4b39de5bb13aef.jpg,normal,test,data/raw/kaggle/ibrahimfateen_wound_classification/Wound_dataset copy/Normal/mirrored_26.jpg,ba4b39de5bb13aefe6b9865bdb018cf0927fb5a596b3496d431d27c71574efa3,kaggle_card_license_unknown_review_before_redistribution
data/datasets/efficientnet_kaggle_v1/train/normal/a21b40399266bb24.jpg,normal,train,data/raw/kaggle/ibrahimfateen_wound_classification/Wound_dataset copy/Normal/mirrored_27.jpg,a21b40399266bb24885dc5851a78935ce1334a1936ff236a31eb7017526a6988,kaggle_card_license_unknown_review_before_redistribution
data/datasets/efficientnet_kaggle_v1/train/normal/b796c15d33b3e548.jpg,normal,train,data/raw/kaggle/ibrahimfateen_wound_classification/Wound_dataset copy/Normal/mirrored_28.jpg,b796c15d33b3e548f05d274c804e9da46f95b2ff25643481e0d4edebfad2b95f,kaggle_card_license_unknown_review_before_redistribution
data/datasets/efficientnet_kaggle_v1/val/normal/521909364d7ed2e6.jpg,normal,val,data/raw/kaggle/ibrahimfateen_wound_classification/Wound_dataset copy/Normal/mirrored_29.jpg,521909364d7ed2e66b9a5a4a9320eb154213724c6ce4cceefa0c7ef81e3b65d4,kaggle_card_license_unknown_review_before_redistribution
data/datasets/efficientnet_kaggle_v1/train/normal/1eb18a257d9e76db.jpg,normal,train,data/raw/kaggle/ibrahimfateen_wound_classification/Wound_dataset copy/Normal/mirrored_3.jpg,1eb18a257d9e76db30726b86d974e6d506c83e4c6e3a013510e6dbc0b849ab5a,kaggle_card_license_unknown_review_before_redistribution
data/datasets/efficientnet_kaggle_v1/train/normal/658e50eeacc0866d.jpg,normal,train,data/raw/kaggle/ibrahimfateen_wound_classification/Wound_dataset copy/Normal/mirrored_30.jpg,658e50eeacc0866d93ccd35233cf089f658c0552c36f756e6a97d22948ee3ae3,kaggle_card_license_unknown_review_before_redistribution
data/datasets/efficientnet_kaggle_v1/val/normal/4d547b86395d9cfe.jpg,normal,val,data/raw/kaggle/ibrahimfateen_wound_classification/Wound_dataset copy/Normal/mirrored_31.jpg,4d547b86395d9cfef93020e8ad3d879a643f68d810215f187673bd2cba10cd02,kaggle_card_license_unknown_review_before_redistribution
data/datasets/efficientnet_kaggle_v1/train/normal/0a272c775d88e48d.jpg,normal,train,data/raw/kaggle/ibrahimfateen_wound_classification/Wound_dataset copy/Normal/mirrored_32.jpg,0a272c775d88e48d07ccbce131f2e45e42892a9db0d742b9107b04b67e653e05,kaggle_card_license_unknown_review_before_redistribution
data/datasets/efficientnet_kaggle_v1/train/normal/e57c4afeecf3968e.jpg,normal,train,data/raw/kaggle/ibrahimfateen_wound_classification/Wound_dataset copy/Normal/mirrored_33.jpg,e57c4afeecf3968e8d58b67484ebef3121ff834e26bc3b984e854c987ca36386,kaggle_card_license_unknown_review_before_redistribution
data/datasets/efficientnet_kaggle_v1/test/normal/65b829fb67f14a35.jpg,normal,test,data/raw/kaggle/ibrahimfateen_wound_classification/Wound_dataset copy/Normal/mirrored_34.jpg,65b829fb67f14a35c24b22e79e75ea21d861d01ef09e567b39807907fbcc27a2,kaggle_card_license_unknown_review_before_redistribution
data/datasets/efficientnet_kaggle_v1/train/normal/9fe0dcc8346a888f.jpg,normal,train,data/raw/kaggle/ibrahimfateen_wound_classification/Wound_dataset copy/Normal/mirrored_35.jpg,9fe0dcc8346a888f5cbcaa12074aaa564f31f87db1379980dfbce2b9f30610af,kaggle_card_license_unknown_review_before_redistribution
data/datasets/efficientnet_kaggle_v1/train/normal/f513b183b698a260.jpg,normal,train,data/raw/kaggle/ibrahimfateen_wound_classification/Wound_dataset copy/Normal/mirrored_36.jpg,f513b183b698a2608d80696a9f4894d24635851b5d5d3e2413aca755006081ee,kaggle_card_license_unknown_review_before_redistribution
data/datasets/efficientnet_kaggle_v1/test/normal/5074fda686618d89.jpg,normal,test,data/raw/kaggle/ibrahimfateen_wound_classification/Wound_dataset copy/Normal/mirrored_37.jpg,5074fda686618d8925d161c93772fa92e777e2e6306970c8cad1f6641f99363a,kaggle_card_license_unknown_review_before_redistribution
data/datasets/efficientnet_kaggle_v1/train/normal/d112fc3f45982d31.jpg,normal,train,data/raw/kaggle/ibrahimfateen_wound_classification/Wound_dataset copy/Normal/mirrored_38.jpg,d112fc3f45982d3185ad8d3759631724009cd4436dc5bdb53ef71f95ae25f927,kaggle_card_license_unknown_review_before_redistribution
data/datasets/efficientnet_kaggle_v1/train/normal/66b875fb23626d7e.jpg,normal,train,data/raw/kaggle/ibrahimfateen_wound_classification/Wound_dataset copy/Normal/mirrored_39.jpg,66b875fb23626d7ea4fae88f3c9422528e7e37f5d02f9d0ab3adb1a4d620f6b0,kaggle_card_license_unknown_review_before_redistribution
data/datasets/efficientnet_kaggle_v1/train/normal/35d24a4f4ba8b706.jpg,normal,train,data/raw/kaggle/ibrahimfateen_wound_classification/Wound_dataset copy/Normal/mirrored_4.jpg,35d24a4f4ba8b706a2ed31aec0982c035de63dc22804374a4136f4cbdfc3f4ea,kaggle_card_license_unknown_review_before_redistribution
data/datasets/efficientnet_kaggle_v1/train/normal/1c491ab69cdf7170.jpg,normal,train,data/raw/kaggle/ibrahimfateen_wound_classification/Wound_dataset copy/Normal/mirrored_40.jpg,1c491ab69cdf7170e0346e525341dd30ac40839bf05e477963537adceb41ff19,kaggle_card_license_unknown_review_before_redistribution
data/datasets/efficientnet_kaggle_v1/train/normal/953a24868638ef7c.jpg,normal,train,data/raw/kaggle/ibrahimfateen_wound_classification/Wound_dataset copy/Normal/mirrored_41.jpg,953a24868638ef7c5fa5eed985f2b46631985ec93a1a29b645815f13535cd6d2,kaggle_card_license_unknown_review_before_redistribution
data/datasets/efficientnet_kaggle_v1/train/normal/2a445b2a13e3b88d.jpg,normal,train,data/raw/kaggle/ibrahimfateen_wound_classification/Wound_dataset copy/Normal/mirrored_42.jpg,2a445b2a13e3b88dc746dd900d4890ed874e6b41693023ba566eb6bd3246288d,kaggle_card_license_unknown_review_before_redistribution
data/datasets/efficientnet_kaggle_v1/train/normal/26ce11b39bd0fad7.jpg,normal,train,data/raw/kaggle/ibrahimfateen_wound_classification/Wound_dataset copy/Normal/mirrored_43.jpg,26ce11b39bd0fad7aff2e7cc4c33ce1ff2a218a7c29e6cbdd068f61e6ceccfff,kaggle_card_license_unknown_review_before_redistribution
data/datasets/efficientnet_kaggle_v1/train/normal/e8b56f4db77ad780.jpg,normal,train,data/raw/kaggle/ibrahimfateen_wound_classification/Wound_dataset copy/Normal/mirrored_44.jpg,e8b56f4db77ad780746b53f3daba4c76d7fa0fc758a0a3e39e20734038e7b98b,kaggle_card_license_unknown_review_before_redistribution
data/datasets/efficientnet_kaggle_v1/train/normal/70c3e2f14ec3b3c3.jpg,normal,train,data/raw/kaggle/ibrahimfateen_wound_classification/Wound_dataset copy/Normal/mirrored_45.jpg,70c3e2f14ec3b3c30b06802a08f4a09b2f50a9f2666e5fb2c5fb8c69e952ac9b,kaggle_card_license_unknown_review_before_redistribution
data/datasets/efficientnet_kaggle_v1/val/normal/d08e87536b237058.jpg,normal,val,data/raw/kaggle/ibrahimfateen_wound_classification/Wound_dataset copy/Normal/mirrored_46.jpg,d08e87536b23705841ce9693b2f08e0e0b1e453491d6c8ea70ae0572d29142d9,kaggle_card_license_unknown_review_before_redistribution
data/datasets/efficientnet_kaggle_v1/train/normal/2717efb5afa6db71.jpg,normal,train,data/raw/kaggle/ibrahimfateen_wound_classification/Wound_dataset copy/Normal/mirrored_47.jpg,2717efb5afa6db71f9d5f6af0d42fb7292a62e8857792975acfc452a5e0b45d8,kaggle_card_license_unknown_review_before_redistribution
data/datasets/efficientnet_kaggle_v1/val/normal/58b9025ffdac8e72.jpg,normal,val,data/raw/kaggle/ibrahimfateen_wound_classification/Wound_dataset copy/Normal/mirrored_48.jpg,58b9025ffdac8e7210f00776ed485eb2635dc7c0ee7c1c195ba3ed9fb07207cc,kaggle_card_license_unknown_review_before_redistribution
data/datasets/efficientnet_kaggle_v1/val/normal/36a9816eb1260449.jpg,normal,val,data/raw/kaggle/ibrahimfateen_wound_classification/Wound_dataset copy/Normal/mirrored_49.jpg,36a9816eb1260449d11486225b2d2b481abcede91f87ba6547a8d44806ba5357,kaggle_card_license_unknown_review_before_redistribution
data/datasets/efficientnet_kaggle_v1/train/normal/d96f625f7638682b.jpg,normal,train,data/raw/kaggle/ibrahimfateen_wound_classification/Wound_dataset copy/Normal/mirrored_5.jpg,d96f625f7638682bc7d462402b4c7f07bc28d8c5789445916df7151bdf9653c6,kaggle_card_license_unknown_review_before_redistribution
data/datasets/efficientnet_kaggle_v1/val/normal/2dea6acc041f147d.jpg,normal,val,data/raw/kaggle/ibrahimfateen_wound_classification/Wound_dataset copy/Normal/mirrored_50.jpg,2dea6acc041f147d09e8e8b4c11b3ac16d9a1a308782eee2e0aa24efa5b1ad75,kaggle_card_license_unknown_review_before_redistribution
data/datasets/efficientnet_kaggle_v1/train/normal/507ff9756c133acf.jpg,normal,train,data/raw/kaggle/ibrahimfateen_wound_classification/Wound_dataset copy/Normal/mirrored_51.jpg,507ff9756c133acfb3fae058c5360b8569176201b66b22a326ef2357ffe634de,kaggle_card_license_unknown_review_before_redistribution
data/datasets/efficientnet_kaggle_v1/train/normal/363c74c5babe74e9.jpg,normal,train,data/raw/kaggle/ibrahimfateen_wound_classification/Wound_dataset copy/Normal/mirrored_52.jpg,363c74c5babe74e9599b0b87ef989414e8775166a72e62a309a835ee4671a1a8,kaggle_card_license_unknown_review_before_redistribution
data/datasets/efficientnet_kaggle_v1/train/normal/9107b8b9fae2e348.jpg,normal,train,data/raw/kaggle/ibrahimfateen_wound_classification/Wound_dataset copy/Normal/mirrored_53.jpg,9107b8b9fae2e34813e69fbbdf7b0497bc8395321bf32f932b8e86b88a607d76,kaggle_card_license_unknown_review_before_redistribution
data/datasets/efficientnet_kaggle_v1/train/normal/932d25c35b0bf990.jpg,normal,train,data/raw/kaggle/ibrahimfateen_wound_classification/Wound_dataset copy/Normal/mirrored_54.jpg,932d25c35b0bf990a2c56236d522190d4859c8ef7a972de48281654354eff9b0,kaggle_card_license_unknown_review_before_redistribution
data/datasets/efficientnet_kaggle_v1/val/normal/9564d5a0ac7d5f31.jpg,normal,val,data/raw/kaggle/ibrahimfateen_wound_classification/Wound_dataset copy/Normal/mirrored_55.jpg,9564d5a0ac7d5f31f1cc2c610a4b14b2c1ca5553cddd92a8aa6282654428622c,kaggle_card_license_unknown_review_before_redistribution
data/datasets/efficientnet_kaggle_v1/train/normal/ac484a263f8f499e.jpg,normal,train,data/raw/kaggle/ibrahimfateen_wound_classification/Wound_dataset copy/Normal/mirrored_56.jpg,ac484a263f8f499e5919095dc870f42bc852dc0dd7aca4ac4b9b57f0857898d2,kaggle_card_license_unknown_review_before_redistribution
data/datasets/efficientnet_kaggle_v1/val/normal/c0057d1a04a95684.jpg,normal,val,data/raw/kaggle/ibrahimfateen_wound_classification/Wound_dataset copy/Normal/mirrored_57.jpg,c0057d1a04a95684ae7bdf9c776bbed61ae8ad9b1fd690bcf1f4de4186ad4abd,kaggle_card_license_unknown_review_before_redistribution
data/datasets/efficientnet_kaggle_v1/test/normal/421d376e64aeeded.jpg,normal,test,data/raw/kaggle/ibrahimfateen_wound_classification/Wound_dataset copy/Normal/mirrored_58.jpg,421d376e64aeededbfc129d0b618ad9ecba95822d7807f7da55e2ab41a8b0f62,kaggle_card_license_unknown_review_before_redistribution
data/datasets/efficientnet_kaggle_v1/train/normal/bcf6ba40113f1040.jpg,normal,train,data/raw/kaggle/ibrahimfateen_wound_classification/Wound_dataset copy/Normal/mirrored_59.jpg,bcf6ba40113f10403f133a20fd6e55dde7ebb64a04fbe6cea9d39951f7ca1bb5,kaggle_card_license_unknown_review_before_redistribution
data/datasets/efficientnet_kaggle_v1/train/normal/5a545d3d3c7fdb0e.jpg,normal,train,data/raw/kaggle/ibrahimfateen_wound_classification/Wound_dataset copy/Normal/mirrored_6.jpg,5a545d3d3c7fdb0edc15d48d1eec9ca427b56f0fa9519946c150ea1045528859,kaggle_card_license_unknown_review_before_redistribution
data/datasets/efficientnet_kaggle_v1/test/normal/692ce051e42d7fc3.jpg,normal,test,data/raw/kaggle/ibrahimfateen_wound_classification/Wound_dataset copy/Normal/mirrored_60.jpg,692ce051e42d7fc31635eafa130146c9c8da3c82531effc79d42e1ac81493d1a,kaggle_card_license_unknown_review_before_redistribution
data/datasets/efficientnet_kaggle_v1/train/normal/39062ae69eb052f4.jpg,normal,train,data/raw/kaggle/ibrahimfateen_wound_classification/Wound_dataset copy/Normal/mirrored_61.jpg,39062ae69eb052f444c3881707be6d850bb2dc9ac94bc91a31fa4f331f9fce9c,kaggle_card_license_unknown_review_before_redistribution
data/datasets/efficientnet_kaggle_v1/train/normal/f16cbea899a1dc77.jpg,normal,train,data/raw/kaggle/ibrahimfateen_wound_classification/Wound_dataset copy/Normal/mirrored_62.jpg,f16cbea899a1dc779614447e03cd726dd04beae1fd7553f881532a08ed1d50f9,kaggle_card_license_unknown_review_before_redistribution
data/datasets/efficientnet_kaggle_v1/train/normal/ac54dcfb4268cba4.jpg,normal,train,data/raw/kaggle/ibrahimfateen_wound_classification/Wound_dataset copy/Normal/mirrored_63.jpg,ac54dcfb4268cba4152890821bf474d241373d848ea198222cf4fc63971f2ac1,kaggle_card_license_unknown_review_before_redistribution
data/datasets/efficientnet_kaggle_v1/test/normal/76c2da7077545b5b.jpg,normal,test,data/raw/kaggle/ibrahimfateen_wound_classification/Wound_dataset copy/Normal/mirrored_64.jpg,76c2da7077545b5b5516aa8129db5b1b31505616ba4336041a4b5058b4797419,kaggle_card_license_unknown_review_before_redistribution
data/datasets/efficientnet_kaggle_v1/val/normal/7753f15727a387cc.jpg,normal,val,data/raw/kaggle/ibrahimfateen_wound_classification/Wound_dataset copy/Normal/mirrored_65.jpg,7753f15727a387cc87c094c852e8359be350e1fbc608e0d9d3019803ef75da30,kaggle_card_license_unknown_review_before_redistribution
data/datasets/efficientnet_kaggle_v1/train/normal/05ecfeefd8a59f83.jpg,normal,train,data/raw/kaggle/ibrahimfateen_wound_classification/Wound_dataset copy/Normal/mirrored_66.jpg,05ecfeefd8a59f83c88a98f64fc1e0b8601a95adcd3064861fa09d9755e9252d,kaggle_card_license_unknown_review_before_redistribution
data/datasets/efficientnet_kaggle_v1/train/normal/caf233205cbe4081.jpg,normal,train,data/raw/kaggle/ibrahimfateen_wound_classification/Wound_dataset copy/Normal/mirrored_67.jpg,caf233205cbe4081ce4587bc49be2f160cc33651109439e6b904ccf7b618ef46,kaggle_card_license_unknown_review_before_redistribution
data/datasets/efficientnet_kaggle_v1/train/normal/3467eaaad7f4287d.jpg,normal,train,data/raw/kaggle/ibrahimfateen_wound_classification/Wound_dataset copy/Normal/mirrored_68.jpg,3467eaaad7f4287d1090906b3b5dea912feda7e3a7019cfc2d772bdee47c98ab,kaggle_card_license_unknown_review_before_redistribution
data/datasets/efficientnet_kaggle_v1/train/normal/92eb05242cc83d8a.jpg,normal,train,data/raw/kaggle/ibrahimfateen_wound_classification/Wound_dataset copy/Normal/mirrored_69.jpg,92eb05242cc83d8aa8c62a2c67deae871c941ce5ffca97a41ed486a121723b88,kaggle_card_license_unknown_review_before_redistribution
data/datasets/efficientnet_kaggle_v1/train/normal/d2af69b83dc2f5fd.jpg,normal,train,data/raw/kaggle/ibrahimfateen_wound_classification/Wound_dataset copy/Normal/mirrored_7.jpg,d2af69b83dc2f5fd50d0620bf38139c63b0891ed6f58ea9b27303d87c66081b2,kaggle_card_license_unknown_review_before_redistribution
data/datasets/efficientnet_kaggle_v1/train/normal/75c0662d4f8370d4.jpg,normal,train,data/raw/kaggle/ibrahimfateen_wound_classification/Wound_dataset copy/Normal/mirrored_70.jpg,75c0662d4f8370d47d058551bdff84e726c32215a993317717905c2561fd3c15,kaggle_card_license_unknown_review_before_redistribution
data/datasets/efficientnet_kaggle_v1/train/normal/b767cc5608fb6b3e.jpg,normal,train,data/raw/kaggle/ibrahimfateen_wound_classification/Wound_dataset copy/Normal/mirrored_71.jpg,b767cc5608fb6b3e303226dd08c0e4c8b0c058d603cd1b481c52a4edc5ec88b6,kaggle_card_license_unknown_review_before_redistribution
data/datasets/efficientnet_kaggle_v1/test/normal/22e8cb870496a4ba.jpg,normal,test,data/raw/kaggle/ibrahimfateen_wound_classification/Wound_dataset copy/Normal/mirrored_72.jpg,22e8cb870496a4bae853c6dc8d9e4cd80683bb85fe99f5597df30ddd0fde4c1f,kaggle_card_license_unknown_review_before_redistribution
data/datasets/efficientnet_kaggle_v1/test/normal/3a3bbf974020207b.jpg,normal,test,data/raw/kaggle/ibrahimfateen_wound_classification/Wound_dataset copy/Normal/mirrored_73.jpg,3a3bbf974020207be78832329adce9345df2f5da48d1c9be83d741ab9696d33f,kaggle_card_license_unknown_review_before_redistribution
data/datasets/efficientnet_kaggle_v1/train/normal/b8acf80a4a4a4a46.jpg,normal,train,data/raw/kaggle/ibrahimfateen_wound_classification/Wound_dataset copy/Normal/mirrored_74.jpg,b8acf80a4a4a4a464fd18a7756e24abc347b8762e9686b706e4ba9bdc7841c88,kaggle_card_license_unknown_review_before_redistribution
data/datasets/efficientnet_kaggle_v1/val/normal/90548a0e48fda425.jpg,normal,val,data/raw/kaggle/ibrahimfateen_wound_classification/Wound_dataset copy/Normal/mirrored_75.jpg,90548a0e48fda4253d486249ee3abfc01b659fd872c3b8c7e846e43d3d23a68b,kaggle_card_license_unknown_review_before_redistribution
data/datasets/efficientnet_kaggle_v1/train/normal/ead43a65f2422def.jpg,normal,train,data/raw/kaggle/ibrahimfateen_wound_classification/Wound_dataset copy/Normal/mirrored_76.jpg,ead43a65f2422defc3cd0900e901683105cf7359390b61e32dce2cc396f94c81,kaggle_card_license_unknown_review_before_redistribution
data/datasets/efficientnet_kaggle_v1/val/normal/1ee0a42fc5a644fa.jpg,normal,val,data/raw/kaggle/ibrahimfateen_wound_classification/Wound_dataset copy/Normal/mirrored_77.jpg,1ee0a42fc5a644fa5b9b1125c23c775d4dfcef7caedd977bc18e18ba5248c682,kaggle_card_license_unknown_review_before_redistribution
data/datasets/efficientnet_kaggle_v1/test/normal/9a650ffb6b3d769e.jpg,normal,test,data/raw/kaggle/ibrahimfateen_wound_classification/Wound_dataset copy/Normal/mirrored_78.jpg,9a650ffb6b3d769e764f4f452f5842d4b7c910377cca05c98b8ad6c0e879b4b4,kaggle_card_license_unknown_review_before_redistribution
data/datasets/efficientnet_kaggle_v1/test/normal/5173bdad144cdd56.jpg,normal,test,data/raw/kaggle/ibrahimfateen_wound_classification/Wound_dataset copy/Normal/mirrored_79.jpg,5173bdad144cdd56f369cb8dc5881f14e885336f3df903aa26ecd8af6bb12717,kaggle_card_license_unknown_review_before_redistribution
data/datasets/efficientnet_kaggle_v1/train/normal/13f7d01529ca5e65.jpg,normal,train,data/raw/kaggle/ibrahimfateen_wound_classification/Wound_dataset copy/Normal/mirrored_8.jpg,13f7d01529ca5e65e50f66b3d126b08f69ecd6dd5922ef1a00178e2aae53825f,kaggle_card_license_unknown_review_before_redistribution
data/datasets/efficientnet_kaggle_v1/test/normal/dfd0dc15ee97ca67.jpg,normal,test,data/raw/kaggle/ibrahimfateen_wound_classification/Wound_dataset copy/Normal/mirrored_80.jpg,dfd0dc15ee97ca67f8f1769f1c0761adabc709b2f891cffbb2887305978b2902,kaggle_card_license_unknown_review_before_redistribution
data/datasets/efficientnet_kaggle_v1/test/normal/326642e47b07686d.jpg,normal,test,data/raw/kaggle/ibrahimfateen_wound_classification/Wound_dataset copy/Normal/mirrored_81.jpg,326642e47b07686d40389a659e1ef87806d8d7d55a899ba121483758560d8063,kaggle_card_license_unknown_review_before_redistribution
data/datasets/efficientnet_kaggle_v1/train/normal/0ad616213d21b3cc.jpg,normal,train,data/raw/kaggle/ibrahimfateen_wound_classification/Wound_dataset copy/Normal/mirrored_82.jpg,0ad616213d21b3cc9cfd17f7c0dc271015d13fdd3c7fc4364507fe8ef52e98aa,kaggle_card_license_unknown_review_before_redistribution
data/datasets/efficientnet_kaggle_v1/train/normal/00273bd7bed6e4d1.jpg,normal,train,data/raw/kaggle/ibrahimfateen_wound_classification/Wound_dataset copy/Normal/mirrored_83.jpg,00273bd7bed6e4d1efce4f9358c508efa9b2ca11dde27802d662af263b1bb334,kaggle_card_license_unknown_review_before_redistribution
data/datasets/efficientnet_kaggle_v1/train/normal/65a90a5ae6ef7ec1.jpg,normal,train,data/raw/kaggle/ibrahimfateen_wound_classification/Wound_dataset copy/Normal/mirrored_84.jpg,65a90a5ae6ef7ec14eb170d8869b4e3ca0bd5310220db3ab9e5b50bb3f2d88f0,kaggle_card_license_unknown_review_before_redistribution
data/datasets/efficientnet_kaggle_v1/train/normal/fce004524016e77d.jpg,normal,train,data/raw/kaggle/ibrahimfateen_wound_classification/Wound_dataset copy/Normal/mirrored_85.jpg,fce004524016e77d05a42f65bd40855b21919f1959f56f8d592596decb520909,kaggle_card_license_unknown_review_before_redistribution
data/datasets/efficientnet_kaggle_v1/val/normal/1c52990dcf40ff46.jpg,normal,val,data/raw/kaggle/ibrahimfateen_wound_classification/Wound_dataset copy/Normal/mirrored_86.jpg,1c52990dcf40ff46cc711fa5aabfe5610c67e082255aaedd0e11976261d150e0,kaggle_card_license_unknown_review_before_redistribution
data/datasets/efficientnet_kaggle_v1/test/normal/a14242972e6fa8c3.jpg,normal,test,data/raw/kaggle/ibrahimfateen_wound_classification/Wound_dataset copy/Normal/mirrored_87.jpg,a14242972e6fa8c305dffdb3c0c7dab31cf4a0d2a599094f0757228b9b26d985,kaggle_card_license_unknown_review_before_redistribution
data/datasets/efficientnet_kaggle_v1/train/normal/2bdc310d1a596e4b.jpg,normal,train,data/raw/kaggle/ibrahimfateen_wound_classification/Wound_dataset copy/Normal/mirrored_88.jpg,2bdc310d1a596e4bd6d13c05e66e8e49546a3b6e0b113cc35a3b0e26a7245c44,kaggle_card_license_unknown_review_before_redistribution
data/datasets/efficientnet_kaggle_v1/val/normal/a84d3d078048cf92.jpg,normal,val,data/raw/kaggle/ibrahimfateen_wound_classification/Wound_dataset copy/Normal/mirrored_89.jpg,a84d3d078048cf92a70d5529c20243ba57f875a64a3e9f3a4baceaf9eed97341,kaggle_card_license_unknown_review_before_redistribution
data/datasets/efficientnet_kaggle_v1/train/normal/41f8c5d07e295c56.jpg,normal,train,data/raw/kaggle/ibrahimfateen_wound_classification/Wound_dataset copy/Normal/mirrored_9.jpg,41f8c5d07e295c56431b022ec145ddb913182501c1cb8e830d698115671ee556,kaggle_card_license_unknown_review_before_redistribution
data/datasets/efficientnet_kaggle_v1/train/normal/bc0a2f29d66e8e8d.jpg,normal,train,data/raw/kaggle/ibrahimfateen_wound_classification/Wound_dataset copy/Normal/mirrored_90.jpg,bc0a2f29d66e8e8d62b43cdf0693040f12456129fe2e352b63eefe8ee5290740,kaggle_card_license_unknown_review_before_redistribution
data/datasets/efficientnet_kaggle_v1/val/normal/4663a40e14117f32.jpg,normal,val,data/raw/kaggle/ibrahimfateen_wound_classification/Wound_dataset copy/Normal/mirrored_91.jpg,4663a40e14117f329d36fa54a2feb0ee8c72eb25e06572a3bfdb06017f11cb28,kaggle_card_license_unknown_review_before_redistribution
data/datasets/efficientnet_kaggle_v1/train/normal/7484e45131192418.jpg,normal,train,data/raw/kaggle/ibrahimfateen_wound_classification/Wound_dataset copy/Normal/mirrored_92.jpg,7484e451311924182e5c50e5a0e052a7e16714aa33c216d9489453da0972708f,kaggle_card_license_unknown_review_before_redistribution
data/datasets/efficientnet_kaggle_v1/train/normal/a92c1b9bff1437d6.jpg,normal,train,data/raw/kaggle/ibrahimfateen_wound_classification/Wound_dataset copy/Normal/mirrored_93.jpg,a92c1b9bff1437d6eac1f28885584c9e7687139e6e2f2c07385e2b77c0036dc1,kaggle_card_license_unknown_review_before_redistribution
data/datasets/efficientnet_kaggle_v1/test/normal/4c609f797cec1afd.jpg,normal,test,data/raw/kaggle/ibrahimfateen_wound_classification/Wound_dataset copy/Normal/mirrored_94.jpg,4c609f797cec1afd44d3f68882e6d39fe7093fcc266814c5b08ecc66d4dfd12c,kaggle_card_license_unknown_review_before_redistribution
data/datasets/efficientnet_kaggle_v1/val/normal/131e1c15787858e8.jpg,normal,val,data/raw/kaggle/ibrahimfateen_wound_classification/Wound_dataset copy/Normal/mirrored_95.jpg,131e1c15787858e8927af9400d2ab7b0b6d35384a29f584194e7d7fb845ff89a,kaggle_card_license_unknown_review_before_redistribution
data/datasets/efficientnet_kaggle_v1/test/normal/8dd9579bd8bee44a.jpg,normal,test,data/raw/kaggle/ibrahimfateen_wound_classification/Wound_dataset copy/Normal/mirrored_96.jpg,8dd9579bd8bee44a7b0dc7a3d85e71cf9797893e547d9e0e410f6dcb73c5359c,kaggle_card_license_unknown_review_before_redistribution
data/datasets/efficientnet_kaggle_v1/train/normal/78dc0707da0bdd72.jpg,normal,train,data/raw/kaggle/ibrahimfateen_wound_classification/Wound_dataset copy/Normal/mirrored_97.jpg,78dc0707da0bdd72084fd4a13e1c40ca4b7b0f54bdc9804afe04427f0a376c85,kaggle_card_license_unknown_review_before_redistribution
data/datasets/efficientnet_kaggle_v1/train/normal/7af0b354de06a0a5.jpg,normal,train,data/raw/kaggle/ibrahimfateen_wound_classification/Wound_dataset copy/Normal/mirrored_98.jpg,7af0b354de06a0a5294245bf7d90b3a3d3b01fb21ed23842a03233bb9c5b7366,kaggle_card_license_unknown_review_before_redistribution
data/datasets/efficientnet_kaggle_v1/val/normal/266cc97d7c8d0181.jpg,normal,val,data/raw/kaggle/ibrahimfateen_wound_classification/Wound_dataset copy/Normal/mirrored_99.jpg,266cc97d7c8d01810d4f934438faa3f555557cde1e3ad5c91675eb07962c077a,kaggle_card_license_unknown_review_before_redistribution
data/datasets/efficientnet_kaggle_v1/val/wound/663f489557af923a.jpg,wound,val,data/raw/kaggle/ibrahimfateen_wound_classification/Wound_dataset copy/Pressure Wounds/100_0.jpg,663f489557af923a0b499a15ce67a7c91c34664813b984114c75cbae09fffe3b,kaggle_card_license_unknown_review_before_redistribution
data/datasets/efficientnet_kaggle_v1/train/wound/bfd86359ea114e5f.jpg,wound,train,data/raw/kaggle/ibrahimfateen_wound_classification/Wound_dataset copy/Pressure Wounds/10_0.jpg,bfd86359ea114e5f7f133c55ce8a9629e2ec21ee7aa3fa0d2992edbabc6c68bf,kaggle_card_license_unknown_review_before_redistribution
data/datasets/efficientnet_kaggle_v1/train/wound/c24bbd42d5ecf28c.jpg,wound,train,data/raw/kaggle/ibrahimfateen_wound_classification/Wound_dataset copy/Pressure Wounds/10_1.jpg,c24bbd42d5ecf28cd0bd7a1d4319d42d52150a5e1ab35ed0032efabeaeba52a8,kaggle_card_license_unknown_review_before_redistribution
data/datasets/efficientnet_kaggle_v1/test/wound/cb3d4a070674c2e3.jpg,wound,test,data/raw/kaggle/ibrahimfateen_wound_classification/Wound_dataset copy/Pressure Wounds/10_2.jpg,cb3d4a070674c2e31924457a2e162979f06655cba01c01397a4a89b89c0c3711,kaggle_card_license_unknown_review_before_redistribution
data/datasets/efficientnet_kaggle_v1/train/wound/832def32873bdb66.jpg,wound,train,data/raw/kaggle/ibrahimfateen_wound_classification/Wound_dataset copy/Pressure Wounds/10_3.jpg,832def32873bdb661e0f17d785cf81ff2605b3b9c7308faeb316ffaafe9db369,kaggle_card_license_unknown_review_before_redistribution
data/datasets/efficientnet_kaggle_v1/train/wound/a810e53f16c10424.jpg,wound,train,data/raw/kaggle/ibrahimfateen_wound_classification/Wound_dataset copy/Pressure Wounds/11_0.jpg,a810e53f16c1042421bc09f1430d684a71e67338a40dc650c37e84f31a5d128f,kaggle_card_license_unknown_review_before_redistribution
data/datasets/efficientnet_kaggle_v1/val/wound/fafc0008ad97ac4e.jpg,wound,val,data/raw/kaggle/ibrahimfateen_wound_classification/Wound_dataset copy/Pressure Wounds/11_1.jpg,fafc0008ad97ac4e332029ec287e0ebc68d91d4984d3f7b805b212c47fa46afe,kaggle_card_license_unknown_review_before_redistribution
data/datasets/efficientnet_kaggle_v1/test/wound/b71166ed099cbd08.jpg,wound,test,data/raw/kaggle/ibrahimfateen_wound_classification/Wound_dataset copy/Pressure Wounds/11_2.jpg,b71166ed099cbd08f90dfeed709845470384e321e9b8bc55ae0a6796e324c51b,kaggle_card_license_unknown_review_before_redistribution
data/datasets/efficientnet_kaggle_v1/train/wound/374fb7b07224a1c2.jpg,wound,train,data/raw/kaggle/ibrahimfateen_wound_classification/Wound_dataset copy/Pressure Wounds/12_0.jpg,374fb7b07224a1c2480b106ece7da06062f316b17e8f8a9da7c54e598696315f,kaggle_card_license_unknown_review_before_redistribution
data/datasets/efficientnet_kaggle_v1/train/wound/ab6fed122234559a.jpg,wound,train,data/raw/kaggle/ibrahimfateen_wound_classification/Wound_dataset copy/Pressure Wounds/13_0.jpg,ab6fed122234559a1f085b3f19ab9e6b13ae45519f747cae33cff701aa0aaf3f,kaggle_card_license_unknown_review_before_redistribution
data/datasets/efficientnet_kaggle_v1/train/wound/05fa4ed4f19dc5bb.jpg,wound,train,data/raw/kaggle/ibrahimfateen_wound_classification/Wound_dataset copy/Pressure Wounds/13_1.jpg,05fa4ed4f19dc5bbeca49983f3fd9e948574e4e3bb70a09292f751df0158a03e,kaggle_card_license_unknown_review_before_redistribution
data/datasets/efficientnet_kaggle_v1/train/wound/eea71b5e922ce35d.jpg,wound,train,data/raw/kaggle/ibrahimfateen_wound_classification/Wound_dataset copy/Pressure Wounds/13_2.jpg,eea71b5e922ce35d4873be21f6bb34f26e952203e9472d2b9e045c94aea32251,kaggle_card_license_unknown_review_before_redistribution
data/datasets/efficientnet_kaggle_v1/train/wound/32a0ce21a887c5d0.jpg,wound,train,data/raw/kaggle/ibrahimfateen_wound_classification/Wound_dataset copy/Pressure Wounds/14_0.jpg,32a0ce21a887c5d03f2effb4b6017d01e4622de88090f44e7ddd80dd9466f4fd,kaggle_card_license_unknown_review_before_redistribution
data/datasets/efficientnet_kaggle_v1/val/wound/195695e99c3922c9.jpg,wound,val,data/raw/kaggle/ibrahimfateen_wound_classification/Wound_dataset copy/Pressure Wounds/15_0.jpg,195695e99c3922c9ba9c3b3c36a4f11fffe5b0972b1d8031109eff5337145457,kaggle_card_license_unknown_review_before_redistribution
data/datasets/efficientnet_kaggle_v1/train/wound/02b562829b4c2b01.jpg,wound,train,data/raw/kaggle/ibrahimfateen_wound_classification/Wound_dataset copy/Pressure Wounds/16_0.jpg,02b562829b4c2b01751336a4379adc63e2e0116b88aea583ab0513fe65db285f,kaggle_card_license_unknown_review_before_redistribution
data/datasets/efficientnet_kaggle_v1/test/wound/e63a6cacd5435b62.jpg,wound,test,data/raw/kaggle/ibrahimfateen_wound_classification/Wound_dataset copy/Pressure Wounds/17_0.jpg,e63a6cacd5435b62f344d64716702f72f52018a1ec70db23c20ee4bbd6d623e3,kaggle_card_license_unknown_review_before_redistribution
data/datasets/efficientnet_kaggle_v1/train/wound/4d875cba37004b02.jpg,wound,train,data/raw/kaggle/ibrahimfateen_wound_classification/Wound_dataset copy/Pressure Wounds/18_0.jpg,4d875cba37004b02f6f390a35fb9a9c6ac47d66890b6a67dcc5865c53d57c283,kaggle_card_license_unknown_review_before_redistribution
data/datasets/efficientnet_kaggle_v1/test/wound/bce6a351ba55ac26.jpg,wound,test,data/raw/kaggle/ibrahimfateen_wound_classification/Wound_dataset copy/Pressure Wounds/18_1.jpg,bce6a351ba55ac26933250d5f886461e671c4aa46fdd89a15ae089f5ad891f2e,kaggle_card_license_unknown_review_before_redistribution
data/datasets/efficientnet_kaggle_v1/train/wound/7e83b49425c18bb0.jpg,wound,train,data/raw/kaggle/ibrahimfateen_wound_classification/Wound_dataset copy/Pressure Wounds/19_0.jpg,7e83b49425c18bb0806ff7a9d65e96789434e3ee3e8cddb1faee4ed280f04748,kaggle_card_license_unknown_review_before_redistribution
data/datasets/efficientnet_kaggle_v1/train/wound/afdc113ebac8c35e.jpg,wound,train,data/raw/kaggle/ibrahimfateen_wound_classification/Wound_dataset copy/Pressure Wounds/1_0.jpg,afdc113ebac8c35e2be4b024f5a86c50d987fab5162a077af88bb0ae49eb1736,kaggle_card_license_unknown_review_before_redistribution
data/datasets/efficientnet_kaggle_v1/train/wound/28166e87f0314113.jpg,wound,train,data/raw/kaggle/ibrahimfateen_wound_classification/Wound_dataset copy/Pressure Wounds/20_0.jpg,28166e87f0314113a5e44b994de654a61e76872e8530e47cc2a31f91af8ec1dc,kaggle_card_license_unknown_review_before_redistribution
data/datasets/efficientnet_kaggle_v1/train/wound/92caee7671d98f4d.jpg,wound,train,data/raw/kaggle/ibrahimfateen_wound_classification/Wound_dataset copy/Pressure Wounds/21_0.jpg,92caee7671d98f4d5b25603c01cdd006cefe410f5909b9bf91178d0e3036a8b9,kaggle_card_license_unknown_review_before_redistribution
data/datasets/efficientnet_kaggle_v1/train/wound/792746f6698c402d.jpg,wound,train,data/raw/kaggle/ibrahimfateen_wound_classification/Wound_dataset copy/Pressure Wounds/22_0.jpg,792746f6698c402dab348d653fd5e08faf0b610752e62aa4951961b546d35678,kaggle_card_license_unknown_review_before_redistribution
data/datasets/efficientnet_kaggle_v1/train/wound/d1266a9876d6c666.jpg,wound,train,data/raw/kaggle/ibrahimfateen_wound_classification/Wound_dataset copy/Pressure Wounds/23_0.jpg,d1266a9876d6c6665779471fea14c04952b689d69cc79242732a1000997bc9ef,kaggle_card_license_unknown_review_before_redistribution
data/datasets/efficientnet_kaggle_v1/train/wound/bc5f45a3a1656b70.jpg,wound,train,data/raw/kaggle/ibrahimfateen_wound_classification/Wound_dataset copy/Pressure Wounds/24_0.jpg,bc5f45a3a1656b70c55503c68944eb8449ed1a94cdda5384f0ba1bcb1163cade,kaggle_card_license_unknown_review_before_redistribution
data/datasets/efficientnet_kaggle_v1/train/wound/3600cfb12830c55c.jpg,wound,train,data/raw/kaggle/ibrahimfateen_wound_classification/Wound_dataset copy/Pressure Wounds/25_0.jpg,3600cfb12830c55c5fd9773ba1cf690b8fe570a39e221b5b48f993cbbae7f4e8,kaggle_card_license_unknown_review_before_redistribution
data/datasets/efficientnet_kaggle_v1/train/wound/1864e91cae0b1569.jpg,wound,train,data/raw/kaggle/ibrahimfateen_wound_classification/Wound_dataset copy/Pressure Wounds/25_1.jpg,1864e91cae0b15692cb1b5b895d3ccc3e1e72b7f0e2d96b59dc0367df90498ea,kaggle_card_license_unknown_review_before_redistribution
data/datasets/efficientnet_kaggle_v1/test/wound/42da4af929e03697.jpg,wound,test,data/raw/kaggle/ibrahimfateen_wound_classification/Wound_dataset copy/Pressure Wounds/25_2.jpg,42da4af929e0369731cb0516f7d6137387130755a65a2675bf7ecf2b943acfe1,kaggle_card_license_unknown_review_before_redistribution
data/datasets/efficientnet_kaggle_v1/train/wound/030914141569b5f3.jpg,wound,train,data/raw/kaggle/ibrahimfateen_wound_classification/Wound_dataset copy/Pressure Wounds/25_3.jpg,030914141569b5f36374164fe0fc8aa8a3d255a22a3ab70709c349c8c1ff46be,kaggle_card_license_unknown_review_before_redistribution
data/datasets/efficientnet_kaggle_v1/train/wound/166368e29ef0b68c.jpg,wound,train,data/raw/kaggle/ibrahimfateen_wound_classification/Wound_dataset copy/Pressure Wounds/25_4.jpg,166368e29ef0b68c9d4e5c0c15f16ded2965263d3734e7a74656ad34e5af95ec,kaggle_card_license_unknown_review_before_redistribution
data/datasets/efficientnet_kaggle_v1/train/wound/9350a85ccf9fefab.jpg,wound,train,data/raw/kaggle/ibrahimfateen_wound_classification/Wound_dataset copy/Pressure Wounds/26_0.jpg,9350a85ccf9fefab487e9e7ae9f3cf5a23393beed1256e33050c6e6963979cf1,kaggle_card_license_unknown_review_before_redistribution
data/datasets/efficientnet_kaggle_v1/train/wound/2931e82b09eb5fff.jpg,wound,train,data/raw/kaggle/ibrahimfateen_wound_classification/Wound_dataset copy/Pressure Wounds/26_1.jpg,2931e82b09eb5fffe2ea0c6c9498b37338b267d6203e8a0c59c9bdf3d22a5dd6,kaggle_card_license_unknown_review_before_redistribution
data/datasets/efficientnet_kaggle_v1/val/wound/3bfa379e20ad4365.jpg,wound,val,data/raw/kaggle/ibrahimfateen_wound_classification/Wound_dataset copy/Pressure Wounds/27_0.jpg,3bfa379e20ad4365cc579806fb7edd4f42e575f0fa476e09b55de2f6fa1f3caf,kaggle_card_license_unknown_review_before_redistribution
data/datasets/efficientnet_kaggle_v1/train/wound/5a0814a27edb97ba.jpg,wound,train,data/raw/kaggle/ibrahimfateen_wound_classification/Wound_dataset copy/Pressure Wounds/28_0.jpg,5a0814a27edb97bac2cbefab5da7271d384ac7481117809c55904aac3f417ae4,kaggle_card_license_unknown_review_before_redistribution
data/datasets/efficientnet_kaggle_v1/train/wound/429f812985c90cb0.jpg,wound,train,data/raw/kaggle/ibrahimfateen_wound_classification/Wound_dataset copy/Pressure Wounds/29_0.jpg,429f812985c90cb058e8687a7b2f77ab88adea6b104ebf7c5879a7f13e6e0307,kaggle_card_license_unknown_review_before_redistribution
data/datasets/efficientnet_kaggle_v1/train/wound/cf7d95fb9a6b060d.jpg,wound,train,data/raw/kaggle/ibrahimfateen_wound_classification/Wound_dataset copy/Pressure Wounds/2_0.jpg,cf7d95fb9a6b060d73b88aeb94fdd055f0b3de9911f99fe267ce02141c24969b,kaggle_card_license_unknown_review_before_redistribution
data/datasets/efficientnet_kaggle_v1/test/wound/81f63c6a231c0dbc.jpg,wound,test,data/raw/kaggle/ibrahimfateen_wound_classification/Wound_dataset copy/Pressure Wounds/30_0.jpg,81f63c6a231c0dbca853f13fc4c70899e3504e4968dd7df01a50ba71e734972a,kaggle_card_license_unknown_review_before_redistribution
data/datasets/efficientnet_kaggle_v1/train/wound/50f786558ebb2567.jpg,wound,train,data/raw/kaggle/ibrahimfateen_wound_classification/Wound_dataset copy/Pressure Wounds/31_0.jpg,50f786558ebb2567a49aa9bb4c2484caac06e2180f8560917718ad63c52f67f5,kaggle_card_license_unknown_review_before_redistribution
data/datasets/efficientnet_kaggle_v1/train/wound/b9edf5853eb193d2.jpg,wound,train,data/raw/kaggle/ibrahimfateen_wound_classification/Wound_dataset copy/Pressure Wounds/32_0.jpg,b9edf5853eb193d2e33e047e93718011f22b188320ffc3e67b9860b68d078f25,kaggle_card_license_unknown_review_before_redistribution
data/datasets/efficientnet_kaggle_v1/train/wound/c2cbba6570fffff2.jpg,wound,train,data/raw/kaggle/ibrahimfateen_wound_classification/Wound_dataset copy/Pressure Wounds/33_0.jpg,c2cbba6570fffff29949b9fadd50e8461c8ce28b70ad7d33c22ae684a5a4ccb8,kaggle_card_license_unknown_review_before_redistribution
data/datasets/efficientnet_kaggle_v1/train/wound/2a636a8f5fa5a1ce.jpg,wound,train,data/raw/kaggle/ibrahimfateen_wound_classification/Wound_dataset copy/Pressure Wounds/34_0.jpg,2a636a8f5fa5a1ce9c83bbf553cb24c3c287bcb8e1dc968e988a8175748fe99f,kaggle_card_license_unknown_review_before_redistribution
data/datasets/efficientnet_kaggle_v1/train/wound/f9d3910718c8aa2e.jpg,wound,train,data/raw/kaggle/ibrahimfateen_wound_classification/Wound_dataset copy/Pressure Wounds/35_0.jpg,f9d3910718c8aa2e3f219e6a60425f3c44c286ab12575b19be9c362b9509e8c9,kaggle_card_license_unknown_review_before_redistribution
data/datasets/efficientnet_kaggle_v1/train/wound/0a06a8f0b5d33fce.jpg,wound,train,data/raw/kaggle/ibrahimfateen_wound_classification/Wound_dataset copy/Pressure Wounds/36_0.jpg,0a06a8f0b5d33fce63c6c09bdfc9bf47552dafeea116a87b7284f539eb176354,kaggle_card_license_unknown_review_before_redistribution
data/datasets/efficientnet_kaggle_v1/test/wound/6a3cc8ecbcd3cda3.jpg,wound,test,data/raw/kaggle/ibrahimfateen_wound_classification/Wound_dataset copy/Pressure Wounds/37_0.jpg,6a3cc8ecbcd3cda3c11f03d02dbae2775f8753a7e7903c4f5795a1b3d29d8744,kaggle_card_license_unknown_review_before_redistribution
data/datasets/efficientnet_kaggle_v1/train/wound/6baa33506cdb3e69.jpg,wound,train,data/raw/kaggle/ibrahimfateen_wound_classification/Wound_dataset copy/Pressure Wounds/38_0.jpg,6baa33506cdb3e6918338117b681579dc76b2b817a804730d272f796b3bb08a9,kaggle_card_license_unknown_review_before_redistribution
data/datasets/efficientnet_kaggle_v1/train/wound/b2ed95635efac963.jpg,wound,train,data/raw/kaggle/ibrahimfateen_wound_classification/Wound_dataset copy/Pressure Wounds/38_1.jpg,b2ed95635efac9637557bfdb33ce695646f425b33e1a4d16a3bbb9b3f800f282,kaggle_card_license_unknown_review_before_redistribution
data/datasets/efficientnet_kaggle_v1/train/wound/917063ad2c77ad5a.jpg,wound,train,data/raw/kaggle/ibrahimfateen_wound_classification/Wound_dataset copy/Pressure Wounds/39_0.jpg,917063ad2c77ad5a4377b94479723dbce0a96542fec3f48e8c419366201e4320,kaggle_card_license_unknown_review_before_redistribution
data/datasets/efficientnet_kaggle_v1/test/wound/ebd9d55f949decf4.jpg,wound,test,data/raw/kaggle/ibrahimfateen_wound_classification/Wound_dataset copy/Pressure Wounds/3_0.jpg,ebd9d55f949decf44874722e4efd1547cf310127f9ea44321c4301bfc3fa275d,kaggle_card_license_unknown_review_before_redistribution
data/datasets/efficientnet_kaggle_v1/train/wound/febf8f590d73f532.jpg,wound,train,data/raw/kaggle/ibrahimfateen_wound_classification/Wound_dataset copy/Pressure Wounds/40_0.jpg,febf8f590d73f532939acf11226e3d2deff9d64ca55f7992ac7e59c5cdd4d438,kaggle_card_license_unknown_review_before_redistribution
data/datasets/efficientnet_kaggle_v1/train/wound/84a6d84204adc107.jpg,wound,train,data/raw/kaggle/ibrahimfateen_wound_classification/Wound_dataset copy/Pressure Wounds/41_0.jpg,84a6d84204adc10746a87548bee3d98cab983f4b2385fc20c5a717f051d029c0,kaggle_card_license_unknown_review_before_redistribution
data/datasets/efficientnet_kaggle_v1/train/wound/6985b726768a9a49.jpg,wound,train,data/raw/kaggle/ibrahimfateen_wound_classification/Wound_dataset copy/Pressure Wounds/41_1.jpg,6985b726768a9a49415ed12961f8e7802092fbe374e51339e2af41b04de6df40,kaggle_card_license_unknown_review_before_redistribution
data/datasets/efficientnet_kaggle_v1/train/wound/169c6232c061d423.jpg,wound,train,data/raw/kaggle/ibrahimfateen_wound_classification/Wound_dataset copy/Pressure Wounds/42_0.jpg,169c6232c061d423367418bfd0206dc76607dead6a102795d2cd0423f54623ca,kaggle_card_license_unknown_review_before_redistribution
data/datasets/efficientnet_kaggle_v1/val/wound/6b28b68b1155fe99.jpg,wound,val,data/raw/kaggle/ibrahimfateen_wound_classification/Wound_dataset copy/Pressure Wounds/43_0.jpg,6b28b68b1155fe99c9e50e5336770930ef08c6798e86cd72c6b3942b723a5705,kaggle_card_license_unknown_review_before_redistribution
data/datasets/efficientnet_kaggle_v1/test/wound/cbc32274f56493e0.jpg,wound,test,data/raw/kaggle/ibrahimfateen_wound_classification/Wound_dataset copy/Pressure Wounds/44_0.jpg,cbc32274f56493e02cbb95c6f9c3229aba42d8a53ec88fe4fc10238dfbd67445,kaggle_card_license_unknown_review_before_redistribution
data/datasets/efficientnet_kaggle_v1/train/wound/8f4b8d4a09a07f12.jpg,wound,train,data/raw/kaggle/ibrahimfateen_wound_classification/Wound_dataset copy/Pressure Wounds/45_0.jpg,8f4b8d4a09a07f12bc8a7b8d75dc11dcf78c88744b4b11654fe76830b1eb04de,kaggle_card_license_unknown_review_before_redistribution
data/datasets/efficientnet_kaggle_v1/train/wound/f4f1120c268c86ad.jpg,wound,train,data/raw/kaggle/ibrahimfateen_wound_classification/Wound_dataset copy/Pressure Wounds/46_0.jpg,f4f1120c268c86ad501d06c78829b523800f561e1457b7fe115c2ceb5871db5f,kaggle_card_license_unknown_review_before_redistribution
data/datasets/efficientnet_kaggle_v1/train/wound/fa5a6198eff7d839.jpg,wound,train,data/raw/kaggle/ibrahimfateen_wound_classification/Wound_dataset copy/Pressure Wounds/47_0.jpg,fa5a6198eff7d839ccaf825f284e8dc4d2af6348c9fb610f37c5e3eec94d000d,kaggle_card_license_unknown_review_before_redistribution
data/datasets/efficientnet_kaggle_v1/train/wound/db2a167188100dde.jpg,wound,train,data/raw/kaggle/ibrahimfateen_wound_classification/Wound_dataset copy/Pressure Wounds/48_0.jpg,db2a167188100ddea2264a9a751d210460a40b35d8087cb1f48970807f63f1f6,kaggle_card_license_unknown_review_before_redistribution
data/datasets/efficientnet_kaggle_v1/train/wound/4e7be19c0ebd437a.jpg,wound,train,data/raw/kaggle/ibrahimfateen_wound_classification/Wound_dataset copy/Pressure Wounds/48_1.jpg,4e7be19c0ebd437a010310f4a6d4c64df4de7ffd90126d95c550fa63287626d9,kaggle_card_license_unknown_review_before_redistribution
data/datasets/efficientnet_kaggle_v1/train/wound/b7884a868a02e501.jpg,wound,train,data/raw/kaggle/ibrahimfateen_wound_classification/Wound_dataset copy/Pressure Wounds/48_2.jpg,b7884a868a02e5011fb25fa451491298cd0b86a4dbc18ff47195c7f6f0d3e5d0,kaggle_card_license_unknown_review_before_redistribution
data/datasets/efficientnet_kaggle_v1/train/wound/b000f9c809a38d6a.jpg,wound,train,data/raw/kaggle/ibrahimfateen_wound_classification/Wound_dataset copy/Pressure Wounds/48_3.jpg,b000f9c809a38d6a26c90e9f4a9590c11698e1544c9a9fa57cebac7e74e5ba1c,kaggle_card_license_unknown_review_before_redistribution
data/datasets/efficientnet_kaggle_v1/train/wound/db4bf7b5f16d1090.jpg,wound,train,data/raw/kaggle/ibrahimfateen_wound_classification/Wound_dataset copy/Pressure Wounds/49_0.jpg,db4bf7b5f16d1090deffacb2383ec7a5e92f87543ba4feb7a8cc1952c4d5f62c,kaggle_card_license_unknown_review_before_redistribution
data/datasets/efficientnet_kaggle_v1/train/wound/ee637db43b1a5803.jpg,wound,train,data/raw/kaggle/ibrahimfateen_wound_classification/Wound_dataset copy/Pressure Wounds/49_1.jpg,ee637db43b1a5803aa5d007b2249e5d92928102494bce2f9e9b12c05862984c6,kaggle_card_license_unknown_review_before_redistribution
data/datasets/efficientnet_kaggle_v1/train/wound/89c95fad21952690.jpg,wound,train,data/raw/kaggle/ibrahimfateen_wound_classification/Wound_dataset copy/Pressure Wounds/49_2.jpg,89c95fad21952690a43a235f2dd534252e269c35ffe8451e6dc5abf21f60a683,kaggle_card_license_unknown_review_before_redistribution
data/datasets/efficientnet_kaggle_v1/train/wound/b63f566d60a44c48.jpg,wound,train,data/raw/kaggle/ibrahimfateen_wound_classification/Wound_dataset copy/Pressure Wounds/49_3.jpg,b63f566d60a44c487f5e44100c880e95d6b58d2eca8a7f8bd0f2c7d9d9ed25ea,kaggle_card_license_unknown_review_before_redistribution
data/datasets/efficientnet_kaggle_v1/train/wound/208e5e1602cd949b.jpg,wound,train,data/raw/kaggle/ibrahimfateen_wound_classification/Wound_dataset copy/Pressure Wounds/4_0.jpg,208e5e1602cd949b4f7d648989a30c04d36203f7266ab77466af3a3b50fb7e44,kaggle_card_license_unknown_review_before_redistribution
data/datasets/efficientnet_kaggle_v1/train/wound/0f2ed000b6f94807.jpg,wound,train,data/raw/kaggle/ibrahimfateen_wound_classification/Wound_dataset copy/Pressure Wounds/50_0.jpg,0f2ed000b6f948076fce00b97a49b862541629e152cd4fd963da46bc0396d80a,kaggle_card_license_unknown_review_before_redistribution
data/datasets/efficientnet_kaggle_v1/train/wound/a2c0fd2046d199f6.jpg,wound,train,data/raw/kaggle/ibrahimfateen_wound_classification/Wound_dataset copy/Pressure Wounds/51_0.jpg,a2c0fd2046d199f629a66f64a0aec36030e13b9ae303dc375709d3442c21f355,kaggle_card_license_unknown_review_before_redistribution
data/datasets/efficientnet_kaggle_v1/val/wound/3a760258909d8709.jpg,wound,val,data/raw/kaggle/ibrahimfateen_wound_classification/Wound_dataset copy/Pressure Wounds/52_0.jpg,3a760258909d8709acd294ae067e6dd22ac9ff27b3d7b9a2df4b0795e9fe6388,kaggle_card_license_unknown_review_before_redistribution
data/datasets/efficientnet_kaggle_v1/val/wound/478dabb88878aec7.jpg,wound,val,data/raw/kaggle/ibrahimfateen_wound_classification/Wound_dataset copy/Pressure Wounds/53_0.jpg,478dabb88878aec770b67fd14fc3dde66c37c8d07ec86789d9bb350e4c67f554,kaggle_card_license_unknown_review_before_redistribution
data/datasets/efficientnet_kaggle_v1/train/wound/6756da5926606395.jpg,wound,train,data/raw/kaggle/ibrahimfateen_wound_classification/Wound_dataset copy/Pressure Wounds/54_0.jpg,6756da59266063954b6122b83f672b3a8e4e0a0dcb0c31a70b556031c8eb1d41,kaggle_card_license_unknown_review_before_redistribution
data/datasets/efficientnet_kaggle_v1/train/wound/4b7be34520477a7a.jpg,wound,train,data/raw/kaggle/ibrahimfateen_wound_classification/Wound_dataset copy/Pressure Wounds/55_0.jpg,4b7be34520477a7a519adf31cebbd0d99fc38fcf08a909c82f7d535c30d2fa14,kaggle_card_license_unknown_review_before_redistribution
data/datasets/efficientnet_kaggle_v1/train/wound/04093f24d6ce71cd.jpg,wound,train,data/raw/kaggle/ibrahimfateen_wound_classification/Wound_dataset copy/Pressure Wounds/56_0.jpg,04093f24d6ce71cdf7f54ae5f3019bfd391f585a80b68cf87a419fd04f3a1766,kaggle_card_license_unknown_review_before_redistribution
data/datasets/efficientnet_kaggle_v1/test/wound/3ff85d98ad4a0781.jpg,wound,test,data/raw/kaggle/ibrahimfateen_wound_classification/Wound_dataset copy/Pressure Wounds/57_0.jpg,3ff85d98ad4a0781ae22347028ec6c244182d1194a6264e8fd38e124a7b2eebd,kaggle_card_license_unknown_review_before_redistribution
data/datasets/efficientnet_kaggle_v1/train/wound/6cc274fc15edb3b1.jpg,wound,train,data/raw/kaggle/ibrahimfateen_wound_classification/Wound_dataset copy/Pressure Wounds/58_0.jpg,6cc274fc15edb3b1c3b026a43ae2cdde78e94c144e8ba719c0551db43def1e84,kaggle_card_license_unknown_review_before_redistribution
data/datasets/efficientnet_kaggle_v1/train/wound/93e673a7aa1c5bfd.jpg,wound,train,data/raw/kaggle/ibrahimfateen_wound_classification/Wound_dataset copy/Pressure Wounds/59_0.jpg,93e673a7aa1c5bfdc17ff12862211134d56c718bd5a95458ae224165fa56a59a,kaggle_card_license_unknown_review_before_redistribution
data/datasets/efficientnet_kaggle_v1/val/wound/f062d48b50d4bbdb.jpg,wound,val,data/raw/kaggle/ibrahimfateen_wound_classification/Wound_dataset copy/Pressure Wounds/59_1.jpg,f062d48b50d4bbdb5e41e920ecadceee599c9587451b8d748f4f9630b9bad1de,kaggle_card_license_unknown_review_before_redistribution
data/datasets/efficientnet_kaggle_v1/train/wound/249fd065aa4b212d.jpg,wound,train,data/raw/kaggle/ibrahimfateen_wound_classification/Wound_dataset copy/Pressure Wounds/5_0.jpg,249fd065aa4b212d25d7cd27f65d7ba6e3870de1ed396fd521da65405b6739a7,kaggle_card_license_unknown_review_before_redistribution
data/datasets/efficientnet_kaggle_v1/val/wound/679b1b222c1c4612.jpg,wound,val,data/raw/kaggle/ibrahimfateen_wound_classification/Wound_dataset copy/Pressure Wounds/60_0.jpg,679b1b222c1c46121b0fd90c33a66cdd2e9fba47c937f9061bb587f9814fe154,kaggle_card_license_unknown_review_before_redistribution
data/datasets/efficientnet_kaggle_v1/train/wound/f52eb17a4c600205.jpg,wound,train,data/raw/kaggle/ibrahimfateen_wound_classification/Wound_dataset copy/Pressure Wounds/61_0.jpg,f52eb17a4c60020552c7e3ad13daac886c5305bfa3d4f47cd460344b8fd22862,kaggle_card_license_unknown_review_before_redistribution
data/datasets/efficientnet_kaggle_v1/train/wound/03f12a34e5f157d1.jpg,wound,train,data/raw/kaggle/ibrahimfateen_wound_classification/Wound_dataset copy/Pressure Wounds/62_0.jpg,03f12a34e5f157d1867ed988880420ec7ebf3fe2bf0e64f2647c2a1d79df1cef,kaggle_card_license_unknown_review_before_redistribution
data/datasets/efficientnet_kaggle_v1/test/wound/8a00ca483eeb6eef.jpg,wound,test,data/raw/kaggle/ibrahimfateen_wound_classification/Wound_dataset copy/Pressure Wounds/63_0.jpg,8a00ca483eeb6eef9273183e217bfb42cdefaea11bec8f01bf0fdcb670190024,kaggle_card_license_unknown_review_before_redistribution
data/datasets/efficientnet_kaggle_v1/train/wound/51cc95efe5b8a716.jpg,wound,train,data/raw/kaggle/ibrahimfateen_wound_classification/Wound_dataset copy/Pressure Wounds/64_0.jpg,51cc95efe5b8a716e342895445f34784218c716ba60157a510549c4b3d8db8ec,kaggle_card_license_unknown_review_before_redistribution
data/datasets/efficientnet_kaggle_v1/val/wound/0dbcab16b666c246.jpg,wound,val,data/raw/kaggle/ibrahimfateen_wound_classification/Wound_dataset copy/Pressure Wounds/65_0.jpg,0dbcab16b666c246d2193f9b2f582a311f9f574c2e1fc380aa17c0af1700ec12,kaggle_card_license_unknown_review_before_redistribution
data/datasets/efficientnet_kaggle_v1/test/wound/5461b76d5a274735.jpg,wound,test,data/raw/kaggle/ibrahimfateen_wound_classification/Wound_dataset copy/Pressure Wounds/66_0.jpg,5461b76d5a27473544fe0870619cc3947304bdbdc5f0b0902bb72278befe80df,kaggle_card_license_unknown_review_before_redistribution
data/datasets/efficientnet_kaggle_v1/train/wound/39da5462dd724387.jpg,wound,train,data/raw/kaggle/ibrahimfateen_wound_classification/Wound_dataset copy/Pressure Wounds/67_0.jpg,39da5462dd724387c092490526d236cdb1b783e7fa48d2442d8147210b004497,kaggle_card_license_unknown_review_before_redistribution
data/datasets/efficientnet_kaggle_v1/val/wound/e5ae40a67a3b7080.jpg,wound,val,data/raw/kaggle/ibrahimfateen_wound_classification/Wound_dataset copy/Pressure Wounds/68_0.jpg,e5ae40a67a3b7080dde84faabc25bf87e2169a4d6cefdc2eea23d8e99dab6456,kaggle_card_license_unknown_review_before_redistribution
data/datasets/efficientnet_kaggle_v1/val/wound/666a77a650b6334f.jpg,wound,val,data/raw/kaggle/ibrahimfateen_wound_classification/Wound_dataset copy/Pressure Wounds/69_0.jpg,666a77a650b6334f5db89abbf9dd94b92f24209a0a2e353baac500e70dcb53f0,kaggle_card_license_unknown_review_before_redistribution
data/datasets/efficientnet_kaggle_v1/val/wound/d8452b83e28a65ed.jpg,wound,val,data/raw/kaggle/ibrahimfateen_wound_classification/Wound_dataset copy/Pressure Wounds/69_1.jpg,d8452b83e28a65edc99e231f4b1a3f375276d49525457761eae560c3f0aa47bf,kaggle_card_license_unknown_review_before_redistribution
data/datasets/efficientnet_kaggle_v1/train/wound/e96af6638e6385c1.jpg,wound,train,data/raw/kaggle/ibrahimfateen_wound_classification/Wound_dataset copy/Pressure Wounds/6_0.jpg,e96af6638e6385c13eb2789cb5ddf29d1433e264b78575e7125782df9c8fd2d3,kaggle_card_license_unknown_review_before_redistribution
data/datasets/efficientnet_kaggle_v1/train/wound/9f2d0f6d2aff378b.jpg,wound,train,data/raw/kaggle/ibrahimfateen_wound_classification/Wound_dataset copy/Pressure Wounds/6_1.jpg,9f2d0f6d2aff378b7d1e4af4edc7b6f7df86544a49206839f811bc5e98fa246a,kaggle_card_license_unknown_review_before_redistribution
data/datasets/efficientnet_kaggle_v1/test/wound/9dbcfd294d288ecf.jpg,wound,test,data/raw/kaggle/ibrahimfateen_wound_classification/Wound_dataset copy/Pressure Wounds/71_0.jpg,9dbcfd294d288ecfc14f90f89c81362f3a71e3c5e13bd33d06b101e741c4ccbb,kaggle_card_license_unknown_review_before_redistribution
data/datasets/efficientnet_kaggle_v1/test/wound/f9a724b01ec93584.jpg,wound,test,data/raw/kaggle/ibrahimfateen_wound_classification/Wound_dataset copy/Pressure Wounds/72_0.jpg,f9a724b01ec9358436ec3f7262c3d41ad35fe8057872e0dc55a6bfe02859b827,kaggle_card_license_unknown_review_before_redistribution
data/datasets/efficientnet_kaggle_v1/train/wound/9f3af1ce4356ffc4.jpg,wound,train,data/raw/kaggle/ibrahimfateen_wound_classification/Wound_dataset copy/Pressure Wounds/72_1.jpg,9f3af1ce4356ffc4d67646c6ca4cf3717c80fa08197084e7f50734a368029251,kaggle_card_license_unknown_review_before_redistribution
data/datasets/efficientnet_kaggle_v1/train/wound/c84b309eefe56348.jpg,wound,train,data/raw/kaggle/ibrahimfateen_wound_classification/Wound_dataset copy/Pressure Wounds/73_0.jpg,c84b309eefe5634839cbf4f329b3de6f514df6a25839e2cf60d38004f8f0532e,kaggle_card_license_unknown_review_before_redistribution
data/datasets/efficientnet_kaggle_v1/val/wound/612f6d1e68af5cc3.jpg,wound,val,data/raw/kaggle/ibrahimfateen_wound_classification/Wound_dataset copy/Pressure Wounds/74_0.jpg,612f6d1e68af5cc38e734e200fb41c8011242edd00a7a3294922e264fa4d820e,kaggle_card_license_unknown_review_before_redistribution
data/datasets/efficientnet_kaggle_v1/train/wound/a9d3c88a91ba00cf.jpg,wound,train,data/raw/kaggle/ibrahimfateen_wound_classification/Wound_dataset copy/Pressure Wounds/75_0.jpg,a9d3c88a91ba00cf888a27919ba9c5514b8784069d7da2067f5788d8f10e205a,kaggle_card_license_unknown_review_before_redistribution
data/datasets/efficientnet_kaggle_v1/train/wound/9e5de0d69c50525f.jpg,wound,train,data/raw/kaggle/ibrahimfateen_wound_classification/Wound_dataset copy/Pressure Wounds/75_1.jpg,9e5de0d69c50525f1cfa3f69a88bf6b501edf0f2fe0a93ba57f724eeb6231d68,kaggle_card_license_unknown_review_before_redistribution
data/datasets/efficientnet_kaggle_v1/train/wound/e16defe11ea31980.jpg,wound,train,data/raw/kaggle/ibrahimfateen_wound_classification/Wound_dataset copy/Pressure Wounds/75_2.jpg,e16defe11ea319805df6e7765a83f37caa794be62324bdb36b3fe48273182632,kaggle_card_license_unknown_review_before_redistribution
data/datasets/efficientnet_kaggle_v1/val/wound/aab1ebde9a45e4d2.jpg,wound,val,data/raw/kaggle/ibrahimfateen_wound_classification/Wound_dataset copy/Pressure Wounds/75_3.jpg,aab1ebde9a45e4d296775fe5f98bb201257722f3b82f625595a8957639bead6d,kaggle_card_license_unknown_review_before_redistribution
data/datasets/efficientnet_kaggle_v1/train/wound/2a9f2fdc554982a5.jpg,wound,train,data/raw/kaggle/ibrahimfateen_wound_classification/Wound_dataset copy/Pressure Wounds/76_0.jpg,2a9f2fdc554982a5d79fbfa97e3be16409ba5471c2439530b842d0ff06229836,kaggle_card_license_unknown_review_before_redistribution
data/datasets/efficientnet_kaggle_v1/train/wound/0b8c183bfc2d08e1.jpg,wound,train,data/raw/kaggle/ibrahimfateen_wound_classification/Wound_dataset copy/Pressure Wounds/77_0.jpg,0b8c183bfc2d08e1fde3627424e4b842323ce60abd873c41db685da5e2abe74f,kaggle_card_license_unknown_review_before_redistribution
data/datasets/efficientnet_kaggle_v1/val/wound/3d09c723c9016d8d.jpg,wound,val,data/raw/kaggle/ibrahimfateen_wound_classification/Wound_dataset copy/Pressure Wounds/78_0.jpg,3d09c723c9016d8d4946f5b4fb5efa012a1559176bbc2b5bf883c739ff34a05c,kaggle_card_license_unknown_review_before_redistribution
data/datasets/efficientnet_kaggle_v1/val/wound/388feae278ae8192.jpg,wound,val,data/raw/kaggle/ibrahimfateen_wound_classification/Wound_dataset copy/Pressure Wounds/79_0.jpg,388feae278ae81926d9e25706cdee698a46135e859dcb683755a1ed9047e5801,kaggle_card_license_unknown_review_before_redistribution
data/datasets/efficientnet_kaggle_v1/train/wound/ab2f8aa02932b44f.jpg,wound,train,data/raw/kaggle/ibrahimfateen_wound_classification/Wound_dataset copy/Pressure Wounds/7_0.jpg,ab2f8aa02932b44f57ade6885096b858a6d3900d2faf0d367b76085c79be3ccb,kaggle_card_license_unknown_review_before_redistribution
data/datasets/efficientnet_kaggle_v1/train/wound/76a06ca4f592606b.jpg,wound,train,data/raw/kaggle/ibrahimfateen_wound_classification/Wound_dataset copy/Pressure Wounds/7_1.jpg,76a06ca4f592606b367ebb86bea4145c55c5d72988ac82cdbfce25676a3c6ed9,kaggle_card_license_unknown_review_before_redistribution
data/datasets/efficientnet_kaggle_v1/train/wound/698f5720fa95e1ec.jpg,wound,train,data/raw/kaggle/ibrahimfateen_wound_classification/Wound_dataset copy/Pressure Wounds/80_0.jpg,698f5720fa95e1ecfe566ed546149b719f0264e611de10ccbda512e8b2f7cf73,kaggle_card_license_unknown_review_before_redistribution
data/datasets/efficientnet_kaggle_v1/train/wound/cbe35dcaf9737ad3.jpg,wound,train,data/raw/kaggle/ibrahimfateen_wound_classification/Wound_dataset copy/Pressure Wounds/81_0.jpg,cbe35dcaf9737ad3606214add02e1fd2b95d79e158837af8d05e43159c9d84dc,kaggle_card_license_unknown_review_before_redistribution
data/datasets/efficientnet_kaggle_v1/train/wound/910cd26daa03297a.jpg,wound,train,data/raw/kaggle/ibrahimfateen_wound_classification/Wound_dataset copy/Pressure Wounds/81_1.jpg,910cd26daa03297a3e3d156b9b3e09c97188509dd24c13f22c3b84c3ecbcc6f9,kaggle_card_license_unknown_review_before_redistribution
data/datasets/efficientnet_kaggle_v1/val/wound/af68a8e8996b5a6f.jpg,wound,val,data/raw/kaggle/ibrahimfateen_wound_classification/Wound_dataset copy/Pressure Wounds/81_2.jpg,af68a8e8996b5a6facc74cf7b5a0011dbf1f48bda89873c637ebf9aa6dd4ae5b,kaggle_card_license_unknown_review_before_redistribution
data/datasets/efficientnet_kaggle_v1/train/wound/d846a9cf9911944f.jpg,wound,train,data/raw/kaggle/ibrahimfateen_wound_classification/Wound_dataset copy/Pressure Wounds/81_3.jpg,d846a9cf9911944f8aa1570d1e5311be9921ed1215e0358314f502e57c864203,kaggle_card_license_unknown_review_before_redistribution
data/datasets/efficientnet_kaggle_v1/train/wound/19a55503bc10b7e7.jpg,wound,train,data/raw/kaggle/ibrahimfateen_wound_classification/Wound_dataset copy/Pressure Wounds/82_0.jpg,19a55503bc10b7e76c0258f4112815c76638fe1d932aefca68e2389319fcf9ed,kaggle_card_license_unknown_review_before_redistribution
data/datasets/efficientnet_kaggle_v1/test/wound/d59623123f61745e.jpg,wound,test,data/raw/kaggle/ibrahimfateen_wound_classification/Wound_dataset copy/Pressure Wounds/82_1.jpg,d59623123f61745e8f87587e164b5ddd4eadd929e43658ccd31c4007b736fef7,kaggle_card_license_unknown_review_before_redistribution
data/datasets/efficientnet_kaggle_v1/train/wound/07910a81070d4176.jpg,wound,train,data/raw/kaggle/ibrahimfateen_wound_classification/Wound_dataset copy/Pressure Wounds/82_2.jpg,07910a81070d4176752cf77200477ef7ce8d378d00f05724c1b91dd8601280e4,kaggle_card_license_unknown_review_before_redistribution
data/datasets/efficientnet_kaggle_v1/train/wound/24cfcfdefb46554b.jpg,wound,train,data/raw/kaggle/ibrahimfateen_wound_classification/Wound_dataset copy/Pressure Wounds/82_3.jpg,24cfcfdefb46554b5fc7707dda56097b501aadcc9ce2e70963d59c1aca9d0794,kaggle_card_license_unknown_review_before_redistribution
data/datasets/efficientnet_kaggle_v1/val/wound/dbcf94264515474f.jpg,wound,val,data/raw/kaggle/ibrahimfateen_wound_classification/Wound_dataset copy/Pressure Wounds/83_0.jpg,dbcf94264515474fb31dea6bf9f279742612ca747a600344bc958a343be037a5,kaggle_card_license_unknown_review_before_redistribution
data/datasets/efficientnet_kaggle_v1/train/wound/1a2add9010a391f4.jpg,wound,train,data/raw/kaggle/ibrahimfateen_wound_classification/Wound_dataset copy/Pressure Wounds/84_0.jpg,1a2add9010a391f40e754728c7fc27b4d145378490969859fe190b403108280f,kaggle_card_license_unknown_review_before_redistribution
data/datasets/efficientnet_kaggle_v1/val/wound/e36a515e44a38c42.jpg,wound,val,data/raw/kaggle/ibrahimfateen_wound_classification/Wound_dataset copy/Pressure Wounds/85_0.jpg,e36a515e44a38c42675dbff7ae1e36b99ce9b2cfeaf2db2a485735e35ebc9576,kaggle_card_license_unknown_review_before_redistribution
data/datasets/efficientnet_kaggle_v1/val/wound/35606c777503ed55.jpg,wound,val,data/raw/kaggle/ibrahimfateen_wound_classification/Wound_dataset copy/Pressure Wounds/86_0.jpg,35606c777503ed55d0c0bd560ec9c1a9bef4e9bba93e772372b6e47ddd4366a6,kaggle_card_license_unknown_review_before_redistribution
data/datasets/efficientnet_kaggle_v1/train/wound/3dd2408cffc22c72.jpg,wound,train,data/raw/kaggle/ibrahimfateen_wound_classification/Wound_dataset copy/Pressure Wounds/87_0.jpg,3dd2408cffc22c72e25d2135374350b7a18e32ff28d0be1cb178adb313b0e71e,kaggle_card_license_unknown_review_before_redistribution
data/datasets/efficientnet_kaggle_v1/train/wound/aa6d57f3dc1925f1.jpg,wound,train,data/raw/kaggle/ibrahimfateen_wound_classification/Wound_dataset copy/Pressure Wounds/88_0.jpg,aa6d57f3dc1925f1f8c7957e0fed1314ee04af22f21706d8ca03cc82db3de301,kaggle_card_license_unknown_review_before_redistribution
data/datasets/efficientnet_kaggle_v1/test/wound/4aec6ab1df3942a9.jpg,wound,test,data/raw/kaggle/ibrahimfateen_wound_classification/Wound_dataset copy/Pressure Wounds/89_0.jpg,4aec6ab1df3942a9ffcd51de239f8be7e18e3410d40a3bee1380efad16bce0fb,kaggle_card_license_unknown_review_before_redistribution
data/datasets/efficientnet_kaggle_v1/val/wound/66c8a7c5e3af57c4.jpg,wound,val,data/raw/kaggle/ibrahimfateen_wound_classification/Wound_dataset copy/Pressure Wounds/8_0.jpg,66c8a7c5e3af57c422736080b0d98b8e0e872860eea7eae8aa1811a5ba7ed623,kaggle_card_license_unknown_review_before_redistribution
data/datasets/efficientnet_kaggle_v1/train/wound/69a8258ccaef8530.jpg,wound,train,data/raw/kaggle/ibrahimfateen_wound_classification/Wound_dataset copy/Pressure Wounds/90_0.jpg,69a8258ccaef853022501f40ee6b29b8e108ee94d9d486075e17a7a5e72fd12a,kaggle_card_license_unknown_review_before_redistribution
data/datasets/efficientnet_kaggle_v1/train/wound/c073bed6fdb427c0.jpg,wound,train,data/raw/kaggle/ibrahimfateen_wound_classification/Wound_dataset copy/Pressure Wounds/91_0.jpg,c073bed6fdb427c0b6ac0c604291afc5e5a199ef882d02a96f07b1b101092f09,kaggle_card_license_unknown_review_before_redistribution
data/datasets/efficientnet_kaggle_v1/train/wound/030982fdf55d2f65.jpg,wound,train,data/raw/kaggle/ibrahimfateen_wound_classification/Wound_dataset copy/Pressure Wounds/92_0.jpg,030982fdf55d2f65c13d1ca9684fdcd23d15bd8147f464188aa7acdbbb0abc5d,kaggle_card_license_unknown_review_before_redistribution
data/datasets/efficientnet_kaggle_v1/train/wound/9786578420560aac.jpg,wound,train,data/raw/kaggle/ibrahimfateen_wound_classification/Wound_dataset copy/Pressure Wounds/93_0.jpg,9786578420560aac8dd9c63b82a8be5a618ba595686f502e7f5076c9d9b3e5ee,kaggle_card_license_unknown_review_before_redistribution
data/datasets/efficientnet_kaggle_v1/test/wound/7a4c0f46c912082d.jpg,wound,test,data/raw/kaggle/ibrahimfateen_wound_classification/Wound_dataset copy/Pressure Wounds/94_0.jpg,7a4c0f46c912082d0639986d3067977ffe264545974f9716305ebbc1d9a2bc34,kaggle_card_license_unknown_review_before_redistribution
data/datasets/efficientnet_kaggle_v1/train/wound/88003b8a616a83f4.jpg,wound,train,data/raw/kaggle/ibrahimfateen_wound_classification/Wound_dataset copy/Pressure Wounds/95_0.jpg,88003b8a616a83f443e2e79b53f8e5b5fe33a2a2a64daed3cae391246da04449,kaggle_card_license_unknown_review_before_redistribution
data/datasets/efficientnet_kaggle_v1/train/wound/ce81912ad0143bb3.jpg,wound,train,data/raw/kaggle/ibrahimfateen_wound_classification/Wound_dataset copy/Pressure Wounds/96_0.jpg,ce81912ad0143bb331d126151cb1e95c7eeef43551b8054d5c3221e1a1653157,kaggle_card_license_unknown_review_before_redistribution
data/datasets/efficientnet_kaggle_v1/train/wound/d0df78f406cf4b6c.jpg,wound,train,data/raw/kaggle/ibrahimfateen_wound_classification/Wound_dataset copy/Pressure Wounds/97_0.jpg,d0df78f406cf4b6c9f4e526e3040a52b53aa253803a33b15108af75157add6d9,kaggle_card_license_unknown_review_before_redistribution
data/datasets/efficientnet_kaggle_v1/train/wound/edb8befbc8649985.jpg,wound,train,data/raw/kaggle/ibrahimfateen_wound_classification/Wound_dataset copy/Pressure Wounds/98_0.jpg,edb8befbc864998524df555faa68ff1995e3548e47302e1190a09745411b11c1,kaggle_card_license_unknown_review_before_redistribution
data/datasets/efficientnet_kaggle_v1/train/wound/111f5536e6be53a8.jpg,wound,train,data/raw/kaggle/ibrahimfateen_wound_classification/Wound_dataset copy/Pressure Wounds/99_0.jpg,111f5536e6be53a8d2b754abc3881f0b66ad8e36aa4aa340ee4df93ebcf64bb2,kaggle_card_license_unknown_review_before_redistribution
data/datasets/efficientnet_kaggle_v1/train/wound/925ae666f67486e1.jpg,wound,train,data/raw/kaggle/ibrahimfateen_wound_classification/Wound_dataset copy/Pressure Wounds/9_0.jpg,925ae666f67486e1b894cbc82acfab45551293c9799538a755d9a4bca5242f59,kaggle_card_license_unknown_review_before_redistribution
data/datasets/efficientnet_kaggle_v1/test/wound/de54c10f3daf35cf.jpg,wound,test,data/raw/kaggle/ibrahimfateen_wound_classification/Wound_dataset copy/Pressure Wounds/healing-pressure-ulcer-0001.jpg,de54c10f3daf35cf4d7d602e6fde93e7b57a9935dc94a7983df304eb8ad06dcc,kaggle_card_license_unknown_review_before_redistribution
data/datasets/efficientnet_kaggle_v1/train/wound/05c9ba07c8f87647.jpg,wound,train,data/raw/kaggle/ibrahimfateen_wound_classification/Wound_dataset copy/Pressure Wounds/healing-pressure-ulcer-0002.jpg,05c9ba07c8f87647b057569155c431c294cbfc0b68e8015f885d3cc84ba4c440,kaggle_card_license_unknown_review_before_redistribution
data/datasets/efficientnet_kaggle_v1/train/wound/e5bb02228b97e00f.jpg,wound,train,data/raw/kaggle/ibrahimfateen_wound_classification/Wound_dataset copy/Pressure Wounds/healing-pressure-ulcer-0004.jpg,e5bb02228b97e00ff9c601a5c70af85266880b6ad79f946a5cebffe9952963f7,kaggle_card_license_unknown_review_before_redistribution
data/datasets/efficientnet_kaggle_v1/train/wound/c5820b6197066cf4.jpg,wound,train,data/raw/kaggle/ibrahimfateen_wound_classification/Wound_dataset copy/Pressure Wounds/healing-pressure-ulcer-0005.jpg,c5820b6197066cf4113ce9349e0b4b43d4c855d1e5c7a0e5e078dcc44a12bffd,kaggle_card_license_unknown_review_before_redistribution
data/datasets/efficientnet_kaggle_v1/train/wound/a2bcd00e0822ba7d.jpg,wound,train,data/raw/kaggle/ibrahimfateen_wound_classification/Wound_dataset copy/Pressure Wounds/healing-pressure-ulcer-0006.jpg,a2bcd00e0822ba7dc7e2e7e94ce85e8b669fd5cb698f5fe41097d6872014730f,kaggle_card_license_unknown_review_before_redistribution
data/datasets/efficientnet_kaggle_v1/train/wound/8f9fbcd1ae20a156.jpg,wound,train,data/raw/kaggle/ibrahimfateen_wound_classification/Wound_dataset copy/Pressure Wounds/healing-pressure-ulcer-0007.jpg,8f9fbcd1ae20a1562f6244e398204630f58fb45209117862e025f49f05b474bb,kaggle_card_license_unknown_review_before_redistribution
data/datasets/efficientnet_kaggle_v1/train/wound/05b50d9196267c34.jpg,wound,train,data/raw/kaggle/ibrahimfateen_wound_classification/Wound_dataset copy/Pressure Wounds/healing-pressure-ulcer-0009.jpg,05b50d9196267c343ba3a821612ffdbfd565f491067efd264cd423731886bb7e,kaggle_card_license_unknown_review_before_redistribution
data/datasets/efficientnet_kaggle_v1/train/wound/c6a545e9ef4a2309.jpg,wound,train,data/raw/kaggle/ibrahimfateen_wound_classification/Wound_dataset copy/Pressure Wounds/healing-pressure-ulcer-0011.jpg,c6a545e9ef4a230917d0cec91f9a58b3d89ece57af32f2eabc675e18e166604e,kaggle_card_license_unknown_review_before_redistribution
data/datasets/efficientnet_kaggle_v1/val/wound/bc1f87bc28691e55.jpg,wound,val,data/raw/kaggle/ibrahimfateen_wound_classification/Wound_dataset copy/Pressure Wounds/healing-pressure-ulcer-0013.jpg,bc1f87bc28691e556be44249b0198cb149442bbd6dc713338f7bce250f28ebea,kaggle_card_license_unknown_review_before_redistribution
data/datasets/efficientnet_kaggle_v1/train/wound/82f005143bdab64f.jpg,wound,train,data/raw/kaggle/ibrahimfateen_wound_classification/Wound_dataset copy/Pressure Wounds/healing-pressure-ulcer-0014.jpg,82f005143bdab64fe9e10a7a9bc097ae00b25d2642379bb864956f4f77177b51,kaggle_card_license_unknown_review_before_redistribution
data/datasets/efficientnet_kaggle_v1/test/wound/0faccc1f53c6fe5b.jpg,wound,test,data/raw/kaggle/ibrahimfateen_wound_classification/Wound_dataset copy/Pressure Wounds/healing-pressure-ulcer-0015.jpg,0faccc1f53c6fe5bc5431d9a784198ac8723ee21e7a4d89b274acd3762fe4aeb,kaggle_card_license_unknown_review_before_redistribution
data/datasets/efficientnet_kaggle_v1/train/wound/dc84d2e0e73fd33a.jpg,wound,train,data/raw/kaggle/ibrahimfateen_wound_classification/Wound_dataset copy/Pressure Wounds/healing-pressure-ulcer-0016.jpg,dc84d2e0e73fd33ad8447d11ed2b850ae64c86e69a889490e1f29c3853320be1,kaggle_card_license_unknown_review_before_redistribution
data/datasets/efficientnet_kaggle_v1/train/wound/1027e5db2acd630d.jpg,wound,train,data/raw/kaggle/ibrahimfateen_wound_classification/Wound_dataset copy/Pressure Wounds/healing-pressure-ulcer-0017.jpg,1027e5db2acd630dcc1a9bea6dfd4185df9f18f1595263e928ac9f9b9a275d3e,kaggle_card_license_unknown_review_before_redistribution
data/datasets/efficientnet_kaggle_v1/test/wound/6daeb9db5d425fce.jpg,wound,test,data/raw/kaggle/ibrahimfateen_wound_classification/Wound_dataset copy/Pressure Wounds/healing-pressure-ulcer-0018.jpg,6daeb9db5d425fce7fb8717a614556cdbce605b66161d08be919bdd8955a6fd8,kaggle_card_license_unknown_review_before_redistribution
data/datasets/efficientnet_kaggle_v1/test/wound/bd36e2435769e424.jpg,wound,test,data/raw/kaggle/ibrahimfateen_wound_classification/Wound_dataset copy/Pressure Wounds/healing-pressure-ulcer-0019.jpg,bd36e2435769e424a60f5cd59847aee920d08f4d4b7b690224cdbd74ed365d75,kaggle_card_license_unknown_review_before_redistribution
data/datasets/efficientnet_kaggle_v1/val/wound/a09a977b84b094f2.jpg,wound,val,data/raw/kaggle/ibrahimfateen_wound_classification/Wound_dataset copy/Pressure Wounds/healing-pressure-ulcer-0021.jpg,a09a977b84b094f2c7652c605765fff35884313921fac79e8073d5f5804ab6fb,kaggle_card_license_unknown_review_before_redistribution
data/datasets/efficientnet_kaggle_v1/train/wound/6a989b5ede30c998.jpg,wound,train,data/raw/kaggle/ibrahimfateen_wound_classification/Wound_dataset copy/Pressure Wounds/healing-pressure-ulcer-0022.jpg,6a989b5ede30c9987b8e773b0bfaaadd6150ced4f9b954d77ef4ec703242fb7c,kaggle_card_license_unknown_review_before_redistribution
data/datasets/efficientnet_kaggle_v1/train/wound/d0a12d15564b52c8.jpg,wound,train,data/raw/kaggle/ibrahimfateen_wound_classification/Wound_dataset copy/Pressure Wounds/healing-pressure-ulcer-0023.jpg,d0a12d15564b52c808698f81232d96e4b8a2adc049f445ed98bbd04f57434d14,kaggle_card_license_unknown_review_before_redistribution
data/datasets/efficientnet_kaggle_v1/train/wound/54105b992759d9eb.jpg,wound,train,data/raw/kaggle/ibrahimfateen_wound_classification/Wound_dataset copy/Pressure Wounds/healing-pressure-ulcer-0025.jpg,54105b992759d9ebd3e5f174d72a9cdfd8cb30818d3012f450cacf304b62a701,kaggle_card_license_unknown_review_before_redistribution
data/datasets/efficientnet_kaggle_v1/train/wound/37421ac69afeb4e1.jpg,wound,train,data/raw/kaggle/ibrahimfateen_wound_classification/Wound_dataset copy/Pressure Wounds/healing-pressure-ulcer-0027.jpg,37421ac69afeb4e174f3390e7de5d4b133d3c792edcdfdf4e26f8ee29576df6d,kaggle_card_license_unknown_review_before_redistribution
data/datasets/efficientnet_kaggle_v1/train/wound/8c39d7afba50a30b.jpg,wound,train,data/raw/kaggle/ibrahimfateen_wound_classification/Wound_dataset copy/Pressure Wounds/healing-pressure-ulcer-0028.jpg,8c39d7afba50a30b88d4f47fd2a8f373ff32e89e3fd63c8476090c835126a2d7,kaggle_card_license_unknown_review_before_redistribution
data/datasets/efficientnet_kaggle_v1/train/wound/eaad36f345486df1.jpg,wound,train,data/raw/kaggle/ibrahimfateen_wound_classification/Wound_dataset copy/Pressure Wounds/healing-pressure-ulcer-0029.jpg,eaad36f345486df12b10b2892d61e4811e0afd893b408371950987050d6bc4d8,kaggle_card_license_unknown_review_before_redistribution
data/datasets/efficientnet_kaggle_v1/train/wound/ba2f6f96bdcd5598.jpg,wound,train,data/raw/kaggle/ibrahimfateen_wound_classification/Wound_dataset copy/Pressure Wounds/healing-pressure-ulcer-0030.jpg,ba2f6f96bdcd5598a5ac65129afaec0e0d1a700e3a65ee52d1915c116670aecf,kaggle_card_license_unknown_review_before_redistribution
data/datasets/efficientnet_kaggle_v1/train/wound/024a239f9a6d91c0.jpg,wound,train,data/raw/kaggle/ibrahimfateen_wound_classification/Wound_dataset copy/Pressure Wounds/healing-pressure-ulcer-0031.jpg,024a239f9a6d91c035e113b3e93c7c51abb9cb5d230fe63ae1b9189377be0304,kaggle_card_license_unknown_review_before_redistribution
data/datasets/efficientnet_kaggle_v1/train/wound/71fa466e503a4182.jpg,wound,train,data/raw/kaggle/ibrahimfateen_wound_classification/Wound_dataset copy/Pressure Wounds/healing-presure-ulcer-0008.jpg,71fa466e503a41827df3b10f3932a7530b721ba6ed052f9c5f88a74b57e19ad3,kaggle_card_license_unknown_review_before_redistribution
data/datasets/efficientnet_kaggle_v1/train/wound/689221b77ed061b3.jpg,wound,train,data/raw/kaggle/ibrahimfateen_wound_classification/Wound_dataset copy/Pressure Wounds/healing-presure-ulcer-0012.jpg,689221b77ed061b3189f00c5d390290f3d1bc092b79b47b8af86aec33c833f33,kaggle_card_license_unknown_review_before_redistribution
data/datasets/efficientnet_kaggle_v1/train/wound/ae33a7262384c76b.jpg,wound,train,data/raw/kaggle/ibrahimfateen_wound_classification/Wound_dataset copy/Pressure Wounds/healing-presure-ulcer-0026.jpg,ae33a7262384c76b75a9b232c1ffa9fb8b5e53bd583e2baa28da1e7da22a9421,kaggle_card_license_unknown_review_before_redistribution
data/datasets/efficientnet_kaggle_v1/test/wound/b2a4f25be73f465a.jpg,wound,test,data/raw/kaggle/ibrahimfateen_wound_classification/Wound_dataset copy/Pressure Wounds/healing0037.jpg,b2a4f25be73f465a27be10e2efbd4e5df02ad571c11c007a4d84a384e4191c9f,kaggle_card_license_unknown_review_before_redistribution
data/datasets/efficientnet_kaggle_v1/train/wound/d5d18cfcb9c2b596.jpg,wound,train,data/raw/kaggle/ibrahimfateen_wound_classification/Wound_dataset copy/Pressure Wounds/healing0038.jpg,d5d18cfcb9c2b59611d995fccf31bd8349eeee0e46bca0e0e9805282ec13c04f,kaggle_card_license_unknown_review_before_redistribution
data/datasets/efficientnet_kaggle_v1/train/wound/41b96b24a042c323.jpg,wound,train,data/raw/kaggle/ibrahimfateen_wound_classification/Wound_dataset copy/Pressure Wounds/mirrored_100_0.jpg,41b96b24a042c323fdf5bcc23aa441decf0217e6e300d5abfc32a980ebf3429e,kaggle_card_license_unknown_review_before_redistribution
data/datasets/efficientnet_kaggle_v1/train/wound/9893be8f9b469d16.jpg,wound,train,data/raw/kaggle/ibrahimfateen_wound_classification/Wound_dataset copy/Pressure Wounds/mirrored_10_0.jpg,9893be8f9b469d167f84cc47b5f3b519c77d5d4c6cc87c2bc21aa0fdf411cc78,kaggle_card_license_unknown_review_before_redistribution
data/datasets/efficientnet_kaggle_v1/train/wound/6546c9d663e557a2.jpg,wound,train,data/raw/kaggle/ibrahimfateen_wound_classification/Wound_dataset copy/Pressure Wounds/mirrored_10_1.jpg,6546c9d663e557a2e75a4140a2606d953db03bf77665081a98deec845c43733a,kaggle_card_license_unknown_review_before_redistribution
data/datasets/efficientnet_kaggle_v1/train/wound/53300bae05149b2e.jpg,wound,train,data/raw/kaggle/ibrahimfateen_wound_classification/Wound_dataset copy/Pressure Wounds/mirrored_10_2.jpg,53300bae05149b2ef18f80def58f164b323ea9017072772780ee5952a9e0816b,kaggle_card_license_unknown_review_before_redistribution
data/datasets/efficientnet_kaggle_v1/train/wound/64d6c0f5e8ed699a.jpg,wound,train,data/raw/kaggle/ibrahimfateen_wound_classification/Wound_dataset copy/Pressure Wounds/mirrored_10_3.jpg,64d6c0f5e8ed699a2f55bef5c419187ad7c92298765830d9e602d4e62179c3a3,kaggle_card_license_unknown_review_before_redistribution
data/datasets/efficientnet_kaggle_v1/train/wound/5971010c8b8db45c.jpg,wound,train,data/raw/kaggle/ibrahimfateen_wound_classification/Wound_dataset copy/Pressure Wounds/mirrored_11_0.jpg,5971010c8b8db45c4b03df91994fddc9f415c8f7222d6aa12d3f993af564743d,kaggle_card_license_unknown_review_before_redistribution
data/datasets/efficientnet_kaggle_v1/val/wound/5eb9a15afbef7f9c.jpg,wound,val,data/raw/kaggle/ibrahimfateen_wound_classification/Wound_dataset copy/Pressure Wounds/mirrored_11_1.jpg,5eb9a15afbef7f9c8816b01856f0a2f3c0c96a93f88c4b62d7ab46163026efb2,kaggle_card_license_unknown_review_before_redistribution
data/datasets/efficientnet_kaggle_v1/train/wound/a42de4c1e0a03b47.jpg,wound,train,data/raw/kaggle/ibrahimfateen_wound_classification/Wound_dataset copy/Pressure Wounds/mirrored_11_2.jpg,a42de4c1e0a03b476ff52fd8f4bc9c02edf1f8101f93889e9b4671e768ba488e,kaggle_card_license_unknown_review_before_redistribution
data/datasets/efficientnet_kaggle_v1/train/wound/7e6876b0e3a37778.jpg,wound,train,data/raw/kaggle/ibrahimfateen_wound_classification/Wound_dataset copy/Pressure Wounds/mirrored_12_0.jpg,7e6876b0e3a377789d0e6ed1df1dca8f7a7a6a9722c31f67d5dbcfc163834be8,kaggle_card_license_unknown_review_before_redistribution
data/datasets/efficientnet_kaggle_v1/test/wound/8b27fdc078618037.jpg,wound,test,data/raw/kaggle/ibrahimfateen_wound_classification/Wound_dataset copy/Pressure Wounds/mirrored_13_0.jpg,8b27fdc078618037faf26c0cce6fda524b06cf1b275d46b15e53924e987028bf,kaggle_card_license_unknown_review_before_redistribution
data/datasets/efficientnet_kaggle_v1/test/wound/a53b82fbc0220348.jpg,wound,test,data/raw/kaggle/ibrahimfateen_wound_classification/Wound_dataset copy/Pressure Wounds/mirrored_13_1.jpg,a53b82fbc0220348906a41c539720ab11d1dcc79cefd565e18a272af1069df83,kaggle_card_license_unknown_review_before_redistribution
data/datasets/efficientnet_kaggle_v1/train/wound/bbe44823df6b3a36.jpg,wound,train,data/raw/kaggle/ibrahimfateen_wound_classification/Wound_dataset copy/Pressure Wounds/mirrored_13_2.jpg,bbe44823df6b3a3693f730e05e959e76ecb08c7023d37e333d5166b9f74ddfc9,kaggle_card_license_unknown_review_before_redistribution
data/datasets/efficientnet_kaggle_v1/train/wound/8e618cd3df4b3750.jpg,wound,train,data/raw/kaggle/ibrahimfateen_wound_classification/Wound_dataset copy/Pressure Wounds/mirrored_14_0.jpg,8e618cd3df4b3750a405fee9accf4a3867296bf18d065db5be5f8cb2058311f7,kaggle_card_license_unknown_review_before_redistribution
data/datasets/efficientnet_kaggle_v1/train/wound/26a7780d471b2e97.jpg,wound,train,data/raw/kaggle/ibrahimfateen_wound_classification/Wound_dataset copy/Pressure Wounds/mirrored_15_0.jpg,26a7780d471b2e97187478842dd1e4731de6f2986a7d99be082e439344ee1113,kaggle_card_license_unknown_review_before_redistribution
data/datasets/efficientnet_kaggle_v1/val/wound/7515a8eab6f4ba3c.jpg,wound,val,data/raw/kaggle/ibrahimfateen_wound_classification/Wound_dataset copy/Pressure Wounds/mirrored_16_0.jpg,7515a8eab6f4ba3cd9314bca9d07dbd1a2fcd15bde13516b5497c97cb182423a,kaggle_card_license_unknown_review_before_redistribution
data/datasets/efficientnet_kaggle_v1/train/wound/ecf35edac4aeb292.jpg,wound,train,data/raw/kaggle/ibrahimfateen_wound_classification/Wound_dataset copy/Pressure Wounds/mirrored_17_0.jpg,ecf35edac4aeb292ff17c9e8522dd1e3dfaafc80aa0ee98b436fbaf9ae8987ca,kaggle_card_license_unknown_review_before_redistribution
data/datasets/efficientnet_kaggle_v1/test/wound/92d69ff971354d64.jpg,wound,test,data/raw/kaggle/ibrahimfateen_wound_classification/Wound_dataset copy/Pressure Wounds/mirrored_18_0.jpg,92d69ff971354d641ccd89f9051129b089694e15bdf93e70a5d8ac0cc49c4553,kaggle_card_license_unknown_review_before_redistribution
data/datasets/efficientnet_kaggle_v1/train/wound/814257c060f08adc.jpg,wound,train,data/raw/kaggle/ibrahimfateen_wound_classification/Wound_dataset copy/Pressure Wounds/mirrored_18_1.jpg,814257c060f08adc9e87af9b566686671bf380cc35e4a02adc7428e37e993e7b,kaggle_card_license_unknown_review_before_redistribution
data/datasets/efficientnet_kaggle_v1/train/wound/621089f37bdfecc8.jpg,wound,train,data/raw/kaggle/ibrahimfateen_wound_classification/Wound_dataset copy/Pressure Wounds/mirrored_19_0.jpg,621089f37bdfecc8d53a1a7dddac83a354039894a90d02ecf6fd86d0280c8a0c,kaggle_card_license_unknown_review_before_redistribution
data/datasets/efficientnet_kaggle_v1/train/wound/aff2071f2c9458bf.jpg,wound,train,data/raw/kaggle/ibrahimfateen_wound_classification/Wound_dataset copy/Pressure Wounds/mirrored_1_0.jpg,aff2071f2c9458bf9f8bff8a010b633ef2cf20c6f89d3693278d481938f60fbb,kaggle_card_license_unknown_review_before_redistribution
data/datasets/efficientnet_kaggle_v1/train/wound/e5d05ad29e7b30f3.jpg,wound,train,data/raw/kaggle/ibrahimfateen_wound_classification/Wound_dataset copy/Pressure Wounds/mirrored_20_0.jpg,e5d05ad29e7b30f3e201639b9a45b1cf64b746c8e69748b61f65e15ff6193192,kaggle_card_license_unknown_review_before_redistribution
data/datasets/efficientnet_kaggle_v1/train/wound/aa75e8b76ecd0ed1.jpg,wound,train,data/raw/kaggle/ibrahimfateen_wound_classification/Wound_dataset copy/Pressure Wounds/mirrored_21_0.jpg,aa75e8b76ecd0ed1e49d4dc13e6889d3227bd2e12ad9c924894d52d7f31631a5,kaggle_card_license_unknown_review_before_redistribution
data/datasets/efficientnet_kaggle_v1/val/wound/2e5d14ad51dfece5.jpg,wound,val,data/raw/kaggle/ibrahimfateen_wound_classification/Wound_dataset copy/Pressure Wounds/mirrored_22_0.jpg,2e5d14ad51dfece544c46f9e0cc039f09be28595a8232595f54813498336d801,kaggle_card_license_unknown_review_before_redistribution
data/datasets/efficientnet_kaggle_v1/train/wound/6ac7a1e026bd704f.jpg,wound,train,data/raw/kaggle/ibrahimfateen_wound_classification/Wound_dataset copy/Pressure Wounds/mirrored_23_0.jpg,6ac7a1e026bd704ffce6d9074064fccfec8bfe460b0db41912f49a977b6e5b87,kaggle_card_license_unknown_review_before_redistribution
data/datasets/efficientnet_kaggle_v1/train/wound/e62b2b69f43b4da4.jpg,wound,train,data/raw/kaggle/ibrahimfateen_wound_classification/Wound_dataset copy/Pressure Wounds/mirrored_24_0.jpg,e62b2b69f43b4da448f4a397d5f225db4f2de1d1947761cf2e390b605359a140,kaggle_card_license_unknown_review_before_redistribution
data/datasets/efficientnet_kaggle_v1/train/wound/929f490012fa59bf.jpg,wound,train,data/raw/kaggle/ibrahimfateen_wound_classification/Wound_dataset copy/Pressure Wounds/mirrored_25_0.jpg,929f490012fa59bf7cdf05336bb2e1f74d692e91b2f1622b06e86116231ddc45,kaggle_card_license_unknown_review_before_redistribution
data/datasets/efficientnet_kaggle_v1/test/wound/7b22872bd6947063.jpg,wound,test,data/raw/kaggle/ibrahimfateen_wound_classification/Wound_dataset copy/Pressure Wounds/mirrored_25_1.jpg,7b22872bd69470630e40ff0d811815c31ac28dafe8eedf2debf50b1bc31c7a72,kaggle_card_license_unknown_review_before_redistribution
data/datasets/efficientnet_kaggle_v1/val/wound/66c0799d8284f177.jpg,wound,val,data/raw/kaggle/ibrahimfateen_wound_classification/Wound_dataset copy/Pressure Wounds/mirrored_25_2.jpg,66c0799d8284f1779fbbc1105b78eca0910dfb51cb9b0ab7c9423862e511f634,kaggle_card_license_unknown_review_before_redistribution
data/datasets/efficientnet_kaggle_v1/train/wound/ed2f1783760beb98.jpg,wound,train,data/raw/kaggle/ibrahimfateen_wound_classification/Wound_dataset copy/Pressure Wounds/mirrored_25_3.jpg,ed2f1783760beb982f6b2f6d14d7bb98a9548d50f8b87e5dbe55b48a9659f5db,kaggle_card_license_unknown_review_before_redistribution
data/datasets/efficientnet_kaggle_v1/train/wound/f1f08096f06567a7.jpg,wound,train,data/raw/kaggle/ibrahimfateen_wound_classification/Wound_dataset copy/Pressure Wounds/mirrored_25_4.jpg,f1f08096f06567a77d9726c19f2a12bc40a0d682ad1ac2db7b5806b2982d424e,kaggle_card_license_unknown_review_before_redistribution
data/datasets/efficientnet_kaggle_v1/train/wound/d5f5e127609da36e.jpg,wound,train,data/raw/kaggle/ibrahimfateen_wound_classification/Wound_dataset copy/Pressure Wounds/mirrored_26_0.jpg,d5f5e127609da36e77d00fdbd2afc4b0f437618b72ff9106ea1742b03f759e8e,kaggle_card_license_unknown_review_before_redistribution
data/datasets/efficientnet_kaggle_v1/train/wound/245cf38728a72021.jpg,wound,train,data/raw/kaggle/ibrahimfateen_wound_classification/Wound_dataset copy/Pressure Wounds/mirrored_26_1.jpg,245cf38728a7202144596f0b9035a3c0bb0f62accc1cb3ded3a0fc70f0ea9ffb,kaggle_card_license_unknown_review_before_redistribution
data/datasets/efficientnet_kaggle_v1/train/wound/64dd58357e9e51a3.jpg,wound,train,data/raw/kaggle/ibrahimfateen_wound_classification/Wound_dataset copy/Pressure Wounds/mirrored_27_0.jpg,64dd58357e9e51a39ff53513dc07a00c39d3b904ddfc8050005f6fbf78c877d8,kaggle_card_license_unknown_review_before_redistribution
data/datasets/efficientnet_kaggle_v1/train/wound/ca32f3d37d99e2f7.jpg,wound,train,data/raw/kaggle/ibrahimfateen_wound_classification/Wound_dataset copy/Pressure Wounds/mirrored_28_0.jpg,ca32f3d37d99e2f767140e171db79596a2e4ae3d5c7025c5f6836edd89957040,kaggle_card_license_unknown_review_before_redistribution
data/datasets/efficientnet_kaggle_v1/train/wound/5a9e39eaa101aeb3.jpg,wound,train,data/raw/kaggle/ibrahimfateen_wound_classification/Wound_dataset copy/Pressure Wounds/mirrored_29_0.jpg,5a9e39eaa101aeb390475aaa0ccefc9814321d2e2547c8824bd080087bfa11ce,kaggle_card_license_unknown_review_before_redistribution
data/datasets/efficientnet_kaggle_v1/train/wound/b7b7df325d14ceea.jpg,wound,train,data/raw/kaggle/ibrahimfateen_wound_classification/Wound_dataset copy/Pressure Wounds/mirrored_2_0.jpg,b7b7df325d14ceeae0d0e6a3825bbad2e6f996385d24b12c6f8f8d03788c06dd,kaggle_card_license_unknown_review_before_redistribution
data/datasets/efficientnet_kaggle_v1/train/wound/1da979034df7b598.jpg,wound,train,data/raw/kaggle/ibrahimfateen_wound_classification/Wound_dataset copy/Pressure Wounds/mirrored_30_0.jpg,1da979034df7b5984d4af9e3194da7016f7bb4fdb570d3f424702aa9e47f5d50,kaggle_card_license_unknown_review_before_redistribution
data/datasets/efficientnet_kaggle_v1/train/wound/2cd2f4d0eba31627.jpg,wound,train,data/raw/kaggle/ibrahimfateen_wound_classification/Wound_dataset copy/Pressure Wounds/mirrored_31_0.jpg,2cd2f4d0eba31627a9fbb07d37b6b3fcc9947c47eb37f4ddcd5eadd5ee86c7cd,kaggle_card_license_unknown_review_before_redistribution
data/datasets/efficientnet_kaggle_v1/train/wound/8484d664bbf69bee.jpg,wound,train,data/raw/kaggle/ibrahimfateen_wound_classification/Wound_dataset copy/Pressure Wounds/mirrored_32_0.jpg,8484d664bbf69bee37536f3ba5e422119883a3a2719a58348634e2bc49f7348f,kaggle_card_license_unknown_review_before_redistribution
data/datasets/efficientnet_kaggle_v1/train/wound/7d02111a1fae13fc.jpg,wound,train,data/raw/kaggle/ibrahimfateen_wound_classification/Wound_dataset copy/Pressure Wounds/mirrored_33_0.jpg,7d02111a1fae13fce510d1de9d8ddf8afead02f48add8cf3551e682c881d6065,kaggle_card_license_unknown_review_before_redistribution
data/datasets/efficientnet_kaggle_v1/val/wound/a03978f880962fec.jpg,wound,val,data/raw/kaggle/ibrahimfateen_wound_classification/Wound_dataset copy/Pressure Wounds/mirrored_34_0.jpg,a03978f880962fec9bf9160126616e8c44c451ccbd825603454780e3ae1886b8,kaggle_card_license_unknown_review_before_redistribution
data/datasets/efficientnet_kaggle_v1/train/wound/0089de97f4bf1210.jpg,wound,train,data/raw/kaggle/ibrahimfateen_wound_classification/Wound_dataset copy/Pressure Wounds/mirrored_35_0.jpg,0089de97f4bf1210a79e163b4249bfed14db9354df2b61a476eb5a039193471e,kaggle_card_license_unknown_review_before_redistribution
data/datasets/efficientnet_kaggle_v1/test/wound/52c659a6592fc99b.jpg,wound,test,data/raw/kaggle/ibrahimfateen_wound_classification/Wound_dataset copy/Pressure Wounds/mirrored_36_0.jpg,52c659a6592fc99b288072427fc0a75ddc0482467aaadbad78cfedc80a01ad2d,kaggle_card_license_unknown_review_before_redistribution
data/datasets/efficientnet_kaggle_v1/train/wound/dd5a5e18f1dfccb4.jpg,wound,train,data/raw/kaggle/ibrahimfateen_wound_classification/Wound_dataset copy/Pressure Wounds/mirrored_37_0.jpg,dd5a5e18f1dfccb4bc67dbd26dff258c41d624931c718780ebe815dcaf8b0998,kaggle_card_license_unknown_review_before_redistribution
data/datasets/efficientnet_kaggle_v1/train/wound/efcbc91a8c34ad92.jpg,wound,train,data/raw/kaggle/ibrahimfateen_wound_classification/Wound_dataset copy/Pressure Wounds/mirrored_38_0.jpg,efcbc91a8c34ad92f041a8c307eda7fd9fd36846f8b9a581fa027ba0f0413a44,kaggle_card_license_unknown_review_before_redistribution
data/datasets/efficientnet_kaggle_v1/train/wound/100b98bbe5c0f2b3.jpg,wound,train,data/raw/kaggle/ibrahimfateen_wound_classification/Wound_dataset copy/Pressure Wounds/mirrored_38_1.jpg,100b98bbe5c0f2b3959dc3e40906abbe437a83abc670620a45cf9a1c948eda40,kaggle_card_license_unknown_review_before_redistribution
data/datasets/efficientnet_kaggle_v1/train/wound/a4f79ab9c5c84841.jpg,wound,train,data/raw/kaggle/ibrahimfateen_wound_classification/Wound_dataset copy/Pressure Wounds/mirrored_39_0.jpg,a4f79ab9c5c84841784f5d0088e98f40214637fbd87bcd18a74f238d869c302c,kaggle_card_license_unknown_review_before_redistribution
data/datasets/efficientnet_kaggle_v1/train/wound/d2b5d69bc0482656.jpg,wound,train,data/raw/kaggle/ibrahimfateen_wound_classification/Wound_dataset copy/Pressure Wounds/mirrored_3_0.jpg,d2b5d69bc0482656795679450a9796bce221d76aa66998285bf6da90f07e350f,kaggle_card_license_unknown_review_before_redistribution
data/datasets/efficientnet_kaggle_v1/train/wound/5fab2bec0384ebec.jpg,wound,train,data/raw/kaggle/ibrahimfateen_wound_classification/Wound_dataset copy/Pressure Wounds/mirrored_40_0.jpg,5fab2bec0384ebec96a4ce19dba9af1a0e53a0436e3b83682cf1ae45a58529b8,kaggle_card_license_unknown_review_before_redistribution
data/datasets/efficientnet_kaggle_v1/train/wound/4217ffffc032c4fa.jpg,wound,train,data/raw/kaggle/ibrahimfateen_wound_classification/Wound_dataset copy/Pressure Wounds/mirrored_41_0.jpg,4217ffffc032c4fa48e9a2ae03a7d59cdefa25422c67a0a3b5ec57421a17005e,kaggle_card_license_unknown_review_before_redistribution
data/datasets/efficientnet_kaggle_v1/test/wound/3103a53940538a06.jpg,wound,test,data/raw/kaggle/ibrahimfateen_wound_classification/Wound_dataset copy/Pressure Wounds/mirrored_41_1.jpg,3103a53940538a06eea8fa0656d684afc28f3c971028b56009088f2b2dd31227,kaggle_card_license_unknown_review_before_redistribution
data/datasets/efficientnet_kaggle_v1/train/wound/92898a45d96c8751.jpg,wound,train,data/raw/kaggle/ibrahimfateen_wound_classification/Wound_dataset copy/Pressure Wounds/mirrored_42_0.jpg,92898a45d96c8751c74e5b9e0421b545522f8c17e9fc9b4d99afb28d957fe547,kaggle_card_license_unknown_review_before_redistribution
data/datasets/efficientnet_kaggle_v1/train/wound/314dc21833b93294.jpg,wound,train,data/raw/kaggle/ibrahimfateen_wound_classification/Wound_dataset copy/Pressure Wounds/mirrored_43_0.jpg,314dc21833b9329485d5ceee63f1c4411971169719da2cb55a7f38f46ad0bf3a,kaggle_card_license_unknown_review_before_redistribution
data/datasets/efficientnet_kaggle_v1/train/wound/756b9d6601584430.jpg,wound,train,data/raw/kaggle/ibrahimfateen_wound_classification/Wound_dataset copy/Pressure Wounds/mirrored_44_0.jpg,756b9d6601584430e325a220e8b1a4ed9f6b64bd752624b91991df7b7b3ce397,kaggle_card_license_unknown_review_before_redistribution
data/datasets/efficientnet_kaggle_v1/train/wound/17f59e6d6909b93a.jpg,wound,train,data/raw/kaggle/ibrahimfateen_wound_classification/Wound_dataset copy/Pressure Wounds/mirrored_45_0.jpg,17f59e6d6909b93af01d9654882127a33e572fded81f505463731aa176598eb5,kaggle_card_license_unknown_review_before_redistribution
data/datasets/efficientnet_kaggle_v1/train/wound/be872e2624f0ef13.jpg,wound,train,data/raw/kaggle/ibrahimfateen_wound_classification/Wound_dataset copy/Pressure Wounds/mirrored_46_0.jpg,be872e2624f0ef13f847f5e238368418d8475192e50e0cb4c01857b9d6833c80,kaggle_card_license_unknown_review_before_redistribution
data/datasets/efficientnet_kaggle_v1/val/wound/9b12ded2c489ce54.jpg,wound,val,data/raw/kaggle/ibrahimfateen_wound_classification/Wound_dataset copy/Pressure Wounds/mirrored_47_0.jpg,9b12ded2c489ce549377747379c0f77577a99c2fceb128a9f43ae209cabdb196,kaggle_card_license_unknown_review_before_redistribution
data/datasets/efficientnet_kaggle_v1/train/wound/4d5cd9f4d541500d.jpg,wound,train,data/raw/kaggle/ibrahimfateen_wound_classification/Wound_dataset copy/Pressure Wounds/mirrored_48_0.jpg,4d5cd9f4d541500de129d9b05fbbf2284c5ec25546dae981ecaeba5dfabb19f1,kaggle_card_license_unknown_review_before_redistribution
data/datasets/efficientnet_kaggle_v1/train/wound/fe177f11da55f3ab.jpg,wound,train,data/raw/kaggle/ibrahimfateen_wound_classification/Wound_dataset copy/Pressure Wounds/mirrored_48_1.jpg,fe177f11da55f3ab7c1b482d16f7e28f52457c102283b73c193a8eb47f714de7,kaggle_card_license_unknown_review_before_redistribution
data/datasets/efficientnet_kaggle_v1/train/wound/1706cc021b5536a7.jpg,wound,train,data/raw/kaggle/ibrahimfateen_wound_classification/Wound_dataset copy/Pressure Wounds/mirrored_48_2.jpg,1706cc021b5536a773ff35fc6911f1764036e3a925a5d04e7075a850977c6477,kaggle_card_license_unknown_review_before_redistribution
data/datasets/efficientnet_kaggle_v1/val/wound/13f2f26842a7e9f0.jpg,wound,val,data/raw/kaggle/ibrahimfateen_wound_classification/Wound_dataset copy/Pressure Wounds/mirrored_48_3.jpg,13f2f26842a7e9f0aae05952e5fb3ea95cf7168fd56ebd1332dc3c83ad9cc916,kaggle_card_license_unknown_review_before_redistribution
data/datasets/efficientnet_kaggle_v1/train/wound/ec39ebd9eaa41649.jpg,wound,train,data/raw/kaggle/ibrahimfateen_wound_classification/Wound_dataset copy/Pressure Wounds/mirrored_49_0.jpg,ec39ebd9eaa41649e596c9ae94aa8f64b84be71c4fae3550eb3f3664f5c1a304,kaggle_card_license_unknown_review_before_redistribution
data/datasets/efficientnet_kaggle_v1/train/wound/38ea2d7a8022d446.jpg,wound,train,data/raw/kaggle/ibrahimfateen_wound_classification/Wound_dataset copy/Pressure Wounds/mirrored_49_1.jpg,38ea2d7a8022d446b65f5f64b542905b1216d11152d602697bb27d411cab857f,kaggle_card_license_unknown_review_before_redistribution
data/datasets/efficientnet_kaggle_v1/train/wound/f4bdf3bfce8100b9.jpg,wound,train,data/raw/kaggle/ibrahimfateen_wound_classification/Wound_dataset copy/Pressure Wounds/mirrored_49_2.jpg,f4bdf3bfce8100b97ebf3d6420ffd6c990eb2ebc6d37aef590e418d418b96ed6,kaggle_card_license_unknown_review_before_redistribution
data/datasets/efficientnet_kaggle_v1/train/wound/a81a790a6c382d92.jpg,wound,train,data/raw/kaggle/ibrahimfateen_wound_classification/Wound_dataset copy/Pressure Wounds/mirrored_49_3.jpg,a81a790a6c382d92d91f0fc2406ac07745ebc46e2d8d00c462f025b3daed26cd,kaggle_card_license_unknown_review_before_redistribution
data/datasets/efficientnet_kaggle_v1/train/wound/9cfa1d71ddce2026.jpg,wound,train,data/raw/kaggle/ibrahimfateen_wound_classification/Wound_dataset copy/Pressure Wounds/mirrored_4_0.jpg,9cfa1d71ddce2026c4826da822ec4d87df4d25b2e6da55140157d3be3c1a2ee7,kaggle_card_license_unknown_review_before_redistribution
data/datasets/efficientnet_kaggle_v1/train/wound/960d38029188ad0d.jpg,wound,train,data/raw/kaggle/ibrahimfateen_wound_classification/Wound_dataset copy/Pressure Wounds/mirrored_50_0.jpg,960d38029188ad0d2c7dc02e36c70d646ecef93d0aee9f5e56d6ac130a76d400,kaggle_card_license_unknown_review_before_redistribution
data/datasets/efficientnet_kaggle_v1/train/wound/6bc6e41ae431f7ab.jpg,wound,train,data/raw/kaggle/ibrahimfateen_wound_classification/Wound_dataset copy/Pressure Wounds/mirrored_51_0.jpg,6bc6e41ae431f7abd81c40cfb0f71c2ce4dbba0d8dfaabba7d0780569a6662f4,kaggle_card_license_unknown_review_before_redistribution
data/datasets/efficientnet_kaggle_v1/train/wound/14fd91af3f13c770.jpg,wound,train,data/raw/kaggle/ibrahimfateen_wound_classification/Wound_dataset copy/Pressure Wounds/mirrored_52_0.jpg,14fd91af3f13c7700d0ec04d929e05cf23140dfeec6ab3cdc740e5ab0db5dbb4,kaggle_card_license_unknown_review_before_redistribution
data/datasets/efficientnet_kaggle_v1/train/wound/d36576770e633723.jpg,wound,train,data/raw/kaggle/ibrahimfateen_wound_classification/Wound_dataset copy/Pressure Wounds/mirrored_53_0.jpg,d36576770e633723ef46c70be3213a5cfa751cf542c0c8b5eb8621a7d34391a3,kaggle_card_license_unknown_review_before_redistribution
data/datasets/efficientnet_kaggle_v1/train/wound/96c469b56990fee4.jpg,wound,train,data/raw/kaggle/ibrahimfateen_wound_classification/Wound_dataset copy/Pressure Wounds/mirrored_54_0.jpg,96c469b56990fee486d6430cb70bd974d3221d7f9c7f66f6351f9214e4103d21,kaggle_card_license_unknown_review_before_redistribution
data/datasets/efficientnet_kaggle_v1/train/wound/6c0c104a9204651c.jpg,wound,train,data/raw/kaggle/ibrahimfateen_wound_classification/Wound_dataset copy/Pressure Wounds/mirrored_55_0.jpg,6c0c104a9204651c4882f55c16a4814ac345c4101743e96ba5299774f864c17f,kaggle_card_license_unknown_review_before_redistribution
data/datasets/efficientnet_kaggle_v1/train/wound/3148008bcc845eeb.jpg,wound,train,data/raw/kaggle/ibrahimfateen_wound_classification/Wound_dataset copy/Pressure Wounds/mirrored_56_0.jpg,3148008bcc845eeb59064c4d7f15abd968eb73c9781633ac09dfde43169735b0,kaggle_card_license_unknown_review_before_redistribution
data/datasets/efficientnet_kaggle_v1/train/wound/4a3849ac35d843a7.jpg,wound,train,data/raw/kaggle/ibrahimfateen_wound_classification/Wound_dataset copy/Pressure Wounds/mirrored_57_0.jpg,4a3849ac35d843a795e896f9affd7102a1f7ed56c6041431d213c901a50fe618,kaggle_card_license_unknown_review_before_redistribution
data/datasets/efficientnet_kaggle_v1/train/wound/0c2c7ae69e9dea10.jpg,wound,train,data/raw/kaggle/ibrahimfateen_wound_classification/Wound_dataset copy/Pressure Wounds/mirrored_58_0.jpg,0c2c7ae69e9dea101ce398968b22de51f1f5f11e91bea4b1e7d97cd033ca8d45,kaggle_card_license_unknown_review_before_redistribution
data/datasets/efficientnet_kaggle_v1/train/wound/655d9ebe1c59e1db.jpg,wound,train,data/raw/kaggle/ibrahimfateen_wound_classification/Wound_dataset copy/Pressure Wounds/mirrored_59_0.jpg,655d9ebe1c59e1dbad0c0486aee867af51349f308835d074709e3f7983c6d10f,kaggle_card_license_unknown_review_before_redistribution
data/datasets/efficientnet_kaggle_v1/train/wound/e3f9656101bd1f1a.jpg,wound,train,data/raw/kaggle/ibrahimfateen_wound_classification/Wound_dataset copy/Pressure Wounds/mirrored_59_1.jpg,e3f9656101bd1f1ace20f73844a2dabd22a083ecbced3fd33d63f0fd221eaa5c,kaggle_card_license_unknown_review_before_redistribution
data/datasets/efficientnet_kaggle_v1/test/wound/8ba442429ea334db.jpg,wound,test,data/raw/kaggle/ibrahimfateen_wound_classification/Wound_dataset copy/Pressure Wounds/mirrored_5_0.jpg,8ba442429ea334db364302c7ea4587f5e29fe3e23e7ad170f7e0f4b0a349db64,kaggle_card_license_unknown_review_before_redistribution
data/datasets/efficientnet_kaggle_v1/test/wound/c176a0611ea61b6a.jpg,wound,test,data/raw/kaggle/ibrahimfateen_wound_classification/Wound_dataset copy/Pressure Wounds/mirrored_60_0.jpg,c176a0611ea61b6a16038cd12a6450e3cf63d9f576f61825d7c64b879747652e,kaggle_card_license_unknown_review_before_redistribution
data/datasets/efficientnet_kaggle_v1/train/wound/b17ad86d1d6bcadd.jpg,wound,train,data/raw/kaggle/ibrahimfateen_wound_classification/Wound_dataset copy/Pressure Wounds/mirrored_61_0.jpg,b17ad86d1d6bcadd05e11c1e0dd9d0e486b9d09a1bedd8927668307d3464e201,kaggle_card_license_unknown_review_before_redistribution
data/datasets/efficientnet_kaggle_v1/train/wound/5cbbed8453ebccd6.jpg,wound,train,data/raw/kaggle/ibrahimfateen_wound_classification/Wound_dataset copy/Pressure Wounds/mirrored_62_0.jpg,5cbbed8453ebccd64cac28c7e3cb17301f845fd857ab26b6ffa3d13ed542645b,kaggle_card_license_unknown_review_before_redistribution
data/datasets/efficientnet_kaggle_v1/train/wound/f4a8fdf40f3b3d0f.jpg,wound,train,data/raw/kaggle/ibrahimfateen_wound_classification/Wound_dataset copy/Pressure Wounds/mirrored_63_0.jpg,f4a8fdf40f3b3d0f21bff1fa58cd699df39ea837917bc3b9a2b93a7da895198d,kaggle_card_license_unknown_review_before_redistribution
data/datasets/efficientnet_kaggle_v1/test/wound/f1b5e36db5c18a65.jpg,wound,test,data/raw/kaggle/ibrahimfateen_wound_classification/Wound_dataset copy/Pressure Wounds/mirrored_64_0.jpg,f1b5e36db5c18a656f91fe6fb04b65b12bcd01a2a81d8e7bcfe22d210acce5c6,kaggle_card_license_unknown_review_before_redistribution
data/datasets/efficientnet_kaggle_v1/train/wound/d4ee304e60b3cb25.jpg,wound,train,data/raw/kaggle/ibrahimfateen_wound_classification/Wound_dataset copy/Pressure Wounds/mirrored_65_0.jpg,d4ee304e60b3cb259d8427f48c590f8446895309608006d5f76eeba5b63a2477,kaggle_card_license_unknown_review_before_redistribution
data/datasets/efficientnet_kaggle_v1/test/wound/ff8e9d0da8c29069.jpg,wound,test,data/raw/kaggle/ibrahimfateen_wound_classification/Wound_dataset copy/Pressure Wounds/mirrored_66_0.jpg,ff8e9d0da8c29069f34a3fc137e9e57fea2099c5fb1446a0d62bc74393bc1bc3,kaggle_card_license_unknown_review_before_redistribution
data/datasets/efficientnet_kaggle_v1/train/wound/f75a944445e78f6e.jpg,wound,train,data/raw/kaggle/ibrahimfateen_wound_classification/Wound_dataset copy/Pressure Wounds/mirrored_67_0.jpg,f75a944445e78f6e06b4dbef0095e8c3a2fb247956db70f38cfc6a532fdea958,kaggle_card_license_unknown_review_before_redistribution
data/datasets/efficientnet_kaggle_v1/train/wound/1a9c1d94a798cf8d.jpg,wound,train,data/raw/kaggle/ibrahimfateen_wound_classification/Wound_dataset copy/Pressure Wounds/mirrored_68_0.jpg,1a9c1d94a798cf8dae49dcdf3207bb436e068f14c317e0a58d8a1e18b42826fd,kaggle_card_license_unknown_review_before_redistribution
data/datasets/efficientnet_kaggle_v1/train/wound/35a0a4321159b727.jpg,wound,train,data/raw/kaggle/ibrahimfateen_wound_classification/Wound_dataset copy/Pressure Wounds/mirrored_69_0.jpg,35a0a4321159b727fffab8b9b87f386b325e3f01f030e356be5785497ae30a5a,kaggle_card_license_unknown_review_before_redistribution
data/datasets/efficientnet_kaggle_v1/val/wound/9a970820a5446279.jpg,wound,val,data/raw/kaggle/ibrahimfateen_wound_classification/Wound_dataset copy/Pressure Wounds/mirrored_69_1.jpg,9a970820a54462794cab4366a8937844de1b7261835c75b2611a227bf139ee0a,kaggle_card_license_unknown_review_before_redistribution
data/datasets/efficientnet_kaggle_v1/train/wound/9de066ff463d782f.jpg,wound,train,data/raw/kaggle/ibrahimfateen_wound_classification/Wound_dataset copy/Pressure Wounds/mirrored_6_0.jpg,9de066ff463d782f6c8c64ea9d38ea88fd9bd1ad86aa8de2a0f2f20cf2806fb2,kaggle_card_license_unknown_review_before_redistribution
data/datasets/efficientnet_kaggle_v1/train/wound/9c70483039ad3c35.jpg,wound,train,data/raw/kaggle/ibrahimfateen_wound_classification/Wound_dataset copy/Pressure Wounds/mirrored_6_1.jpg,9c70483039ad3c358f47571010c984c99e5e263d610d615a42ae2439ef61f3db,kaggle_card_license_unknown_review_before_redistribution
data/datasets/efficientnet_kaggle_v1/train/wound/939604e935dff2ba.jpg,wound,train,data/raw/kaggle/ibrahimfateen_wound_classification/Wound_dataset copy/Pressure Wounds/mirrored_71_0.jpg,939604e935dff2ba2b840e7940c298a21a29f87bbeb13924072dd3639f583c5d,kaggle_card_license_unknown_review_before_redistribution
data/datasets/efficientnet_kaggle_v1/train/wound/fa3203b34bc89922.jpg,wound,train,data/raw/kaggle/ibrahimfateen_wound_classification/Wound_dataset copy/Pressure Wounds/mirrored_72_0.jpg,fa3203b34bc8992200a824c74dcb4d9c112d705eb86fcaf5c8bb9d87d79d8831,kaggle_card_license_unknown_review_before_redistribution
data/datasets/efficientnet_kaggle_v1/train/wound/2cbbb482b2f0d94a.jpg,wound,train,data/raw/kaggle/ibrahimfateen_wound_classification/Wound_dataset copy/Pressure Wounds/mirrored_72_1.jpg,2cbbb482b2f0d94a04e153251a214fc98d5608fc37ca31afda6677c4a994ea3b,kaggle_card_license_unknown_review_before_redistribution
data/datasets/efficientnet_kaggle_v1/val/wound/45890e9a0273c6e9.jpg,wound,val,data/raw/kaggle/ibrahimfateen_wound_classification/Wound_dataset copy/Pressure Wounds/mirrored_73_0.jpg,45890e9a0273c6e98a2694a26334b117719e45630aa68b02fa9ea74cdc11f84b,kaggle_card_license_unknown_review_before_redistribution
data/datasets/efficientnet_kaggle_v1/train/wound/a346ed361ab1355a.jpg,wound,train,data/raw/kaggle/ibrahimfateen_wound_classification/Wound_dataset copy/Pressure Wounds/mirrored_74_0.jpg,a346ed361ab1355a7a8e8d823243c57c889c0e210b52cbc2c7cddc760a27a7ad,kaggle_card_license_unknown_review_before_redistribution
data/datasets/efficientnet_kaggle_v1/train/wound/cb26407b75a737ee.jpg,wound,train,data/raw/kaggle/ibrahimfateen_wound_classification/Wound_dataset copy/Pressure Wounds/mirrored_75_0.jpg,cb26407b75a737ee11a7b45bab12729f7a4efe00accb2be98de3ae8cc717008b,kaggle_card_license_unknown_review_before_redistribution
data/datasets/efficientnet_kaggle_v1/test/wound/7b98267dad3d91fd.jpg,wound,test,data/raw/kaggle/ibrahimfateen_wound_classification/Wound_dataset copy/Pressure Wounds/mirrored_75_1.jpg,7b98267dad3d91fd00b7081ba9c7a2703adef23bfa94335c4587eba286625dbd,kaggle_card_license_unknown_review_before_redistribution
data/datasets/efficientnet_kaggle_v1/train/wound/6a6a507b27c801de.jpg,wound,train,data/raw/kaggle/ibrahimfateen_wound_classification/Wound_dataset copy/Pressure Wounds/mirrored_75_2.jpg,6a6a507b27c801deca9e14681dd934a32fbe4edef5aaeb0d12e384cf87bfe378,kaggle_card_license_unknown_review_before_redistribution
data/datasets/efficientnet_kaggle_v1/train/wound/e1547c279d2fcecb.jpg,wound,train,data/raw/kaggle/ibrahimfateen_wound_classification/Wound_dataset copy/Pressure Wounds/mirrored_75_3.jpg,e1547c279d2fcecb9f4b3dc767ff2307282735f17d5f0f86c186e89dd4a52cdc,kaggle_card_license_unknown_review_before_redistribution
data/datasets/efficientnet_kaggle_v1/train/wound/b1c00f431b2be096.jpg,wound,train,data/raw/kaggle/ibrahimfateen_wound_classification/Wound_dataset copy/Pressure Wounds/mirrored_76_0.jpg,b1c00f431b2be0962aa511b723a2ce9ada9404ae9e14822e9c18a77c72207b6e,kaggle_card_license_unknown_review_before_redistribution
data/datasets/efficientnet_kaggle_v1/train/wound/29e250abba3da5a6.jpg,wound,train,data/raw/kaggle/ibrahimfateen_wound_classification/Wound_dataset copy/Pressure Wounds/mirrored_77_0.jpg,29e250abba3da5a67be03547adb1166fd84a27eb5c69585b9cd1ea6ce1ea6ad2,kaggle_card_license_unknown_review_before_redistribution
data/datasets/efficientnet_kaggle_v1/train/wound/dce522b3545f36a9.jpg,wound,train,data/raw/kaggle/ibrahimfateen_wound_classification/Wound_dataset copy/Pressure Wounds/mirrored_78_0.jpg,dce522b3545f36a955e38edade7eccd7b3ed367adc1d02f39d3d48cfacb667f8,kaggle_card_license_unknown_review_before_redistribution
data/datasets/efficientnet_kaggle_v1/train/wound/569c2b09387a3a02.jpg,wound,train,data/raw/kaggle/ibrahimfateen_wound_classification/Wound_dataset copy/Pressure Wounds/mirrored_79_0.jpg,569c2b09387a3a027c30741b010dc7f94b93295d39eff8b9596d4e895365a96b,kaggle_card_license_unknown_review_before_redistribution
data/datasets/efficientnet_kaggle_v1/train/wound/50f9c96655577da7.jpg,wound,train,data/raw/kaggle/ibrahimfateen_wound_classification/Wound_dataset copy/Pressure Wounds/mirrored_7_0.jpg,50f9c96655577da7b5803611e85d2801a57f07a73dc2bc4799efcd48f4025984,kaggle_card_license_unknown_review_before_redistribution
data/datasets/efficientnet_kaggle_v1/test/wound/33efe6b945d85013.jpg,wound,test,data/raw/kaggle/ibrahimfateen_wound_classification/Wound_dataset copy/Pressure Wounds/mirrored_7_1.jpg,33efe6b945d8501369dbad861843165cbb1a0212260625dc806db0ed9bb98d3a,kaggle_card_license_unknown_review_before_redistribution
data/datasets/efficientnet_kaggle_v1/train/wound/6217e338ac0962ca.jpg,wound,train,data/raw/kaggle/ibrahimfateen_wound_classification/Wound_dataset copy/Pressure Wounds/mirrored_80_0.jpg,6217e338ac0962caa00458d0da9fa5d7a1778d8a76494d5d75f2d7f55de1d4dc,kaggle_card_license_unknown_review_before_redistribution
data/datasets/efficientnet_kaggle_v1/train/wound/53b0ab6b409c64e4.jpg,wound,train,data/raw/kaggle/ibrahimfateen_wound_classification/Wound_dataset copy/Pressure Wounds/mirrored_81_0.jpg,53b0ab6b409c64e450694d8b5958aea3bee1c1866de61a1d9e40c39d984af790,kaggle_card_license_unknown_review_before_redistribution
data/datasets/efficientnet_kaggle_v1/train/wound/771c1efc67dfb29d.jpg,wound,train,data/raw/kaggle/ibrahimfateen_wound_classification/Wound_dataset copy/Pressure Wounds/mirrored_81_1.jpg,771c1efc67dfb29d410de3ee729150362940a8622511d40c4aa85b5b91a17034,kaggle_card_license_unknown_review_before_redistribution
data/datasets/efficientnet_kaggle_v1/train/wound/215af0f250c07363.jpg,wound,train,data/raw/kaggle/ibrahimfateen_wound_classification/Wound_dataset copy/Pressure Wounds/mirrored_81_2.jpg,215af0f250c07363f4d78a3aaeba8395321e6305a10d679ddd44846e9cd12622,kaggle_card_license_unknown_review_before_redistribution
data/datasets/efficientnet_kaggle_v1/train/wound/440feb75bebb618a.jpg,wound,train,data/raw/kaggle/ibrahimfateen_wound_classification/Wound_dataset copy/Pressure Wounds/mirrored_81_3.jpg,440feb75bebb618a9a8e2bebb9622b87c1b7c3bfc9038dcb6456a7b45709c1da,kaggle_card_license_unknown_review_before_redistribution
data/datasets/efficientnet_kaggle_v1/train/wound/21cdd30e3d38bf87.jpg,wound,train,data/raw/kaggle/ibrahimfateen_wound_classification/Wound_dataset copy/Pressure Wounds/mirrored_82_0.jpg,21cdd30e3d38bf87fd874f36fbee7db5e64b37bbb8cd8c6cd5b4e62f2bd94a84,kaggle_card_license_unknown_review_before_redistribution
data/datasets/efficientnet_kaggle_v1/train/wound/70f4db52c942f2e4.jpg,wound,train,data/raw/kaggle/ibrahimfateen_wound_classification/Wound_dataset copy/Pressure Wounds/mirrored_82_1.jpg,70f4db52c942f2e4b50dbdb4cc31d9c91a4d6b9a30c68b564fb83a91b3b14035,kaggle_card_license_unknown_review_before_redistribution
data/datasets/efficientnet_kaggle_v1/train/wound/76c1df8502800850.jpg,wound,train,data/raw/kaggle/ibrahimfateen_wound_classification/Wound_dataset copy/Pressure Wounds/mirrored_82_2.jpg,76c1df8502800850bdd59873ad675aa26b146c3ae40b5c719e834836cc768abf,kaggle_card_license_unknown_review_before_redistribution
data/datasets/efficientnet_kaggle_v1/train/wound/6165ad9619e8bb6e.jpg,wound,train,data/raw/kaggle/ibrahimfateen_wound_classification/Wound_dataset copy/Pressure Wounds/mirrored_82_3.jpg,6165ad9619e8bb6e28986b0e053683c092e99d8731617b35531aec9eeaacad89,kaggle_card_license_unknown_review_before_redistribution
data/datasets/efficientnet_kaggle_v1/val/wound/41a321738b2ada3b.jpg,wound,val,data/raw/kaggle/ibrahimfateen_wound_classification/Wound_dataset copy/Pressure Wounds/mirrored_83_0.jpg,41a321738b2ada3b1ff36df3f5beb44d27166b08e955ebad55734fd28477a589,kaggle_card_license_unknown_review_before_redistribution
data/datasets/efficientnet_kaggle_v1/train/wound/10b62271b08bc460.jpg,wound,train,data/raw/kaggle/ibrahimfateen_wound_classification/Wound_dataset copy/Pressure Wounds/mirrored_84_0.jpg,10b62271b08bc4605b1d90e5c6e4d26f56b46dea3fb5a82bc09ef31bbd1aa100,kaggle_card_license_unknown_review_before_redistribution
data/datasets/efficientnet_kaggle_v1/test/wound/691069a3a99fe303.jpg,wound,test,data/raw/kaggle/ibrahimfateen_wound_classification/Wound_dataset copy/Pressure Wounds/mirrored_85_0.jpg,691069a3a99fe303767c7270246704193296173d35dbc205bcaed5e27735cd09,kaggle_card_license_unknown_review_before_redistribution
data/datasets/efficientnet_kaggle_v1/train/wound/26336ff461896ed9.jpg,wound,train,data/raw/kaggle/ibrahimfateen_wound_classification/Wound_dataset copy/Pressure Wounds/mirrored_86_0.jpg,26336ff461896ed9df95a46c2e6781df4c5c5f6197b838e65b132e0686f250ab,kaggle_card_license_unknown_review_before_redistribution
data/datasets/efficientnet_kaggle_v1/train/wound/5a709ee7aa75651e.jpg,wound,train,data/raw/kaggle/ibrahimfateen_wound_classification/Wound_dataset copy/Pressure Wounds/mirrored_87_0.jpg,5a709ee7aa75651e9599572c2559df94d28daaad0abe977be20fa323e8916697,kaggle_card_license_unknown_review_before_redistribution
data/datasets/efficientnet_kaggle_v1/val/wound/a1a2889d3f1a95ff.jpg,wound,val,data/raw/kaggle/ibrahimfateen_wound_classification/Wound_dataset copy/Pressure Wounds/mirrored_88_0.jpg,a1a2889d3f1a95ff7a7d1473adc418c35410ee026ae887fe935a9292e7bf6265,kaggle_card_license_unknown_review_before_redistribution
data/datasets/efficientnet_kaggle_v1/val/wound/e15b28368de073dc.jpg,wound,val,data/raw/kaggle/ibrahimfateen_wound_classification/Wound_dataset copy/Pressure Wounds/mirrored_89_0.jpg,e15b28368de073dcde7f66a830680c11d92ed723cf9d4a044ca6644456629acc,kaggle_card_license_unknown_review_before_redistribution
data/datasets/efficientnet_kaggle_v1/train/wound/1ae42e150cb93b22.jpg,wound,train,data/raw/kaggle/ibrahimfateen_wound_classification/Wound_dataset copy/Pressure Wounds/mirrored_8_0.jpg,1ae42e150cb93b22c3e658a6db24cdc348f8aed5e136518a0f876bb2d8f80324,kaggle_card_license_unknown_review_before_redistribution
data/datasets/efficientnet_kaggle_v1/train/wound/59ec6b8801bb29fd.jpg,wound,train,data/raw/kaggle/ibrahimfateen_wound_classification/Wound_dataset copy/Pressure Wounds/mirrored_90_0.jpg,59ec6b8801bb29fd182b68d0348669136752fc91a959d7721a53438a2b7c46da,kaggle_card_license_unknown_review_before_redistribution
data/datasets/efficientnet_kaggle_v1/train/wound/aff7f7e341bcc334.jpg,wound,train,data/raw/kaggle/ibrahimfateen_wound_classification/Wound_dataset copy/Pressure Wounds/mirrored_91_0.jpg,aff7f7e341bcc3340dfc5295b78502b18c1568d429b2f8aa1cf16f6a23769d89,kaggle_card_license_unknown_review_before_redistribution
data/datasets/efficientnet_kaggle_v1/train/wound/f5aee2ada80024c0.jpg,wound,train,data/raw/kaggle/ibrahimfateen_wound_classification/Wound_dataset copy/Pressure Wounds/mirrored_92_0.jpg,f5aee2ada80024c0c1758321cc84c1703f75e7c6c519edca4ef163640c1a77d5,kaggle_card_license_unknown_review_before_redistribution
data/datasets/efficientnet_kaggle_v1/test/wound/f1b69e27e160c39f.jpg,wound,test,data/raw/kaggle/ibrahimfateen_wound_classification/Wound_dataset copy/Pressure Wounds/mirrored_93_0.jpg,f1b69e27e160c39ff5956923cdd2ccb6cb2156a62b8e3871c6e765b993911873,kaggle_card_license_unknown_review_before_redistribution
data/datasets/efficientnet_kaggle_v1/train/wound/7625ce4f123711fb.jpg,wound,train,data/raw/kaggle/ibrahimfateen_wound_classification/Wound_dataset copy/Pressure Wounds/mirrored_94_0.jpg,7625ce4f123711fb559c2e1a87261c775f90d3c6129013dc292363fcc1f2854e,kaggle_card_license_unknown_review_before_redistribution
data/datasets/efficientnet_kaggle_v1/train/wound/8d78c30fcd7dbfe1.jpg,wound,train,data/raw/kaggle/ibrahimfateen_wound_classification/Wound_dataset copy/Pressure Wounds/mirrored_95_0.jpg,8d78c30fcd7dbfe107523c6685f1986ee0c5766eaee6335e6ed05cc4afc10719,kaggle_card_license_unknown_review_before_redistribution
data/datasets/efficientnet_kaggle_v1/val/wound/555f419f9652e641.jpg,wound,val,data/raw/kaggle/ibrahimfateen_wound_classification/Wound_dataset copy/Pressure Wounds/mirrored_96_0.jpg,555f419f9652e6415684d0c265048728cd5ca8711c35e2b6b2bf6066efeca87e,kaggle_card_license_unknown_review_before_redistribution
data/datasets/efficientnet_kaggle_v1/train/wound/970d6f3c74334e3d.jpg,wound,train,data/raw/kaggle/ibrahimfateen_wound_classification/Wound_dataset copy/Pressure Wounds/mirrored_97_0.jpg,970d6f3c74334e3daf47bcf2e506391b16feeb897bbcddea258d9164d568ba71,kaggle_card_license_unknown_review_before_redistribution
data/datasets/efficientnet_kaggle_v1/train/wound/89db9f977956a509.jpg,wound,train,data/raw/kaggle/ibrahimfateen_wound_classification/Wound_dataset copy/Pressure Wounds/mirrored_98_0.jpg,89db9f977956a509e5dc5e9cfbad8227d2b74ae100c34b7ddb53d68536431a24,kaggle_card_license_unknown_review_before_redistribution
data/datasets/efficientnet_kaggle_v1/train/wound/1c718ad38bdebd79.jpg,wound,train,data/raw/kaggle/ibrahimfateen_wound_classification/Wound_dataset copy/Pressure Wounds/mirrored_99_0.jpg,1c718ad38bdebd797d0b4c4a76c2c8ccbd2aa78c796aebfc69296fab62e98cca,kaggle_card_license_unknown_review_before_redistribution
data/datasets/efficientnet_kaggle_v1/val/wound/252489798a6eba1c.jpg,wound,val,data/raw/kaggle/ibrahimfateen_wound_classification/Wound_dataset copy/Pressure Wounds/mirrored_9_0.jpg,252489798a6eba1c7badde50b942669fa6b07a6b78ee54304238a96182052769,kaggle_card_license_unknown_review_before_redistribution
data/datasets/efficientnet_kaggle_v1/test/wound/496f86d96079c5f8.jpg,wound,test,data/raw/kaggle/ibrahimfateen_wound_classification/Wound_dataset copy/Pressure Wounds/mirrored_healing-pressure-ulcer-0001.jpg,496f86d96079c5f8f674733ec74b1c1f2d0dbe3173e2c446db65cf1739d3df18,kaggle_card_license_unknown_review_before_redistribution
data/datasets/efficientnet_kaggle_v1/train/wound/f6341d1a4d1ec36c.jpg,wound,train,data/raw/kaggle/ibrahimfateen_wound_classification/Wound_dataset copy/Pressure Wounds/mirrored_healing-pressure-ulcer-0002.jpg,f6341d1a4d1ec36c414c5bd160364aa8de4188cc645fcfc8be2adef68ecbe645,kaggle_card_license_unknown_review_before_redistribution
data/datasets/efficientnet_kaggle_v1/train/wound/54a2c7565b65f67a.jpg,wound,train,data/raw/kaggle/ibrahimfateen_wound_classification/Wound_dataset copy/Pressure Wounds/mirrored_healing-pressure-ulcer-0004.jpg,54a2c7565b65f67a6c632085459ed47cf8228e23387a6d656577abf16ab982ff,kaggle_card_license_unknown_review_before_redistribution
data/datasets/efficientnet_kaggle_v1/val/wound/ddcd161aba188921.jpg,wound,val,data/raw/kaggle/ibrahimfateen_wound_classification/Wound_dataset copy/Pressure Wounds/mirrored_healing-pressure-ulcer-0005.jpg,ddcd161aba188921319004ee0876d6096d8d8b3153081402f7170a8b16456dc3,kaggle_card_license_unknown_review_before_redistribution
data/datasets/efficientnet_kaggle_v1/train/wound/d22de1fdc45236bf.jpg,wound,train,data/raw/kaggle/ibrahimfateen_wound_classification/Wound_dataset copy/Pressure Wounds/mirrored_healing-pressure-ulcer-0006.jpg,d22de1fdc45236bf75765f590062eb5520adab4082c2e556ad3183bf0fa7b374,kaggle_card_license_unknown_review_before_redistribution
data/datasets/efficientnet_kaggle_v1/test/wound/c92d51e253cc3b8c.jpg,wound,test,data/raw/kaggle/ibrahimfateen_wound_classification/Wound_dataset copy/Pressure Wounds/mirrored_healing-pressure-ulcer-0007.jpg,c92d51e253cc3b8c825486353dded250e05645afc15b3c198f9094dd338b1903,kaggle_card_license_unknown_review_before_redistribution
data/datasets/efficientnet_kaggle_v1/train/wound/eb71a0f694bdfcc9.jpg,wound,train,data/raw/kaggle/ibrahimfateen_wound_classification/Wound_dataset copy/Pressure Wounds/mirrored_healing-pressure-ulcer-0009.jpg,eb71a0f694bdfcc91390d6e84ff7a250bd58e7e6c215ed563c6c53874721e87a,kaggle_card_license_unknown_review_before_redistribution
data/datasets/efficientnet_kaggle_v1/test/wound/f7395e1cfe88f5aa.jpg,wound,test,data/raw/kaggle/ibrahimfateen_wound_classification/Wound_dataset copy/Pressure Wounds/mirrored_healing-pressure-ulcer-0011.jpg,f7395e1cfe88f5aad3f6cf0a4f0b3fd62d52af2f459121d82739590984fdec88,kaggle_card_license_unknown_review_before_redistribution
data/datasets/efficientnet_kaggle_v1/train/wound/1b1ad33def615a19.jpg,wound,train,data/raw/kaggle/ibrahimfateen_wound_classification/Wound_dataset copy/Pressure Wounds/mirrored_healing-pressure-ulcer-0013.jpg,1b1ad33def615a19cc2d8d7c2f2e1bb52976f38be9f91d8b6e70dcb9d67bdb27,kaggle_card_license_unknown_review_before_redistribution
data/datasets/efficientnet_kaggle_v1/test/wound/ac21749b1ef25797.jpg,wound,test,data/raw/kaggle/ibrahimfateen_wound_classification/Wound_dataset copy/Pressure Wounds/mirrored_healing-pressure-ulcer-0014.jpg,ac21749b1ef25797b4acf5dbb0d8846889ddca10728bc1022abf54ea7c86c624,kaggle_card_license_unknown_review_before_redistribution
data/datasets/efficientnet_kaggle_v1/test/wound/c72427184aa1e625.jpg,wound,test,data/raw/kaggle/ibrahimfateen_wound_classification/Wound_dataset copy/Pressure Wounds/mirrored_healing-pressure-ulcer-0015.jpg,c72427184aa1e62546ed5147dbbb7344719b65826d03867cdb7882351caeb6dc,kaggle_card_license_unknown_review_before_redistribution
data/datasets/efficientnet_kaggle_v1/train/wound/1f346bf22b4c354a.jpg,wound,train,data/raw/kaggle/ibrahimfateen_wound_classification/Wound_dataset copy/Pressure Wounds/mirrored_healing-pressure-ulcer-0016.jpg,1f346bf22b4c354a114d37784975ff17531dc230207abe6e1dd437cbb1684452,kaggle_card_license_unknown_review_before_redistribution
data/datasets/efficientnet_kaggle_v1/test/wound/1c1883f4dfbf129e.jpg,wound,test,data/raw/kaggle/ibrahimfateen_wound_classification/Wound_dataset copy/Pressure Wounds/mirrored_healing-pressure-ulcer-0017.jpg,1c1883f4dfbf129e0cbb0293b8a19a8e15eba4bf88edf816a301fbc2f225dec2,kaggle_card_license_unknown_review_before_redistribution
data/datasets/efficientnet_kaggle_v1/train/wound/66d6c23f9f016a5b.jpg,wound,train,data/raw/kaggle/ibrahimfateen_wound_classification/Wound_dataset copy/Pressure Wounds/mirrored_healing-pressure-ulcer-0018.jpg,66d6c23f9f016a5b20aa3ad8fd3f8ab5fa822559b8cb793c39f3d02d2ee3c557,kaggle_card_license_unknown_review_before_redistribution
data/datasets/efficientnet_kaggle_v1/train/wound/282fc7bc9071cfb8.jpg,wound,train,data/raw/kaggle/ibrahimfateen_wound_classification/Wound_dataset copy/Pressure Wounds/mirrored_healing-pressure-ulcer-0019.jpg,282fc7bc9071cfb823cadcb59fb03d366c36b5aa80efe854c79e0ad109667bec,kaggle_card_license_unknown_review_before_redistribution
data/datasets/efficientnet_kaggle_v1/test/wound/6c64ccec4bc5964f.jpg,wound,test,data/raw/kaggle/ibrahimfateen_wound_classification/Wound_dataset copy/Pressure Wounds/mirrored_healing-pressure-ulcer-0021.jpg,6c64ccec4bc5964f0f65d27950bbda60cf25858842f558f236342eadbb4818e3,kaggle_card_license_unknown_review_before_redistribution
data/datasets/efficientnet_kaggle_v1/train/wound/3c0a7419feb9c13c.jpg,wound,train,data/raw/kaggle/ibrahimfateen_wound_classification/Wound_dataset copy/Pressure Wounds/mirrored_healing-pressure-ulcer-0022.jpg,3c0a7419feb9c13c1b095aa9ccf4659b59fe6edb66c10fd56e5e40e14d7f5293,kaggle_card_license_unknown_review_before_redistribution
data/datasets/efficientnet_kaggle_v1/train/wound/53d43560a9dbda30.jpg,wound,train,data/raw/kaggle/ibrahimfateen_wound_classification/Wound_dataset copy/Pressure Wounds/mirrored_healing-pressure-ulcer-0023.jpg,53d43560a9dbda30c095dd8bebcfe37f8c8ba4fc7e8ac82cc14ed68cf89b97aa,kaggle_card_license_unknown_review_before_redistribution
data/datasets/efficientnet_kaggle_v1/test/wound/d219d49d2be37054.jpg,wound,test,data/raw/kaggle/ibrahimfateen_wound_classification/Wound_dataset copy/Pressure Wounds/mirrored_healing-pressure-ulcer-0025.jpg,d219d49d2be37054673bed99ba931eeedb401cd6e9a559e4ce7c0cb2903edcd6,kaggle_card_license_unknown_review_before_redistribution
data/datasets/efficientnet_kaggle_v1/train/wound/78e5d46fe0e24314.jpg,wound,train,data/raw/kaggle/ibrahimfateen_wound_classification/Wound_dataset copy/Pressure Wounds/mirrored_healing-pressure-ulcer-0027.jpg,78e5d46fe0e24314c94625073cc95c660edee304c825997660b0c29bdeb6498b,kaggle_card_license_unknown_review_before_redistribution
data/datasets/efficientnet_kaggle_v1/train/wound/16f1d6dad4820e4d.jpg,wound,train,data/raw/kaggle/ibrahimfateen_wound_classification/Wound_dataset copy/Pressure Wounds/mirrored_healing-pressure-ulcer-0028.jpg,16f1d6dad4820e4dff8dafc9f9fc7d1d572300235d1fa8883ab47aaae29e91f3,kaggle_card_license_unknown_review_before_redistribution
data/datasets/efficientnet_kaggle_v1/test/wound/c19f61f5fc637792.jpg,wound,test,data/raw/kaggle/ibrahimfateen_wound_classification/Wound_dataset copy/Pressure Wounds/mirrored_healing-pressure-ulcer-0029.jpg,c19f61f5fc6377921997854dba31d1b8d5e84a7458b066bb6de3c609a89f247f,kaggle_card_license_unknown_review_before_redistribution
data/datasets/efficientnet_kaggle_v1/train/wound/40c012a643fb252a.jpg,wound,train,data/raw/kaggle/ibrahimfateen_wound_classification/Wound_dataset copy/Pressure Wounds/mirrored_healing-pressure-ulcer-0030.jpg,40c012a643fb252a3185d2f8b98a8c2123137edeca22870f8961a86262d79ee1,kaggle_card_license_unknown_review_before_redistribution
data/datasets/efficientnet_kaggle_v1/train/wound/ebd3e59751027dc6.jpg,wound,train,data/raw/kaggle/ibrahimfateen_wound_classification/Wound_dataset copy/Pressure Wounds/mirrored_healing-pressure-ulcer-0031.jpg,ebd3e59751027dc6226d262df9466897b1ddf78de0c55f8328848f6080ac4c48,kaggle_card_license_unknown_review_before_redistribution
data/datasets/efficientnet_kaggle_v1/test/wound/93a4699bc2276fee.jpg,wound,test,data/raw/kaggle/ibrahimfateen_wound_classification/Wound_dataset copy/Pressure Wounds/mirrored_healing-presure-ulcer-0008.jpg,93a4699bc2276fee2462fded605ea4e928191220f015e0b427fb591292b58aa8,kaggle_card_license_unknown_review_before_redistribution
data/datasets/efficientnet_kaggle_v1/train/wound/b1ddd71f64646911.jpg,wound,train,data/raw/kaggle/ibrahimfateen_wound_classification/Wound_dataset copy/Pressure Wounds/mirrored_healing-presure-ulcer-0012.jpg,b1ddd71f64646911849106952515ba8769a513b01b3015885b5afc5c05f1d83b,kaggle_card_license_unknown_review_before_redistribution
data/datasets/efficientnet_kaggle_v1/train/wound/9d9db8b453502370.jpg,wound,train,data/raw/kaggle/ibrahimfateen_wound_classification/Wound_dataset copy/Pressure Wounds/mirrored_healing-presure-ulcer-0026.jpg,9d9db8b4535023703db7a832e0993e1f3efc18e4cd0e29240971777ffac6d1d7,kaggle_card_license_unknown_review_before_redistribution
data/datasets/efficientnet_kaggle_v1/train/wound/dded7821487d2d66.jpg,wound,train,data/raw/kaggle/ibrahimfateen_wound_classification/Wound_dataset copy/Pressure Wounds/mirrored_healing0037.jpg,dded7821487d2d66c63cbd46b0a5c54ef2264fc25f11e7ba1a41bff8a934ad4d,kaggle_card_license_unknown_review_before_redistribution
data/datasets/efficientnet_kaggle_v1/train/wound/9f1250817871af3b.jpg,wound,train,data/raw/kaggle/ibrahimfateen_wound_classification/Wound_dataset copy/Pressure Wounds/mirrored_healing0038.jpg,9f1250817871af3b7aeab12e02c59c4a4ea3890aca2bb793b326891d474e7766,kaggle_card_license_unknown_review_before_redistribution
data/datasets/efficientnet_kaggle_v1/train/wound/5caae257feb308d8.jpg,wound,train,data/raw/kaggle/ibrahimfateen_wound_classification/Wound_dataset copy/Pressure Wounds/mirrored_necrotic-pressure-ulcer-0001.jpg,5caae257feb308d86fa5482390fed9f458578ef9b402cc52fe213359dc4505c3,kaggle_card_license_unknown_review_before_redistribution
data/datasets/efficientnet_kaggle_v1/train/wound/f09a4de794bd8ace.jpg,wound,train,data/raw/kaggle/ibrahimfateen_wound_classification/Wound_dataset copy/Pressure Wounds/mirrored_necrotic-pressure-ulcer-0002.jpg,f09a4de794bd8ace4576db546a4dd2eeb762325c5da31bada26a4c6d3757aef0,kaggle_card_license_unknown_review_before_redistribution
data/datasets/efficientnet_kaggle_v1/val/wound/44ef12b7f080bd29.jpg,wound,val,data/raw/kaggle/ibrahimfateen_wound_classification/Wound_dataset copy/Pressure Wounds/mirrored_necrotic-pressure-ulcer-0005.jpg,44ef12b7f080bd294691fdc919c97fe3d70cf7d8c876a98b82aba31f46138f0f,kaggle_card_license_unknown_review_before_redistribution
data/datasets/efficientnet_kaggle_v1/val/wound/321f4d94eefa130d.jpg,wound,val,data/raw/kaggle/ibrahimfateen_wound_classification/Wound_dataset copy/Pressure Wounds/mirrored_necrotic-pressure-ulcer-0006.jpg,321f4d94eefa130da29ef32573a9a49a289ea5d14ab3536e9229d29af2452c24,kaggle_card_license_unknown_review_before_redistribution
data/datasets/efficientnet_kaggle_v1/train/wound/eac23894719079e7.jpg,wound,train,data/raw/kaggle/ibrahimfateen_wound_classification/Wound_dataset copy/Pressure Wounds/mirrored_necrotic-pressure-ulcer-0007.jpg,eac23894719079e7bd167be575d19008202fe548370d799efaa80fd8d7188966,kaggle_card_license_unknown_review_before_redistribution
data/datasets/efficientnet_kaggle_v1/train/wound/9ea0af3db1e1ab1f.jpg,wound,train,data/raw/kaggle/ibrahimfateen_wound_classification/Wound_dataset copy/Pressure Wounds/mirrored_necrotic-pressure-ulcer-0008.jpg,9ea0af3db1e1ab1ffae80d90ca3b154eca4ec2cde28f75772e6553ec4040567e,kaggle_card_license_unknown_review_before_redistribution
data/datasets/efficientnet_kaggle_v1/train/wound/b15c34637e3547cf.jpg,wound,train,data/raw/kaggle/ibrahimfateen_wound_classification/Wound_dataset copy/Pressure Wounds/mirrored_necrotic-pressure-ulcer-0009.jpg,b15c34637e3547cf789b58b059b840aa83c44a954110240a3e8e00a7e8718d3b,kaggle_card_license_unknown_review_before_redistribution
data/datasets/efficientnet_kaggle_v1/val/wound/3f57da85a9d8047c.jpg,wound,val,data/raw/kaggle/ibrahimfateen_wound_classification/Wound_dataset copy/Pressure Wounds/mirrored_necrotic-pressure-ulcer-0010.jpg,3f57da85a9d8047c32bcc6f476b49de308395ee12902d7642b90e014be18101d,kaggle_card_license_unknown_review_before_redistribution
data/datasets/efficientnet_kaggle_v1/test/wound/22e19633ed34cbe7.jpg,wound,test,data/raw/kaggle/ibrahimfateen_wound_classification/Wound_dataset copy/Pressure Wounds/mirrored_necrotic-pressure-ulcer-0011.jpg,22e19633ed34cbe7c64d71b17520393fdf0627c3a212b1168a799c752f76341a,kaggle_card_license_unknown_review_before_redistribution
data/datasets/efficientnet_kaggle_v1/train/wound/3115e82392f0a7bd.jpg,wound,train,data/raw/kaggle/ibrahimfateen_wound_classification/Wound_dataset copy/Pressure Wounds/mirrored_necrotic-pressure-ulcer-0012.jpg,3115e82392f0a7bd6fd20822557f22e854bdddd303a9c370bcdc0d422f6972b3,kaggle_card_license_unknown_review_before_redistribution
data/datasets/efficientnet_kaggle_v1/train/wound/0eb65a32ff634400.jpg,wound,train,data/raw/kaggle/ibrahimfateen_wound_classification/Wound_dataset copy/Pressure Wounds/mirrored_necrotic-pressure-ulcer-0015.jpg,0eb65a32ff6344000a58482d2f15e5f86313339a4e07a3b578d20a71211a1beb,kaggle_card_license_unknown_review_before_redistribution
data/datasets/efficientnet_kaggle_v1/train/wound/6d103102b061912a.jpg,wound,train,data/raw/kaggle/ibrahimfateen_wound_classification/Wound_dataset copy/Pressure Wounds/mirrored_necrotic-pressure-ulcer-0016.jpg,6d103102b061912a643a3fdfca2fdb75a834e6725af3d5745c0643c504df3b8f,kaggle_card_license_unknown_review_before_redistribution
data/datasets/efficientnet_kaggle_v1/test/wound/75652a88852d60bd.jpg,wound,test,data/raw/kaggle/ibrahimfateen_wound_classification/Wound_dataset copy/Pressure Wounds/mirrored_necrotic-pressure-ulcer-0018.jpg,75652a88852d60bda0fc1edd64ec25965afd5d0b89e1eda194e0a4055cd8668e,kaggle_card_license_unknown_review_before_redistribution
data/datasets/efficientnet_kaggle_v1/train/wound/2bee5709dc65b77b.jpg,wound,train,data/raw/kaggle/ibrahimfateen_wound_classification/Wound_dataset copy/Pressure Wounds/mirrored_necrotic-pressure-ulcer-0019.jpg,2bee5709dc65b77b7228ce69552e04caf895360fa19b3ce16f67108a0e984dcf,kaggle_card_license_unknown_review_before_redistribution
data/datasets/efficientnet_kaggle_v1/train/wound/c0ae639d842df9e0.jpg,wound,train,data/raw/kaggle/ibrahimfateen_wound_classification/Wound_dataset copy/Pressure Wounds/mirrored_necrotic-pressure-ulcer-0020.jpg,c0ae639d842df9e0b445675ea2ecd474f7af0077af66071ff6f1d86c204f0591,kaggle_card_license_unknown_review_before_redistribution
data/datasets/efficientnet_kaggle_v1/val/wound/3051ff0a55c3d766.jpg,wound,val,data/raw/kaggle/ibrahimfateen_wound_classification/Wound_dataset copy/Pressure Wounds/mirrored_necrotic-pressure-ulcer-0021.jpg,3051ff0a55c3d766a8838e0ebc3d224e1c4b4aa3324b2e01be9285cd015fc65c,kaggle_card_license_unknown_review_before_redistribution
data/datasets/efficientnet_kaggle_v1/val/wound/0be1739da3fcd2a0.jpg,wound,val,data/raw/kaggle/ibrahimfateen_wound_classification/Wound_dataset copy/Pressure Wounds/mirrored_necrotic-pressure-ulcer-0022.jpg,0be1739da3fcd2a0b7d2e73de3b10e9c0fc359c92035af73a4de6676e0ca1501,kaggle_card_license_unknown_review_before_redistribution
data/datasets/efficientnet_kaggle_v1/test/wound/36971641a2070ea4.jpg,wound,test,data/raw/kaggle/ibrahimfateen_wound_classification/Wound_dataset copy/Pressure Wounds/mirrored_pressure-ulcer-on-foot-0003.jpg,36971641a2070ea43fc6a8d96983346a7779b5c6e79ed1af5e91a1f12c5e760f,kaggle_card_license_unknown_review_before_redistribution
data/datasets/efficientnet_kaggle_v1/test/wound/7d617c3f426e7ddf.jpg,wound,test,data/raw/kaggle/ibrahimfateen_wound_classification/Wound_dataset copy/Pressure Wounds/mirrored_pressure-ulcer-on-foot-0006.jpg,7d617c3f426e7ddf37507918c7da8af62d050a2d377bed1fe160fc41dde244c8,kaggle_card_license_unknown_review_before_redistribution
data/datasets/efficientnet_kaggle_v1/train/wound/21844c07f5e01e20.jpg,wound,train,data/raw/kaggle/ibrahimfateen_wound_classification/Wound_dataset copy/Pressure Wounds/mirrored_pressure-ulcer-on-foot-0008.jpg,21844c07f5e01e200694737ccaf1203ae6cadfb8570d2e6e3bfd2f7ead0a59a0,kaggle_card_license_unknown_review_before_redistribution
data/datasets/efficientnet_kaggle_v1/val/wound/70f03ac37fe8461e.jpg,wound,val,data/raw/kaggle/ibrahimfateen_wound_classification/Wound_dataset copy/Pressure Wounds/mirrored_pressure-ulcer-on-foot-0009.jpg,70f03ac37fe8461e9d69a90f429280d81a29510f98bbec904b915de6f8e13d8d,kaggle_card_license_unknown_review_before_redistribution
data/datasets/efficientnet_kaggle_v1/train/wound/d20d0aa91c89adc1.jpg,wound,train,data/raw/kaggle/ibrahimfateen_wound_classification/Wound_dataset copy/Pressure Wounds/mirrored_pressure-ulcer-on-foot-0011.jpg,d20d0aa91c89adc196f3f348592ff53ab0bf8530bf2f65b2d988598814244ba2,kaggle_card_license_unknown_review_before_redistribution
data/datasets/efficientnet_kaggle_v1/train/wound/d5c51acb39768035.jpg,wound,train,data/raw/kaggle/ibrahimfateen_wound_classification/Wound_dataset copy/Pressure Wounds/mirrored_pressure-ulcer-on-foot-0013.jpg,d5c51acb39768035173f6d62f29161862a9382e422a7fad9abe2cb7e6e4a72cf,kaggle_card_license_unknown_review_before_redistribution
data/datasets/efficientnet_kaggle_v1/train/wound/383fcb57603f5be3.jpg,wound,train,data/raw/kaggle/ibrahimfateen_wound_classification/Wound_dataset copy/Pressure Wounds/mirrored_pressure-ulcer-on-foot-0016.jpg,383fcb57603f5be37caf56010a552e9a9bb460cf30061e6957f28689fb05abdf,kaggle_card_license_unknown_review_before_redistribution
data/datasets/efficientnet_kaggle_v1/val/wound/6bbec4381fde0bc1.jpg,wound,val,data/raw/kaggle/ibrahimfateen_wound_classification/Wound_dataset copy/Pressure Wounds/mirrored_pressure-ulcer-on-foot-0017.jpg,6bbec4381fde0bc1124e350f22b9c4d08ecf9cf8a910f6fa1c3a3cc23f4e4693,kaggle_card_license_unknown_review_before_redistribution
data/datasets/efficientnet_kaggle_v1/train/wound/1e9a9235db74babe.jpg,wound,train,data/raw/kaggle/ibrahimfateen_wound_classification/Wound_dataset copy/Pressure Wounds/mirrored_pressure-ulcer-on-foot-0018.jpg,1e9a9235db74babe874e9ecd90dde90a24caf3dc8d81694a667621d7af7ecac5,kaggle_card_license_unknown_review_before_redistribution
data/datasets/efficientnet_kaggle_v1/train/wound/c6b7c902f595ffa0.jpg,wound,train,data/raw/kaggle/ibrahimfateen_wound_classification/Wound_dataset copy/Pressure Wounds/mirrored_pressure-ulcer-on-foot-0019.jpg,c6b7c902f595ffa02b3c24ae2309bef9388a0ad2d715a597473869956125350b,kaggle_card_license_unknown_review_before_redistribution
data/datasets/efficientnet_kaggle_v1/train/wound/1b4f6df754d3ee55.jpg,wound,train,data/raw/kaggle/ibrahimfateen_wound_classification/Wound_dataset copy/Pressure Wounds/mirrored_pressure-ulcer-on-foot-0020.jpg,1b4f6df754d3ee55351edf6eece41d07f6c441e6863859b09e620a908739d513,kaggle_card_license_unknown_review_before_redistribution
data/datasets/efficientnet_kaggle_v1/train/wound/5605550af3015cf1.jpg,wound,train,data/raw/kaggle/ibrahimfateen_wound_classification/Wound_dataset copy/Pressure Wounds/mirrored_pressure-ulcer-on-foot-0022.jpg,5605550af3015cf12bcc2eb5f1b380e34742c3464a8655b04063548e99745fbb,kaggle_card_license_unknown_review_before_redistribution
data/datasets/efficientnet_kaggle_v1/train/wound/b712523df0a87750.jpg,wound,train,data/raw/kaggle/ibrahimfateen_wound_classification/Wound_dataset copy/Pressure Wounds/mirrored_pressure-ulcer-on-foot-0023.jpg,b712523df0a877508097a5655b87ed4e8316a504bc21c06e86562b76e2c9a8a4,kaggle_card_license_unknown_review_before_redistribution
data/datasets/efficientnet_kaggle_v1/val/wound/8b31a4631bde50eb.jpg,wound,val,data/raw/kaggle/ibrahimfateen_wound_classification/Wound_dataset copy/Pressure Wounds/mirrored_pressure-ulcer-on-foot-0024.jpg,8b31a4631bde50ebe4fc6041cf0f90f176ddcd93085f7f82ddf4371124e9d12d,kaggle_card_license_unknown_review_before_redistribution
data/datasets/efficientnet_kaggle_v1/train/wound/2a85b2774c8f3846.jpg,wound,train,data/raw/kaggle/ibrahimfateen_wound_classification/Wound_dataset copy/Pressure Wounds/mirrored_pressure-ulcer-on-foot-0025.jpg,2a85b2774c8f38466fcb602143d2a95f4dc7bc332b1abbb29d065d76a4cfbac4,kaggle_card_license_unknown_review_before_redistribution
data/datasets/efficientnet_kaggle_v1/train/wound/b4f817380b5efb81.jpg,wound,train,data/raw/kaggle/ibrahimfateen_wound_classification/Wound_dataset copy/Pressure Wounds/mirrored_pressure-ulcer-on-foot-0026.jpg,b4f817380b5efb81896ee97fbe20b952ee056eef6d1488b3600400716c7519a4,kaggle_card_license_unknown_review_before_redistribution
data/datasets/efficientnet_kaggle_v1/train/wound/aa6cde5f504d0267.jpg,wound,train,data/raw/kaggle/ibrahimfateen_wound_classification/Wound_dataset copy/Pressure Wounds/mirrored_pressure-ulcer-on-foot-0027.jpg,aa6cde5f504d02676d2abcd96015ddd6f0ba8106a27c5ef3719483992677dd40,kaggle_card_license_unknown_review_before_redistribution
data/datasets/efficientnet_kaggle_v1/train/wound/a70493d0cc4b6ba6.jpg,wound,train,data/raw/kaggle/ibrahimfateen_wound_classification/Wound_dataset copy/Pressure Wounds/mirrored_pressure-ulcer-on-foot-0028.jpg,a70493d0cc4b6ba604009ecc3652d1d9954e665990cc0325b89a974a32c4a05a,kaggle_card_license_unknown_review_before_redistribution
data/datasets/efficientnet_kaggle_v1/train/wound/1f4a68a24d5fed02.jpg,wound,train,data/raw/kaggle/ibrahimfateen_wound_classification/Wound_dataset copy/Pressure Wounds/mirrored_pressure-ulcer-on-foot-0029.jpg,1f4a68a24d5fed028a34efae30ed6944a2b1228465c7746b857dbe030583fdf7,kaggle_card_license_unknown_review_before_redistribution
data/datasets/efficientnet_kaggle_v1/val/wound/40f1cb6eb61b72c9.jpg,wound,val,data/raw/kaggle/ibrahimfateen_wound_classification/Wound_dataset copy/Pressure Wounds/mirrored_pressure-ulcer-on-foot-0031.jpg,40f1cb6eb61b72c9f3d9c2cc37c18dfa0645763dbba6da8fcf0143b43b7b51cf,kaggle_card_license_unknown_review_before_redistribution
data/datasets/efficientnet_kaggle_v1/test/wound/ec735a29f64ed6e9.jpg,wound,test,data/raw/kaggle/ibrahimfateen_wound_classification/Wound_dataset copy/Pressure Wounds/mirrored_pressure-ulcer-on-foot-0032.jpg,ec735a29f64ed6e90dfc18dd358b0ac100c1e266aa61700e803b9636b40e95a8,kaggle_card_license_unknown_review_before_redistribution
data/datasets/efficientnet_kaggle_v1/train/wound/158785cd6ccf5b3d.jpg,wound,train,data/raw/kaggle/ibrahimfateen_wound_classification/Wound_dataset copy/Pressure Wounds/mirrored_pressure-ulcer-on-foot-0039.jpg,158785cd6ccf5b3d08dc48740a23c43d32ff44b74ac55852fe9e116df2c5db84,kaggle_card_license_unknown_review_before_redistribution
data/datasets/efficientnet_kaggle_v1/train/wound/4633e6bac810d9d3.jpg,wound,train,data/raw/kaggle/ibrahimfateen_wound_classification/Wound_dataset copy/Pressure Wounds/mirrored_pressure-ulcer-on-foot-0041.jpg,4633e6bac810d9d3b99123bb2cfdcf438b60750ec29878375175608d529d7091,kaggle_card_license_unknown_review_before_redistribution
data/datasets/efficientnet_kaggle_v1/train/wound/67a5314403436fb8.jpg,wound,train,data/raw/kaggle/ibrahimfateen_wound_classification/Wound_dataset copy/Pressure Wounds/mirrored_pressure-ulcer-on-foot-0042.jpg,67a5314403436fb88d08b7f2ed49d0992c72551aaad201d7131bb727eafd1621,kaggle_card_license_unknown_review_before_redistribution
data/datasets/efficientnet_kaggle_v1/train/wound/a68f972cebad6fc1.jpg,wound,train,data/raw/kaggle/ibrahimfateen_wound_classification/Wound_dataset copy/Pressure Wounds/mirrored_pressure-ulcer-on-foot-0043.jpg,a68f972cebad6fc1f5ea1e0411b25b11a3d40f2817f8f099ce286c8ed2fc35c2,kaggle_card_license_unknown_review_before_redistribution
data/datasets/efficientnet_kaggle_v1/train/wound/f2b31578b835eb0e.jpg,wound,train,data/raw/kaggle/ibrahimfateen_wound_classification/Wound_dataset copy/Pressure Wounds/mirrored_pressure-ulcer-on-foot-0044.jpg,f2b31578b835eb0ee10e527dd7f2feed1ffa365e3fee6b3787bedb929cc6c78f,kaggle_card_license_unknown_review_before_redistribution
data/datasets/efficientnet_kaggle_v1/test/wound/f46c377c3b52e6f1.jpg,wound,test,data/raw/kaggle/ibrahimfateen_wound_classification/Wound_dataset copy/Pressure Wounds/mirrored_pressure-ulcer-on-foot-0045.jpg,f46c377c3b52e6f16547dc805d0a899261b1bbefd013c79cdad6eacebc836d3a,kaggle_card_license_unknown_review_before_redistribution
data/datasets/efficientnet_kaggle_v1/train/wound/e8622ecf5eba7ee6.jpg,wound,train,data/raw/kaggle/ibrahimfateen_wound_classification/Wound_dataset copy/Pressure Wounds/mirrored_pressure-ulcer-on-foot-0046.jpg,e8622ecf5eba7ee6a8d6cca64cece25d26142fd9c6d021dceb761a741de1de0c,kaggle_card_license_unknown_review_before_redistribution
data/datasets/efficientnet_kaggle_v1/train/wound/c84020abd6fc3fb8.jpg,wound,train,data/raw/kaggle/ibrahimfateen_wound_classification/Wound_dataset copy/Pressure Wounds/mirrored_pressure-ulcer-on-foot-0049.jpg,c84020abd6fc3fb899bf0a9a2fcf59264163652140be437c3995941cc78aa603,kaggle_card_license_unknown_review_before_redistribution
data/datasets/efficientnet_kaggle_v1/train/wound/de02dd03976d5a1d.jpg,wound,train,data/raw/kaggle/ibrahimfateen_wound_classification/Wound_dataset copy/Pressure Wounds/mirrored_pressure-ulcer-on-foot-0050.jpg,de02dd03976d5a1dab6e21d985c161d3ea6eb7d9d32ea23c2aa2cbf91469eca1,kaggle_card_license_unknown_review_before_redistribution
data/datasets/efficientnet_kaggle_v1/train/wound/922eb5ede4ebd985.jpg,wound,train,data/raw/kaggle/ibrahimfateen_wound_classification/Wound_dataset copy/Pressure Wounds/mirrored_pressure-ulcer-on-foot-0051.jpg,922eb5ede4ebd985aea72b8d2fab8da58dd86c3933020e56ff041fb0025082ab,kaggle_card_license_unknown_review_before_redistribution
data/datasets/efficientnet_kaggle_v1/train/wound/6e01e75be436257a.jpg,wound,train,data/raw/kaggle/ibrahimfateen_wound_classification/Wound_dataset copy/Pressure Wounds/mirrored_pressure-ulcer-on-foot-0052.jpg,6e01e75be436257a1cce02046cde2ffa49d1dabdeb2beaf060e4e012b9e174f5,kaggle_card_license_unknown_review_before_redistribution
data/datasets/efficientnet_kaggle_v1/test/wound/d9019e242e57534c.jpg,wound,test,data/raw/kaggle/ibrahimfateen_wound_classification/Wound_dataset copy/Pressure Wounds/mirrored_pressure-ulcer-on-head-006.jpg,d9019e242e57534c8f1ea7e67c675ee44b36f8d2926947f752fef1ff2d8b65c7,kaggle_card_license_unknown_review_before_redistribution
data/datasets/efficientnet_kaggle_v1/train/wound/0b7fdf4f3dfa3c0a.jpg,wound,train,data/raw/kaggle/ibrahimfateen_wound_classification/Wound_dataset copy/Pressure Wounds/mirrored_pressure-ulcer-on-neck-0002.jpg,0b7fdf4f3dfa3c0a67656644c1d132a09edc3be7ede378dbcaf9d94f2e4fe154,kaggle_card_license_unknown_review_before_redistribution
data/datasets/efficientnet_kaggle_v1/train/wound/820b38257e873e93.jpg,wound,train,data/raw/kaggle/ibrahimfateen_wound_classification/Wound_dataset copy/Pressure Wounds/mirrored_pressure-ulcer-on-neck-001.jpg,820b38257e873e93debd1dceeb44d399e5db463fa7855a5c6387e83e735d571d,kaggle_card_license_unknown_review_before_redistribution
data/datasets/efficientnet_kaggle_v1/train/wound/665c390027ce325e.jpg,wound,train,data/raw/kaggle/ibrahimfateen_wound_classification/Wound_dataset copy/Pressure Wounds/mirrored_pressure-ulcer-on-neck-003.jpg,665c390027ce325ebaffc1ada898389644ca8d3d540102a66c189ecddc6d389a,kaggle_card_license_unknown_review_before_redistribution
data/datasets/efficientnet_kaggle_v1/train/wound/671eb20b149dd1a1.jpg,wound,train,data/raw/kaggle/ibrahimfateen_wound_classification/Wound_dataset copy/Pressure Wounds/mirrored_pressure-ulcer-on-neck-004.jpg,671eb20b149dd1a1d5056e95dd09fd9a8faff80c9ff7c81fd7ea66c73c3dce92,kaggle_card_license_unknown_review_before_redistribution
data/datasets/efficientnet_kaggle_v1/test/wound/389b916695e5ea5c.jpg,wound,test,data/raw/kaggle/ibrahimfateen_wound_classification/Wound_dataset copy/Pressure Wounds/mirrored_sloughy-pressure-ulcer-0001.jpg,389b916695e5ea5c4a9e111e054edd4e712e5295c0819c3b4e6b7e6b747c764e,kaggle_card_license_unknown_review_before_redistribution
data/datasets/efficientnet_kaggle_v1/val/wound/468052a442d57504.jpg,wound,val,data/raw/kaggle/ibrahimfateen_wound_classification/Wound_dataset copy/Pressure Wounds/mirrored_sloughy-pressure-ulcer-0002.jpg,468052a442d5750457cd135f353bdcd3d5d9320776fad8c6dbb52c1adbbecb33,kaggle_card_license_unknown_review_before_redistribution
data/datasets/efficientnet_kaggle_v1/test/wound/1703da088e5f747e.jpg,wound,test,data/raw/kaggle/ibrahimfateen_wound_classification/Wound_dataset copy/Pressure Wounds/mirrored_sloughy-pressure-ulcer-0004.jpg,1703da088e5f747e25616fecb820a5cffb44398a7ca954fdfd4c782a0369a488,kaggle_card_license_unknown_review_before_redistribution
data/datasets/efficientnet_kaggle_v1/train/wound/2601ef0d217943d5.jpg,wound,train,data/raw/kaggle/ibrahimfateen_wound_classification/Wound_dataset copy/Pressure Wounds/mirrored_sloughy-pressure-ulcer-0005.jpg,2601ef0d217943d5a00ce4d1f90e60fa37bfe4cef36a6cbc1111a4e0b2ceb413,kaggle_card_license_unknown_review_before_redistribution
data/datasets/efficientnet_kaggle_v1/test/wound/cb834d6f770862b8.jpg,wound,test,data/raw/kaggle/ibrahimfateen_wound_classification/Wound_dataset copy/Pressure Wounds/mirrored_sloughy-pressure-ulcer-0006.jpg,cb834d6f770862b8524114c4bbdef2e31d98b1bf3ba20e8137089851f9848054,kaggle_card_license_unknown_review_before_redistribution
data/datasets/efficientnet_kaggle_v1/test/wound/3fb326740967a47e.jpg,wound,test,data/raw/kaggle/ibrahimfateen_wound_classification/Wound_dataset copy/Pressure Wounds/mirrored_sloughy-pressure-ulcer-0008.jpg,3fb326740967a47ee0855b2e32737d6e527c97550dd652be5610a20344c28b91,kaggle_card_license_unknown_review_before_redistribution
data/datasets/efficientnet_kaggle_v1/val/wound/92b6777dbf426ea8.jpg,wound,val,data/raw/kaggle/ibrahimfateen_wound_classification/Wound_dataset copy/Pressure Wounds/mirrored_sloughy-pressure-ulcer-0009.jpg,92b6777dbf426ea8ab50a2d1a660f59f10e5688979fe0292cd211455c027590c,kaggle_card_license_unknown_review_before_redistribution
data/datasets/efficientnet_kaggle_v1/train/wound/e65c9127e4cf11bd.jpg,wound,train,data/raw/kaggle/ibrahimfateen_wound_classification/Wound_dataset copy/Pressure Wounds/mirrored_sloughy-pressure-ulcer-0010.jpg,e65c9127e4cf11bd889f4edc99f642f59f8124311f368fbc31b0bbe8b8e6cb62,kaggle_card_license_unknown_review_before_redistribution
data/datasets/efficientnet_kaggle_v1/train/wound/c132203c7e0c34ca.jpg,wound,train,data/raw/kaggle/ibrahimfateen_wound_classification/Wound_dataset copy/Pressure Wounds/mirrored_sloughy-pressure-ulcer-0011.jpg,c132203c7e0c34caae6ab7c2f78171013e7d5a8a92365226c0da8bf9b50e91d1,kaggle_card_license_unknown_review_before_redistribution
data/datasets/efficientnet_kaggle_v1/train/wound/fb7146734231974e.jpg,wound,train,data/raw/kaggle/ibrahimfateen_wound_classification/Wound_dataset copy/Pressure Wounds/mirrored_sloughy-pressure-ulcer-0012.jpg,fb7146734231974e292c583fa3ee668064d028ba7287280f1aa6c49a5ee4fa96,kaggle_card_license_unknown_review_before_redistribution
data/datasets/efficientnet_kaggle_v1/val/wound/8f36acce7338d7db.jpg,wound,val,data/raw/kaggle/ibrahimfateen_wound_classification/Wound_dataset copy/Pressure Wounds/mirrored_sloughy-pressure-ulcer-0013.jpg,8f36acce7338d7dbd9c7e1dd25974aff2ab59865b39a87463d4917d81a14cfa7,kaggle_card_license_unknown_review_before_redistribution
data/datasets/efficientnet_kaggle_v1/test/wound/17bf9631bbe8579e.jpg,wound,test,data/raw/kaggle/ibrahimfateen_wound_classification/Wound_dataset copy/Pressure Wounds/mirrored_sloughy-pressure-ulcer-0014.jpg,17bf9631bbe8579eaf1c0485012795ef3a09ae53764971ba1dc5239fb639fe63,kaggle_card_license_unknown_review_before_redistribution
data/datasets/efficientnet_kaggle_v1/train/wound/9550b21bbff4e31d.jpg,wound,train,data/raw/kaggle/ibrahimfateen_wound_classification/Wound_dataset copy/Pressure Wounds/mirrored_sloughy-pressure-ulcer-0015.jpg,9550b21bbff4e31d27424b4ccea0f2588d9505b79312f5887eed20112b2759ac,kaggle_card_license_unknown_review_before_redistribution
data/datasets/efficientnet_kaggle_v1/val/wound/8d90e6ff74aa9542.jpg,wound,val,data/raw/kaggle/ibrahimfateen_wound_classification/Wound_dataset copy/Pressure Wounds/mirrored_sloughy-pressure-ulcer-0016.jpg,8d90e6ff74aa9542e45490ded3c2260e180300c039943631375084057fdd051a,kaggle_card_license_unknown_review_before_redistribution
data/datasets/efficientnet_kaggle_v1/train/wound/07a8fa3a39e4699b.jpg,wound,train,data/raw/kaggle/ibrahimfateen_wound_classification/Wound_dataset copy/Pressure Wounds/mirrored_sloughy-pressure-ulcer-0017.jpg,07a8fa3a39e4699bc67072f87d80ec5c5f5327c5356aec53e857884baf08f575,kaggle_card_license_unknown_review_before_redistribution
data/datasets/efficientnet_kaggle_v1/train/wound/f004e2d8aad17bfc.jpg,wound,train,data/raw/kaggle/ibrahimfateen_wound_classification/Wound_dataset copy/Pressure Wounds/mirrored_sloughy-pressure-ulcer-0018.jpg,f004e2d8aad17bfc2f8ae1ea6d7a9f882914c6bb049576ab372ae848d70a6901,kaggle_card_license_unknown_review_before_redistribution
data/datasets/efficientnet_kaggle_v1/train/wound/26bda3c89dac2af2.jpg,wound,train,data/raw/kaggle/ibrahimfateen_wound_classification/Wound_dataset copy/Pressure Wounds/mirrored_sloughy-pressure-ulcer-0019.jpg,26bda3c89dac2af23047e13b691d0167d4a9f0b438377ff093b410ea4c7b79cc,kaggle_card_license_unknown_review_before_redistribution
data/datasets/efficientnet_kaggle_v1/test/wound/897c95bcd31d7bda.jpg,wound,test,data/raw/kaggle/ibrahimfateen_wound_classification/Wound_dataset copy/Pressure Wounds/mirrored_sloughy-pressure-ulcer-0021.jpg,897c95bcd31d7bda3c6e0f20f6a14e62c6ed1e202f5f738c5f7adf868b28487a,kaggle_card_license_unknown_review_before_redistribution
data/datasets/efficientnet_kaggle_v1/train/wound/95cdd6fe78c45e1b.jpg,wound,train,data/raw/kaggle/ibrahimfateen_wound_classification/Wound_dataset copy/Pressure Wounds/mirrored_sloughy-pressure-ulcer-0022.jpg,95cdd6fe78c45e1b5f9fb2112bfd90f7f6fd65b03d067d7d681609ccd0d25abe,kaggle_card_license_unknown_review_before_redistribution
data/datasets/efficientnet_kaggle_v1/train/wound/72852aaaf4501f59.jpg,wound,train,data/raw/kaggle/ibrahimfateen_wound_classification/Wound_dataset copy/Pressure Wounds/mirrored_sloughy-pressure-ulcer-0023.jpg,72852aaaf4501f59425b82c4b444608e3aee77b234892560e93c2427afe07fd7,kaggle_card_license_unknown_review_before_redistribution
data/datasets/efficientnet_kaggle_v1/train/wound/993bcb5efa0eabe8.jpg,wound,train,data/raw/kaggle/ibrahimfateen_wound_classification/Wound_dataset copy/Pressure Wounds/mirrored_sloughy-pressure-ulcer-0024.jpg,993bcb5efa0eabe839ec5fedc93352627ce9082d1d0e40613e97fedd089d80a8,kaggle_card_license_unknown_review_before_redistribution
data/datasets/efficientnet_kaggle_v1/val/wound/9b078f820d6cc254.jpg,wound,val,data/raw/kaggle/ibrahimfateen_wound_classification/Wound_dataset copy/Pressure Wounds/mirrored_sloughy-pressure-ulcer-0025.jpg,9b078f820d6cc2547651b1fc49664ec92981f74d0c7747e1d6fc3585e1a1093b,kaggle_card_license_unknown_review_before_redistribution
data/datasets/efficientnet_kaggle_v1/train/wound/c09aac3cd83320e3.jpg,wound,train,data/raw/kaggle/ibrahimfateen_wound_classification/Wound_dataset copy/Pressure Wounds/mirrored_sloughy-pressure-ulcer-0026.jpg,c09aac3cd83320e3813f08b18a6b0a7127bf3363526101304dfac1019c4345d1,kaggle_card_license_unknown_review_before_redistribution
data/datasets/efficientnet_kaggle_v1/train/wound/b7808eda3b30bd55.jpg,wound,train,data/raw/kaggle/ibrahimfateen_wound_classification/Wound_dataset copy/Pressure Wounds/mirrored_sloughy-pressure-ulcer-0027.jpg,b7808eda3b30bd55024103551f6d119dd23fe6ea887869c01f8720fa36563593,kaggle_card_license_unknown_review_before_redistribution
data/datasets/efficientnet_kaggle_v1/train/wound/17217520e75bad85.jpg,wound,train,data/raw/kaggle/ibrahimfateen_wound_classification/Wound_dataset copy/Pressure Wounds/mirrored_sloughy-pressure-ulcer-0028.jpg,17217520e75bad853a644bd6d2236e1e8b3898974c54cbdde588e964a15f07cb,kaggle_card_license_unknown_review_before_redistribution
data/datasets/efficientnet_kaggle_v1/test/wound/0e0d94cdacfd599f.jpg,wound,test,data/raw/kaggle/ibrahimfateen_wound_classification/Wound_dataset copy/Pressure Wounds/mirrored_sloughy-pressure-ulcer-0029.jpg,0e0d94cdacfd599f3576f053a0bb9af4bd79d4d1a050024e05e87663eaf133ea,kaggle_card_license_unknown_review_before_redistribution
data/datasets/efficientnet_kaggle_v1/train/wound/42c6d84d60177ade.jpg,wound,train,data/raw/kaggle/ibrahimfateen_wound_classification/Wound_dataset copy/Pressure Wounds/mirrored_sloughy-pressure-ulcer-0030.jpg,42c6d84d60177adeafba5ba1686aab8e945ef9dfb93fa154cd33967386df49eb,kaggle_card_license_unknown_review_before_redistribution
data/datasets/efficientnet_kaggle_v1/val/wound/4e42523ac1df7ad8.jpg,wound,val,data/raw/kaggle/ibrahimfateen_wound_classification/Wound_dataset copy/Pressure Wounds/mirrored_sloughy-pressure-ulcer-0031.jpg,4e42523ac1df7ad8a1a68b83c56d2c4b4c1ef1f4b2b71845708d0500a2de2b39,kaggle_card_license_unknown_review_before_redistribution
data/datasets/efficientnet_kaggle_v1/train/wound/70c3413b08873188.jpg,wound,train,data/raw/kaggle/ibrahimfateen_wound_classification/Wound_dataset copy/Pressure Wounds/mirrored_sloughy-pressure-ulcer-0032.jpg,70c3413b088731886298320039f08c25672f3426f012e4d866b6ca8f1b595bbc,kaggle_card_license_unknown_review_before_redistribution
data/datasets/efficientnet_kaggle_v1/train/wound/3ca17cfbeb3aff9e.jpg,wound,train,data/raw/kaggle/ibrahimfateen_wound_classification/Wound_dataset copy/Pressure Wounds/mirrored_sloughy-pressure-ulcer-0033.jpg,3ca17cfbeb3aff9ef5da98a8e5f993d0bf24baedbc770d27eac1c87dcdfb87bb,kaggle_card_license_unknown_review_before_redistribution
data/datasets/efficientnet_kaggle_v1/train/wound/c66c865cf8f31052.jpg,wound,train,data/raw/kaggle/ibrahimfateen_wound_classification/Wound_dataset copy/Pressure Wounds/mirrored_sloughy-pressure-ulcer-0035.jpg,c66c865cf8f310524c7d2301c53606fda69e9ebd3d732019a6b77353e0a32084,kaggle_card_license_unknown_review_before_redistribution
data/datasets/efficientnet_kaggle_v1/train/wound/4a97c214ac7680d8.jpg,wound,train,data/raw/kaggle/ibrahimfateen_wound_classification/Wound_dataset copy/Pressure Wounds/mirrored_sloughy-pressure-ulcer-0037.jpg,4a97c214ac7680d8045247250df4e591daf8db987184f680f6c236c79a00b78a,kaggle_card_license_unknown_review_before_redistribution
data/datasets/efficientnet_kaggle_v1/val/wound/790d35d4fe7aec0d.jpg,wound,val,data/raw/kaggle/ibrahimfateen_wound_classification/Wound_dataset copy/Pressure Wounds/mirrored_sloughy-pressure-ulcer-0038.jpg,790d35d4fe7aec0d386624f902b290ea8016a30179ca48c460ff4cdc046673ef,kaggle_card_license_unknown_review_before_redistribution
data/datasets/efficientnet_kaggle_v1/train/wound/b24a63abd64a692c.jpg,wound,train,data/raw/kaggle/ibrahimfateen_wound_classification/Wound_dataset copy/Pressure Wounds/mirrored_sloughy-presure-ulcer-0020.jpg,b24a63abd64a692cce36abfffcc0e6f2da44bd8a17a27cde83754ac1d896922a,kaggle_card_license_unknown_review_before_redistribution
data/datasets/efficientnet_kaggle_v1/train/wound/9af87325bc86ad9e.jpg,wound,train,data/raw/kaggle/ibrahimfateen_wound_classification/Wound_dataset copy/Pressure Wounds/mirrored_sloughy-presure-ulcer-0036.jpg,9af87325bc86ad9e905f6f0b3ad0283bca2d1f1237e7b787e98c08cef9a57ea9,kaggle_card_license_unknown_review_before_redistribution
data/datasets/efficientnet_kaggle_v1/train/wound/8af011015616c4b6.jpg,wound,train,data/raw/kaggle/ibrahimfateen_wound_classification/Wound_dataset copy/Pressure Wounds/mirrored_superficial-pressure-ulcer0001.jpg,8af011015616c4b6efd8c7d97684a51127bcee194aa349c4a3400b0d4326356e,kaggle_card_license_unknown_review_before_redistribution
data/datasets/efficientnet_kaggle_v1/val/wound/6ae408da9d0a03f3.jpg,wound,val,data/raw/kaggle/ibrahimfateen_wound_classification/Wound_dataset copy/Pressure Wounds/mirrored_superficial-pressure-ulcer0002.jpg,6ae408da9d0a03f3c7564e7cd8633155f00bf4fd35138bcb2ebadaaaac621b79,kaggle_card_license_unknown_review_before_redistribution
data/datasets/efficientnet_kaggle_v1/train/wound/9cc8afa52d0b9ad5.jpg,wound,train,data/raw/kaggle/ibrahimfateen_wound_classification/Wound_dataset copy/Pressure Wounds/mirrored_superficial-pressure-ulcer0003.jpg,9cc8afa52d0b9ad5d17ce24e6ef02f3d075994595870957dc5bc9380bb5db4bd,kaggle_card_license_unknown_review_before_redistribution
data/datasets/efficientnet_kaggle_v1/train/wound/c7a29539d1b9dc6b.jpg,wound,train,data/raw/kaggle/ibrahimfateen_wound_classification/Wound_dataset copy/Pressure Wounds/mirrored_superficial-pressure-ulcer0004.jpg,c7a29539d1b9dc6be6cb7c2f67ad807db92eee410a9d5ccde07498b26cb76976,kaggle_card_license_unknown_review_before_redistribution
data/datasets/efficientnet_kaggle_v1/train/wound/1ede80028a3c0f56.jpg,wound,train,data/raw/kaggle/ibrahimfateen_wound_classification/Wound_dataset copy/Pressure Wounds/mirrored_superficial-pressure-ulcer0005.jpg,1ede80028a3c0f56f40d1be715ecafe10f4fe8cf7229f9cca512a03bff18a12d,kaggle_card_license_unknown_review_before_redistribution
data/datasets/efficientnet_kaggle_v1/train/wound/2b6dd121ab2e0176.jpg,wound,train,data/raw/kaggle/ibrahimfateen_wound_classification/Wound_dataset copy/Pressure Wounds/mirrored_superficial-pressure-ulcer0006.jpg,2b6dd121ab2e0176a30004f988480665c9cd6fc023702940e903fed32b7fde53,kaggle_card_license_unknown_review_before_redistribution
data/datasets/efficientnet_kaggle_v1/test/wound/99a0ad5d84e3b743.jpg,wound,test,data/raw/kaggle/ibrahimfateen_wound_classification/Wound_dataset copy/Pressure Wounds/mirrored_superficial-pressure-ulcer0007.jpg,99a0ad5d84e3b743d550fade545fd71b1872148d43aa96a4b2c591640837e107,kaggle_card_license_unknown_review_before_redistribution
data/datasets/efficientnet_kaggle_v1/val/wound/37400449ece33a32.jpg,wound,val,data/raw/kaggle/ibrahimfateen_wound_classification/Wound_dataset copy/Pressure Wounds/mirrored_superficial-pressure-ulcer0008.jpg,37400449ece33a3265ccc007c913632b3b36cab82eb1984d6ba531ce93995acd,kaggle_card_license_unknown_review_before_redistribution
data/datasets/efficientnet_kaggle_v1/test/wound/04cf2437f0228329.jpg,wound,test,data/raw/kaggle/ibrahimfateen_wound_classification/Wound_dataset copy/Pressure Wounds/mirrored_superficial-pressure-ulcer0009.jpg,04cf2437f02283296a7a7498a375517de3d1dd84bd64cd0b84f4b6faaca23271,kaggle_card_license_unknown_review_before_redistribution
data/datasets/efficientnet_kaggle_v1/train/wound/85f7289ee103ebcd.jpg,wound,train,data/raw/kaggle/ibrahimfateen_wound_classification/Wound_dataset copy/Pressure Wounds/mirrored_superficial-pressure-ulcer0010.jpg,85f7289ee103ebcd7cdb89b5477c943517d4e5e4a76ff7627b0eb8c5e84001af,kaggle_card_license_unknown_review_before_redistribution
data/datasets/efficientnet_kaggle_v1/val/wound/0daaf32ee13158ed.jpg,wound,val,data/raw/kaggle/ibrahimfateen_wound_classification/Wound_dataset copy/Pressure Wounds/mirrored_superficial-pressure-ulcer0011.jpg,0daaf32ee13158ed01a65b16bf7af14bfae78772a8967f715b324224d7b4263f,kaggle_card_license_unknown_review_before_redistribution
data/datasets/efficientnet_kaggle_v1/train/wound/daf1823f25fc3c0d.jpg,wound,train,data/raw/kaggle/ibrahimfateen_wound_classification/Wound_dataset copy/Pressure Wounds/mirrored_superficial-pressure-ulcer0012.jpg,daf1823f25fc3c0d982cc42da589816861653d72781f67f4118ec9cb9c1044d4,kaggle_card_license_unknown_review_before_redistribution
data/datasets/efficientnet_kaggle_v1/train/wound/38219035d1d7e1d1.jpg,wound,train,data/raw/kaggle/ibrahimfateen_wound_classification/Wound_dataset copy/Pressure Wounds/mirrored_superficial-pressure-ulcer0013.jpg,38219035d1d7e1d11d585ec785c0980707434ec31bcdf05b99db0e226d56290d,kaggle_card_license_unknown_review_before_redistribution
data/datasets/efficientnet_kaggle_v1/test/wound/39450e7130d000ef.jpg,wound,test,data/raw/kaggle/ibrahimfateen_wound_classification/Wound_dataset copy/Pressure Wounds/mirrored_superficial-pressure-ulcer0015.jpg,39450e7130d000efe065a392a9497aa5883bd95ff1e23c7f531e603d8f049cd5,kaggle_card_license_unknown_review_before_redistribution
data/datasets/efficientnet_kaggle_v1/train/wound/de4644e32af3d339.jpg,wound,train,data/raw/kaggle/ibrahimfateen_wound_classification/Wound_dataset copy/Pressure Wounds/mirrored_superficial-pressure-ulcer0017.jpg,de4644e32af3d3391690aa81ebfe194177f9031e0de494dd9ea093970784cdf3,kaggle_card_license_unknown_review_before_redistribution
data/datasets/efficientnet_kaggle_v1/val/wound/bcbff742d51a3a22.jpg,wound,val,data/raw/kaggle/ibrahimfateen_wound_classification/Wound_dataset copy/Pressure Wounds/mirrored_superficial-pressure-ulcer0018.jpg,bcbff742d51a3a223cbc58d4b3d6725fce7be1d07cc41765ae16a7775662b447,kaggle_card_license_unknown_review_before_redistribution
data/datasets/efficientnet_kaggle_v1/train/wound/9c01b2713af17791.jpg,wound,train,data/raw/kaggle/ibrahimfateen_wound_classification/Wound_dataset copy/Pressure Wounds/mirrored_superficial-pressure-ulcer0019.jpg,9c01b2713af1779124a9d65aa2415e7240dd2d96d9d17ef0c048b2418c822677,kaggle_card_license_unknown_review_before_redistribution
data/datasets/efficientnet_kaggle_v1/train/wound/f0f0003e153ff0a6.jpg,wound,train,data/raw/kaggle/ibrahimfateen_wound_classification/Wound_dataset copy/Pressure Wounds/mirrored_superficial-pressure-ulcer0020.jpg,f0f0003e153ff0a6a4d962b9fbe9376aa4cdd2b539a22bfebed85eaee8cfdfa2,kaggle_card_license_unknown_review_before_redistribution
data/datasets/efficientnet_kaggle_v1/train/wound/cf311c6f4f0d0d75.jpg,wound,train,data/raw/kaggle/ibrahimfateen_wound_classification/Wound_dataset copy/Pressure Wounds/mirrored_superficial-pressure-ulcer0021.jpg,cf311c6f4f0d0d75f9641cff00c40185b8f4f8c60a1bd8ae64d1ccd531d12404,kaggle_card_license_unknown_review_before_redistribution
data/datasets/efficientnet_kaggle_v1/train/wound/4865c8f680015246.jpg,wound,train,data/raw/kaggle/ibrahimfateen_wound_classification/Wound_dataset copy/Pressure Wounds/mirrored_superficial-pressure-ulcer0022.jpg,4865c8f6800152461db96362a41d94c7dad639ab71a6fe7310e767bd65f5d0c2,kaggle_card_license_unknown_review_before_redistribution
data/datasets/efficientnet_kaggle_v1/train/wound/e13bfd3db21e84de.jpg,wound,train,data/raw/kaggle/ibrahimfateen_wound_classification/Wound_dataset copy/Pressure Wounds/mirrored_superficial-pressure-ulcer0023.jpg,e13bfd3db21e84dee13f53d4e4ed188bc9ab575fbc2c0cf6d26feada0e1b5020,kaggle_card_license_unknown_review_before_redistribution
data/datasets/efficientnet_kaggle_v1/train/wound/f598d88d054763d7.jpg,wound,train,data/raw/kaggle/ibrahimfateen_wound_classification/Wound_dataset copy/Pressure Wounds/mirrored_superficial-pressure-ulcer0024.jpg,f598d88d054763d72a79da1f5ec42354f23839ea4f3bbf832862fdb89ab82f8b,kaggle_card_license_unknown_review_before_redistribution
data/datasets/efficientnet_kaggle_v1/train/wound/967acdf5f0231fb1.jpg,wound,train,data/raw/kaggle/ibrahimfateen_wound_classification/Wound_dataset copy/Pressure Wounds/mirrored_treating--pressure-ulcers0001.jpg,967acdf5f0231fb1d2a2ffa5543e413c0bbc3caf97e04193eae6254c350351e5,kaggle_card_license_unknown_review_before_redistribution
data/datasets/efficientnet_kaggle_v1/train/wound/d6c7f4ce85eed11b.jpg,wound,train,data/raw/kaggle/ibrahimfateen_wound_classification/Wound_dataset copy/Pressure Wounds/mirrored_treating--pressure-ulcers0002.jpg,d6c7f4ce85eed11bda40c30452bcb829f01fa970e04a4e5dfb34799a5c298d64,kaggle_card_license_unknown_review_before_redistribution
data/datasets/efficientnet_kaggle_v1/train/wound/70e0af0afb3708af.jpg,wound,train,data/raw/kaggle/ibrahimfateen_wound_classification/Wound_dataset copy/Pressure Wounds/mirrored_treating--pressure-ulcers0004.jpg,70e0af0afb3708afa5e3d8b5bc321b287930cdcab1d8806abdd9b9721b530ca5,kaggle_card_license_unknown_review_before_redistribution
data/datasets/efficientnet_kaggle_v1/train/wound/2b258b80738742d5.jpg,wound,train,data/raw/kaggle/ibrahimfateen_wound_classification/Wound_dataset copy/Pressure Wounds/mirrored_treating--pressure-ulcers0007.jpg,2b258b80738742d5e308eaba75afc19fc6ade871b0d8e415a060a47ca9e48c9f,kaggle_card_license_unknown_review_before_redistribution
data/datasets/efficientnet_kaggle_v1/train/wound/6e7fcca086914ab3.jpg,wound,train,data/raw/kaggle/ibrahimfateen_wound_classification/Wound_dataset copy/Pressure Wounds/mirrored_treating--pressure-ulcers0014.jpg,6e7fcca086914ab39c09a57e660664220a6dccf8d786d1fdc00cfe46ab2f87ab,kaggle_card_license_unknown_review_before_redistribution
data/datasets/efficientnet_kaggle_v1/train/wound/9b0cbbb9cb576aa0.jpg,wound,train,data/raw/kaggle/ibrahimfateen_wound_classification/Wound_dataset copy/Pressure Wounds/mirrored_treating--pressure-ulcers008.jpg,9b0cbbb9cb576aa07cda5a7a70b4ecac27e158d51e9d9c462c64387f9036823a,kaggle_card_license_unknown_review_before_redistribution
data/datasets/efficientnet_kaggle_v1/train/wound/d04a87d76aee5c88.jpg,wound,train,data/raw/kaggle/ibrahimfateen_wound_classification/Wound_dataset copy/Pressure Wounds/mirrored_treating--pressure-ulcers011.jpg,d04a87d76aee5c884ab9706c6614eaa5a7807ff9e6c066e8dbf8bc0453ed41d5,kaggle_card_license_unknown_review_before_redistribution
data/datasets/efficientnet_kaggle_v1/train/wound/4c6622247d6f8234.jpg,wound,train,data/raw/kaggle/ibrahimfateen_wound_classification/Wound_dataset copy/Pressure Wounds/mirrored_treating--pressure-ulcers012.jpg,4c6622247d6f8234600a1bb0e7595c30d1efdef64e0a1bd18330a94ccfcf3617,kaggle_card_license_unknown_review_before_redistribution
data/datasets/efficientnet_kaggle_v1/val/wound/92064d0bf8faaba2.jpg,wound,val,data/raw/kaggle/ibrahimfateen_wound_classification/Wound_dataset copy/Pressure Wounds/mirrored_undermining0001.jpg,92064d0bf8faaba215f7d6daea568fb6526a45befee93a2e495cf2b76183b3d8,kaggle_card_license_unknown_review_before_redistribution
data/datasets/efficientnet_kaggle_v1/test/wound/3bfac252e396a403.jpg,wound,test,data/raw/kaggle/ibrahimfateen_wound_classification/Wound_dataset copy/Pressure Wounds/mirrored_undermining0002.jpg,3bfac252e396a403fca393ac40da5bb08be958273aeacac2bfd8fcce492ff819,kaggle_card_license_unknown_review_before_redistribution
data/datasets/efficientnet_kaggle_v1/train/wound/7f180b29785cae88.jpg,wound,train,data/raw/kaggle/ibrahimfateen_wound_classification/Wound_dataset copy/Pressure Wounds/mirrored_undermining0003.jpg,7f180b29785cae885df817eb8c858c3227fd81a42e0c7150af64a99eb21e49d2,kaggle_card_license_unknown_review_before_redistribution
data/datasets/efficientnet_kaggle_v1/train/wound/b30d3722b99a48e5.jpg,wound,train,data/raw/kaggle/ibrahimfateen_wound_classification/Wound_dataset copy/Pressure Wounds/mirrored_undermining0004.jpg,b30d3722b99a48e5d3a2d6b6d1d4dc80feb93cd74973f42582b7dd3e76093a02,kaggle_card_license_unknown_review_before_redistribution
data/datasets/efficientnet_kaggle_v1/train/wound/c8badf9850719357.jpg,wound,train,data/raw/kaggle/ibrahimfateen_wound_classification/Wound_dataset copy/Pressure Wounds/mirrored_undermining0005.jpg,c8badf9850719357b293a739eca6d36e91cc21d32e4e659bc9dd1845b3e99970,kaggle_card_license_unknown_review_before_redistribution
data/datasets/efficientnet_kaggle_v1/val/wound/1253a3b09ef2bd1f.jpg,wound,val,data/raw/kaggle/ibrahimfateen_wound_classification/Wound_dataset copy/Pressure Wounds/mirrored_undermining0006.jpg,1253a3b09ef2bd1fe3de73fe08b005865e5bbf008240caadfafcd783391bc8f2,kaggle_card_license_unknown_review_before_redistribution
data/datasets/efficientnet_kaggle_v1/train/wound/cb739c7573be398f.jpg,wound,train,data/raw/kaggle/ibrahimfateen_wound_classification/Wound_dataset copy/Pressure Wounds/mirrored_undermining0007.jpg,cb739c7573be398fba72b695ed5599558394fdfb7e58ca6587603cd6c0e59692,kaggle_card_license_unknown_review_before_redistribution
data/datasets/efficientnet_kaggle_v1/train/wound/4a0bc8540ddb7f9a.jpg,wound,train,data/raw/kaggle/ibrahimfateen_wound_classification/Wound_dataset copy/Pressure Wounds/mirrored_undermining0009.jpg,4a0bc8540ddb7f9a3f22b7926a8fe729846baf89ad985b7a416c8b5d45222bff,kaggle_card_license_unknown_review_before_redistribution
data/datasets/efficientnet_kaggle_v1/train/wound/7489a04928688285.jpg,wound,train,data/raw/kaggle/ibrahimfateen_wound_classification/Wound_dataset copy/Pressure Wounds/mirrored_undermining0010.jpg,7489a04928688285f36634a8fa28bf985453412f9fdb4a5fe84d4e47c21109de,kaggle_card_license_unknown_review_before_redistribution
data/datasets/efficientnet_kaggle_v1/test/wound/4b16cd7f5fcf6904.jpg,wound,test,data/raw/kaggle/ibrahimfateen_wound_classification/Wound_dataset copy/Pressure Wounds/mirrored_undermining0011.jpg,4b16cd7f5fcf69041ce8e646b5efa033ea6d69ac877b6b891215a17025d1ec50,kaggle_card_license_unknown_review_before_redistribution
data/datasets/efficientnet_kaggle_v1/train/wound/51bc930898ed4eb5.jpg,wound,train,data/raw/kaggle/ibrahimfateen_wound_classification/Wound_dataset copy/Pressure Wounds/mirrored_undermining0012.jpg,51bc930898ed4eb588a10d297cd1ae2a79407f05d69b45c61886ecd178c6bd99,kaggle_card_license_unknown_review_before_redistribution
data/datasets/efficientnet_kaggle_v1/train/wound/02f912a40c8389d4.jpg,wound,train,data/raw/kaggle/ibrahimfateen_wound_classification/Wound_dataset copy/Pressure Wounds/mirrored_undermining0013.jpg,02f912a40c8389d4089ff0ced70e6772c651b64d6c78453398266a1d93811ba8,kaggle_card_license_unknown_review_before_redistribution
data/datasets/efficientnet_kaggle_v1/test/wound/4fd472ceaaaee4a3.jpg,wound,test,data/raw/kaggle/ibrahimfateen_wound_classification/Wound_dataset copy/Pressure Wounds/mirrored_undermining0014.jpg,4fd472ceaaaee4a30bc788d9bee7db72abb3d9ee1495a72ca21cd7ac0d2e71a4,kaggle_card_license_unknown_review_before_redistribution
data/datasets/efficientnet_kaggle_v1/test/wound/9317f622f0bbf878.jpg,wound,test,data/raw/kaggle/ibrahimfateen_wound_classification/Wound_dataset copy/Pressure Wounds/mirrored_undermining0015.jpg,9317f622f0bbf8785df53416daadcbc9e1561ce85482d55435a9c7ef6f9c2b1c,kaggle_card_license_unknown_review_before_redistribution
data/datasets/efficientnet_kaggle_v1/train/wound/f6c085fd7001fa9e.jpg,wound,train,data/raw/kaggle/ibrahimfateen_wound_classification/Wound_dataset copy/Pressure Wounds/mirrored_undermining0016.jpg,f6c085fd7001fa9ef867ab19e252faa71715c5a5e3d2e95f45751a0aa1ab5d0a,kaggle_card_license_unknown_review_before_redistribution
data/datasets/efficientnet_kaggle_v1/train/wound/799c565959904ae4.jpg,wound,train,data/raw/kaggle/ibrahimfateen_wound_classification/Wound_dataset copy/Pressure Wounds/mirrored_undermining0017.jpg,799c565959904ae4fede1062253c2034dac711c049582c5d8cee0ec52715fb02,kaggle_card_license_unknown_review_before_redistribution
data/datasets/efficientnet_kaggle_v1/train/wound/b2a86eb33c7b4716.jpg,wound,train,data/raw/kaggle/ibrahimfateen_wound_classification/Wound_dataset copy/Pressure Wounds/mirrored_undermining0018.jpg,b2a86eb33c7b47164b482b449d90e2a6d00f2b8e32334512b1b47a8c1a6434ab,kaggle_card_license_unknown_review_before_redistribution
data/datasets/efficientnet_kaggle_v1/test/wound/990cca6409524d29.jpg,wound,test,data/raw/kaggle/ibrahimfateen_wound_classification/Wound_dataset copy/Pressure Wounds/mirrored_undermining0019.jpg,990cca6409524d29879e7eb60f253f1aa1f180bec2e76b3edcd1bed2ab98a42e,kaggle_card_license_unknown_review_before_redistribution
data/datasets/efficientnet_kaggle_v1/train/wound/f842f2887dd8f7c6.jpg,wound,train,data/raw/kaggle/ibrahimfateen_wound_classification/Wound_dataset copy/Pressure Wounds/mirrored_undermining0020.jpg,f842f2887dd8f7c687b3575f7f227f46df9862fefb12f81174077623509e46bb,kaggle_card_license_unknown_review_before_redistribution
data/datasets/efficientnet_kaggle_v1/train/wound/b7b6f371b366b216.jpg,wound,train,data/raw/kaggle/ibrahimfateen_wound_classification/Wound_dataset copy/Pressure Wounds/necrotic-pressure-ulcer-0001.jpg,b7b6f371b366b21623cde173106dea4afd18f8ecdcc136b47b326410b1495853,kaggle_card_license_unknown_review_before_redistribution
data/datasets/efficientnet_kaggle_v1/train/wound/156a04c055662728.jpg,wound,train,data/raw/kaggle/ibrahimfateen_wound_classification/Wound_dataset copy/Pressure Wounds/necrotic-pressure-ulcer-0002.jpg,156a04c0556627282afafa24a88d3f448af705f5d836796cf5f9224432a1ee0d,kaggle_card_license_unknown_review_before_redistribution
data/datasets/efficientnet_kaggle_v1/train/wound/040a3b19de506887.jpg,wound,train,data/raw/kaggle/ibrahimfateen_wound_classification/Wound_dataset copy/Pressure Wounds/necrotic-pressure-ulcer-0005.jpg,040a3b19de506887c3d2e4283fa7b76b927f7df13bef224919ddc4d74494617c,kaggle_card_license_unknown_review_before_redistribution
data/datasets/efficientnet_kaggle_v1/train/wound/ef2daca40acaedaf.jpg,wound,train,data/raw/kaggle/ibrahimfateen_wound_classification/Wound_dataset copy/Pressure Wounds/necrotic-pressure-ulcer-0006.jpg,ef2daca40acaedaf395989303ddd1c820d36a091d594306d42007ab522d0b688,kaggle_card_license_unknown_review_before_redistribution
data/datasets/efficientnet_kaggle_v1/train/wound/eba46d6439f5241e.jpg,wound,train,data/raw/kaggle/ibrahimfateen_wound_classification/Wound_dataset copy/Pressure Wounds/necrotic-pressure-ulcer-0007.jpg,eba46d6439f5241ec0bbe04247f3b6489c983506e8ca91a70cd5950829b31bca,kaggle_card_license_unknown_review_before_redistribution
data/datasets/efficientnet_kaggle_v1/test/wound/fe660c56bab8f5d8.jpg,wound,test,data/raw/kaggle/ibrahimfateen_wound_classification/Wound_dataset copy/Pressure Wounds/necrotic-pressure-ulcer-0008.jpg,fe660c56bab8f5d87ec2488589a2ea2462a2938b843d473042d9c645366dbbfd,kaggle_card_license_unknown_review_before_redistribution
data/datasets/efficientnet_kaggle_v1/train/wound/15ba2f3492755d62.jpg,wound,train,data/raw/kaggle/ibrahimfateen_wound_classification/Wound_dataset copy/Pressure Wounds/necrotic-pressure-ulcer-0009.jpg,15ba2f3492755d62cb42c5f881300af37371c3dae4bca2c0c63e70be4d8af6b3,kaggle_card_license_unknown_review_before_redistribution
data/datasets/efficientnet_kaggle_v1/test/wound/00aef4a50dc45824.jpg,wound,test,data/raw/kaggle/ibrahimfateen_wound_classification/Wound_dataset copy/Pressure Wounds/necrotic-pressure-ulcer-0010.jpg,00aef4a50dc4582481743bb0cf5bc957239bc5189e659a0b19ce5b12b0e00fc9,kaggle_card_license_unknown_review_before_redistribution
data/datasets/efficientnet_kaggle_v1/val/wound/ecd0a420b71d2a09.jpg,wound,val,data/raw/kaggle/ibrahimfateen_wound_classification/Wound_dataset copy/Pressure Wounds/necrotic-pressure-ulcer-0011.jpg,ecd0a420b71d2a099dd1b135b213e71755fc4ca98aa142976b212a8afadacb91,kaggle_card_license_unknown_review_before_redistribution
data/datasets/efficientnet_kaggle_v1/train/wound/cab50a87445aa81a.jpg,wound,train,data/raw/kaggle/ibrahimfateen_wound_classification/Wound_dataset copy/Pressure Wounds/necrotic-pressure-ulcer-0012.jpg,cab50a87445aa81a064d2c50cda45217c914826b1d07ef77ee32c63c326eeb2f,kaggle_card_license_unknown_review_before_redistribution
data/datasets/efficientnet_kaggle_v1/train/wound/a9e4219420431c7f.jpg,wound,train,data/raw/kaggle/ibrahimfateen_wound_classification/Wound_dataset copy/Pressure Wounds/necrotic-pressure-ulcer-0015.jpg,a9e4219420431c7f65513af8c58746ac88f52ecd81cc8ad62f59285834b8640e,kaggle_card_license_unknown_review_before_redistribution
data/datasets/efficientnet_kaggle_v1/train/wound/af281fa1f75af54a.jpg,wound,train,data/raw/kaggle/ibrahimfateen_wound_classification/Wound_dataset copy/Pressure Wounds/necrotic-pressure-ulcer-0016.jpg,af281fa1f75af54af723958b6bcca065753d6a21f5576c77fac7793ba6d879b0,kaggle_card_license_unknown_review_before_redistribution
data/datasets/efficientnet_kaggle_v1/train/wound/ec1c84ba8c3b6608.jpg,wound,train,data/raw/kaggle/ibrahimfateen_wound_classification/Wound_dataset copy/Pressure Wounds/necrotic-pressure-ulcer-0018.jpg,ec1c84ba8c3b66089e96e818999288db2ea06c6121f908fec60e575aff658deb,kaggle_card_license_unknown_review_before_redistribution
data/datasets/efficientnet_kaggle_v1/train/wound/1198b718c84fa900.jpg,wound,train,data/raw/kaggle/ibrahimfateen_wound_classification/Wound_dataset copy/Pressure Wounds/necrotic-pressure-ulcer-0019.jpg,1198b718c84fa9001968628e6e4eae341a6900350cd2fe026e0abef2381788cc,kaggle_card_license_unknown_review_before_redistribution
data/datasets/efficientnet_kaggle_v1/train/wound/198ef381136d8ea6.jpg,wound,train,data/raw/kaggle/ibrahimfateen_wound_classification/Wound_dataset copy/Pressure Wounds/necrotic-pressure-ulcer-0020.jpg,198ef381136d8ea693e1108b0f940a640cd1af4f067124a6f105f2629f3726f1,kaggle_card_license_unknown_review_before_redistribution
data/datasets/efficientnet_kaggle_v1/val/wound/0e971b0b4dbe8327.jpg,wound,val,data/raw/kaggle/ibrahimfateen_wound_classification/Wound_dataset copy/Pressure Wounds/necrotic-pressure-ulcer-0021.jpg,0e971b0b4dbe8327846a60c1edfcc99dfc166a52e21927c6cdede1dcf7eb6250,kaggle_card_license_unknown_review_before_redistribution
data/datasets/efficientnet_kaggle_v1/test/wound/5751cc3ca9a725af.jpg,wound,test,data/raw/kaggle/ibrahimfateen_wound_classification/Wound_dataset copy/Pressure Wounds/necrotic-pressure-ulcer-0022.jpg,5751cc3ca9a725af0dad1ef18c08747e90334c1c21613fc5b911d233f58f52cb,kaggle_card_license_unknown_review_before_redistribution
data/datasets/efficientnet_kaggle_v1/train/wound/6c7369bf114bf4a7.jpg,wound,train,data/raw/kaggle/ibrahimfateen_wound_classification/Wound_dataset copy/Pressure Wounds/pressure-ulcer-on-foot-0003.jpg,6c7369bf114bf4a7fab6f81cd106f31e6da450aa5e743d7df4a7b75d6e2797d0,kaggle_card_license_unknown_review_before_redistribution
data/datasets/efficientnet_kaggle_v1/train/wound/4e44b2f58a2b9d67.jpg,wound,train,data/raw/kaggle/ibrahimfateen_wound_classification/Wound_dataset copy/Pressure Wounds/pressure-ulcer-on-foot-0006.jpg,4e44b2f58a2b9d67df8c9746fe2364a7945781e54482f5316817fa7d4cfb2b99,kaggle_card_license_unknown_review_before_redistribution
data/datasets/efficientnet_kaggle_v1/train/wound/c4c73a52f4a580f7.jpg,wound,train,data/raw/kaggle/ibrahimfateen_wound_classification/Wound_dataset copy/Pressure Wounds/pressure-ulcer-on-foot-0008.jpg,c4c73a52f4a580f7c53918f05a391be6303698530992a78ecc065a2a6ae871e7,kaggle_card_license_unknown_review_before_redistribution
data/datasets/efficientnet_kaggle_v1/train/wound/1f9149380e05b2f8.jpg,wound,train,data/raw/kaggle/ibrahimfateen_wound_classification/Wound_dataset copy/Pressure Wounds/pressure-ulcer-on-foot-0009.jpg,1f9149380e05b2f8f7a0ad5cd9e9f7831b6992ef3d76d007a0adfd5ff641979b,kaggle_card_license_unknown_review_before_redistribution
data/datasets/efficientnet_kaggle_v1/train/wound/ea3a7350ea059d43.jpg,wound,train,data/raw/kaggle/ibrahimfateen_wound_classification/Wound_dataset copy/Pressure Wounds/pressure-ulcer-on-foot-0011.jpg,ea3a7350ea059d4304ad5f3a27884eec2dd3050fc22fafb37d346f81f44055b2,kaggle_card_license_unknown_review_before_redistribution
data/datasets/efficientnet_kaggle_v1/train/wound/8ed33e7aa976173a.jpg,wound,train,data/raw/kaggle/ibrahimfateen_wound_classification/Wound_dataset copy/Pressure Wounds/pressure-ulcer-on-foot-0013.jpg,8ed33e7aa976173a36996c72e57efcbe46ce36f841871a7f10db2f48e43c49ff,kaggle_card_license_unknown_review_before_redistribution
data/datasets/efficientnet_kaggle_v1/train/wound/b5a601c2014e330e.jpg,wound,train,data/raw/kaggle/ibrahimfateen_wound_classification/Wound_dataset copy/Pressure Wounds/pressure-ulcer-on-foot-0016.jpg,b5a601c2014e330e3ef35749df82372d3b3fe9286a92d45bdd329e18dd54a88b,kaggle_card_license_unknown_review_before_redistribution
data/datasets/efficientnet_kaggle_v1/test/wound/53f9038816edfaa0.jpg,wound,test,data/raw/kaggle/ibrahimfateen_wound_classification/Wound_dataset copy/Pressure Wounds/pressure-ulcer-on-foot-0017.jpg,53f9038816edfaa001ebd88e236b03ad5553650a02452747a69bd9577166666b,kaggle_card_license_unknown_review_before_redistribution
data/datasets/efficientnet_kaggle_v1/train/wound/fed6aed3cb49fea5.jpg,wound,train,data/raw/kaggle/ibrahimfateen_wound_classification/Wound_dataset copy/Pressure Wounds/pressure-ulcer-on-foot-0018.jpg,fed6aed3cb49fea583928649c33fdef9fcdf6d3271463beb1618ff89d5091788,kaggle_card_license_unknown_review_before_redistribution
data/datasets/efficientnet_kaggle_v1/test/wound/616552758ed48524.jpg,wound,test,data/raw/kaggle/ibrahimfateen_wound_classification/Wound_dataset copy/Pressure Wounds/pressure-ulcer-on-foot-0019.jpg,616552758ed48524ebc50f48ee8c2d8695ea01db124269df7fee1809b93b7770,kaggle_card_license_unknown_review_before_redistribution
data/datasets/efficientnet_kaggle_v1/test/wound/2bc579e79742557e.jpg,wound,test,data/raw/kaggle/ibrahimfateen_wound_classification/Wound_dataset copy/Pressure Wounds/pressure-ulcer-on-foot-0020.jpg,2bc579e79742557e28c61e542cf3418e771c2b9056552917c6977084eb3cde01,kaggle_card_license_unknown_review_before_redistribution
data/datasets/efficientnet_kaggle_v1/train/wound/9c1f1d7ec2af3d12.jpg,wound,train,data/raw/kaggle/ibrahimfateen_wound_classification/Wound_dataset copy/Pressure Wounds/pressure-ulcer-on-foot-0022.jpg,9c1f1d7ec2af3d1217c0e39da676f7511e05db4e7be121bca584ff147a6ebe26,kaggle_card_license_unknown_review_before_redistribution
data/datasets/efficientnet_kaggle_v1/train/wound/2717e782945778ad.jpg,wound,train,data/raw/kaggle/ibrahimfateen_wound_classification/Wound_dataset copy/Pressure Wounds/pressure-ulcer-on-foot-0023.jpg,2717e782945778adb43df6c5e62c4eca512631d534f18309fe572e96b2592f84,kaggle_card_license_unknown_review_before_redistribution
data/datasets/efficientnet_kaggle_v1/val/wound/f06ce649ac9a6f26.jpg,wound,val,data/raw/kaggle/ibrahimfateen_wound_classification/Wound_dataset copy/Pressure Wounds/pressure-ulcer-on-foot-0024.jpg,f06ce649ac9a6f264d7d107811d5591c559af9f8c98ee093738f54a547f7052b,kaggle_card_license_unknown_review_before_redistribution
data/datasets/efficientnet_kaggle_v1/test/wound/bc69bf6cba8073bd.jpg,wound,test,data/raw/kaggle/ibrahimfateen_wound_classification/Wound_dataset copy/Pressure Wounds/pressure-ulcer-on-foot-0025.jpg,bc69bf6cba8073bd7851444c9534b6513484100551e993b278a32355056aae15,kaggle_card_license_unknown_review_before_redistribution
data/datasets/efficientnet_kaggle_v1/train/wound/2b2d73adcea56311.jpg,wound,train,data/raw/kaggle/ibrahimfateen_wound_classification/Wound_dataset copy/Pressure Wounds/pressure-ulcer-on-foot-0026.jpg,2b2d73adcea56311e542ece1a6125f08b664397659888c3e7262a2acb505757b,kaggle_card_license_unknown_review_before_redistribution
data/datasets/efficientnet_kaggle_v1/train/wound/d0488459ace51b96.jpg,wound,train,data/raw/kaggle/ibrahimfateen_wound_classification/Wound_dataset copy/Pressure Wounds/pressure-ulcer-on-foot-0027.jpg,d0488459ace51b963fea3b4e3b16642ce91c5c8833ccf8ec3e38a000ec678323,kaggle_card_license_unknown_review_before_redistribution
data/datasets/efficientnet_kaggle_v1/val/wound/d380a2dbcab36f54.jpg,wound,val,data/raw/kaggle/ibrahimfateen_wound_classification/Wound_dataset copy/Pressure Wounds/pressure-ulcer-on-foot-0028.jpg,d380a2dbcab36f5457778e443a1b9b60a56dcde3292d876802b7db59d4d0e15b,kaggle_card_license_unknown_review_before_redistribution
data/datasets/efficientnet_kaggle_v1/train/wound/a97fc5c83189ca83.jpg,wound,train,data/raw/kaggle/ibrahimfateen_wound_classification/Wound_dataset copy/Pressure Wounds/pressure-ulcer-on-foot-0029.jpg,a97fc5c83189ca834c5df2b679fa5692af33faf536ffe74a57dd940349385de5,kaggle_card_license_unknown_review_before_redistribution
data/datasets/efficientnet_kaggle_v1/train/wound/67ada9759ec32abd.jpg,wound,train,data/raw/kaggle/ibrahimfateen_wound_classification/Wound_dataset copy/Pressure Wounds/pressure-ulcer-on-foot-0031.jpg,67ada9759ec32abd67f14c2615008b834ae6fd07cd52e77bece6db4045733dca,kaggle_card_license_unknown_review_before_redistribution
data/datasets/efficientnet_kaggle_v1/val/wound/9ec0db4eff9a51e8.jpg,wound,val,data/raw/kaggle/ibrahimfateen_wound_classification/Wound_dataset copy/Pressure Wounds/pressure-ulcer-on-foot-0032.jpg,9ec0db4eff9a51e8b073e02f286683dc5b32842f7502eae204983a60d77b4c3f,kaggle_card_license_unknown_review_before_redistribution
data/datasets/efficientnet_kaggle_v1/train/wound/e8000c54ed7d66f0.jpg,wound,train,data/raw/kaggle/ibrahimfateen_wound_classification/Wound_dataset copy/Pressure Wounds/pressure-ulcer-on-foot-0039.jpg,e8000c54ed7d66f039b2dd97114518941749cc8a9b3cd3af4cbb411d1df6b0dc,kaggle_card_license_unknown_review_before_redistribution
data/datasets/efficientnet_kaggle_v1/train/wound/e601b46dd47527f7.jpg,wound,train,data/raw/kaggle/ibrahimfateen_wound_classification/Wound_dataset copy/Pressure Wounds/pressure-ulcer-on-foot-0041.jpg,e601b46dd47527f73495b16b90633d760e07246af2eb9963b661b41b735937fc,kaggle_card_license_unknown_review_before_redistribution
data/datasets/efficientnet_kaggle_v1/train/wound/91949c93f27ec0f9.jpg,wound,train,data/raw/kaggle/ibrahimfateen_wound_classification/Wound_dataset copy/Pressure Wounds/pressure-ulcer-on-foot-0042.jpg,91949c93f27ec0f9074723d5b08cac0b7a8f88f70f8eb13e1d5bec042457b194,kaggle_card_license_unknown_review_before_redistribution
data/datasets/efficientnet_kaggle_v1/train/wound/5b37373059d02664.jpg,wound,train,data/raw/kaggle/ibrahimfateen_wound_classification/Wound_dataset copy/Pressure Wounds/pressure-ulcer-on-foot-0043.jpg,5b37373059d02664cf98c8d5a70d85b95cc083c0d14c1c93f2e886941628ac48,kaggle_card_license_unknown_review_before_redistribution
data/datasets/efficientnet_kaggle_v1/train/wound/3ff8da626773af22.jpg,wound,train,data/raw/kaggle/ibrahimfateen_wound_classification/Wound_dataset copy/Pressure Wounds/pressure-ulcer-on-foot-0044.jpg,3ff8da626773af220c23aa960e4f5584cd14a7359514b57c2398193e59816d51,kaggle_card_license_unknown_review_before_redistribution
data/datasets/efficientnet_kaggle_v1/train/wound/689837f4f1c2a610.jpg,wound,train,data/raw/kaggle/ibrahimfateen_wound_classification/Wound_dataset copy/Pressure Wounds/pressure-ulcer-on-foot-0045.jpg,689837f4f1c2a610d8cb3917461cf04c3555141d351dad96c52f7b4485f82388,kaggle_card_license_unknown_review_before_redistribution
data/datasets/efficientnet_kaggle_v1/train/wound/3c9ce3395913230e.jpg,wound,train,data/raw/kaggle/ibrahimfateen_wound_classification/Wound_dataset copy/Pressure Wounds/pressure-ulcer-on-foot-0046.jpg,3c9ce3395913230e2362e65dd0cfc362fd7b33963c85121ba06c358b09cf2086,kaggle_card_license_unknown_review_before_redistribution
data/datasets/efficientnet_kaggle_v1/train/wound/b1e77567e6c417d1.jpg,wound,train,data/raw/kaggle/ibrahimfateen_wound_classification/Wound_dataset copy/Pressure Wounds/pressure-ulcer-on-foot-0049.jpg,b1e77567e6c417d1094467d9d447157a96df7196b37cb09080956f477d64b92b,kaggle_card_license_unknown_review_before_redistribution
data/datasets/efficientnet_kaggle_v1/train/wound/dff9231a7bb6c74a.jpg,wound,train,data/raw/kaggle/ibrahimfateen_wound_classification/Wound_dataset copy/Pressure Wounds/pressure-ulcer-on-foot-0050.jpg,dff9231a7bb6c74a01a6f2805ecc9e1ea81072f95cfa1d6875368eaa82b9e080,kaggle_card_license_unknown_review_before_redistribution
data/datasets/efficientnet_kaggle_v1/val/wound/8f409c9c51eb9514.jpg,wound,val,data/raw/kaggle/ibrahimfateen_wound_classification/Wound_dataset copy/Pressure Wounds/pressure-ulcer-on-foot-0051.jpg,8f409c9c51eb951406014d5e6638946229034ffdabfdcc02a140b2cabd7238a2,kaggle_card_license_unknown_review_before_redistribution
data/datasets/efficientnet_kaggle_v1/val/wound/636062994fff40f3.jpg,wound,val,data/raw/kaggle/ibrahimfateen_wound_classification/Wound_dataset copy/Pressure Wounds/pressure-ulcer-on-foot-0052.jpg,636062994fff40f32f907eba923775a55bb3512a9460795353351beb37c4d437,kaggle_card_license_unknown_review_before_redistribution
data/datasets/efficientnet_kaggle_v1/val/wound/c54f6c2340e3fd51.jpg,wound,val,data/raw/kaggle/ibrahimfateen_wound_classification/Wound_dataset copy/Pressure Wounds/pressure-ulcer-on-head-006.jpg,c54f6c2340e3fd511b191afe3e1da29a7f0f5ea77ad11d645cd00f53a15027b2,kaggle_card_license_unknown_review_before_redistribution
data/datasets/efficientnet_kaggle_v1/train/wound/ddad73dde5c50f21.jpg,wound,train,data/raw/kaggle/ibrahimfateen_wound_classification/Wound_dataset copy/Pressure Wounds/pressure-ulcer-on-neck-0002.jpg,ddad73dde5c50f219d98ec2d587dc1b13fe35262a5460b37df1de5f76eb46fba,kaggle_card_license_unknown_review_before_redistribution
data/datasets/efficientnet_kaggle_v1/train/wound/60e3307843618e5b.jpg,wound,train,data/raw/kaggle/ibrahimfateen_wound_classification/Wound_dataset copy/Pressure Wounds/pressure-ulcer-on-neck-001.jpg,60e3307843618e5b69d491514016de8a6a34541ea1f191675df490c5be8c4fea,kaggle_card_license_unknown_review_before_redistribution
data/datasets/efficientnet_kaggle_v1/train/wound/bddf167b61b5f9a3.jpg,wound,train,data/raw/kaggle/ibrahimfateen_wound_classification/Wound_dataset copy/Pressure Wounds/pressure-ulcer-on-neck-003.jpg,bddf167b61b5f9a3c8b6eb92e33afb3db664de292803906612a5e26ade33c415,kaggle_card_license_unknown_review_before_redistribution
data/datasets/efficientnet_kaggle_v1/train/wound/863a66d403660154.jpg,wound,train,data/raw/kaggle/ibrahimfateen_wound_classification/Wound_dataset copy/Pressure Wounds/pressure-ulcer-on-neck-004.jpg,863a66d40366015423d9691e3f7a5ba7f1fe2d792c542ad02e77176ed919d541,kaggle_card_license_unknown_review_before_redistribution
data/datasets/efficientnet_kaggle_v1/train/wound/48d118b89090c17b.jpg,wound,train,data/raw/kaggle/ibrahimfateen_wound_classification/Wound_dataset copy/Pressure Wounds/sloughy-pressure-ulcer-0001.jpg,48d118b89090c17b69de55d7c59fc8a8b860af506d521e56085f4e9cc798dc99,kaggle_card_license_unknown_review_before_redistribution
data/datasets/efficientnet_kaggle_v1/train/wound/4f143d0eb5ee5b61.jpg,wound,train,data/raw/kaggle/ibrahimfateen_wound_classification/Wound_dataset copy/Pressure Wounds/sloughy-pressure-ulcer-0002.jpg,4f143d0eb5ee5b61c73397697ee646ba31546072c4d6d851f00db8e85dd988cf,kaggle_card_license_unknown_review_before_redistribution
data/datasets/efficientnet_kaggle_v1/test/wound/919dab95d4508db0.jpg,wound,test,data/raw/kaggle/ibrahimfateen_wound_classification/Wound_dataset copy/Pressure Wounds/sloughy-pressure-ulcer-0004.jpg,919dab95d4508db0b2db80d5c5636cfd86f8d510b7c186797a296be650032ddd,kaggle_card_license_unknown_review_before_redistribution
data/datasets/efficientnet_kaggle_v1/test/wound/66aab68d357395be.jpg,wound,test,data/raw/kaggle/ibrahimfateen_wound_classification/Wound_dataset copy/Pressure Wounds/sloughy-pressure-ulcer-0005.jpg,66aab68d357395be3ebc45e8547a58f59adaeb32b7edbf6fd26f54260c038d77,kaggle_card_license_unknown_review_before_redistribution
data/datasets/efficientnet_kaggle_v1/train/wound/2677db521d1e24d5.jpg,wound,train,data/raw/kaggle/ibrahimfateen_wound_classification/Wound_dataset copy/Pressure Wounds/sloughy-pressure-ulcer-0006.jpg,2677db521d1e24d56be671dd2e16d38b897c3d7d852d1951790d6c01c0605db7,kaggle_card_license_unknown_review_before_redistribution
data/datasets/efficientnet_kaggle_v1/train/wound/a0ad1a4cb09c31b7.jpg,wound,train,data/raw/kaggle/ibrahimfateen_wound_classification/Wound_dataset copy/Pressure Wounds/sloughy-pressure-ulcer-0008.jpg,a0ad1a4cb09c31b79d3367fbf9dce5b59ccfab0d1542414ec412c8184eb0eb99,kaggle_card_license_unknown_review_before_redistribution
data/datasets/efficientnet_kaggle_v1/train/wound/f9a1aa0efe970648.jpg,wound,train,data/raw/kaggle/ibrahimfateen_wound_classification/Wound_dataset copy/Pressure Wounds/sloughy-pressure-ulcer-0009.jpg,f9a1aa0efe9706482c536d1783dfde0336378b1645b349a4f8a14f22b25d4a91,kaggle_card_license_unknown_review_before_redistribution
data/datasets/efficientnet_kaggle_v1/test/wound/1af49409a7225f13.jpg,wound,test,data/raw/kaggle/ibrahimfateen_wound_classification/Wound_dataset copy/Pressure Wounds/sloughy-pressure-ulcer-0010.jpg,1af49409a7225f13b4175b7e2c95e4777529b760457d917ce461faad2bbbb127,kaggle_card_license_unknown_review_before_redistribution
data/datasets/efficientnet_kaggle_v1/test/wound/f63c7ef7fe8791f6.jpg,wound,test,data/raw/kaggle/ibrahimfateen_wound_classification/Wound_dataset copy/Pressure Wounds/sloughy-pressure-ulcer-0011.jpg,f63c7ef7fe8791f645c7aa7de03274ac6e524002c3e639db4ba2c066614a1f50,kaggle_card_license_unknown_review_before_redistribution
data/datasets/efficientnet_kaggle_v1/train/wound/36d482fd303d3bbe.jpg,wound,train,data/raw/kaggle/ibrahimfateen_wound_classification/Wound_dataset copy/Pressure Wounds/sloughy-pressure-ulcer-0012.jpg,36d482fd303d3bbe09d2242b9393a8ca54c37bb29411d6888e90605075e79d25,kaggle_card_license_unknown_review_before_redistribution
data/datasets/efficientnet_kaggle_v1/train/wound/97c6afc3537a0062.jpg,wound,train,data/raw/kaggle/ibrahimfateen_wound_classification/Wound_dataset copy/Pressure Wounds/sloughy-pressure-ulcer-0013.jpg,97c6afc3537a00625e55abbe31570203e9fa82da6fce6be2eb8eb2a636554e5d,kaggle_card_license_unknown_review_before_redistribution
data/datasets/efficientnet_kaggle_v1/train/wound/e027f4b0df7db9ad.jpg,wound,train,data/raw/kaggle/ibrahimfateen_wound_classification/Wound_dataset copy/Pressure Wounds/sloughy-pressure-ulcer-0014.jpg,e027f4b0df7db9ad3960fe8482c6181e55943b296c026d569fdc9e7d245fc3b6,kaggle_card_license_unknown_review_before_redistribution
data/datasets/efficientnet_kaggle_v1/train/wound/53b07239ed7a9fb4.jpg,wound,train,data/raw/kaggle/ibrahimfateen_wound_classification/Wound_dataset copy/Pressure Wounds/sloughy-pressure-ulcer-0015.jpg,53b07239ed7a9fb47cbdf468a9301fa637beae95c3d550f1729228932df848ab,kaggle_card_license_unknown_review_before_redistribution
data/datasets/efficientnet_kaggle_v1/train/wound/419764b5c3da340c.jpg,wound,train,data/raw/kaggle/ibrahimfateen_wound_classification/Wound_dataset copy/Pressure Wounds/sloughy-pressure-ulcer-0016.jpg,419764b5c3da340c18e1cb850d97eac9c26b7318171b86ff3ec749ef3a8e97fb,kaggle_card_license_unknown_review_before_redistribution
data/datasets/efficientnet_kaggle_v1/train/wound/972ae4d3048f85bc.jpg,wound,train,data/raw/kaggle/ibrahimfateen_wound_classification/Wound_dataset copy/Pressure Wounds/sloughy-pressure-ulcer-0017.jpg,972ae4d3048f85bc8c14b3ef8d815269e085589e41348dcbb8572b2ea7fe8712,kaggle_card_license_unknown_review_before_redistribution
data/datasets/efficientnet_kaggle_v1/val/wound/2230d2ee43b5e39a.jpg,wound,val,data/raw/kaggle/ibrahimfateen_wound_classification/Wound_dataset copy/Pressure Wounds/sloughy-pressure-ulcer-0018.jpg,2230d2ee43b5e39acd209fa96684ed128a3398c36710788c181ba5897f952226,kaggle_card_license_unknown_review_before_redistribution
data/datasets/efficientnet_kaggle_v1/test/wound/813e50dc32c9d8f9.jpg,wound,test,data/raw/kaggle/ibrahimfateen_wound_classification/Wound_dataset copy/Pressure Wounds/sloughy-pressure-ulcer-0019.jpg,813e50dc32c9d8f92c8a04cc2ed998beac7f7a38cb79f212dc48fd40e1b362d0,kaggle_card_license_unknown_review_before_redistribution
data/datasets/efficientnet_kaggle_v1/train/wound/5f0eecdd2af26077.jpg,wound,train,data/raw/kaggle/ibrahimfateen_wound_classification/Wound_dataset copy/Pressure Wounds/sloughy-pressure-ulcer-0021.jpg,5f0eecdd2af26077bbe60f079895bfaaa3bb745fc6bd889ce3d457746933b5fe,kaggle_card_license_unknown_review_before_redistribution
data/datasets/efficientnet_kaggle_v1/val/wound/7bb31c64d64c2e32.jpg,wound,val,data/raw/kaggle/ibrahimfateen_wound_classification/Wound_dataset copy/Pressure Wounds/sloughy-pressure-ulcer-0022.jpg,7bb31c64d64c2e32d1eeaf01e437bee358741c822e5f457a9c9f2c44c3590323,kaggle_card_license_unknown_review_before_redistribution
data/datasets/efficientnet_kaggle_v1/test/wound/c46eb85b5f041fdf.jpg,wound,test,data/raw/kaggle/ibrahimfateen_wound_classification/Wound_dataset copy/Pressure Wounds/sloughy-pressure-ulcer-0023.jpg,c46eb85b5f041fdfa149e09cb17ada27fd3b970f19cf4ccea9ec0ea1cc3008be,kaggle_card_license_unknown_review_before_redistribution
data/datasets/efficientnet_kaggle_v1/test/wound/4e4ce8d1487ed186.jpg,wound,test,data/raw/kaggle/ibrahimfateen_wound_classification/Wound_dataset copy/Pressure Wounds/sloughy-pressure-ulcer-0024.jpg,4e4ce8d1487ed186e2e3d7cfbbc949c482b02296ec55b1d42faf240963e451b0,kaggle_card_license_unknown_review_before_redistribution
data/datasets/efficientnet_kaggle_v1/train/wound/8c8bbb159bc3680a.jpg,wound,train,data/raw/kaggle/ibrahimfateen_wound_classification/Wound_dataset copy/Pressure Wounds/sloughy-pressure-ulcer-0025.jpg,8c8bbb159bc3680a3d4da8632dd6732b802210ee98655ecd7d0eec6c344fdeb5,kaggle_card_license_unknown_review_before_redistribution
data/datasets/efficientnet_kaggle_v1/train/wound/70d4962acbb39ecf.jpg,wound,train,data/raw/kaggle/ibrahimfateen_wound_classification/Wound_dataset copy/Pressure Wounds/sloughy-pressure-ulcer-0026.jpg,70d4962acbb39ecf6df1ff878cfa564e2b8f8a77f9debc1690146b0b38418995,kaggle_card_license_unknown_review_before_redistribution
data/datasets/efficientnet_kaggle_v1/train/wound/d98ac83dba19364d.jpg,wound,train,data/raw/kaggle/ibrahimfateen_wound_classification/Wound_dataset copy/Pressure Wounds/sloughy-pressure-ulcer-0027.jpg,d98ac83dba19364d54d43df37456082b80f5747431096e6a3d2a3ac7a3404920,kaggle_card_license_unknown_review_before_redistribution
data/datasets/efficientnet_kaggle_v1/train/wound/4d99b32a1c82426d.jpg,wound,train,data/raw/kaggle/ibrahimfateen_wound_classification/Wound_dataset copy/Pressure Wounds/sloughy-pressure-ulcer-0028.jpg,4d99b32a1c82426d35c3121ed0f6ad72925793fa2b15cb91db82a8e872bf0bc5,kaggle_card_license_unknown_review_before_redistribution
data/datasets/efficientnet_kaggle_v1/val/wound/449a99b7ec20934c.jpg,wound,val,data/raw/kaggle/ibrahimfateen_wound_classification/Wound_dataset copy/Pressure Wounds/sloughy-pressure-ulcer-0029.jpg,449a99b7ec20934c1f203d0a8b2b36c5689e7eb084d658eaadbc41579ae1970a,kaggle_card_license_unknown_review_before_redistribution
data/datasets/efficientnet_kaggle_v1/train/wound/004b3853d95aa8a3.jpg,wound,train,data/raw/kaggle/ibrahimfateen_wound_classification/Wound_dataset copy/Pressure Wounds/sloughy-pressure-ulcer-0030.jpg,004b3853d95aa8a30ceb3ed76f9a17921a17fd7c7db849ed121f5c11e4a64e89,kaggle_card_license_unknown_review_before_redistribution
data/datasets/efficientnet_kaggle_v1/val/wound/ca5e3302a1a5dfad.jpg,wound,val,data/raw/kaggle/ibrahimfateen_wound_classification/Wound_dataset copy/Pressure Wounds/sloughy-pressure-ulcer-0031.jpg,ca5e3302a1a5dfada7d148e22965ebcfcb7748e63a8466d1a2b93a3cfc64b2e2,kaggle_card_license_unknown_review_before_redistribution
data/datasets/efficientnet_kaggle_v1/train/wound/e8168e443dd6e8f7.jpg,wound,train,data/raw/kaggle/ibrahimfateen_wound_classification/Wound_dataset copy/Pressure Wounds/sloughy-pressure-ulcer-0032.jpg,e8168e443dd6e8f71739c8fe0cf36d8783e7a6ac94ae50e595450e5d2cab3745,kaggle_card_license_unknown_review_before_redistribution
data/datasets/efficientnet_kaggle_v1/val/wound/777b39f649ec5583.jpg,wound,val,data/raw/kaggle/ibrahimfateen_wound_classification/Wound_dataset copy/Pressure Wounds/sloughy-pressure-ulcer-0033.jpg,777b39f649ec5583cf21a77c6743c1dc2ea5b774b5cd509579e061268cf76086,kaggle_card_license_unknown_review_before_redistribution
data/datasets/efficientnet_kaggle_v1/train/wound/091a55a918eb7c94.jpg,wound,train,data/raw/kaggle/ibrahimfateen_wound_classification/Wound_dataset copy/Pressure Wounds/sloughy-pressure-ulcer-0035.jpg,091a55a918eb7c9450202ee89126edf6a0c30833c3a7e324219ac1bebbc9704b,kaggle_card_license_unknown_review_before_redistribution
data/datasets/efficientnet_kaggle_v1/train/wound/80ca855bc2eeaaf0.jpg,wound,train,data/raw/kaggle/ibrahimfateen_wound_classification/Wound_dataset copy/Pressure Wounds/sloughy-pressure-ulcer-0037.jpg,80ca855bc2eeaaf02c69bdf4d3a113a61450c81de7d9c4b5cbf446f758eec36b,kaggle_card_license_unknown_review_before_redistribution
data/datasets/efficientnet_kaggle_v1/train/wound/7d5867c79dd10176.jpg,wound,train,data/raw/kaggle/ibrahimfateen_wound_classification/Wound_dataset copy/Pressure Wounds/sloughy-pressure-ulcer-0038.jpg,7d5867c79dd101765596d1a19a02e9ce0144e16d7ca94a89a87563cb9a778bfc,kaggle_card_license_unknown_review_before_redistribution
data/datasets/efficientnet_kaggle_v1/val/wound/613760a95fca9b4d.jpg,wound,val,data/raw/kaggle/ibrahimfateen_wound_classification/Wound_dataset copy/Pressure Wounds/sloughy-presure-ulcer-0020.jpg,613760a95fca9b4da0ab4f7a0356db0541b1aeb4a0a9a7d7b96bb432f7816d2a,kaggle_card_license_unknown_review_before_redistribution
data/datasets/efficientnet_kaggle_v1/train/wound/f0f2e74ae26da0ad.jpg,wound,train,data/raw/kaggle/ibrahimfateen_wound_classification/Wound_dataset copy/Pressure Wounds/sloughy-presure-ulcer-0036.jpg,f0f2e74ae26da0ad5daa878cf2e158b620e6474974150d9d03548ba49468cf93,kaggle_card_license_unknown_review_before_redistribution
data/datasets/efficientnet_kaggle_v1/train/wound/4265569ff8489d2e.jpg,wound,train,data/raw/kaggle/ibrahimfateen_wound_classification/Wound_dataset copy/Pressure Wounds/superficial-pressure-ulcer0001.jpg,4265569ff8489d2ee8451557983625c302d86bf7253bde60773f575d11e67f24,kaggle_card_license_unknown_review_before_redistribution
data/datasets/efficientnet_kaggle_v1/train/wound/293ce05f7309e69b.jpg,wound,train,data/raw/kaggle/ibrahimfateen_wound_classification/Wound_dataset copy/Pressure Wounds/superficial-pressure-ulcer0002.jpg,293ce05f7309e69b2418f5d751f8c7e0983cde94d4844ec5133ffab4816ab7ee,kaggle_card_license_unknown_review_before_redistribution
data/datasets/efficientnet_kaggle_v1/train/wound/8b906ca3ee451764.jpg,wound,train,data/raw/kaggle/ibrahimfateen_wound_classification/Wound_dataset copy/Pressure Wounds/superficial-pressure-ulcer0003.jpg,8b906ca3ee4517647269b4d2f0cff6ebe13ada6f42686f36918c626de6d1f85f,kaggle_card_license_unknown_review_before_redistribution
data/datasets/efficientnet_kaggle_v1/train/wound/0cb09b264671495d.jpg,wound,train,data/raw/kaggle/ibrahimfateen_wound_classification/Wound_dataset copy/Pressure Wounds/superficial-pressure-ulcer0004.jpg,0cb09b264671495d8d39ad621bc4891b3ac8143ae3a4f32e8093be87f26f970e,kaggle_card_license_unknown_review_before_redistribution
data/datasets/efficientnet_kaggle_v1/train/wound/25ba63e1278c9fa9.jpg,wound,train,data/raw/kaggle/ibrahimfateen_wound_classification/Wound_dataset copy/Pressure Wounds/superficial-pressure-ulcer0005.jpg,25ba63e1278c9fa972f60db2e9e93ef83a47df744ea25d650208ef4303781318,kaggle_card_license_unknown_review_before_redistribution
data/datasets/efficientnet_kaggle_v1/train/wound/dd4810d3387f720d.jpg,wound,train,data/raw/kaggle/ibrahimfateen_wound_classification/Wound_dataset copy/Pressure Wounds/superficial-pressure-ulcer0006.jpg,dd4810d3387f720dde29df7ea30067ca63d8ee425ad096d35083f4aa2a28c791,kaggle_card_license_unknown_review_before_redistribution
data/datasets/efficientnet_kaggle_v1/test/wound/285b343dac5768a4.jpg,wound,test,data/raw/kaggle/ibrahimfateen_wound_classification/Wound_dataset copy/Pressure Wounds/superficial-pressure-ulcer0007.jpg,285b343dac5768a4eba35afc82cafdc7d294489497eed0f3588f35489b1ddcee,kaggle_card_license_unknown_review_before_redistribution
data/datasets/efficientnet_kaggle_v1/train/wound/11187195656eb3cb.jpg,wound,train,data/raw/kaggle/ibrahimfateen_wound_classification/Wound_dataset copy/Pressure Wounds/superficial-pressure-ulcer0008.jpg,11187195656eb3cb2eada1d2cee917469de47d4c4a0f6c26e69b92e0e681d49e,kaggle_card_license_unknown_review_before_redistribution
data/datasets/efficientnet_kaggle_v1/val/wound/b5c8757dcb0e5a4e.jpg,wound,val,data/raw/kaggle/ibrahimfateen_wound_classification/Wound_dataset copy/Pressure Wounds/superficial-pressure-ulcer0009.jpg,b5c8757dcb0e5a4ef8a5e8c84cf1a3009acfe27004e2dd9429b2dac118b90eee,kaggle_card_license_unknown_review_before_redistribution
data/datasets/efficientnet_kaggle_v1/train/wound/ee0afa4fa2bcacea.jpg,wound,train,data/raw/kaggle/ibrahimfateen_wound_classification/Wound_dataset copy/Pressure Wounds/superficial-pressure-ulcer0010.jpg,ee0afa4fa2bcacea0b2d85af74e421410656a5e01c75d6a2a8c2c9431f128277,kaggle_card_license_unknown_review_before_redistribution
data/datasets/efficientnet_kaggle_v1/train/wound/935c92742c6678fd.jpg,wound,train,data/raw/kaggle/ibrahimfateen_wound_classification/Wound_dataset copy/Pressure Wounds/superficial-pressure-ulcer0011.jpg,935c92742c6678fde2bb950df2be4ce2082ad6b255d59153a8008ce46db4e4ab,kaggle_card_license_unknown_review_before_redistribution
data/datasets/efficientnet_kaggle_v1/train/wound/dc51e4011364df9e.jpg,wound,train,data/raw/kaggle/ibrahimfateen_wound_classification/Wound_dataset copy/Pressure Wounds/superficial-pressure-ulcer0012.jpg,dc51e4011364df9eab8e0edc3dda2c5b9095a7e94a874f9f2dd300d07de54110,kaggle_card_license_unknown_review_before_redistribution
data/datasets/efficientnet_kaggle_v1/train/wound/bb682c3c2c8e0a78.jpg,wound,train,data/raw/kaggle/ibrahimfateen_wound_classification/Wound_dataset copy/Pressure Wounds/superficial-pressure-ulcer0013.jpg,bb682c3c2c8e0a7838c9b52e27e9055208939258a32c2eb6e2654364e12f0222,kaggle_card_license_unknown_review_before_redistribution
data/datasets/efficientnet_kaggle_v1/train/wound/4afd9ea25131cbfa.jpg,wound,train,data/raw/kaggle/ibrahimfateen_wound_classification/Wound_dataset copy/Pressure Wounds/superficial-pressure-ulcer0015.jpg,4afd9ea25131cbfa169c22d0e57b6770152763af044492322d434eb5a4757935,kaggle_card_license_unknown_review_before_redistribution
data/datasets/efficientnet_kaggle_v1/train/wound/868268d0d1ec32bc.jpg,wound,train,data/raw/kaggle/ibrahimfateen_wound_classification/Wound_dataset copy/Pressure Wounds/superficial-pressure-ulcer0017.jpg,868268d0d1ec32bc815b6fc924311ea251e3783f4da9e4df0939360ee28bd510,kaggle_card_license_unknown_review_before_redistribution
data/datasets/efficientnet_kaggle_v1/train/wound/f2ce9bfcb6ed3e7a.jpg,wound,train,data/raw/kaggle/ibrahimfateen_wound_classification/Wound_dataset copy/Pressure Wounds/superficial-pressure-ulcer0018.jpg,f2ce9bfcb6ed3e7a6b2828a949c757dda9986ae79c15c2b5c5f6f8a09314ccb1,kaggle_card_license_unknown_review_before_redistribution
data/datasets/efficientnet_kaggle_v1/train/wound/012119cf64372573.jpg,wound,train,data/raw/kaggle/ibrahimfateen_wound_classification/Wound_dataset copy/Pressure Wounds/superficial-pressure-ulcer0019.jpg,012119cf64372573aee78097e05b4ba89eed1eaea352d2f5db945a943977d9a0,kaggle_card_license_unknown_review_before_redistribution
data/datasets/efficientnet_kaggle_v1/train/wound/2e228c1f1892f3ea.jpg,wound,train,data/raw/kaggle/ibrahimfateen_wound_classification/Wound_dataset copy/Pressure Wounds/superficial-pressure-ulcer0020.jpg,2e228c1f1892f3ea925d7bb7f1904503050f257adb9d04a3ab8fcc1390a7a69e,kaggle_card_license_unknown_review_before_redistribution
data/datasets/efficientnet_kaggle_v1/train/wound/8dca7095633dfa5f.jpg,wound,train,data/raw/kaggle/ibrahimfateen_wound_classification/Wound_dataset copy/Pressure Wounds/superficial-pressure-ulcer0021.jpg,8dca7095633dfa5fe45d0fe2d0a94e9678226332779c3765954b71bff5dd5b8a,kaggle_card_license_unknown_review_before_redistribution
data/datasets/efficientnet_kaggle_v1/test/wound/e0630efe9efa0459.jpg,wound,test,data/raw/kaggle/ibrahimfateen_wound_classification/Wound_dataset copy/Pressure Wounds/superficial-pressure-ulcer0022.jpg,e0630efe9efa0459fe36aa42c35c495793616fa954127020b46a47eca66663c1,kaggle_card_license_unknown_review_before_redistribution
data/datasets/efficientnet_kaggle_v1/val/wound/c16a725bdbff5ee5.jpg,wound,val,data/raw/kaggle/ibrahimfateen_wound_classification/Wound_dataset copy/Pressure Wounds/superficial-pressure-ulcer0023.jpg,c16a725bdbff5ee59d8e17402d1578dc8c157e10cb35bf8bc252c985656a6c28,kaggle_card_license_unknown_review_before_redistribution
data/datasets/efficientnet_kaggle_v1/train/wound/00b15d9bdce4729f.jpg,wound,train,data/raw/kaggle/ibrahimfateen_wound_classification/Wound_dataset copy/Pressure Wounds/superficial-pressure-ulcer0024.jpg,00b15d9bdce4729fb8bdc81936e21eeea97f579d8960d579da751d034bf5d06e,kaggle_card_license_unknown_review_before_redistribution
data/datasets/efficientnet_kaggle_v1/train/wound/327898816e17838c.jpg,wound,train,data/raw/kaggle/ibrahimfateen_wound_classification/Wound_dataset copy/Pressure Wounds/treating--pressure-ulcers0001.jpg,327898816e17838ce259788000f092ca716405cf705ad47ef272f69a9e3047f4,kaggle_card_license_unknown_review_before_redistribution
data/datasets/efficientnet_kaggle_v1/train/wound/7673840e0a5ebe80.jpg,wound,train,data/raw/kaggle/ibrahimfateen_wound_classification/Wound_dataset copy/Pressure Wounds/treating--pressure-ulcers0002.jpg,7673840e0a5ebe808ca69d70d24ed0b7e6ce318742064908835857e394090b05,kaggle_card_license_unknown_review_before_redistribution
data/datasets/efficientnet_kaggle_v1/train/wound/470bee6585429e1f.jpg,wound,train,data/raw/kaggle/ibrahimfateen_wound_classification/Wound_dataset copy/Pressure Wounds/treating--pressure-ulcers0004.jpg,470bee6585429e1f9188f969a6000a7f8f34c43f3b9b037fd9c69c29fbaec679,kaggle_card_license_unknown_review_before_redistribution
data/datasets/efficientnet_kaggle_v1/train/wound/fec497935115b8ab.jpg,wound,train,data/raw/kaggle/ibrahimfateen_wound_classification/Wound_dataset copy/Pressure Wounds/treating--pressure-ulcers0007.jpg,fec497935115b8ab3b8f2c47c1c7ce6efd2397f7adab0c9cb3787470d1c1f8cb,kaggle_card_license_unknown_review_before_redistribution
data/datasets/efficientnet_kaggle_v1/val/wound/a51b2ace8951c152.jpg,wound,val,data/raw/kaggle/ibrahimfateen_wound_classification/Wound_dataset copy/Pressure Wounds/treating--pressure-ulcers0014.jpg,a51b2ace8951c1520a3d8b74a80c7e295892f3e7a9de59f16394cd2ae4cd1287,kaggle_card_license_unknown_review_before_redistribution
data/datasets/efficientnet_kaggle_v1/train/wound/a90a994c1201d69d.jpg,wound,train,data/raw/kaggle/ibrahimfateen_wound_classification/Wound_dataset copy/Pressure Wounds/treating--pressure-ulcers008.jpg,a90a994c1201d69db2bedf5eb4c456910cbd0fa6323c650bb8da4bce89b5e0de,kaggle_card_license_unknown_review_before_redistribution
data/datasets/efficientnet_kaggle_v1/train/wound/eb96c24ffc847990.jpg,wound,train,data/raw/kaggle/ibrahimfateen_wound_classification/Wound_dataset copy/Pressure Wounds/treating--pressure-ulcers011.jpg,eb96c24ffc847990f3453bc094d2bdf117c68806101860ca44642f27addbf03e,kaggle_card_license_unknown_review_before_redistribution
data/datasets/efficientnet_kaggle_v1/test/wound/7f3e66d3fcb06367.jpg,wound,test,data/raw/kaggle/ibrahimfateen_wound_classification/Wound_dataset copy/Pressure Wounds/treating--pressure-ulcers012.jpg,7f3e66d3fcb06367bece326ebc37f6ac2b24e2126d0299c87c3308b1e5822985,kaggle_card_license_unknown_review_before_redistribution
data/datasets/efficientnet_kaggle_v1/test/wound/32305d39f957fef5.jpg,wound,test,data/raw/kaggle/ibrahimfateen_wound_classification/Wound_dataset copy/Pressure Wounds/undermining0001.jpg,32305d39f957fef5a360550aab22a39db0ee4443a7c9de183069c6b71ff1e484,kaggle_card_license_unknown_review_before_redistribution
data/datasets/efficientnet_kaggle_v1/train/wound/dbb7294d5bd6da4f.jpg,wound,train,data/raw/kaggle/ibrahimfateen_wound_classification/Wound_dataset copy/Pressure Wounds/undermining0002.jpg,dbb7294d5bd6da4f0a32fbd3435d4a79868e4d1ddc56c753efaab77e0a392ed3,kaggle_card_license_unknown_review_before_redistribution
data/datasets/efficientnet_kaggle_v1/train/wound/25ed7d859325a57a.jpg,wound,train,data/raw/kaggle/ibrahimfateen_wound_classification/Wound_dataset copy/Pressure Wounds/undermining0003.jpg,25ed7d859325a57a56bc938f9e3e80e3772447a9ebca9059a6bc39405152b58c,kaggle_card_license_unknown_review_before_redistribution
data/datasets/efficientnet_kaggle_v1/test/wound/0922d5c869a83549.jpg,wound,test,data/raw/kaggle/ibrahimfateen_wound_classification/Wound_dataset copy/Pressure Wounds/undermining0004.jpg,0922d5c869a83549219fb9f1e46f3d6fe66729955d2d1f4fdf06b5c4e7522b72,kaggle_card_license_unknown_review_before_redistribution
data/datasets/efficientnet_kaggle_v1/train/wound/01b1d4c8eb08034a.jpg,wound,train,data/raw/kaggle/ibrahimfateen_wound_classification/Wound_dataset copy/Pressure Wounds/undermining0005.jpg,01b1d4c8eb08034a59a0995a2245b6818ee1389865af961c340e5b78c1a2fbe2,kaggle_card_license_unknown_review_before_redistribution
data/datasets/efficientnet_kaggle_v1/train/wound/520012d92b10988b.jpg,wound,train,data/raw/kaggle/ibrahimfateen_wound_classification/Wound_dataset copy/Pressure Wounds/undermining0006.jpg,520012d92b10988bcc53d2527f855beeda4adb73ef0f7f55e727e4d21880b04d,kaggle_card_license_unknown_review_before_redistribution
data/datasets/efficientnet_kaggle_v1/val/wound/23f568a9783b0727.jpg,wound,val,data/raw/kaggle/ibrahimfateen_wound_classification/Wound_dataset copy/Pressure Wounds/undermining0007.jpg,23f568a9783b072799544911215df1b869ef035d3beba10502cd3088ddd0e07a,kaggle_card_license_unknown_review_before_redistribution
data/datasets/efficientnet_kaggle_v1/train/wound/d169d226dd5ed23b.jpg,wound,train,data/raw/kaggle/ibrahimfateen_wound_classification/Wound_dataset copy/Pressure Wounds/undermining0009.jpg,d169d226dd5ed23b1446787871dd7c1f2bc131942654e27ac0c7d9f973c6d7bd,kaggle_card_license_unknown_review_before_redistribution
data/datasets/efficientnet_kaggle_v1/test/wound/e61a38f357c2b16e.jpg,wound,test,data/raw/kaggle/ibrahimfateen_wound_classification/Wound_dataset copy/Pressure Wounds/undermining0010.jpg,e61a38f357c2b16e2b2ae65cd80c591a8c4966579467565392aff14cdc3688dc,kaggle_card_license_unknown_review_before_redistribution
data/datasets/efficientnet_kaggle_v1/val/wound/3daa418d9558ac47.jpg,wound,val,data/raw/kaggle/ibrahimfateen_wound_classification/Wound_dataset copy/Pressure Wounds/undermining0011.jpg,3daa418d9558ac47789c6f9efbf03d078d9c9282eb0102e2882561a44cd78341,kaggle_card_license_unknown_review_before_redistribution
data/datasets/efficientnet_kaggle_v1/train/wound/a227b6dcb598daf7.jpg,wound,train,data/raw/kaggle/ibrahimfateen_wound_classification/Wound_dataset copy/Pressure Wounds/undermining0012.jpg,a227b6dcb598daf7c974cefbb0c50f42117b924b04a9ad61f03f423ff2cc73c5,kaggle_card_license_unknown_review_before_redistribution
data/datasets/efficientnet_kaggle_v1/test/wound/517f4e9d0efac1d5.jpg,wound,test,data/raw/kaggle/ibrahimfateen_wound_classification/Wound_dataset copy/Pressure Wounds/undermining0013.jpg,517f4e9d0efac1d585c6c20367a44b1e0d61fc3b9687ea95432067d713d188a3,kaggle_card_license_unknown_review_before_redistribution
data/datasets/efficientnet_kaggle_v1/train/wound/b1a96caeda1583d7.jpg,wound,train,data/raw/kaggle/ibrahimfateen_wound_classification/Wound_dataset copy/Pressure Wounds/undermining0014.jpg,b1a96caeda1583d723bb48450ce373a06a3bd41b0bced94529e1a53f215a898c,kaggle_card_license_unknown_review_before_redistribution
data/datasets/efficientnet_kaggle_v1/train/wound/bb7e9141cb6d1b79.jpg,wound,train,data/raw/kaggle/ibrahimfateen_wound_classification/Wound_dataset copy/Pressure Wounds/undermining0015.jpg,bb7e9141cb6d1b7944b26e8554ab74c896489138c7b082399388803447bd5f7b,kaggle_card_license_unknown_review_before_redistribution
data/datasets/efficientnet_kaggle_v1/train/wound/c1de7fb1c59c62fa.jpg,wound,train,data/raw/kaggle/ibrahimfateen_wound_classification/Wound_dataset copy/Pressure Wounds/undermining0016.jpg,c1de7fb1c59c62fa82a845357d5d7d108ee1daa751b3c29595878be969a065ae,kaggle_card_license_unknown_review_before_redistribution
data/datasets/efficientnet_kaggle_v1/train/wound/088d455efc5fe091.jpg,wound,train,data/raw/kaggle/ibrahimfateen_wound_classification/Wound_dataset copy/Pressure Wounds/undermining0017.jpg,088d455efc5fe0919e4c0d0d4174ff0cef35217f79c4cef71852967ca7a8e7ed,kaggle_card_license_unknown_review_before_redistribution
data/datasets/efficientnet_kaggle_v1/train/wound/91c1be12a08c9e6b.jpg,wound,train,data/raw/kaggle/ibrahimfateen_wound_classification/Wound_dataset copy/Pressure Wounds/undermining0018.jpg,91c1be12a08c9e6b05a486d2826103854bd763089203f8babf55b35370cc7453,kaggle_card_license_unknown_review_before_redistribution
data/datasets/efficientnet_kaggle_v1/train/wound/9748666151480d29.jpg,wound,train,data/raw/kaggle/ibrahimfateen_wound_classification/Wound_dataset copy/Pressure Wounds/undermining0019.jpg,9748666151480d29c7684182b1a54293d5a9df369fc3c37fb2bf9e75f998b71d,kaggle_card_license_unknown_review_before_redistribution
data/datasets/efficientnet_kaggle_v1/train/wound/9d67e38565a81e5c.jpg,wound,train,data/raw/kaggle/ibrahimfateen_wound_classification/Wound_dataset copy/Pressure Wounds/undermining0020.jpg,9d67e38565a81e5c00616eb176943650a8b96f1037378f5fc237074056c7fced,kaggle_card_license_unknown_review_before_redistribution
data/datasets/efficientnet_kaggle_v1/train/wound/c910f8298f6695df.jpg,wound,train,data/raw/kaggle/ibrahimfateen_wound_classification/Wound_dataset copy/Surgical Wounds/100_0.jpg,c910f8298f6695df090e56a8104513d3e2b6083e5f0725337a10099d3c344cf6,kaggle_card_license_unknown_review_before_redistribution
data/datasets/efficientnet_kaggle_v1/train/wound/b8e2f31280fc8c5f.jpg,wound,train,data/raw/kaggle/ibrahimfateen_wound_classification/Wound_dataset copy/Surgical Wounds/101_0.jpg,b8e2f31280fc8c5fc771565ed8efa9a454d1a7d70a32e4d162b49d15528dca97,kaggle_card_license_unknown_review_before_redistribution
data/datasets/efficientnet_kaggle_v1/train/wound/9aeb74f90b1acd9e.jpg,wound,train,data/raw/kaggle/ibrahimfateen_wound_classification/Wound_dataset copy/Surgical Wounds/102_0.jpg,9aeb74f90b1acd9e1b0d47cd4b24d60378b09ee2aa253d33f2bf1c2137d80f3e,kaggle_card_license_unknown_review_before_redistribution
data/datasets/efficientnet_kaggle_v1/train/wound/6a3650db9e98e295.jpg,wound,train,data/raw/kaggle/ibrahimfateen_wound_classification/Wound_dataset copy/Surgical Wounds/103_0.jpg,6a3650db9e98e2954bb2036073071364e9603cb10b94e2d3b49988201bbcef3a,kaggle_card_license_unknown_review_before_redistribution
data/datasets/efficientnet_kaggle_v1/train/wound/2d36aa79ba5643d4.jpg,wound,train,data/raw/kaggle/ibrahimfateen_wound_classification/Wound_dataset copy/Surgical Wounds/104_0.jpg,2d36aa79ba5643d4c408d294e101b9af02ff9fd64ed357392beffadc1af1e519,kaggle_card_license_unknown_review_before_redistribution
data/datasets/efficientnet_kaggle_v1/train/wound/380df40e939b3b73.jpg,wound,train,data/raw/kaggle/ibrahimfateen_wound_classification/Wound_dataset copy/Surgical Wounds/105_0.jpg,380df40e939b3b733897a4cd9a906341cb52a77026f9ae1310c461996a15e297,kaggle_card_license_unknown_review_before_redistribution
data/datasets/efficientnet_kaggle_v1/train/wound/186caaac7276e2ab.jpg,wound,train,data/raw/kaggle/ibrahimfateen_wound_classification/Wound_dataset copy/Surgical Wounds/106_0.jpg,186caaac7276e2abcc009302887b171eb05ca4f62ab3910b718111fedcfb6187,kaggle_card_license_unknown_review_before_redistribution
data/datasets/efficientnet_kaggle_v1/train/wound/931996b6d7406d2c.jpg,wound,train,data/raw/kaggle/ibrahimfateen_wound_classification/Wound_dataset copy/Surgical Wounds/107_0.jpg,931996b6d7406d2c10fef5c4d3a7da36e36d656f34587c1d2a0f82fa9c31e3ee,kaggle_card_license_unknown_review_before_redistribution
data/datasets/efficientnet_kaggle_v1/val/wound/4d0e98805a9b5154.jpg,wound,val,data/raw/kaggle/ibrahimfateen_wound_classification/Wound_dataset copy/Surgical Wounds/108_0.jpg,4d0e98805a9b5154d4c34fd27444e2dba8f3e11096a5e47732edc35133422e9b,kaggle_card_license_unknown_review_before_redistribution
data/datasets/efficientnet_kaggle_v1/train/wound/968653ea5dcc87da.jpg,wound,train,data/raw/kaggle/ibrahimfateen_wound_classification/Wound_dataset copy/Surgical Wounds/109_0.jpg,968653ea5dcc87da77e295960ffc76e7a78d5d0214323628f977482c0523dda4,kaggle_card_license_unknown_review_before_redistribution
data/datasets/efficientnet_kaggle_v1/test/wound/eb563801e83f8672.jpg,wound,test,data/raw/kaggle/ibrahimfateen_wound_classification/Wound_dataset copy/Surgical Wounds/10_0.jpg,eb563801e83f86728843b479f4a327950b21a2810d3ff426d138daacb9f4ecc8,kaggle_card_license_unknown_review_before_redistribution
data/datasets/efficientnet_kaggle_v1/train/wound/8ae77725cec746d5.jpg,wound,train,data/raw/kaggle/ibrahimfateen_wound_classification/Wound_dataset copy/Surgical Wounds/110_0.jpg,8ae77725cec746d512cea569db7a32daaaffade9cf5b35bf52ba2244cc018ffe,kaggle_card_license_unknown_review_before_redistribution
data/datasets/efficientnet_kaggle_v1/train/wound/88ab24aca950b2cb.jpg,wound,train,data/raw/kaggle/ibrahimfateen_wound_classification/Wound_dataset copy/Surgical Wounds/110_1.jpg,88ab24aca950b2cbff92f47c5f1a0cd8dd753b64ff4a3c942a96028160f05668,kaggle_card_license_unknown_review_before_redistribution
data/datasets/efficientnet_kaggle_v1/test/wound/7725843f8afe8db9.jpg,wound,test,data/raw/kaggle/ibrahimfateen_wound_classification/Wound_dataset copy/Surgical Wounds/111_0.jpg,7725843f8afe8db9c25f2dcf68b163a39e7930d820bfc9c1a93f78a9fc95b7fd,kaggle_card_license_unknown_review_before_redistribution
data/datasets/efficientnet_kaggle_v1/train/wound/d95ebfd8cdbda0c8.jpg,wound,train,data/raw/kaggle/ibrahimfateen_wound_classification/Wound_dataset copy/Surgical Wounds/111_1.jpg,d95ebfd8cdbda0c8b7740351a6536b58a10541b79bf71406b0f1475b4cf0f19a,kaggle_card_license_unknown_review_before_redistribution
data/datasets/efficientnet_kaggle_v1/test/wound/8e477c11b091f2e2.jpg,wound,test,data/raw/kaggle/ibrahimfateen_wound_classification/Wound_dataset copy/Surgical Wounds/112_0.jpg,8e477c11b091f2e2d440bda6d6443f61683f6b5f11af7aa2c102f74bfeb1d962,kaggle_card_license_unknown_review_before_redistribution
data/datasets/efficientnet_kaggle_v1/train/wound/07d755c8f029763e.jpg,wound,train,data/raw/kaggle/ibrahimfateen_wound_classification/Wound_dataset copy/Surgical Wounds/113_0.jpg,07d755c8f029763e6fd3329666554b2e11adb75c240a9bb7b306ab91c4ed6d1c,kaggle_card_license_unknown_review_before_redistribution
data/datasets/efficientnet_kaggle_v1/train/wound/874ed8b49e7ab68f.jpg,wound,train,data/raw/kaggle/ibrahimfateen_wound_classification/Wound_dataset copy/Surgical Wounds/114_0.jpg,874ed8b49e7ab68f3664045dd30cace088645e01af07f22cc1d0bf302b67aa5c,kaggle_card_license_unknown_review_before_redistribution
data/datasets/efficientnet_kaggle_v1/train/wound/a1ced657958ceab1.jpg,wound,train,data/raw/kaggle/ibrahimfateen_wound_classification/Wound_dataset copy/Surgical Wounds/115_0.jpg,a1ced657958ceab11b1d7946068a7d85930a80d6e782c32362f729e489939279,kaggle_card_license_unknown_review_before_redistribution
data/datasets/efficientnet_kaggle_v1/val/wound/10615ddb238d29f4.jpg,wound,val,data/raw/kaggle/ibrahimfateen_wound_classification/Wound_dataset copy/Surgical Wounds/116_0.jpg,10615ddb238d29f40117c30cb37afcfd8d92b395b434c999a3c257f93f2da042,kaggle_card_license_unknown_review_before_redistribution
data/datasets/efficientnet_kaggle_v1/val/wound/309c5455835759a4.jpg,wound,val,data/raw/kaggle/ibrahimfateen_wound_classification/Wound_dataset copy/Surgical Wounds/117_0.jpg,309c5455835759a4ad2b3c35698a6f6141be1deee42b99fd0435b4cd01b05a3b,kaggle_card_license_unknown_review_before_redistribution
data/datasets/efficientnet_kaggle_v1/val/wound/250d89290a998739.jpg,wound,val,data/raw/kaggle/ibrahimfateen_wound_classification/Wound_dataset copy/Surgical Wounds/118_0.jpg,250d89290a998739c1f4e69cd12ebf619bf4ed16a946206993541ba05c6c6181,kaggle_card_license_unknown_review_before_redistribution
data/datasets/efficientnet_kaggle_v1/train/wound/5e341ff14ed41247.jpg,wound,train,data/raw/kaggle/ibrahimfateen_wound_classification/Wound_dataset copy/Surgical Wounds/119_0.jpg,5e341ff14ed412479a6da05dbfe4de5373b601d5662d3eaa3c63ee570b61bdc7,kaggle_card_license_unknown_review_before_redistribution
data/datasets/efficientnet_kaggle_v1/val/wound/808ab453e60962c1.jpg,wound,val,data/raw/kaggle/ibrahimfateen_wound_classification/Wound_dataset copy/Surgical Wounds/11_0.jpg,808ab453e60962c1987c29a331136541e7b5ecedd11824479213c4d4552f1578,kaggle_card_license_unknown_review_before_redistribution
data/datasets/efficientnet_kaggle_v1/train/wound/2fd2572974bde338.jpg,wound,train,data/raw/kaggle/ibrahimfateen_wound_classification/Wound_dataset copy/Surgical Wounds/11_1.jpg,2fd2572974bde338bada662d12bd300cc8a093fa8c8520d2dd86f023d54178c4,kaggle_card_license_unknown_review_before_redistribution
data/datasets/efficientnet_kaggle_v1/train/wound/8b928205f9fa4d85.jpg,wound,train,data/raw/kaggle/ibrahimfateen_wound_classification/Wound_dataset copy/Surgical Wounds/11_2.jpg,8b928205f9fa4d85155825b6a781f4f4250303f76771cb702c7c057b377eaa0c,kaggle_card_license_unknown_review_before_redistribution
data/datasets/efficientnet_kaggle_v1/train/wound/6acb99f83cbe65be.jpg,wound,train,data/raw/kaggle/ibrahimfateen_wound_classification/Wound_dataset copy/Surgical Wounds/120_0.jpg,6acb99f83cbe65befaf1dfd4df03e4c5ee6087a92289d26ad910d23f18423d7c,kaggle_card_license_unknown_review_before_redistribution
data/datasets/efficientnet_kaggle_v1/val/wound/077b85ba6d7cc2f1.jpg,wound,val,data/raw/kaggle/ibrahimfateen_wound_classification/Wound_dataset copy/Surgical Wounds/121_0.jpg,077b85ba6d7cc2f1305b0608c3eace366c6ef6bc1852339744e0c1b6e0e8dc8d,kaggle_card_license_unknown_review_before_redistribution
data/datasets/efficientnet_kaggle_v1/train/wound/5705e6d979e522fe.jpg,wound,train,data/raw/kaggle/ibrahimfateen_wound_classification/Wound_dataset copy/Surgical Wounds/122_0.jpg,5705e6d979e522fed0ddc04662214b00819a31288d05e8f6fced9ed95232097f,kaggle_card_license_unknown_review_before_redistribution
data/datasets/efficientnet_kaggle_v1/train/wound/2725e236f581533d.jpg,wound,train,data/raw/kaggle/ibrahimfateen_wound_classification/Wound_dataset copy/Surgical Wounds/123_0.jpg,2725e236f581533d75072edd04c4a6cbb9a61d1fc3b82fdfde870c43527b91f2,kaggle_card_license_unknown_review_before_redistribution
data/datasets/efficientnet_kaggle_v1/train/wound/6a606a87b9a7d7e0.jpg,wound,train,data/raw/kaggle/ibrahimfateen_wound_classification/Wound_dataset copy/Surgical Wounds/124_0.jpg,6a606a87b9a7d7e09c256df3460b5f786d18c6632caffed4466cc27696aacd61,kaggle_card_license_unknown_review_before_redistribution
data/datasets/efficientnet_kaggle_v1/train/wound/45bc18fda63d37d7.jpg,wound,train,data/raw/kaggle/ibrahimfateen_wound_classification/Wound_dataset copy/Surgical Wounds/125_0.jpg,45bc18fda63d37d74c0311a7f91fa2faca1ead1acd65c721339265b91c5186ee,kaggle_card_license_unknown_review_before_redistribution
data/datasets/efficientnet_kaggle_v1/test/wound/8190e51041481e94.jpg,wound,test,data/raw/kaggle/ibrahimfateen_wound_classification/Wound_dataset copy/Surgical Wounds/126_0.jpg,8190e51041481e944e98a81bcc8f428e1b860fdb79cac22dd5dd49a0ea93b5a9,kaggle_card_license_unknown_review_before_redistribution
data/datasets/efficientnet_kaggle_v1/train/wound/4741d37eb1b0a447.jpg,wound,train,data/raw/kaggle/ibrahimfateen_wound_classification/Wound_dataset copy/Surgical Wounds/127_0.jpg,4741d37eb1b0a4470e138528221e94b7d9aab6d739a41a770cf12aab03d8260d,kaggle_card_license_unknown_review_before_redistribution
data/datasets/efficientnet_kaggle_v1/train/wound/7e3da1b695389fa7.jpg,wound,train,data/raw/kaggle/ibrahimfateen_wound_classification/Wound_dataset copy/Surgical Wounds/128_0.jpg,7e3da1b695389fa7fbc12ba76f3505c4a54219710a4990193483b2335a8aec95,kaggle_card_license_unknown_review_before_redistribution
data/datasets/efficientnet_kaggle_v1/val/wound/97b3572afd9d6d84.jpg,wound,val,data/raw/kaggle/ibrahimfateen_wound_classification/Wound_dataset copy/Surgical Wounds/12_0.jpg,97b3572afd9d6d844f484f36a5d99ca01c92aec9197eb8873a906926a5f350c8,kaggle_card_license_unknown_review_before_redistribution
data/datasets/efficientnet_kaggle_v1/train/wound/b94be08d8ecb6a3a.jpg,wound,train,data/raw/kaggle/ibrahimfateen_wound_classification/Wound_dataset copy/Surgical Wounds/13_0.jpg,b94be08d8ecb6a3a58b60103e3750c868a11a9b06545234307ae9a192341c28c,kaggle_card_license_unknown_review_before_redistribution
data/datasets/efficientnet_kaggle_v1/train/wound/e08b053a8fa9625d.jpg,wound,train,data/raw/kaggle/ibrahimfateen_wound_classification/Wound_dataset copy/Surgical Wounds/13_1.jpg,e08b053a8fa9625ddc6e6bc66f9d86c2b383f9fc5da9d6bc365388563a2d9b4e,kaggle_card_license_unknown_review_before_redistribution
data/datasets/efficientnet_kaggle_v1/train/wound/513ae3e213790a69.jpg,wound,train,data/raw/kaggle/ibrahimfateen_wound_classification/Wound_dataset copy/Surgical Wounds/14_0.jpg,513ae3e213790a69ef7f6ce704b4585fd9f8d826e29107e52cf89c0a3dbbae6e,kaggle_card_license_unknown_review_before_redistribution
data/datasets/efficientnet_kaggle_v1/train/wound/2cf279d67de13e20.jpg,wound,train,data/raw/kaggle/ibrahimfateen_wound_classification/Wound_dataset copy/Surgical Wounds/15_0.jpg,2cf279d67de13e2084e1f5780888374460641191bec815e66359c8708004394c,kaggle_card_license_unknown_review_before_redistribution
data/datasets/efficientnet_kaggle_v1/train/wound/6bad5c45e510a478.jpg,wound,train,data/raw/kaggle/ibrahimfateen_wound_classification/Wound_dataset copy/Surgical Wounds/15_1.jpg,6bad5c45e510a4783c1eaa442f3dc1845ec3cfd5c9fc36c1ef98863a43df8a5c,kaggle_card_license_unknown_review_before_redistribution
data/datasets/efficientnet_kaggle_v1/train/wound/fc154bff6d2bb2ed.jpg,wound,train,data/raw/kaggle/ibrahimfateen_wound_classification/Wound_dataset copy/Surgical Wounds/16_0.jpg,fc154bff6d2bb2edac6c0084d3c8bdeb0a4aa96bb10faa3c700311971b6e3793,kaggle_card_license_unknown_review_before_redistribution
data/datasets/efficientnet_kaggle_v1/test/wound/3d36c65b466f9118.jpg,wound,test,data/raw/kaggle/ibrahimfateen_wound_classification/Wound_dataset copy/Surgical Wounds/16_1.jpg,3d36c65b466f91182e6ce587d706c2cf23303a841ab3020db1483f05b1bc5491,kaggle_card_license_unknown_review_before_redistribution
data/datasets/efficientnet_kaggle_v1/train/wound/5720740e5a1f9ec4.jpg,wound,train,data/raw/kaggle/ibrahimfateen_wound_classification/Wound_dataset copy/Surgical Wounds/17_0.jpg,5720740e5a1f9ec4268e450ac3835677e468151637dcd9489661f1e59f1875d1,kaggle_card_license_unknown_review_before_redistribution
data/datasets/efficientnet_kaggle_v1/train/wound/f580b5edcddbd769.jpg,wound,train,data/raw/kaggle/ibrahimfateen_wound_classification/Wound_dataset copy/Surgical Wounds/17_1.jpg,f580b5edcddbd769929e99a665ad9af5046f97aee8a95287167aeca3d8eb5953,kaggle_card_license_unknown_review_before_redistribution
data/datasets/efficientnet_kaggle_v1/train/wound/b7a54317680fa5e9.jpg,wound,train,data/raw/kaggle/ibrahimfateen_wound_classification/Wound_dataset copy/Surgical Wounds/18_0.jpg,b7a54317680fa5e92128bcc6b5685d6467b7502e9eb71d24d3ead69bdc4c11f4,kaggle_card_license_unknown_review_before_redistribution
data/datasets/efficientnet_kaggle_v1/train/wound/b29906a5d66b8bf8.jpg,wound,train,data/raw/kaggle/ibrahimfateen_wound_classification/Wound_dataset copy/Surgical Wounds/19_0.jpg,b29906a5d66b8bf88fd47460a66ebbfb2bba1dfe34c59b11e38482156501d9a6,kaggle_card_license_unknown_review_before_redistribution
data/datasets/efficientnet_kaggle_v1/test/wound/8fa2e52c14213327.jpg,wound,test,data/raw/kaggle/ibrahimfateen_wound_classification/Wound_dataset copy/Surgical Wounds/19_1.jpg,8fa2e52c142133279dfc2d1017d51e745f74eec36d0c43f32036a69debe6d30b,kaggle_card_license_unknown_review_before_redistribution
data/datasets/efficientnet_kaggle_v1/train/wound/b055cfbc2c34098f.jpg,wound,train,data/raw/kaggle/ibrahimfateen_wound_classification/Wound_dataset copy/Surgical Wounds/1_0.jpg,b055cfbc2c34098f7a3200b242fce17342f10762a574b96353ae1830ca22c74c,kaggle_card_license_unknown_review_before_redistribution
data/datasets/efficientnet_kaggle_v1/val/wound/28c1d53fb5bef19b.jpg,wound,val,data/raw/kaggle/ibrahimfateen_wound_classification/Wound_dataset copy/Surgical Wounds/20_0.jpg,28c1d53fb5bef19bc1d1f84b92924d6b075bb7e71b859dca18f123a9f59ad35e,kaggle_card_license_unknown_review_before_redistribution
data/datasets/efficientnet_kaggle_v1/val/wound/dc116deb0ac04ce2.jpg,wound,val,data/raw/kaggle/ibrahimfateen_wound_classification/Wound_dataset copy/Surgical Wounds/20_1.jpg,dc116deb0ac04ce20213fa2c51cd66238c6cbeff7c67f54b9e0978272457e437,kaggle_card_license_unknown_review_before_redistribution
data/datasets/efficientnet_kaggle_v1/train/wound/18c2d70c5ab63545.jpg,wound,train,data/raw/kaggle/ibrahimfateen_wound_classification/Wound_dataset copy/Surgical Wounds/21_0.jpg,18c2d70c5ab63545b7b6fb8acd7b2d67e4ed0ec9c1adae014d4f939ac4e1a323,kaggle_card_license_unknown_review_before_redistribution
data/datasets/efficientnet_kaggle_v1/train/wound/68e0719a803ab496.jpg,wound,train,data/raw/kaggle/ibrahimfateen_wound_classification/Wound_dataset copy/Surgical Wounds/22_0.jpg,68e0719a803ab496bdf333bb45f4e5a1b2d6c7c3ed9e93e2bafe83734e516efb,kaggle_card_license_unknown_review_before_redistribution
data/datasets/efficientnet_kaggle_v1/train/wound/2cfce7ef8cfbbf8e.jpg,wound,train,data/raw/kaggle/ibrahimfateen_wound_classification/Wound_dataset copy/Surgical Wounds/23_0.jpg,2cfce7ef8cfbbf8e5b02572823cccac77f53d9303c5f5b2aebb87e8914cfb75f,kaggle_card_license_unknown_review_before_redistribution
data/datasets/efficientnet_kaggle_v1/val/wound/8e6bdd46c5929765.jpg,wound,val,data/raw/kaggle/ibrahimfateen_wound_classification/Wound_dataset copy/Surgical Wounds/23_1.jpg,8e6bdd46c5929765b9c1aeded01c76f10e02f85060a1273c2d70078352dedfb0,kaggle_card_license_unknown_review_before_redistribution
data/datasets/efficientnet_kaggle_v1/train/wound/7db15515d50ab5c2.jpg,wound,train,data/raw/kaggle/ibrahimfateen_wound_classification/Wound_dataset copy/Surgical Wounds/24_0.jpg,7db15515d50ab5c2b83129a3e308056454d9c03450bb241bae1b947210ec97dc,kaggle_card_license_unknown_review_before_redistribution
data/datasets/efficientnet_kaggle_v1/test/wound/788ab543135f4aff.jpg,wound,test,data/raw/kaggle/ibrahimfateen_wound_classification/Wound_dataset copy/Surgical Wounds/24_1.jpg,788ab543135f4aff51451574a54c52f5ce07fdd64c23d818ec9360e10bc3e70d,kaggle_card_license_unknown_review_before_redistribution
data/datasets/efficientnet_kaggle_v1/train/wound/b119c9d9b2305839.jpg,wound,train,data/raw/kaggle/ibrahimfateen_wound_classification/Wound_dataset copy/Surgical Wounds/25_0.jpg,b119c9d9b2305839eb1ee766d2c22d2342063ce0a662c9b27638d01010e90a77,kaggle_card_license_unknown_review_before_redistribution
data/datasets/efficientnet_kaggle_v1/train/wound/bd41cff6cdbd8ece.jpg,wound,train,data/raw/kaggle/ibrahimfateen_wound_classification/Wound_dataset copy/Surgical Wounds/26_0.jpg,bd41cff6cdbd8ece862314044b065a4bd509845946be3ce8b76a33007fd44ab2,kaggle_card_license_unknown_review_before_redistribution
data/datasets/efficientnet_kaggle_v1/train/wound/bc0089f793e19096.jpg,wound,train,data/raw/kaggle/ibrahimfateen_wound_classification/Wound_dataset copy/Surgical Wounds/26_1.jpg,bc0089f793e190961c6fb576637e5fe6eed5221affbf9eaa1492b2047e62a106,kaggle_card_license_unknown_review_before_redistribution
data/datasets/efficientnet_kaggle_v1/train/wound/bffd200923b4c724.jpg,wound,train,data/raw/kaggle/ibrahimfateen_wound_classification/Wound_dataset copy/Surgical Wounds/27_0.jpg,bffd200923b4c724fbcc669cbcab92c3f220814c845a3a9bd2a4c072aabf6ead,kaggle_card_license_unknown_review_before_redistribution
data/datasets/efficientnet_kaggle_v1/train/wound/eb44686a46ef9b88.jpg,wound,train,data/raw/kaggle/ibrahimfateen_wound_classification/Wound_dataset copy/Surgical Wounds/28_0.jpg,eb44686a46ef9b887394d55000375d6100f979a867f9defcbd53254281ddb406,kaggle_card_license_unknown_review_before_redistribution
data/datasets/efficientnet_kaggle_v1/train/wound/99a8a18fbf722c4f.jpg,wound,train,data/raw/kaggle/ibrahimfateen_wound_classification/Wound_dataset copy/Surgical Wounds/29_0.jpg,99a8a18fbf722c4fc35b35a5908be59eeb66723a8b16808e45060444b5e9290d,kaggle_card_license_unknown_review_before_redistribution
data/datasets/efficientnet_kaggle_v1/train/wound/30e6d45a3e9b5e4d.jpg,wound,train,data/raw/kaggle/ibrahimfateen_wound_classification/Wound_dataset copy/Surgical Wounds/29_1.jpg,30e6d45a3e9b5e4d364ec5b9b50657cd65e6cb0e7b020b752cf12d99037362ca,kaggle_card_license_unknown_review_before_redistribution
data/datasets/efficientnet_kaggle_v1/train/wound/a74ddad44bc9d0a6.jpg,wound,train,data/raw/kaggle/ibrahimfateen_wound_classification/Wound_dataset copy/Surgical Wounds/2_0.jpg,a74ddad44bc9d0a6efdf72067370c6a9ed1c2b7630feb5a4c200625598ee783e,kaggle_card_license_unknown_review_before_redistribution
data/datasets/efficientnet_kaggle_v1/train/wound/0b9b46e7ed9a6036.jpg,wound,train,data/raw/kaggle/ibrahimfateen_wound_classification/Wound_dataset copy/Surgical Wounds/30_0.jpg,0b9b46e7ed9a603614b2cd26e9c76e44fdaf160e8f15e129ef571dbdaf28f991,kaggle_card_license_unknown_review_before_redistribution
data/datasets/efficientnet_kaggle_v1/train/wound/b4776a9fb999709e.jpg,wound,train,data/raw/kaggle/ibrahimfateen_wound_classification/Wound_dataset copy/Surgical Wounds/31_0.jpg,b4776a9fb999709e3bc85cf5ff1fe5e643d07b8db0bd3b419b98314ac0b44f57,kaggle_card_license_unknown_review_before_redistribution
data/datasets/efficientnet_kaggle_v1/train/wound/7fdb8427141fbe96.jpg,wound,train,data/raw/kaggle/ibrahimfateen_wound_classification/Wound_dataset copy/Surgical Wounds/32_0.jpg,7fdb8427141fbe965edaf42a72c4e387d8f38f646707c6d9bf8725abd01f26c0,kaggle_card_license_unknown_review_before_redistribution
data/datasets/efficientnet_kaggle_v1/val/wound/25de7f4c99a663f7.jpg,wound,val,data/raw/kaggle/ibrahimfateen_wound_classification/Wound_dataset copy/Surgical Wounds/33_0.jpg,25de7f4c99a663f70c2fa913d9d0e96b004e4e0248f7d79868d61e30d4b9f89e,kaggle_card_license_unknown_review_before_redistribution
data/datasets/efficientnet_kaggle_v1/train/wound/b7b29037045d2711.jpg,wound,train,data/raw/kaggle/ibrahimfateen_wound_classification/Wound_dataset copy/Surgical Wounds/34_0.jpg,b7b29037045d2711e4b05c351c7eac423f46aee24f6c330d4b7b7506f37396bb,kaggle_card_license_unknown_review_before_redistribution
data/datasets/efficientnet_kaggle_v1/train/wound/932f7ef31a63fb26.jpg,wound,train,data/raw/kaggle/ibrahimfateen_wound_classification/Wound_dataset copy/Surgical Wounds/35_0.jpg,932f7ef31a63fb26a2e194177a844917bcd53c614d08311cb3f2766119450ea9,kaggle_card_license_unknown_review_before_redistribution
data/datasets/efficientnet_kaggle_v1/train/wound/f0709f92c940c980.jpg,wound,train,data/raw/kaggle/ibrahimfateen_wound_classification/Wound_dataset copy/Surgical Wounds/36_0.jpg,f0709f92c940c98027d1e6af2a92bb9e1518678b37320320f6611cf36151d912,kaggle_card_license_unknown_review_before_redistribution
data/datasets/efficientnet_kaggle_v1/train/wound/ba0939424d9a6839.jpg,wound,train,data/raw/kaggle/ibrahimfateen_wound_classification/Wound_dataset copy/Surgical Wounds/37_0.jpg,ba0939424d9a683947a15ad7b99893fff47154b16c6996d7bac737bcdbcf6145,kaggle_card_license_unknown_review_before_redistribution
data/datasets/efficientnet_kaggle_v1/train/wound/e2567240edc56576.jpg,wound,train,data/raw/kaggle/ibrahimfateen_wound_classification/Wound_dataset copy/Surgical Wounds/37_1.jpg,e2567240edc5657657e78572791fe5bd49666a4f8a8f57467dc408e308a22255,kaggle_card_license_unknown_review_before_redistribution
data/datasets/efficientnet_kaggle_v1/train/wound/6ffeed35e0a36efe.jpg,wound,train,data/raw/kaggle/ibrahimfateen_wound_classification/Wound_dataset copy/Surgical Wounds/38_0.jpg,6ffeed35e0a36efe53d9325c49b6edd21712246eb302041740c4a21ef0e7c610,kaggle_card_license_unknown_review_before_redistribution
data/datasets/efficientnet_kaggle_v1/val/wound/808705600d1dcdb8.jpg,wound,val,data/raw/kaggle/ibrahimfateen_wound_classification/Wound_dataset copy/Surgical Wounds/39_0.jpg,808705600d1dcdb89feee508cddf5351da7bdbe009bdf83c03a2d471d4d55000,kaggle_card_license_unknown_review_before_redistribution
data/datasets/efficientnet_kaggle_v1/train/wound/edf96004e319b425.jpg,wound,train,data/raw/kaggle/ibrahimfateen_wound_classification/Wound_dataset copy/Surgical Wounds/3_0.jpg,edf96004e319b425430228bc9ef12faa238180646eff3cef8a3339a0af964af8,kaggle_card_license_unknown_review_before_redistribution
data/datasets/efficientnet_kaggle_v1/train/wound/45631cc676f60fec.jpg,wound,train,data/raw/kaggle/ibrahimfateen_wound_classification/Wound_dataset copy/Surgical Wounds/40_0.jpg,45631cc676f60fec570eb6e98ec668e6af6313650c04b8b3c4bedde8ecc63e99,kaggle_card_license_unknown_review_before_redistribution
data/datasets/efficientnet_kaggle_v1/test/wound/8c044e9229821975.jpg,wound,test,data/raw/kaggle/ibrahimfateen_wound_classification/Wound_dataset copy/Surgical Wounds/41_0.jpg,8c044e922982197579c0af8fdf3c35fd8fc1a912bcddba17e367ed86696a7999,kaggle_card_license_unknown_review_before_redistribution
data/datasets/efficientnet_kaggle_v1/train/wound/bc6a3b8641f5cc42.jpg,wound,train,data/raw/kaggle/ibrahimfateen_wound_classification/Wound_dataset copy/Surgical Wounds/42_0.jpg,bc6a3b8641f5cc42f35fbd044e871dbd6968c01bffde0975a883b9bd2308280f,kaggle_card_license_unknown_review_before_redistribution
data/datasets/efficientnet_kaggle_v1/train/wound/ed4d52ad402a84d1.jpg,wound,train,data/raw/kaggle/ibrahimfateen_wound_classification/Wound_dataset copy/Surgical Wounds/43_0.jpg,ed4d52ad402a84d1d59bf7ed1a1118864517cdd132d1096dd6e1669ab3366b31,kaggle_card_license_unknown_review_before_redistribution
data/datasets/efficientnet_kaggle_v1/train/wound/33a566a054200ef3.jpg,wound,train,data/raw/kaggle/ibrahimfateen_wound_classification/Wound_dataset copy/Surgical Wounds/44_0.jpg,33a566a054200ef362a43c3b484a96dec9408e2a4fd903e722749e122a667851,kaggle_card_license_unknown_review_before_redistribution
data/datasets/efficientnet_kaggle_v1/train/wound/685b8ea69ca2f23d.jpg,wound,train,data/raw/kaggle/ibrahimfateen_wound_classification/Wound_dataset copy/Surgical Wounds/45_0.jpg,685b8ea69ca2f23def6e64de32a09fad311aa21744ffbdc494ff165ac5c8812c,kaggle_card_license_unknown_review_before_redistribution
data/datasets/efficientnet_kaggle_v1/train/wound/f1fc6ee6c9ab7329.jpg,wound,train,data/raw/kaggle/ibrahimfateen_wound_classification/Wound_dataset copy/Surgical Wounds/46_0.jpg,f1fc6ee6c9ab7329d85703f1880923deaea7083ede641d1afee9c6d59c85d7ad,kaggle_card_license_unknown_review_before_redistribution
data/datasets/efficientnet_kaggle_v1/train/wound/08bad6d5c67b2d91.jpg,wound,train,data/raw/kaggle/ibrahimfateen_wound_classification/Wound_dataset copy/Surgical Wounds/47_0.jpg,08bad6d5c67b2d91f6f937ea36d5d0e56288dafaaa47e0f31cb82f806a6f50f0,kaggle_card_license_unknown_review_before_redistribution
data/datasets/efficientnet_kaggle_v1/test/wound/f2ab7128fb427187.jpg,wound,test,data/raw/kaggle/ibrahimfateen_wound_classification/Wound_dataset copy/Surgical Wounds/48_0.jpg,f2ab7128fb4271871b540899d9280f648affc67c72e691baf1703144482cc621,kaggle_card_license_unknown_review_before_redistribution
data/datasets/efficientnet_kaggle_v1/train/wound/48b2920089934925.jpg,wound,train,data/raw/kaggle/ibrahimfateen_wound_classification/Wound_dataset copy/Surgical Wounds/49_0.jpg,48b2920089934925f12e896dcedcfbc30aa15a06cbfeba22837132603fb01bb1,kaggle_card_license_unknown_review_before_redistribution
data/datasets/efficientnet_kaggle_v1/train/wound/2e3aecd292c62b8f.jpg,wound,train,data/raw/kaggle/ibrahimfateen_wound_classification/Wound_dataset copy/Surgical Wounds/49_1.jpg,2e3aecd292c62b8f3a2089b845785ef6b16a39c1d60ecded2b5df103dc00d7c6,kaggle_card_license_unknown_review_before_redistribution
data/datasets/efficientnet_kaggle_v1/train/wound/71304bde90d407a2.jpg,wound,train,data/raw/kaggle/ibrahimfateen_wound_classification/Wound_dataset copy/Surgical Wounds/4_0.jpg,71304bde90d407a20ad51e046f210ce376d98aa9bfdae335b46a33717b521b5a,kaggle_card_license_unknown_review_before_redistribution
data/datasets/efficientnet_kaggle_v1/train/wound/1fbba1e159acffe7.jpg,wound,train,data/raw/kaggle/ibrahimfateen_wound_classification/Wound_dataset copy/Surgical Wounds/50_0.jpg,1fbba1e159acffe707e607a5feb23906920360b0edbe00e9778439b08c5984d9,kaggle_card_license_unknown_review_before_redistribution
data/datasets/efficientnet_kaggle_v1/val/wound/8ccae850dcae1df1.jpg,wound,val,data/raw/kaggle/ibrahimfateen_wound_classification/Wound_dataset copy/Surgical Wounds/50_1.jpg,8ccae850dcae1df1528ed530d64686ae4da490ed0160c1e030924e1261e2e8e4,kaggle_card_license_unknown_review_before_redistribution
data/datasets/efficientnet_kaggle_v1/test/wound/471f4abfb01357a2.jpg,wound,test,data/raw/kaggle/ibrahimfateen_wound_classification/Wound_dataset copy/Surgical Wounds/51_0.jpg,471f4abfb01357a28b3b266d9a333969ff262febc6e7bd2c3f6137bef84b17a5,kaggle_card_license_unknown_review_before_redistribution
data/datasets/efficientnet_kaggle_v1/train/wound/15ad5054d9cd3149.jpg,wound,train,data/raw/kaggle/ibrahimfateen_wound_classification/Wound_dataset copy/Surgical Wounds/51_1.jpg,15ad5054d9cd31498563878c78fdc86bacb98039904298dd8de693ea2ede8ffd,kaggle_card_license_unknown_review_before_redistribution
data/datasets/efficientnet_kaggle_v1/train/wound/edbab3e757399145.jpg,wound,train,data/raw/kaggle/ibrahimfateen_wound_classification/Wound_dataset copy/Surgical Wounds/52_0.jpg,edbab3e7573991456b121861b1fc16a1a772b8e1932748f206dd4c0afd7c88dd,kaggle_card_license_unknown_review_before_redistribution
data/datasets/efficientnet_kaggle_v1/train/wound/5d111a078a6eb7db.jpg,wound,train,data/raw/kaggle/ibrahimfateen_wound_classification/Wound_dataset copy/Surgical Wounds/52_1.jpg,5d111a078a6eb7db20210f2b1c231d7f45c9db45cbb08767512566eff138a45c,kaggle_card_license_unknown_review_before_redistribution
data/datasets/efficientnet_kaggle_v1/train/wound/1cf417069b87dcf6.jpg,wound,train,data/raw/kaggle/ibrahimfateen_wound_classification/Wound_dataset copy/Surgical Wounds/53_0.jpg,1cf417069b87dcf6f38c0b9d7e85d9d6ad6d2fb7e7106e490121d5539f5105e5,kaggle_card_license_unknown_review_before_redistribution
data/datasets/efficientnet_kaggle_v1/test/wound/7f8cd627d07d1cb5.jpg,wound,test,data/raw/kaggle/ibrahimfateen_wound_classification/Wound_dataset copy/Surgical Wounds/54_0.jpg,7f8cd627d07d1cb57b388a726ac271d7c938c7975b4a3db972bad5371afa4cbd,kaggle_card_license_unknown_review_before_redistribution
data/datasets/efficientnet_kaggle_v1/train/wound/92f82dd92d8574d8.jpg,wound,train,data/raw/kaggle/ibrahimfateen_wound_classification/Wound_dataset copy/Surgical Wounds/55_0.jpg,92f82dd92d8574d814f04b59df900a2b33e89e5df191d25e61071b6093ed4127,kaggle_card_license_unknown_review_before_redistribution
data/datasets/efficientnet_kaggle_v1/val/wound/105dd20728ce080b.jpg,wound,val,data/raw/kaggle/ibrahimfateen_wound_classification/Wound_dataset copy/Surgical Wounds/56_0.jpg,105dd20728ce080bc11d03710eb0ac4acf3226c4f841a2569b072dd561f9ce0d,kaggle_card_license_unknown_review_before_redistribution
data/datasets/efficientnet_kaggle_v1/train/wound/4bde308bc4a8c766.jpg,wound,train,data/raw/kaggle/ibrahimfateen_wound_classification/Wound_dataset copy/Surgical Wounds/57_0.jpg,4bde308bc4a8c766eb26ab2f0fd3f012f764c2a2f9c0d83693773c5b09e6b734,kaggle_card_license_unknown_review_before_redistribution
data/datasets/efficientnet_kaggle_v1/test/wound/f0762db1805700b1.jpg,wound,test,data/raw/kaggle/ibrahimfateen_wound_classification/Wound_dataset copy/Surgical Wounds/58_0.jpg,f0762db1805700b17108796ee00606aff2c3708afa24f46e8deebe27f0c17ce7,kaggle_card_license_unknown_review_before_redistribution
data/datasets/efficientnet_kaggle_v1/train/wound/52d73b6aaee50749.jpg,wound,train,data/raw/kaggle/ibrahimfateen_wound_classification/Wound_dataset copy/Surgical Wounds/59_0.jpg,52d73b6aaee507495549d326de2c6d4025ac69080d6c03697be68272bc56668c,kaggle_card_license_unknown_review_before_redistribution
data/datasets/efficientnet_kaggle_v1/val/wound/e4770dd7396ea4dc.jpg,wound,val,data/raw/kaggle/ibrahimfateen_wound_classification/Wound_dataset copy/Surgical Wounds/5_0.jpg,e4770dd7396ea4dce7c5fc4cbd273f76919cbc3802121efe271efe298c535945,kaggle_card_license_unknown_review_before_redistribution
data/datasets/efficientnet_kaggle_v1/val/wound/c1964706b077b76c.jpg,wound,val,data/raw/kaggle/ibrahimfateen_wound_classification/Wound_dataset copy/Surgical Wounds/5_1.jpg,c1964706b077b76c6bc4b80f9fa0e826863bbc3c34cf58dba1c1939dc52b508a,kaggle_card_license_unknown_review_before_redistribution
data/datasets/efficientnet_kaggle_v1/train/wound/a9ad563f218ff32f.jpg,wound,train,data/raw/kaggle/ibrahimfateen_wound_classification/Wound_dataset copy/Surgical Wounds/5_2.jpg,a9ad563f218ff32f0190c22df3845f736410f23e25a5bf78fd0c7df36b224683,kaggle_card_license_unknown_review_before_redistribution
data/datasets/efficientnet_kaggle_v1/train/wound/03745ddd074c3627.jpg,wound,train,data/raw/kaggle/ibrahimfateen_wound_classification/Wound_dataset copy/Surgical Wounds/60_0.jpg,03745ddd074c36273e2fe292228d422ab4677b4dc7f1769e804549e22f318ed3,kaggle_card_license_unknown_review_before_redistribution
data/datasets/efficientnet_kaggle_v1/train/wound/75ad14eeed8f8583.jpg,wound,train,data/raw/kaggle/ibrahimfateen_wound_classification/Wound_dataset copy/Surgical Wounds/60_1.jpg,75ad14eeed8f8583e806edb5d02e96f28a9af496bcbea2a8e18b0c750b81073f,kaggle_card_license_unknown_review_before_redistribution
data/datasets/efficientnet_kaggle_v1/train/wound/87283a08f74ed5e8.jpg,wound,train,data/raw/kaggle/ibrahimfateen_wound_classification/Wound_dataset copy/Surgical Wounds/61_0.jpg,87283a08f74ed5e8161f145ab78c001dc6006298080ddd9d8e0b3b9753abe366,kaggle_card_license_unknown_review_before_redistribution
data/datasets/efficientnet_kaggle_v1/train/wound/0c66eefa4bbafc34.jpg,wound,train,data/raw/kaggle/ibrahimfateen_wound_classification/Wound_dataset copy/Surgical Wounds/62_0.jpg,0c66eefa4bbafc3492ee49103a2c4d1b22e86b1ac8ac988c5ebd07ba612be3bf,kaggle_card_license_unknown_review_before_redistribution
data/datasets/efficientnet_kaggle_v1/train/wound/ceebe2ede937494e.jpg,wound,train,data/raw/kaggle/ibrahimfateen_wound_classification/Wound_dataset copy/Surgical Wounds/63_0.jpg,ceebe2ede937494e6a49f15e89cbf1142eca47646a2d4c579665883cf0cfd361,kaggle_card_license_unknown_review_before_redistribution
data/datasets/efficientnet_kaggle_v1/test/wound/d750a0ce6fc49f0a.jpg,wound,test,data/raw/kaggle/ibrahimfateen_wound_classification/Wound_dataset copy/Surgical Wounds/64_0.jpg,d750a0ce6fc49f0ae5dbde9bc507bc8f165c7d3c141ac88c7f2c304003feed3a,kaggle_card_license_unknown_review_before_redistribution
data/datasets/efficientnet_kaggle_v1/train/wound/7fcd7e64e2364975.jpg,wound,train,data/raw/kaggle/ibrahimfateen_wound_classification/Wound_dataset copy/Surgical Wounds/64_1.jpg,7fcd7e64e2364975c0509548ddc96bab7426bd20b05ff877dee792437e0f794d,kaggle_card_license_unknown_review_before_redistribution
data/datasets/efficientnet_kaggle_v1/train/wound/5b2198515972ca44.jpg,wound,train,data/raw/kaggle/ibrahimfateen_wound_classification/Wound_dataset copy/Surgical Wounds/65_0.jpg,5b2198515972ca443a7c9f45b42403d8977c11f142247d3cdf8f597f38181ded,kaggle_card_license_unknown_review_before_redistribution
data/datasets/efficientnet_kaggle_v1/train/wound/663db749b48fb973.jpg,wound,train,data/raw/kaggle/ibrahimfateen_wound_classification/Wound_dataset copy/Surgical Wounds/66_0.jpg,663db749b48fb9730d16aa7898a7044042528773af4118dfbb8658120a0b6482,kaggle_card_license_unknown_review_before_redistribution
data/datasets/efficientnet_kaggle_v1/val/wound/3ed22e30020aab79.jpg,wound,val,data/raw/kaggle/ibrahimfateen_wound_classification/Wound_dataset copy/Surgical Wounds/67_0.jpg,3ed22e30020aab79f9a072d6770a278725329d578a5f5866cd9dacb93f9c0d5a,kaggle_card_license_unknown_review_before_redistribution
data/datasets/efficientnet_kaggle_v1/train/wound/b1a6a031f0f79c7f.jpg,wound,train,data/raw/kaggle/ibrahimfateen_wound_classification/Wound_dataset copy/Surgical Wounds/67_1.jpg,b1a6a031f0f79c7f3ed53c2f14a9501c58a7fa1061ed71d43a809041562d9e8f,kaggle_card_license_unknown_review_before_redistribution
data/datasets/efficientnet_kaggle_v1/test/wound/e7ad75d6c2f61e9e.jpg,wound,test,data/raw/kaggle/ibrahimfateen_wound_classification/Wound_dataset copy/Surgical Wounds/68_0.jpg,e7ad75d6c2f61e9e0b50a00610bbccdbbb7ce385bf79123076cf8563e2d864cf,kaggle_card_license_unknown_review_before_redistribution
data/datasets/efficientnet_kaggle_v1/train/wound/86323142376847c8.jpg,wound,train,data/raw/kaggle/ibrahimfateen_wound_classification/Wound_dataset copy/Surgical Wounds/68_1.jpg,86323142376847c828ede52d7fc1bd2ec096375d745b7c7ea29602d44449c0d5,kaggle_card_license_unknown_review_before_redistribution
data/datasets/efficientnet_kaggle_v1/val/wound/c5edcdd5a979a567.jpg,wound,val,data/raw/kaggle/ibrahimfateen_wound_classification/Wound_dataset copy/Surgical Wounds/69_0.jpg,c5edcdd5a979a567eaca47a42e0fe3abb11735ca1778ea69ba5d48b82e59ddc9,kaggle_card_license_unknown_review_before_redistribution
data/datasets/efficientnet_kaggle_v1/train/wound/d8dc8395353b1fa7.jpg,wound,train,data/raw/kaggle/ibrahimfateen_wound_classification/Wound_dataset copy/Surgical Wounds/6_0.jpg,d8dc8395353b1fa766016a11006e704307f346e2d4f1a3e4fc9f38343ab97d26,kaggle_card_license_unknown_review_before_redistribution
data/datasets/efficientnet_kaggle_v1/train/wound/fb374461e1e757ac.jpg,wound,train,data/raw/kaggle/ibrahimfateen_wound_classification/Wound_dataset copy/Surgical Wounds/6_1.jpg,fb374461e1e757ac73ecd7f55b2141da621d246c4efc83945f9c9db74aae7f49,kaggle_card_license_unknown_review_before_redistribution
data/datasets/efficientnet_kaggle_v1/train/wound/f5dd29ac11cd0cbb.jpg,wound,train,data/raw/kaggle/ibrahimfateen_wound_classification/Wound_dataset copy/Surgical Wounds/70_0.jpg,f5dd29ac11cd0cbb5f520540ad9ab025c487d8ed69e7b65901f7aa7c8be41023,kaggle_card_license_unknown_review_before_redistribution
data/datasets/efficientnet_kaggle_v1/train/wound/8aae4754fc364757.jpg,wound,train,data/raw/kaggle/ibrahimfateen_wound_classification/Wound_dataset copy/Surgical Wounds/71_0.jpg,8aae4754fc3647579a57fd481462529f0fc2c9800a97ba3557357c990d72163a,kaggle_card_license_unknown_review_before_redistribution
data/datasets/efficientnet_kaggle_v1/train/wound/28c61f7c7a454fb3.jpg,wound,train,data/raw/kaggle/ibrahimfateen_wound_classification/Wound_dataset copy/Surgical Wounds/72_0.jpg,28c61f7c7a454fb3b1f3577a2d13b1bb95da3c3985eeee193d5353ea18a60e20,kaggle_card_license_unknown_review_before_redistribution
data/datasets/efficientnet_kaggle_v1/train/wound/a88aadd0ef2769ca.jpg,wound,train,data/raw/kaggle/ibrahimfateen_wound_classification/Wound_dataset copy/Surgical Wounds/73_0.jpg,a88aadd0ef2769ca256912175a48c3f28a862ab84f4f218846f060fbca8f39d7,kaggle_card_license_unknown_review_before_redistribution
data/datasets/efficientnet_kaggle_v1/val/wound/6a482edace863032.jpg,wound,val,data/raw/kaggle/ibrahimfateen_wound_classification/Wound_dataset copy/Surgical Wounds/74_0.jpg,6a482edace86303267d36839ecc313108d35b2419c06f1e313940ade71007bb0,kaggle_card_license_unknown_review_before_redistribution
data/datasets/efficientnet_kaggle_v1/train/wound/abe472cf6adf6721.jpg,wound,train,data/raw/kaggle/ibrahimfateen_wound_classification/Wound_dataset copy/Surgical Wounds/75_0.jpg,abe472cf6adf6721ef0079426339c517f31c5e254a0acf6cac308af91b531b08,kaggle_card_license_unknown_review_before_redistribution
data/datasets/efficientnet_kaggle_v1/train/wound/7bd41e3a140cb4d8.jpg,wound,train,data/raw/kaggle/ibrahimfateen_wound_classification/Wound_dataset copy/Surgical Wounds/75_1.jpg,7bd41e3a140cb4d89bbb1f9d368bb288bde5c1aacd51669489dc597b334d232a,kaggle_card_license_unknown_review_before_redistribution
data/datasets/efficientnet_kaggle_v1/train/wound/3533c043aa9850df.jpg,wound,train,data/raw/kaggle/ibrahimfateen_wound_classification/Wound_dataset copy/Surgical Wounds/76_0.jpg,3533c043aa9850df7e4637540847b84891737286420cdc17ca070e0b806fa5aa,kaggle_card_license_unknown_review_before_redistribution
data/datasets/efficientnet_kaggle_v1/train/wound/fbe4ba505dedb849.jpg,wound,train,data/raw/kaggle/ibrahimfateen_wound_classification/Wound_dataset copy/Surgical Wounds/76_1.jpg,fbe4ba505dedb8497d612d5d412c757a8d8022654a974201b746889faa458952,kaggle_card_license_unknown_review_before_redistribution
data/datasets/efficientnet_kaggle_v1/train/wound/808ec2deb89864d2.jpg,wound,train,data/raw/kaggle/ibrahimfateen_wound_classification/Wound_dataset copy/Surgical Wounds/76_2.jpg,808ec2deb89864d2f449f857551d4ff577e503b19c40712c45925128126b1371,kaggle_card_license_unknown_review_before_redistribution
data/datasets/efficientnet_kaggle_v1/test/wound/1b376ed5d64f09d6.jpg,wound,test,data/raw/kaggle/ibrahimfateen_wound_classification/Wound_dataset copy/Surgical Wounds/76_3.jpg,1b376ed5d64f09d6ae1755bba4f385216acd40b29204f324f4a723490ec858c1,kaggle_card_license_unknown_review_before_redistribution
data/datasets/efficientnet_kaggle_v1/train/wound/8dcb2ecc7582cd5e.jpg,wound,train,data/raw/kaggle/ibrahimfateen_wound_classification/Wound_dataset copy/Surgical Wounds/76_4.jpg,8dcb2ecc7582cd5ec70c404510de3d21e1ae37f569d338394149c29486892a70,kaggle_card_license_unknown_review_before_redistribution
data/datasets/efficientnet_kaggle_v1/train/wound/9bbac5f7114de2df.jpg,wound,train,data/raw/kaggle/ibrahimfateen_wound_classification/Wound_dataset copy/Surgical Wounds/76_5.jpg,9bbac5f7114de2df490f59b313264057596885be7d8777cc65fa05fef229256c,kaggle_card_license_unknown_review_before_redistribution
data/datasets/efficientnet_kaggle_v1/train/wound/46914cfda75fe78e.jpg,wound,train,data/raw/kaggle/ibrahimfateen_wound_classification/Wound_dataset copy/Surgical Wounds/76_6.jpg,46914cfda75fe78e89f47dfe7d661270c853beb3885e2ec4aefcde0aef062984,kaggle_card_license_unknown_review_before_redistribution
data/datasets/efficientnet_kaggle_v1/train/wound/fce6d4488edfdf77.jpg,wound,train,data/raw/kaggle/ibrahimfateen_wound_classification/Wound_dataset copy/Surgical Wounds/77_0.jpg,fce6d4488edfdf77f7625169e482c6638855fc883e07924180e9e81412965177,kaggle_card_license_unknown_review_before_redistribution
data/datasets/efficientnet_kaggle_v1/train/wound/c29bcd47485897f5.jpg,wound,train,data/raw/kaggle/ibrahimfateen_wound_classification/Wound_dataset copy/Surgical Wounds/77_1.jpg,c29bcd47485897f585588107a250de155604cca3c0e85c948c511625e476aae5,kaggle_card_license_unknown_review_before_redistribution
data/datasets/efficientnet_kaggle_v1/train/wound/8fffb24017e1ab54.jpg,wound,train,data/raw/kaggle/ibrahimfateen_wound_classification/Wound_dataset copy/Surgical Wounds/78_0.jpg,8fffb24017e1ab5413da171f6502f170162818caed14b14d43bb5c7d9ed5efe0,kaggle_card_license_unknown_review_before_redistribution
data/datasets/efficientnet_kaggle_v1/train/wound/ed56be60b0bdac9e.jpg,wound,train,data/raw/kaggle/ibrahimfateen_wound_classification/Wound_dataset copy/Surgical Wounds/79_0.jpg,ed56be60b0bdac9e0c800c4b8734915cfaef33fb175e9e8af4b0b5e3c8fc212f,kaggle_card_license_unknown_review_before_redistribution
data/datasets/efficientnet_kaggle_v1/train/wound/6baebfa6dce97c55.jpg,wound,train,data/raw/kaggle/ibrahimfateen_wound_classification/Wound_dataset copy/Surgical Wounds/7_0.jpg,6baebfa6dce97c55436af62ed8d15fb002e1169055299ca274f318533c43a63b,kaggle_card_license_unknown_review_before_redistribution
data/datasets/efficientnet_kaggle_v1/train/wound/94e5881f4828400d.jpg,wound,train,data/raw/kaggle/ibrahimfateen_wound_classification/Wound_dataset copy/Surgical Wounds/80_0.jpg,94e5881f4828400dd6b932286bb72e01223e0c4e993e615a9a9b175369a88c92,kaggle_card_license_unknown_review_before_redistribution
data/datasets/efficientnet_kaggle_v1/train/wound/6d2012e18760bbb2.jpg,wound,train,data/raw/kaggle/ibrahimfateen_wound_classification/Wound_dataset copy/Surgical Wounds/81_0.jpg,6d2012e18760bbb2f4c63a37720ac29ea907d4e2cf6eff85acd1222e44252d40,kaggle_card_license_unknown_review_before_redistribution
data/datasets/efficientnet_kaggle_v1/train/wound/76906365a47b5937.jpg,wound,train,data/raw/kaggle/ibrahimfateen_wound_classification/Wound_dataset copy/Surgical Wounds/82_0.jpg,76906365a47b59377716846f12943b9999497fb78b40e8f46a54c6c3ae9cceb3,kaggle_card_license_unknown_review_before_redistribution
data/datasets/efficientnet_kaggle_v1/train/wound/735036ab9a3d5bcd.jpg,wound,train,data/raw/kaggle/ibrahimfateen_wound_classification/Wound_dataset copy/Surgical Wounds/83_0.jpg,735036ab9a3d5bcd43dfd4900dca2e8263bd190c427383ea7402e21d306ca192,kaggle_card_license_unknown_review_before_redistribution
data/datasets/efficientnet_kaggle_v1/val/wound/04c92c7175a1d30a.jpg,wound,val,data/raw/kaggle/ibrahimfateen_wound_classification/Wound_dataset copy/Surgical Wounds/84_0.jpg,04c92c7175a1d30ac9df99f0909b5f2a6d5265cbc5bb378943a0b0f2a592d683,kaggle_card_license_unknown_review_before_redistribution
data/datasets/efficientnet_kaggle_v1/train/wound/416f9a66f5f73169.jpg,wound,train,data/raw/kaggle/ibrahimfateen_wound_classification/Wound_dataset copy/Surgical Wounds/85_0.jpg,416f9a66f5f73169d96f1e9acbc6c8aa7736995bf3e25d161b1e84f95c0278db,kaggle_card_license_unknown_review_before_redistribution
data/datasets/efficientnet_kaggle_v1/val/wound/1280dfba9d349e5d.jpg,wound,val,data/raw/kaggle/ibrahimfateen_wound_classification/Wound_dataset copy/Surgical Wounds/86_0.jpg,1280dfba9d349e5d931ce8f953bbc138a7670b62d28e6346e83fd9d42ed514fc,kaggle_card_license_unknown_review_before_redistribution
data/datasets/efficientnet_kaggle_v1/test/wound/55e53f405dd55053.jpg,wound,test,data/raw/kaggle/ibrahimfateen_wound_classification/Wound_dataset copy/Surgical Wounds/87_0.jpg,55e53f405dd55053f7ff9a4ad76c49b1ed5a60b8f46095f73c6a10225bf90345,kaggle_card_license_unknown_review_before_redistribution
data/datasets/efficientnet_kaggle_v1/train/wound/e7431010b77d5f4c.jpg,wound,train,data/raw/kaggle/ibrahimfateen_wound_classification/Wound_dataset copy/Surgical Wounds/87_1.jpg,e7431010b77d5f4c99f9b731fadfe629b9a5d25e5438fe2a6ff18e0c0beaecf5,kaggle_card_license_unknown_review_before_redistribution
data/datasets/efficientnet_kaggle_v1/test/wound/29aad5c20fc9fad6.jpg,wound,test,data/raw/kaggle/ibrahimfateen_wound_classification/Wound_dataset copy/Surgical Wounds/88_0.jpg,29aad5c20fc9fad60b501de2eca5e35def02b5205973d88e87da7c47696c433d,kaggle_card_license_unknown_review_before_redistribution
data/datasets/efficientnet_kaggle_v1/train/wound/5a093af1df839e2c.jpg,wound,train,data/raw/kaggle/ibrahimfateen_wound_classification/Wound_dataset copy/Surgical Wounds/89_0.jpg,5a093af1df839e2cd61ccb5df28c8839b5966df994cb9ed590e68f8d6fe1d2b0,kaggle_card_license_unknown_review_before_redistribution
data/datasets/efficientnet_kaggle_v1/test/wound/7bedcbe44e3fd3c9.jpg,wound,test,data/raw/kaggle/ibrahimfateen_wound_classification/Wound_dataset copy/Surgical Wounds/8_0.jpg,7bedcbe44e3fd3c9eedecdad77a9b885f0bbb908e079e48fb142eceb47763f67,kaggle_card_license_unknown_review_before_redistribution
data/datasets/efficientnet_kaggle_v1/train/wound/8a573bbde8cbe46c.jpg,wound,train,data/raw/kaggle/ibrahimfateen_wound_classification/Wound_dataset copy/Surgical Wounds/8_1.jpg,8a573bbde8cbe46cd883523bd61c5f1ec0076a8947cf1235e4d600ce82c756b9,kaggle_card_license_unknown_review_before_redistribution
data/datasets/efficientnet_kaggle_v1/val/wound/4f2194ed92feb93a.jpg,wound,val,data/raw/kaggle/ibrahimfateen_wound_classification/Wound_dataset copy/Surgical Wounds/90_0.jpg,4f2194ed92feb93a773b3c349b687b0d1d76342928ebec1687fb4e63d3819175,kaggle_card_license_unknown_review_before_redistribution
data/datasets/efficientnet_kaggle_v1/train/wound/2754e260e6166f6a.jpg,wound,train,data/raw/kaggle/ibrahimfateen_wound_classification/Wound_dataset copy/Surgical Wounds/91_0.jpg,2754e260e6166f6a29f13234981a57233d504e20e907b33cd01baf3f14369325,kaggle_card_license_unknown_review_before_redistribution
data/datasets/efficientnet_kaggle_v1/train/wound/5c8ffe456340592a.jpg,wound,train,data/raw/kaggle/ibrahimfateen_wound_classification/Wound_dataset copy/Surgical Wounds/92_0.jpg,5c8ffe456340592a0dc59bb6f5fcb6ae801f97384f7edf4bf511b9bc99c63966,kaggle_card_license_unknown_review_before_redistribution
data/datasets/efficientnet_kaggle_v1/train/wound/ffb7ab5dabbe501b.jpg,wound,train,data/raw/kaggle/ibrahimfateen_wound_classification/Wound_dataset copy/Surgical Wounds/93_0.jpg,ffb7ab5dabbe501b197619e69d8498b0e1338225300dce08d3e622b168abd032,kaggle_card_license_unknown_review_before_redistribution
data/datasets/efficientnet_kaggle_v1/test/wound/1f15fa92205cd26a.jpg,wound,test,data/raw/kaggle/ibrahimfateen_wound_classification/Wound_dataset copy/Surgical Wounds/94_0.jpg,1f15fa92205cd26a070ef8fbec2b8c1ce51a93b8804128f1721fdb8711d4bb1b,kaggle_card_license_unknown_review_before_redistribution
data/datasets/efficientnet_kaggle_v1/train/wound/4e5f52b983b43ab0.jpg,wound,train,data/raw/kaggle/ibrahimfateen_wound_classification/Wound_dataset copy/Surgical Wounds/95_0.jpg,4e5f52b983b43ab0075a9e60b0b3a5520fc112459af2195bfc17f887187b27d6,kaggle_card_license_unknown_review_before_redistribution
data/datasets/efficientnet_kaggle_v1/train/wound/ad2cc09b9e575688.jpg,wound,train,data/raw/kaggle/ibrahimfateen_wound_classification/Wound_dataset copy/Surgical Wounds/96_0.jpg,ad2cc09b9e5756885be5d0f34026f320c32c6c85ae65a5a925cfaa3ac6375b9d,kaggle_card_license_unknown_review_before_redistribution
data/datasets/efficientnet_kaggle_v1/train/wound/7b780b7bfb944341.jpg,wound,train,data/raw/kaggle/ibrahimfateen_wound_classification/Wound_dataset copy/Surgical Wounds/97_0.jpg,7b780b7bfb9443410c7b3057d2f8dd2539995ef252a9334e22f72fb826cbefbe,kaggle_card_license_unknown_review_before_redistribution
data/datasets/efficientnet_kaggle_v1/train/wound/207c8da625730244.jpg,wound,train,data/raw/kaggle/ibrahimfateen_wound_classification/Wound_dataset copy/Surgical Wounds/98_0.jpg,207c8da625730244614325618f212fb40a53907f63b8523325a03201aca0b560,kaggle_card_license_unknown_review_before_redistribution
data/datasets/efficientnet_kaggle_v1/train/wound/bb3388601f103431.jpg,wound,train,data/raw/kaggle/ibrahimfateen_wound_classification/Wound_dataset copy/Surgical Wounds/9_0.jpg,bb3388601f10343192dc6103815a2c9cd3d1c9966e8ce4a10c4cdf7ab0e287ab,kaggle_card_license_unknown_review_before_redistribution
data/datasets/efficientnet_kaggle_v1/test/wound/455ae89e57911f63.jpg,wound,test,data/raw/kaggle/ibrahimfateen_wound_classification/Wound_dataset copy/Surgical Wounds/mirrored_100_0.jpg,455ae89e57911f636793b320fb436d13afe0049a6406ef3d2eefa1b88931acb2,kaggle_card_license_unknown_review_before_redistribution
data/datasets/efficientnet_kaggle_v1/train/wound/fc9ca6a698cebac7.jpg,wound,train,data/raw/kaggle/ibrahimfateen_wound_classification/Wound_dataset copy/Surgical Wounds/mirrored_101_0.jpg,fc9ca6a698cebac7b6dc30a98e087ee75b2d06516b12224b9f9f0bafa53ea5ea,kaggle_card_license_unknown_review_before_redistribution
data/datasets/efficientnet_kaggle_v1/val/wound/5dfdcdc7fa16468a.jpg,wound,val,data/raw/kaggle/ibrahimfateen_wound_classification/Wound_dataset copy/Surgical Wounds/mirrored_102_0.jpg,5dfdcdc7fa16468a0bf23b653a25613a8e1eb301bf60864a29f469f36d4776ec,kaggle_card_license_unknown_review_before_redistribution
data/datasets/efficientnet_kaggle_v1/train/wound/b3aa6864e42cceb5.jpg,wound,train,data/raw/kaggle/ibrahimfateen_wound_classification/Wound_dataset copy/Surgical Wounds/mirrored_103_0.jpg,b3aa6864e42cceb57932ae754dd8592645560704b6555498c5ac2c705ab987f3,kaggle_card_license_unknown_review_before_redistribution
data/datasets/efficientnet_kaggle_v1/test/wound/3433993a5755c518.jpg,wound,test,data/raw/kaggle/ibrahimfateen_wound_classification/Wound_dataset copy/Surgical Wounds/mirrored_104_0.jpg,3433993a5755c518ac456806fd08735ca82b5555f7fbe4b03c56f86b35440ce6,kaggle_card_license_unknown_review_before_redistribution
data/datasets/efficientnet_kaggle_v1/test/wound/43ef91c8d3240885.jpg,wound,test,data/raw/kaggle/ibrahimfateen_wound_classification/Wound_dataset copy/Surgical Wounds/mirrored_105_0.jpg,43ef91c8d32408851de28b61c03d0268165fbf4eecfb618af21e5fb2bb0c1166,kaggle_card_license_unknown_review_before_redistribution
data/datasets/efficientnet_kaggle_v1/val/wound/3c99f1087fcbbf79.jpg,wound,val,data/raw/kaggle/ibrahimfateen_wound_classification/Wound_dataset copy/Surgical Wounds/mirrored_106_0.jpg,3c99f1087fcbbf7912fbd27e434d80a8ce7362084f223c8a8b6c5d3a30ee1e1b,kaggle_card_license_unknown_review_before_redistribution
data/datasets/efficientnet_kaggle_v1/test/wound/c929b1be00da1f79.jpg,wound,test,data/raw/kaggle/ibrahimfateen_wound_classification/Wound_dataset copy/Surgical Wounds/mirrored_107_0.jpg,c929b1be00da1f79d72d4f92648346746884d373934fbb3b19ca4c94bf1c590b,kaggle_card_license_unknown_review_before_redistribution
data/datasets/efficientnet_kaggle_v1/train/wound/8c6ed3bcdd764d57.jpg,wound,train,data/raw/kaggle/ibrahimfateen_wound_classification/Wound_dataset copy/Surgical Wounds/mirrored_108_0.jpg,8c6ed3bcdd764d57bb103090d7dbec574c2b83eec08d8a6016519951b0d8a36f,kaggle_card_license_unknown_review_before_redistribution
data/datasets/efficientnet_kaggle_v1/train/wound/f2a5a15e719d03b2.jpg,wound,train,data/raw/kaggle/ibrahimfateen_wound_classification/Wound_dataset copy/Surgical Wounds/mirrored_109_0.jpg,f2a5a15e719d03b23d9ed032db4cf37003d4694071afa1d1c5d9c138873cc79e,kaggle_card_license_unknown_review_before_redistribution
data/datasets/efficientnet_kaggle_v1/train/wound/6f74997f48086b14.jpg,wound,train,data/raw/kaggle/ibrahimfateen_wound_classification/Wound_dataset copy/Surgical Wounds/mirrored_10_0.jpg,6f74997f48086b14b8b5914e7860a16db8af73e3fed1bf2e512269933b8e4bd7,kaggle_card_license_unknown_review_before_redistribution
data/datasets/efficientnet_kaggle_v1/train/wound/49c59d40f0017c6c.jpg,wound,train,data/raw/kaggle/ibrahimfateen_wound_classification/Wound_dataset copy/Surgical Wounds/mirrored_110_0.jpg,49c59d40f0017c6ca78d16fd8657a7a9663c8020531bc83e32e737a020220888,kaggle_card_license_unknown_review_before_redistribution
data/datasets/efficientnet_kaggle_v1/val/wound/c43cdb0a567acba7.jpg,wound,val,data/raw/kaggle/ibrahimfateen_wound_classification/Wound_dataset copy/Surgical Wounds/mirrored_110_1.jpg,c43cdb0a567acba77f6b77662fafb6c9331e8dad4fe4fe146745dff50442a21b,kaggle_card_license_unknown_review_before_redistribution
data/datasets/efficientnet_kaggle_v1/train/wound/0675b7a14c7dc1c1.jpg,wound,train,data/raw/kaggle/ibrahimfateen_wound_classification/Wound_dataset copy/Surgical Wounds/mirrored_111_0.jpg,0675b7a14c7dc1c16cd21161db72353e1fdeb7879f1e16ebdcc7dce6d640b408,kaggle_card_license_unknown_review_before_redistribution
data/datasets/efficientnet_kaggle_v1/train/wound/7e4e50ece50e675b.jpg,wound,train,data/raw/kaggle/ibrahimfateen_wound_classification/Wound_dataset copy/Surgical Wounds/mirrored_111_1.jpg,7e4e50ece50e675b2d0c4528d5f502aa5fcac676e50a83bb6b61d1e4d51255d7,kaggle_card_license_unknown_review_before_redistribution
data/datasets/efficientnet_kaggle_v1/val/wound/c0a3b87e88eb4679.jpg,wound,val,data/raw/kaggle/ibrahimfateen_wound_classification/Wound_dataset copy/Surgical Wounds/mirrored_112_0.jpg,c0a3b87e88eb4679d5b07c3173a702c0a00c4a617bc96313f5ed22b3b2e8baf6,kaggle_card_license_unknown_review_before_redistribution
data/datasets/efficientnet_kaggle_v1/train/wound/fac91d3ad37fb4d0.jpg,wound,train,data/raw/kaggle/ibrahimfateen_wound_classification/Wound_dataset copy/Surgical Wounds/mirrored_113_0.jpg,fac91d3ad37fb4d0624086e713b85745d9ed38928084c37c1f8942e70a1b3409,kaggle_card_license_unknown_review_before_redistribution
data/datasets/efficientnet_kaggle_v1/train/wound/31ac7762c8ebb669.jpg,wound,train,data/raw/kaggle/ibrahimfateen_wound_classification/Wound_dataset copy/Surgical Wounds/mirrored_114_0.jpg,31ac7762c8ebb66946b05592c01ea211465d79cf9a353ce595ec90305085b690,kaggle_card_license_unknown_review_before_redistribution
data/datasets/efficientnet_kaggle_v1/train/wound/0b2b5e804e212f99.jpg,wound,train,data/raw/kaggle/ibrahimfateen_wound_classification/Wound_dataset copy/Surgical Wounds/mirrored_115_0.jpg,0b2b5e804e212f996c9d37ddb9f7be7b6d3b57f499ce929ee10dd63900867e61,kaggle_card_license_unknown_review_before_redistribution
data/datasets/efficientnet_kaggle_v1/test/wound/9f51cba2aec151d3.jpg,wound,test,data/raw/kaggle/ibrahimfateen_wound_classification/Wound_dataset copy/Surgical Wounds/mirrored_116_0.jpg,9f51cba2aec151d343f1a74a88972017793700b71099828a5e56450fddcfcb90,kaggle_card_license_unknown_review_before_redistribution
data/datasets/efficientnet_kaggle_v1/train/wound/5e9bd5fac5fd354d.jpg,wound,train,data/raw/kaggle/ibrahimfateen_wound_classification/Wound_dataset copy/Surgical Wounds/mirrored_117_0.jpg,5e9bd5fac5fd354de07f5976e3d53a8843f1a35505bcb3f38a254124363883dd,kaggle_card_license_unknown_review_before_redistribution
data/datasets/efficientnet_kaggle_v1/train/wound/6438bdd217fae957.jpg,wound,train,data/raw/kaggle/ibrahimfateen_wound_classification/Wound_dataset copy/Surgical Wounds/mirrored_118_0.jpg,6438bdd217fae9578b83a9d11663abd0510d4d4270fc79945fc987f6bb6b3d8e,kaggle_card_license_unknown_review_before_redistribution
data/datasets/efficientnet_kaggle_v1/train/wound/a4157a7940466de1.jpg,wound,train,data/raw/kaggle/ibrahimfateen_wound_classification/Wound_dataset copy/Surgical Wounds/mirrored_119_0.jpg,a4157a7940466de12ad101240c29ef33de7421e72948c8b5e94f8c08d015cb26,kaggle_card_license_unknown_review_before_redistribution
data/datasets/efficientnet_kaggle_v1/test/wound/c1845fec5e2d9b16.jpg,wound,test,data/raw/kaggle/ibrahimfateen_wound_classification/Wound_dataset copy/Surgical Wounds/mirrored_11_0.jpg,c1845fec5e2d9b16de7add330646dd97cbfbddaeb7a229186f027fc66305ef05,kaggle_card_license_unknown_review_before_redistribution
data/datasets/efficientnet_kaggle_v1/train/wound/02709213d989b95d.jpg,wound,train,data/raw/kaggle/ibrahimfateen_wound_classification/Wound_dataset copy/Surgical Wounds/mirrored_11_1.jpg,02709213d989b95d9901747ffe756ca29a34fd463ce58b6e5ce377f6574967db,kaggle_card_license_unknown_review_before_redistribution
data/datasets/efficientnet_kaggle_v1/train/wound/b3d612a2baff4592.jpg,wound,train,data/raw/kaggle/ibrahimfateen_wound_classification/Wound_dataset copy/Surgical Wounds/mirrored_11_2.jpg,b3d612a2baff45921430f438ce838d1d95747f801a57432dc57d95712b7d7f61,kaggle_card_license_unknown_review_before_redistribution
data/datasets/efficientnet_kaggle_v1/test/wound/8e6cef96c891999a.jpg,wound,test,data/raw/kaggle/ibrahimfateen_wound_classification/Wound_dataset copy/Surgical Wounds/mirrored_120_0.jpg,8e6cef96c891999a6d7985b4f71942cf1de509ec8eddc0ab1efe2aa81a2bc340,kaggle_card_license_unknown_review_before_redistribution
data/datasets/efficientnet_kaggle_v1/train/wound/bff1607d36b33fce.jpg,wound,train,data/raw/kaggle/ibrahimfateen_wound_classification/Wound_dataset copy/Surgical Wounds/mirrored_121_0.jpg,bff1607d36b33fce598bdcc8d3d7acb811fb3dbe5716be4f2b6efd42d51014ce,kaggle_card_license_unknown_review_before_redistribution
data/datasets/efficientnet_kaggle_v1/train/wound/b86f4c9d0e41576a.jpg,wound,train,data/raw/kaggle/ibrahimfateen_wound_classification/Wound_dataset copy/Surgical Wounds/mirrored_122_0.jpg,b86f4c9d0e41576a59ab1507fa40ac18ae3c1fc9b542610798a46fa43738e10e,kaggle_card_license_unknown_review_before_redistribution
data/datasets/efficientnet_kaggle_v1/val/wound/170bc996beafe37f.jpg,wound,val,data/raw/kaggle/ibrahimfateen_wound_classification/Wound_dataset copy/Surgical Wounds/mirrored_123_0.jpg,170bc996beafe37f03d129d917b6f5db12229a7a143523f632905fcc65171e3e,kaggle_card_license_unknown_review_before_redistribution
data/datasets/efficientnet_kaggle_v1/train/wound/90bcd5fa5643baa4.jpg,wound,train,data/raw/kaggle/ibrahimfateen_wound_classification/Wound_dataset copy/Surgical Wounds/mirrored_124_0.jpg,90bcd5fa5643baa4b62838e013393da7a8060417cf2add4d2b6bee69dfa9df3f,kaggle_card_license_unknown_review_before_redistribution
data/datasets/efficientnet_kaggle_v1/train/wound/e117b74a0610fc85.jpg,wound,train,data/raw/kaggle/ibrahimfateen_wound_classification/Wound_dataset copy/Surgical Wounds/mirrored_125_0.jpg,e117b74a0610fc851f681f50b854ee748ab4bd967cbb44b26bde5e072aa89f20,kaggle_card_license_unknown_review_before_redistribution
data/datasets/efficientnet_kaggle_v1/train/wound/ba8aedf32d635591.jpg,wound,train,data/raw/kaggle/ibrahimfateen_wound_classification/Wound_dataset copy/Surgical Wounds/mirrored_126_0.jpg,ba8aedf32d6355914db80a00dc03e80c9b820b5559eb6fed772b514f4df82368,kaggle_card_license_unknown_review_before_redistribution
data/datasets/efficientnet_kaggle_v1/train/wound/fc3bc3b17e0b54ba.jpg,wound,train,data/raw/kaggle/ibrahimfateen_wound_classification/Wound_dataset copy/Surgical Wounds/mirrored_127_0.jpg,fc3bc3b17e0b54ba05a8d698bde930edd9e3f81aabb61db4c9d9578e1f341975,kaggle_card_license_unknown_review_before_redistribution
data/datasets/efficientnet_kaggle_v1/val/wound/0ae2eb191637cb41.jpg,wound,val,data/raw/kaggle/ibrahimfateen_wound_classification/Wound_dataset copy/Surgical Wounds/mirrored_128_0.jpg,0ae2eb191637cb419ba66d1d34dec160270d0a5f6082a53caa705335a76e9970,kaggle_card_license_unknown_review_before_redistribution
data/datasets/efficientnet_kaggle_v1/train/wound/19d40cf9901e140b.jpg,wound,train,data/raw/kaggle/ibrahimfateen_wound_classification/Wound_dataset copy/Surgical Wounds/mirrored_12_0.jpg,19d40cf9901e140bb5bff98313715ca6aa600f9d7588968798f02fd67a183cc0,kaggle_card_license_unknown_review_before_redistribution
data/datasets/efficientnet_kaggle_v1/train/wound/3cdb3079a967639b.jpg,wound,train,data/raw/kaggle/ibrahimfateen_wound_classification/Wound_dataset copy/Surgical Wounds/mirrored_13_0.jpg,3cdb3079a967639bf480a935c488c8ad190961b001aad64289ce28b4634d5726,kaggle_card_license_unknown_review_before_redistribution
data/datasets/efficientnet_kaggle_v1/train/wound/2d3a5209c649b0f0.jpg,wound,train,data/raw/kaggle/ibrahimfateen_wound_classification/Wound_dataset copy/Surgical Wounds/mirrored_13_1.jpg,2d3a5209c649b0f03c7ad495b3d522e7ae7f2bb7d1828b3318dcb71c694c2b57,kaggle_card_license_unknown_review_before_redistribution
data/datasets/efficientnet_kaggle_v1/train/wound/6205ce33d4ece0d0.jpg,wound,train,data/raw/kaggle/ibrahimfateen_wound_classification/Wound_dataset copy/Surgical Wounds/mirrored_14_0.jpg,6205ce33d4ece0d07b21b99e10ab4bc30e581a1a8220e05a925579ce9799e7ae,kaggle_card_license_unknown_review_before_redistribution
data/datasets/efficientnet_kaggle_v1/val/wound/d0338cabce3c0b1d.jpg,wound,val,data/raw/kaggle/ibrahimfateen_wound_classification/Wound_dataset copy/Surgical Wounds/mirrored_15_0.jpg,d0338cabce3c0b1dd5b90de2b13b1b0b713c8846c6908e3d84d7d92b23eaf0ac,kaggle_card_license_unknown_review_before_redistribution
data/datasets/efficientnet_kaggle_v1/train/wound/f3a717a38214eed1.jpg,wound,train,data/raw/kaggle/ibrahimfateen_wound_classification/Wound_dataset copy/Surgical Wounds/mirrored_15_1.jpg,f3a717a38214eed1c257c2b3eac71895d9e3e413ccd71426ab67956ebd0ff86d,kaggle_card_license_unknown_review_before_redistribution
data/datasets/efficientnet_kaggle_v1/train/wound/2541c5ef996f02b5.jpg,wound,train,data/raw/kaggle/ibrahimfateen_wound_classification/Wound_dataset copy/Surgical Wounds/mirrored_16_0.jpg,2541c5ef996f02b57f3e32b69f9c47d7ff65bc67fbfbb66726160d785ffbdb68,kaggle_card_license_unknown_review_before_redistribution
data/datasets/efficientnet_kaggle_v1/train/wound/69a15433ed9f1f84.jpg,wound,train,data/raw/kaggle/ibrahimfateen_wound_classification/Wound_dataset copy/Surgical Wounds/mirrored_16_1.jpg,69a15433ed9f1f847b4c42c4320d952a4034738520b31469dcf6a25841533466,kaggle_card_license_unknown_review_before_redistribution
data/datasets/efficientnet_kaggle_v1/test/wound/99f1e1a63442de27.jpg,wound,test,data/raw/kaggle/ibrahimfateen_wound_classification/Wound_dataset copy/Surgical Wounds/mirrored_17_0.jpg,99f1e1a63442de271540711cf87fbe9c6953d6133073c5728d97d9e6a908f0de,kaggle_card_license_unknown_review_before_redistribution
data/datasets/efficientnet_kaggle_v1/test/wound/91390f56c00da5da.jpg,wound,test,data/raw/kaggle/ibrahimfateen_wound_classification/Wound_dataset copy/Surgical Wounds/mirrored_17_1.jpg,91390f56c00da5dab3df8e0ed105ac3d05eb0434a878cad51acbc3b013eb6f76,kaggle_card_license_unknown_review_before_redistribution
data/datasets/efficientnet_kaggle_v1/train/wound/fc925fd5ec11acaf.jpg,wound,train,data/raw/kaggle/ibrahimfateen_wound_classification/Wound_dataset copy/Surgical Wounds/mirrored_18_0.jpg,fc925fd5ec11acafaac8376dc389515eab309170ea857134f06784e788c22e1a,kaggle_card_license_unknown_review_before_redistribution
data/datasets/efficientnet_kaggle_v1/train/wound/389bec9964e78fab.jpg,wound,train,data/raw/kaggle/ibrahimfateen_wound_classification/Wound_dataset copy/Surgical Wounds/mirrored_19_0.jpg,389bec9964e78fabb9cb7156d25e513f5a65f7fe7e5ee44677776182a642d93a,kaggle_card_license_unknown_review_before_redistribution
data/datasets/efficientnet_kaggle_v1/val/wound/f6faa81f8ef6e667.jpg,wound,val,data/raw/kaggle/ibrahimfateen_wound_classification/Wound_dataset copy/Surgical Wounds/mirrored_19_1.jpg,f6faa81f8ef6e6677343b20113da90697531576936909f5096ced1760192015c,kaggle_card_license_unknown_review_before_redistribution
data/datasets/efficientnet_kaggle_v1/train/wound/c5265cbe1062f8cd.jpg,wound,train,data/raw/kaggle/ibrahimfateen_wound_classification/Wound_dataset copy/Surgical Wounds/mirrored_1_0.jpg,c5265cbe1062f8cdca328b65454e13934adade662a6ad1d128d3f7dbf96bad77,kaggle_card_license_unknown_review_before_redistribution
data/datasets/efficientnet_kaggle_v1/val/wound/35b78b3967223d05.jpg,wound,val,data/raw/kaggle/ibrahimfateen_wound_classification/Wound_dataset copy/Surgical Wounds/mirrored_20_0.jpg,35b78b3967223d05cea114bfbaa0e26b9cc94f7f655df4067db600fd3b2277da,kaggle_card_license_unknown_review_before_redistribution
data/datasets/efficientnet_kaggle_v1/train/wound/9ab481fbe3b2ec4c.jpg,wound,train,data/raw/kaggle/ibrahimfateen_wound_classification/Wound_dataset copy/Surgical Wounds/mirrored_20_1.jpg,9ab481fbe3b2ec4c305cb8ce2cc820a57f7db499fe3da548b29d72857ccda3fb,kaggle_card_license_unknown_review_before_redistribution
data/datasets/efficientnet_kaggle_v1/train/wound/51a4ed5c0e7c041a.jpg,wound,train,data/raw/kaggle/ibrahimfateen_wound_classification/Wound_dataset copy/Surgical Wounds/mirrored_21_0.jpg,51a4ed5c0e7c041aa78ec4380347ff39b3d00bf542665d966db23e9e87663d98,kaggle_card_license_unknown_review_before_redistribution
data/datasets/efficientnet_kaggle_v1/val/wound/666da9350ee6f593.jpg,wound,val,data/raw/kaggle/ibrahimfateen_wound_classification/Wound_dataset copy/Surgical Wounds/mirrored_22_0.jpg,666da9350ee6f593e3c19d6e884f3d08f79813a290d3904e30f8dcd16efd770e,kaggle_card_license_unknown_review_before_redistribution
data/datasets/efficientnet_kaggle_v1/train/wound/49f2453b50aecaf7.jpg,wound,train,data/raw/kaggle/ibrahimfateen_wound_classification/Wound_dataset copy/Surgical Wounds/mirrored_23_0.jpg,49f2453b50aecaf7a126b01f470d7b18785bb3676bbdecef87c4852bfa597fc2,kaggle_card_license_unknown_review_before_redistribution
data/datasets/efficientnet_kaggle_v1/val/wound/31d55608c3d80b97.jpg,wound,val,data/raw/kaggle/ibrahimfateen_wound_classification/Wound_dataset copy/Surgical Wounds/mirrored_23_1.jpg,31d55608c3d80b970a3653debcd97c21456755223041a8df98ddeaaac6e5b74e,kaggle_card_license_unknown_review_before_redistribution
data/datasets/efficientnet_kaggle_v1/train/wound/e0d020caebff337a.jpg,wound,train,data/raw/kaggle/ibrahimfateen_wound_classification/Wound_dataset copy/Surgical Wounds/mirrored_24_0.jpg,e0d020caebff337a8e977349013a9482d5e788b550f5f9eeb611b4c9568fcbfa,kaggle_card_license_unknown_review_before_redistribution
data/datasets/efficientnet_kaggle_v1/train/wound/a93b38ca1f809024.jpg,wound,train,data/raw/kaggle/ibrahimfateen_wound_classification/Wound_dataset copy/Surgical Wounds/mirrored_24_1.jpg,a93b38ca1f8090249470564820c66ce057c83274c064b30fc9fd148fbf255b1b,kaggle_card_license_unknown_review_before_redistribution
data/datasets/efficientnet_kaggle_v1/val/wound/009e5002bd899cb6.jpg,wound,val,data/raw/kaggle/ibrahimfateen_wound_classification/Wound_dataset copy/Surgical Wounds/mirrored_25_0.jpg,009e5002bd899cb601fa5714e2badf7e97f84bac2bdc45ac8cf596b66fdbeb3d,kaggle_card_license_unknown_review_before_redistribution
data/datasets/efficientnet_kaggle_v1/train/wound/b4e2a672a6e458ca.jpg,wound,train,data/raw/kaggle/ibrahimfateen_wound_classification/Wound_dataset copy/Surgical Wounds/mirrored_26_0.jpg,b4e2a672a6e458cac28a9ad8fddef69927f0bf439a7fff88344d3ba9461de86e,kaggle_card_license_unknown_review_before_redistribution
data/datasets/efficientnet_kaggle_v1/val/wound/4a873ca870c3408b.jpg,wound,val,data/raw/kaggle/ibrahimfateen_wound_classification/Wound_dataset copy/Surgical Wounds/mirrored_26_1.jpg,4a873ca870c3408b809898bd5c8021d594500c03fdafa71a7337e7975548e67a,kaggle_card_license_unknown_review_before_redistribution
data/datasets/efficientnet_kaggle_v1/train/wound/07c99d7b2f619d67.jpg,wound,train,data/raw/kaggle/ibrahimfateen_wound_classification/Wound_dataset copy/Surgical Wounds/mirrored_27_0.jpg,07c99d7b2f619d673ab7534a767026cc0224a7bdaabc7968087ad0e19541005f,kaggle_card_license_unknown_review_before_redistribution
data/datasets/efficientnet_kaggle_v1/train/wound/b9664f949281c3a1.jpg,wound,train,data/raw/kaggle/ibrahimfateen_wound_classification/Wound_dataset copy/Surgical Wounds/mirrored_28_0.jpg,b9664f949281c3a140a8c64aece25a7c437bd832d2320af1c6749ef03db40413,kaggle_card_license_unknown_review_before_redistribution
data/datasets/efficientnet_kaggle_v1/train/wound/e6717e72fdebd31f.jpg,wound,train,data/raw/kaggle/ibrahimfateen_wound_classification/Wound_dataset copy/Surgical Wounds/mirrored_29_0.jpg,e6717e72fdebd31f9f56b44741a7939bec4c88159a4debd8517fa153dc0bbd32,kaggle_card_license_unknown_review_before_redistribution
data/datasets/efficientnet_kaggle_v1/train/wound/a5a0e512f7ea015d.jpg,wound,train,data/raw/kaggle/ibrahimfateen_wound_classification/Wound_dataset copy/Surgical Wounds/mirrored_29_1.jpg,a5a0e512f7ea015d6b602a26c83aae4f624761f88fc69243202bf37e71a581d6,kaggle_card_license_unknown_review_before_redistribution
data/datasets/efficientnet_kaggle_v1/train/wound/c32ff0a6cdd37d30.jpg,wound,train,data/raw/kaggle/ibrahimfateen_wound_classification/Wound_dataset copy/Surgical Wounds/mirrored_2_0.jpg,c32ff0a6cdd37d302ba1d3ec43b3337d234ca4d77a4fa22765528d4d67ac114e,kaggle_card_license_unknown_review_before_redistribution
data/datasets/efficientnet_kaggle_v1/train/wound/1c9184ba7a1a49e3.jpg,wound,train,data/raw/kaggle/ibrahimfateen_wound_classification/Wound_dataset copy/Surgical Wounds/mirrored_30_0.jpg,1c9184ba7a1a49e3ec0447e615d28ac493dc70247f96591abb34f327e71e0190,kaggle_card_license_unknown_review_before_redistribution
data/datasets/efficientnet_kaggle_v1/train/wound/a32b263631849598.jpg,wound,train,data/raw/kaggle/ibrahimfateen_wound_classification/Wound_dataset copy/Surgical Wounds/mirrored_31_0.jpg,a32b263631849598be2a397d3d0531823e6fc9d1bf5bb3bb87f4cf61c6d3ad59,kaggle_card_license_unknown_review_before_redistribution
data/datasets/efficientnet_kaggle_v1/train/wound/d1e231bd6710ee95.jpg,wound,train,data/raw/kaggle/ibrahimfateen_wound_classification/Wound_dataset copy/Surgical Wounds/mirrored_32_0.jpg,d1e231bd6710ee95470ba43759634018284582398ec7a12a8eb0947588fc3b23,kaggle_card_license_unknown_review_before_redistribution
data/datasets/efficientnet_kaggle_v1/train/wound/2ae77e493fb0c76e.jpg,wound,train,data/raw/kaggle/ibrahimfateen_wound_classification/Wound_dataset copy/Surgical Wounds/mirrored_33_0.jpg,2ae77e493fb0c76e3ea9b8efa4607f54b4e29b9466c67ca094913977b2d602e3,kaggle_card_license_unknown_review_before_redistribution
data/datasets/efficientnet_kaggle_v1/train/wound/2618dc7e0b951378.jpg,wound,train,data/raw/kaggle/ibrahimfateen_wound_classification/Wound_dataset copy/Surgical Wounds/mirrored_34_0.jpg,2618dc7e0b951378478d60ff54938678df7947b7bae1e321efbd37b36d41d3ae,kaggle_card_license_unknown_review_before_redistribution
data/datasets/efficientnet_kaggle_v1/test/wound/353a13c0875eb4a1.jpg,wound,test,data/raw/kaggle/ibrahimfateen_wound_classification/Wound_dataset copy/Surgical Wounds/mirrored_35_0.jpg,353a13c0875eb4a1863aa2df217781761a154f4423db9b64888427a97b5bb33f,kaggle_card_license_unknown_review_before_redistribution
data/datasets/efficientnet_kaggle_v1/train/wound/23c4091859f1857c.jpg,wound,train,data/raw/kaggle/ibrahimfateen_wound_classification/Wound_dataset copy/Surgical Wounds/mirrored_36_0.jpg,23c4091859f1857c1e9960b1f5357140b6ac44764003d7ebb4397c31fc546da1,kaggle_card_license_unknown_review_before_redistribution
data/datasets/efficientnet_kaggle_v1/val/wound/3f76246ea4e59ffd.jpg,wound,val,data/raw/kaggle/ibrahimfateen_wound_classification/Wound_dataset copy/Surgical Wounds/mirrored_37_0.jpg,3f76246ea4e59ffdceb17ea8699069dc7f7ec65bafa649ecd8a29b9e8f3fac38,kaggle_card_license_unknown_review_before_redistribution
data/datasets/efficientnet_kaggle_v1/train/wound/ad43f56ec153752f.jpg,wound,train,data/raw/kaggle/ibrahimfateen_wound_classification/Wound_dataset copy/Surgical Wounds/mirrored_37_1.jpg,ad43f56ec153752fc4798f2aefce4c6185134da6aa0221c53469f53b25ff2ec5,kaggle_card_license_unknown_review_before_redistribution
data/datasets/efficientnet_kaggle_v1/train/wound/e63ddf91587304b8.jpg,wound,train,data/raw/kaggle/ibrahimfateen_wound_classification/Wound_dataset copy/Surgical Wounds/mirrored_38_0.jpg,e63ddf91587304b86ac60930d3a1b0755997cf06c1f23569c4e704182f602fd1,kaggle_card_license_unknown_review_before_redistribution
data/datasets/efficientnet_kaggle_v1/train/wound/499d4f74eadc38d8.jpg,wound,train,data/raw/kaggle/ibrahimfateen_wound_classification/Wound_dataset copy/Surgical Wounds/mirrored_39_0.jpg,499d4f74eadc38d8c9a783c3b7f5b32ba0873b76e31d11d6046e21f24570a655,kaggle_card_license_unknown_review_before_redistribution
data/datasets/efficientnet_kaggle_v1/train/wound/e2485c2b3a287ed4.jpg,wound,train,data/raw/kaggle/ibrahimfateen_wound_classification/Wound_dataset copy/Surgical Wounds/mirrored_3_0.jpg,e2485c2b3a287ed4bf7b467110a50977a42db68d5f9bc17c689b22fcfcf35b3b,kaggle_card_license_unknown_review_before_redistribution
data/datasets/efficientnet_kaggle_v1/train/wound/e1b116724957bf91.jpg,wound,train,data/raw/kaggle/ibrahimfateen_wound_classification/Wound_dataset copy/Surgical Wounds/mirrored_40_0.jpg,e1b116724957bf918a616658cdef8f3cac0fd762c21c772d1e8cab60abbce690,kaggle_card_license_unknown_review_before_redistribution
data/datasets/efficientnet_kaggle_v1/train/wound/f56f4f40a4bb6be1.jpg,wound,train,data/raw/kaggle/ibrahimfateen_wound_classification/Wound_dataset copy/Surgical Wounds/mirrored_41_0.jpg,f56f4f40a4bb6be17c02d20681c58f464b46799b84e13d7b8fc827838a52112b,kaggle_card_license_unknown_review_before_redistribution
data/datasets/efficientnet_kaggle_v1/val/wound/2f8391607649a1f8.jpg,wound,val,data/raw/kaggle/ibrahimfateen_wound_classification/Wound_dataset copy/Surgical Wounds/mirrored_42_0.jpg,2f8391607649a1f81b72985ef4d33b39781b31054df2d086fc99a196fa13a1a0,kaggle_card_license_unknown_review_before_redistribution
data/datasets/efficientnet_kaggle_v1/train/wound/7dc53d3957723f6c.jpg,wound,train,data/raw/kaggle/ibrahimfateen_wound_classification/Wound_dataset copy/Surgical Wounds/mirrored_43_0.jpg,7dc53d3957723f6c2e439869f9986f82bece9ca8d13f7dce7725d20c23b49799,kaggle_card_license_unknown_review_before_redistribution
data/datasets/efficientnet_kaggle_v1/train/wound/42633aa1b4418231.jpg,wound,train,data/raw/kaggle/ibrahimfateen_wound_classification/Wound_dataset copy/Surgical Wounds/mirrored_44_0.jpg,42633aa1b4418231eb8244758fb399fad4c7c0781f2a31ef7ab71e980cc7d9e7,kaggle_card_license_unknown_review_before_redistribution
data/datasets/efficientnet_kaggle_v1/train/wound/15db9f8f410300e6.jpg,wound,train,data/raw/kaggle/ibrahimfateen_wound_classification/Wound_dataset copy/Surgical Wounds/mirrored_45_0.jpg,15db9f8f410300e69624b1a5ff9ea2f72b98c23d94f5ed1db3ebccc603d143b6,kaggle_card_license_unknown_review_before_redistribution
data/datasets/efficientnet_kaggle_v1/val/wound/d94d292a3749003e.jpg,wound,val,data/raw/kaggle/ibrahimfateen_wound_classification/Wound_dataset copy/Surgical Wounds/mirrored_46_0.jpg,d94d292a3749003ee50b9c672c46b5fe1ec843287236a17fd6f072d554f51ceb,kaggle_card_license_unknown_review_before_redistribution
data/datasets/efficientnet_kaggle_v1/val/wound/11d2cecbccf91924.jpg,wound,val,data/raw/kaggle/ibrahimfateen_wound_classification/Wound_dataset copy/Surgical Wounds/mirrored_47_0.jpg,11d2cecbccf9192403036bac7860e20b967ea01044769c6cd43f910db0ba51d2,kaggle_card_license_unknown_review_before_redistribution
data/datasets/efficientnet_kaggle_v1/train/wound/e4e2e7be0a611b7c.jpg,wound,train,data/raw/kaggle/ibrahimfateen_wound_classification/Wound_dataset copy/Surgical Wounds/mirrored_48_0.jpg,e4e2e7be0a611b7cab998ae162f359e43381b9a91ae30f65eb9532bcedaa7c6f,kaggle_card_license_unknown_review_before_redistribution
data/datasets/efficientnet_kaggle_v1/train/wound/b8f145b04ad6d193.jpg,wound,train,data/raw/kaggle/ibrahimfateen_wound_classification/Wound_dataset copy/Surgical Wounds/mirrored_49_0.jpg,b8f145b04ad6d193fd7efe37756490b99ca6aff06343c8f079d62a18395e5838,kaggle_card_license_unknown_review_before_redistribution
data/datasets/efficientnet_kaggle_v1/train/wound/10a98f4ab36b70ab.jpg,wound,train,data/raw/kaggle/ibrahimfateen_wound_classification/Wound_dataset copy/Surgical Wounds/mirrored_49_1.jpg,10a98f4ab36b70ab6070eac7956d4ef78cb1cd18aa43460e8ec126b2baccadd0,kaggle_card_license_unknown_review_before_redistribution
data/datasets/efficientnet_kaggle_v1/train/wound/bd7e1f35ec292edf.jpg,wound,train,data/raw/kaggle/ibrahimfateen_wound_classification/Wound_dataset copy/Surgical Wounds/mirrored_4_0.jpg,bd7e1f35ec292edf3bf22f4bb0a9565d75086897606a288f77aa41713e137f4f,kaggle_card_license_unknown_review_before_redistribution
data/datasets/efficientnet_kaggle_v1/train/wound/dfefab9cb3ed5b58.jpg,wound,train,data/raw/kaggle/ibrahimfateen_wound_classification/Wound_dataset copy/Surgical Wounds/mirrored_50_0.jpg,dfefab9cb3ed5b5817346bd5b517af1945289cdcbd244a6747f261aca04091e9,kaggle_card_license_unknown_review_before_redistribution
data/datasets/efficientnet_kaggle_v1/val/wound/99c6e42892467f69.jpg,wound,val,data/raw/kaggle/ibrahimfateen_wound_classification/Wound_dataset copy/Surgical Wounds/mirrored_50_1.jpg,99c6e42892467f69e135619daa7e7459b23b42c739bdc0db3ac1b2c186705434,kaggle_card_license_unknown_review_before_redistribution
data/datasets/efficientnet_kaggle_v1/train/wound/11a6dcebf0d3b65a.jpg,wound,train,data/raw/kaggle/ibrahimfateen_wound_classification/Wound_dataset copy/Surgical Wounds/mirrored_51_0.jpg,11a6dcebf0d3b65a05dce7d34c380d1c33505242bee922b50aa50aae374fd441,kaggle_card_license_unknown_review_before_redistribution
data/datasets/efficientnet_kaggle_v1/train/wound/25be878ccce8ad26.jpg,wound,train,data/raw/kaggle/ibrahimfateen_wound_classification/Wound_dataset copy/Surgical Wounds/mirrored_51_1.jpg,25be878ccce8ad26d4cb0cbbff3ee29ee00f97b587eccdf16a6f6b0706564652,kaggle_card_license_unknown_review_before_redistribution
data/datasets/efficientnet_kaggle_v1/test/wound/262569aeb95c2784.jpg,wound,test,data/raw/kaggle/ibrahimfateen_wound_classification/Wound_dataset copy/Surgical Wounds/mirrored_52_0.jpg,262569aeb95c278464ac2856f70dbe75135362321bfc22bb3a8eec3ce5db8ec0,kaggle_card_license_unknown_review_before_redistribution
data/datasets/efficientnet_kaggle_v1/val/wound/440b0eca19193da9.jpg,wound,val,data/raw/kaggle/ibrahimfateen_wound_classification/Wound_dataset copy/Surgical Wounds/mirrored_52_1.jpg,440b0eca19193da93503c5b9db1b96540f64aab515db59b96c8edc95bcb45c2b,kaggle_card_license_unknown_review_before_redistribution
data/datasets/efficientnet_kaggle_v1/train/wound/9c200d3329365ec2.jpg,wound,train,data/raw/kaggle/ibrahimfateen_wound_classification/Wound_dataset copy/Surgical Wounds/mirrored_53_0.jpg,9c200d3329365ec2625ffd75398f9e15207d0a56dd091e53e8f619676b4d4636,kaggle_card_license_unknown_review_before_redistribution
data/datasets/efficientnet_kaggle_v1/test/wound/55d94533be8eaed2.jpg,wound,test,data/raw/kaggle/ibrahimfateen_wound_classification/Wound_dataset copy/Surgical Wounds/mirrored_54_0.jpg,55d94533be8eaed280d14169d94fccb809851d2b45602f90f67cd94cbc10fb43,kaggle_card_license_unknown_review_before_redistribution
data/datasets/efficientnet_kaggle_v1/train/wound/e22e58423cb993e8.jpg,wound,train,data/raw/kaggle/ibrahimfateen_wound_classification/Wound_dataset copy/Surgical Wounds/mirrored_55_0.jpg,e22e58423cb993e81cf7db3e7fc6141aaa4f31ce2f2ce1b75930aff9621d7859,kaggle_card_license_unknown_review_before_redistribution
data/datasets/efficientnet_kaggle_v1/val/wound/8b965492572869c1.jpg,wound,val,data/raw/kaggle/ibrahimfateen_wound_classification/Wound_dataset copy/Surgical Wounds/mirrored_56_0.jpg,8b965492572869c1d43e3840ff9bfc77b9d7830f052ffa0e3c650be08208aa69,kaggle_card_license_unknown_review_before_redistribution
data/datasets/efficientnet_kaggle_v1/test/wound/72715eec330b6ad8.jpg,wound,test,data/raw/kaggle/ibrahimfateen_wound_classification/Wound_dataset copy/Surgical Wounds/mirrored_57_0.jpg,72715eec330b6ad84868b3c6edde39e7a67248adfc6f488ccb018660122209a1,kaggle_card_license_unknown_review_before_redistribution
data/datasets/efficientnet_kaggle_v1/train/wound/6846f219dbed8239.jpg,wound,train,data/raw/kaggle/ibrahimfateen_wound_classification/Wound_dataset copy/Surgical Wounds/mirrored_58_0.jpg,6846f219dbed8239fc8be7d805ee211dc175260844757eb7caef6fb5e3e036a0,kaggle_card_license_unknown_review_before_redistribution
data/datasets/efficientnet_kaggle_v1/train/wound/80b541065ecaffcf.jpg,wound,train,data/raw/kaggle/ibrahimfateen_wound_classification/Wound_dataset copy/Surgical Wounds/mirrored_59_0.jpg,80b541065ecaffcf58ca0a4c8a1dbeb7bd3eeb2382734875262acf5e548e07ed,kaggle_card_license_unknown_review_before_redistribution
data/datasets/efficientnet_kaggle_v1/train/wound/726d0e13e1617e3e.jpg,wound,train,data/raw/kaggle/ibrahimfateen_wound_classification/Wound_dataset copy/Surgical Wounds/mirrored_5_0.jpg,726d0e13e1617e3eb958860635c453361d3baec3bd77de9b0fa3c26bacf41136,kaggle_card_license_unknown_review_before_redistribution
data/datasets/efficientnet_kaggle_v1/val/wound/0d2c5774efe1f454.jpg,wound,val,data/raw/kaggle/ibrahimfateen_wound_classification/Wound_dataset copy/Surgical Wounds/mirrored_5_1.jpg,0d2c5774efe1f454e7222b2691ae65f7bd64f5921ebf002439693f332a88e51b,kaggle_card_license_unknown_review_before_redistribution
data/datasets/efficientnet_kaggle_v1/val/wound/bb0116e089e5d844.jpg,wound,val,data/raw/kaggle/ibrahimfateen_wound_classification/Wound_dataset copy/Surgical Wounds/mirrored_5_2.jpg,bb0116e089e5d8446d6e4b6cae3495617a00bdf389e6ff21c8f5d4a3b06957bf,kaggle_card_license_unknown_review_before_redistribution
data/datasets/efficientnet_kaggle_v1/test/wound/244dd0cb2a2f0f78.jpg,wound,test,data/raw/kaggle/ibrahimfateen_wound_classification/Wound_dataset copy/Surgical Wounds/mirrored_60_0.jpg,244dd0cb2a2f0f7854a0cef30e5227147b4c17e80386ee86852e21b6c108a60e,kaggle_card_license_unknown_review_before_redistribution
data/datasets/efficientnet_kaggle_v1/train/wound/1e1834f6a301b954.jpg,wound,train,data/raw/kaggle/ibrahimfateen_wound_classification/Wound_dataset copy/Surgical Wounds/mirrored_60_1.jpg,1e1834f6a301b954326541d068dfe846f3c048608b72ab6fec48abb904293bf4,kaggle_card_license_unknown_review_before_redistribution
data/datasets/efficientnet_kaggle_v1/train/wound/12876bc0aaa3a4a9.jpg,wound,train,data/raw/kaggle/ibrahimfateen_wound_classification/Wound_dataset copy/Surgical Wounds/mirrored_61_0.jpg,12876bc0aaa3a4a91266c71f410bf8f66b3c59c70dcc178b3ac65bd2433ecd13,kaggle_card_license_unknown_review_before_redistribution
data/datasets/efficientnet_kaggle_v1/train/wound/f5db81066b36b2b9.jpg,wound,train,data/raw/kaggle/ibrahimfateen_wound_classification/Wound_dataset copy/Surgical Wounds/mirrored_62_0.jpg,f5db81066b36b2b95ca12415e3f35ac9156c225a3c74e7daf547b252e353d77e,kaggle_card_license_unknown_review_before_redistribution
data/datasets/efficientnet_kaggle_v1/train/wound/258cee998845463d.jpg,wound,train,data/raw/kaggle/ibrahimfateen_wound_classification/Wound_dataset copy/Surgical Wounds/mirrored_63_0.jpg,258cee998845463db3e03e236fd1bd4b95535f8ad70b4a539b901867e9c9a991,kaggle_card_license_unknown_review_before_redistribution
data/datasets/efficientnet_kaggle_v1/train/wound/f3757805e54c186b.jpg,wound,train,data/raw/kaggle/ibrahimfateen_wound_classification/Wound_dataset copy/Surgical Wounds/mirrored_64_0.jpg,f3757805e54c186b8fbc7030d46de2ae883a8e27ed52c9bac342cab30cc465f2,kaggle_card_license_unknown_review_before_redistribution
data/datasets/efficientnet_kaggle_v1/train/wound/7403db00984e405a.jpg,wound,train,data/raw/kaggle/ibrahimfateen_wound_classification/Wound_dataset copy/Surgical Wounds/mirrored_64_1.jpg,7403db00984e405a595e2ad2a10cdb4e31034415928611be2b6eec80b69bddb4,kaggle_card_license_unknown_review_before_redistribution
data/datasets/efficientnet_kaggle_v1/train/wound/198fab065c086708.jpg,wound,train,data/raw/kaggle/ibrahimfateen_wound_classification/Wound_dataset copy/Surgical Wounds/mirrored_65_0.jpg,198fab065c086708b377e2f663d373f5b0c55d48e62a06bb11b9446e49968779,kaggle_card_license_unknown_review_before_redistribution
data/datasets/efficientnet_kaggle_v1/train/wound/535fc0824c1bc81d.jpg,wound,train,data/raw/kaggle/ibrahimfateen_wound_classification/Wound_dataset copy/Surgical Wounds/mirrored_66_0.jpg,535fc0824c1bc81d166c8213a8ef3c746d5de160a6d6f7ba018c1b920088a4e2,kaggle_card_license_unknown_review_before_redistribution
data/datasets/efficientnet_kaggle_v1/train/wound/c921afd6d6a4c9ec.jpg,wound,train,data/raw/kaggle/ibrahimfateen_wound_classification/Wound_dataset copy/Surgical Wounds/mirrored_67_0.jpg,c921afd6d6a4c9ec1cc9e3f597d29bcd2ea16fa1f83b59bea5f42137743e59a3,kaggle_card_license_unknown_review_before_redistribution
data/datasets/efficientnet_kaggle_v1/val/wound/82e7664954235f8a.jpg,wound,val,data/raw/kaggle/ibrahimfateen_wound_classification/Wound_dataset copy/Surgical Wounds/mirrored_67_1.jpg,82e7664954235f8aa772e94c0b6d7fd25a712ab3ba80a459e5fc9bf2cb7bdfbf,kaggle_card_license_unknown_review_before_redistribution
data/datasets/efficientnet_kaggle_v1/val/wound/26b98d6d1a373e5e.jpg,wound,val,data/raw/kaggle/ibrahimfateen_wound_classification/Wound_dataset copy/Surgical Wounds/mirrored_68_0.jpg,26b98d6d1a373e5e6399b108c8eb411452e2697c2f6c2d4289a623e9f590337f,kaggle_card_license_unknown_review_before_redistribution
data/datasets/efficientnet_kaggle_v1/test/wound/4ac4c5e09537edf9.jpg,wound,test,data/raw/kaggle/ibrahimfateen_wound_classification/Wound_dataset copy/Surgical Wounds/mirrored_68_1.jpg,4ac4c5e09537edf9a0f7a4e9d35376adc7fcc6ee2fa1b11fb74d579d6932262a,kaggle_card_license_unknown_review_before_redistribution
data/datasets/efficientnet_kaggle_v1/train/wound/6660f5ca0fecd5e8.jpg,wound,train,data/raw/kaggle/ibrahimfateen_wound_classification/Wound_dataset copy/Surgical Wounds/mirrored_69_0.jpg,6660f5ca0fecd5e85029e4ee3d7ecd1d1ce68c9f39d83976d569326a6090bc36,kaggle_card_license_unknown_review_before_redistribution
data/datasets/efficientnet_kaggle_v1/test/wound/eb91d3625660f72b.jpg,wound,test,data/raw/kaggle/ibrahimfateen_wound_classification/Wound_dataset copy/Surgical Wounds/mirrored_6_0.jpg,eb91d3625660f72bcf0ed5d74cc8a2f073636a9e856c1bb90f507ae0714e8617,kaggle_card_license_unknown_review_before_redistribution
data/datasets/efficientnet_kaggle_v1/test/wound/9833c6eb6c387ee5.jpg,wound,test,data/raw/kaggle/ibrahimfateen_wound_classification/Wound_dataset copy/Surgical Wounds/mirrored_6_1.jpg,9833c6eb6c387ee58e9fbb0289d8cc44e363582fe88f81f1b311ea3f84d0bd28,kaggle_card_license_unknown_review_before_redistribution
data/datasets/efficientnet_kaggle_v1/train/wound/3ef53b94b07ce57f.jpg,wound,train,data/raw/kaggle/ibrahimfateen_wound_classification/Wound_dataset copy/Surgical Wounds/mirrored_70_0.jpg,3ef53b94b07ce57f3b7d964a8a0e8f65dd0770d2ce6b3dfc87aad7e36cb9dac0,kaggle_card_license_unknown_review_before_redistribution
data/datasets/efficientnet_kaggle_v1/train/wound/7c83bb2053e6c87d.jpg,wound,train,data/raw/kaggle/ibrahimfateen_wound_classification/Wound_dataset copy/Surgical Wounds/mirrored_71_0.jpg,7c83bb2053e6c87d530e51ad51248c17a35688ebc37f140bedf7d43bea86f43e,kaggle_card_license_unknown_review_before_redistribution
data/datasets/efficientnet_kaggle_v1/train/wound/a4f2ce2a0796d477.jpg,wound,train,data/raw/kaggle/ibrahimfateen_wound_classification/Wound_dataset copy/Surgical Wounds/mirrored_72_0.jpg,a4f2ce2a0796d4770a577e437d4881242846aac76eb0ca36f6da8076f68e8c86,kaggle_card_license_unknown_review_before_redistribution
data/datasets/efficientnet_kaggle_v1/val/wound/89b60859baa6b95c.jpg,wound,val,data/raw/kaggle/ibrahimfateen_wound_classification/Wound_dataset copy/Surgical Wounds/mirrored_73_0.jpg,89b60859baa6b95c30d542a28f9ababaaae11caa89d4a4a387733ef50cb96992,kaggle_card_license_unknown_review_before_redistribution
data/datasets/efficientnet_kaggle_v1/train/wound/9a9648a0e65601d0.jpg,wound,train,data/raw/kaggle/ibrahimfateen_wound_classification/Wound_dataset copy/Surgical Wounds/mirrored_74_0.jpg,9a9648a0e65601d01ac4bddd63750b724faf6c28bd225a74d71e08ff192164a0,kaggle_card_license_unknown_review_before_redistribution
data/datasets/efficientnet_kaggle_v1/train/wound/32d0cf5319999775.jpg,wound,train,data/raw/kaggle/ibrahimfateen_wound_classification/Wound_dataset copy/Surgical Wounds/mirrored_75_0.jpg,32d0cf5319999775e620d79593607135440b573c682a89361cce012b4db668d4,kaggle_card_license_unknown_review_before_redistribution
data/datasets/efficientnet_kaggle_v1/train/wound/af636814febe3781.jpg,wound,train,data/raw/kaggle/ibrahimfateen_wound_classification/Wound_dataset copy/Surgical Wounds/mirrored_75_1.jpg,af636814febe37818d8c31b536802f87597b898aff75df11badbc877b0c135e5,kaggle_card_license_unknown_review_before_redistribution
data/datasets/efficientnet_kaggle_v1/train/wound/fadc6af7b90e81f3.jpg,wound,train,data/raw/kaggle/ibrahimfateen_wound_classification/Wound_dataset copy/Surgical Wounds/mirrored_76_0.jpg,fadc6af7b90e81f3d569b73a22e5ea039bb27f3dbc00b4b6cd6e946f86880bd1,kaggle_card_license_unknown_review_before_redistribution
data/datasets/efficientnet_kaggle_v1/test/wound/6b1ab43a9dedb78b.jpg,wound,test,data/raw/kaggle/ibrahimfateen_wound_classification/Wound_dataset copy/Surgical Wounds/mirrored_76_1.jpg,6b1ab43a9dedb78ba14df3e55eb416a0feb75890501370a673a6e54df89d3c80,kaggle_card_license_unknown_review_before_redistribution
data/datasets/efficientnet_kaggle_v1/val/wound/fc039eb9eb47487c.jpg,wound,val,data/raw/kaggle/ibrahimfateen_wound_classification/Wound_dataset copy/Surgical Wounds/mirrored_76_2.jpg,fc039eb9eb47487caf0765ca45a2ce2981c43f777683f830df75aea63d7ce392,kaggle_card_license_unknown_review_before_redistribution
data/datasets/efficientnet_kaggle_v1/train/wound/061b6f3279c0dede.jpg,wound,train,data/raw/kaggle/ibrahimfateen_wound_classification/Wound_dataset copy/Surgical Wounds/mirrored_76_3.jpg,061b6f3279c0dedec650cd64990476501f63b996ddc0b5ca624b8878a4a1c123,kaggle_card_license_unknown_review_before_redistribution
data/datasets/efficientnet_kaggle_v1/val/wound/2752206c2dbca185.jpg,wound,val,data/raw/kaggle/ibrahimfateen_wound_classification/Wound_dataset copy/Surgical Wounds/mirrored_76_4.jpg,2752206c2dbca185039aa326236351d14bd7112b2f8f885ba4b4e43b3c69e62d,kaggle_card_license_unknown_review_before_redistribution
data/datasets/efficientnet_kaggle_v1/train/wound/1d8227cb82f27069.jpg,wound,train,data/raw/kaggle/ibrahimfateen_wound_classification/Wound_dataset copy/Surgical Wounds/mirrored_76_5.jpg,1d8227cb82f27069b974cea5ced2525a4c54c54a1d73f0878ea126ae7170af35,kaggle_card_license_unknown_review_before_redistribution
data/datasets/efficientnet_kaggle_v1/train/wound/31e4b9d142b0e77b.jpg,wound,train,data/raw/kaggle/ibrahimfateen_wound_classification/Wound_dataset copy/Surgical Wounds/mirrored_76_6.jpg,31e4b9d142b0e77b4f7f05232bc5f385593a0973be7b6b6e350a45a6780c23bc,kaggle_card_license_unknown_review_before_redistribution
data/datasets/efficientnet_kaggle_v1/train/wound/6bc942be2dd005d3.jpg,wound,train,data/raw/kaggle/ibrahimfateen_wound_classification/Wound_dataset copy/Surgical Wounds/mirrored_77_0.jpg,6bc942be2dd005d387a8d40529d3871d9a121bc93dad95cad6910a4354c4988d,kaggle_card_license_unknown_review_before_redistribution
data/datasets/efficientnet_kaggle_v1/train/wound/1f3748799b62b73f.jpg,wound,train,data/raw/kaggle/ibrahimfateen_wound_classification/Wound_dataset copy/Surgical Wounds/mirrored_77_1.jpg,1f3748799b62b73fe89360fdcb4df0b644777a76562a99d488a789831ebdbd58,kaggle_card_license_unknown_review_before_redistribution
data/datasets/efficientnet_kaggle_v1/train/wound/eb26991df3d1954d.jpg,wound,train,data/raw/kaggle/ibrahimfateen_wound_classification/Wound_dataset copy/Surgical Wounds/mirrored_78_0.jpg,eb26991df3d1954da7b427d39f6f75647884feef64d1e3f3b26ed26feddbea2a,kaggle_card_license_unknown_review_before_redistribution
data/datasets/efficientnet_kaggle_v1/train/wound/072c8fc46c2cabdd.jpg,wound,train,data/raw/kaggle/ibrahimfateen_wound_classification/Wound_dataset copy/Surgical Wounds/mirrored_79_0.jpg,072c8fc46c2cabdd4168f8d67e4ed70c4f47e965ebdf94478fa1192c46e7df47,kaggle_card_license_unknown_review_before_redistribution
data/datasets/efficientnet_kaggle_v1/train/wound/a9006301ec3c4740.jpg,wound,train,data/raw/kaggle/ibrahimfateen_wound_classification/Wound_dataset copy/Surgical Wounds/mirrored_7_0.jpg,a9006301ec3c4740264de8b893c3d0f2dbd95ff5562e1a72d8515176db73f56b,kaggle_card_license_unknown_review_before_redistribution
data/datasets/efficientnet_kaggle_v1/train/wound/ac20762c5884911a.jpg,wound,train,data/raw/kaggle/ibrahimfateen_wound_classification/Wound_dataset copy/Surgical Wounds/mirrored_80_0.jpg,ac20762c5884911a855ca95c839375d8e00b59fec8c936febf715ce65079a995,kaggle_card_license_unknown_review_before_redistribution
data/datasets/efficientnet_kaggle_v1/train/wound/2cac2adcbb0d793b.jpg,wound,train,data/raw/kaggle/ibrahimfateen_wound_classification/Wound_dataset copy/Surgical Wounds/mirrored_81_0.jpg,2cac2adcbb0d793b42c883ee48c7a28cd47c4df02d672b8de74769a1d61e4859,kaggle_card_license_unknown_review_before_redistribution
data/datasets/efficientnet_kaggle_v1/test/wound/2c6278f30fe48dd8.jpg,wound,test,data/raw/kaggle/ibrahimfateen_wound_classification/Wound_dataset copy/Surgical Wounds/mirrored_82_0.jpg,2c6278f30fe48dd89bad611c9f176334e92f8805f198cc28ca7b147809406f4a,kaggle_card_license_unknown_review_before_redistribution
data/datasets/efficientnet_kaggle_v1/train/wound/e1d0a440f2ea3950.jpg,wound,train,data/raw/kaggle/ibrahimfateen_wound_classification/Wound_dataset copy/Surgical Wounds/mirrored_83_0.jpg,e1d0a440f2ea3950ba5d5d95092ffad0db3aa24e5e2c78033f854dbb7932021c,kaggle_card_license_unknown_review_before_redistribution
data/datasets/efficientnet_kaggle_v1/val/wound/37cb6e7a852ccdc2.jpg,wound,val,data/raw/kaggle/ibrahimfateen_wound_classification/Wound_dataset copy/Surgical Wounds/mirrored_84_0.jpg,37cb6e7a852ccdc23202ce8352edd84fdcd12a51bbd56022e60685fe3c0059a4,kaggle_card_license_unknown_review_before_redistribution
data/datasets/efficientnet_kaggle_v1/train/wound/f681ba4379246d51.jpg,wound,train,data/raw/kaggle/ibrahimfateen_wound_classification/Wound_dataset copy/Surgical Wounds/mirrored_85_0.jpg,f681ba4379246d5121e0c840de9a649d9732cb372dbaebca4dfb84e1b2d36f93,kaggle_card_license_unknown_review_before_redistribution
data/datasets/efficientnet_kaggle_v1/train/wound/5476d6aba7428653.jpg,wound,train,data/raw/kaggle/ibrahimfateen_wound_classification/Wound_dataset copy/Surgical Wounds/mirrored_86_0.jpg,5476d6aba7428653103ed987bc140ed316863557d2528dbf2c261b2291d36090,kaggle_card_license_unknown_review_before_redistribution
data/datasets/efficientnet_kaggle_v1/train/wound/fab600b6408286b0.jpg,wound,train,data/raw/kaggle/ibrahimfateen_wound_classification/Wound_dataset copy/Surgical Wounds/mirrored_87_0.jpg,fab600b6408286b03ee507f4b2fd485b9a52569c36fe3e2a00db15d91c902f4b,kaggle_card_license_unknown_review_before_redistribution
data/datasets/efficientnet_kaggle_v1/train/wound/08e188d7447947ae.jpg,wound,train,data/raw/kaggle/ibrahimfateen_wound_classification/Wound_dataset copy/Surgical Wounds/mirrored_87_1.jpg,08e188d7447947aebf4d2594e70af04f69641578988bad8e8d6ac4dee0b97214,kaggle_card_license_unknown_review_before_redistribution
data/datasets/efficientnet_kaggle_v1/val/wound/1a08fa4254b1727d.jpg,wound,val,data/raw/kaggle/ibrahimfateen_wound_classification/Wound_dataset copy/Surgical Wounds/mirrored_88_0.jpg,1a08fa4254b1727d717c17752b5f5264dcf6802828fdf7dc6c56bc836891ff65,kaggle_card_license_unknown_review_before_redistribution
data/datasets/efficientnet_kaggle_v1/train/wound/148caaf89bd2310d.jpg,wound,train,data/raw/kaggle/ibrahimfateen_wound_classification/Wound_dataset copy/Surgical Wounds/mirrored_89_0.jpg,148caaf89bd2310d31253314a5a3d8294b441ecd1da261e188ff927f2bf2671e,kaggle_card_license_unknown_review_before_redistribution
data/datasets/efficientnet_kaggle_v1/train/wound/7efe39fb5bc77c1a.jpg,wound,train,data/raw/kaggle/ibrahimfateen_wound_classification/Wound_dataset copy/Surgical Wounds/mirrored_8_0.jpg,7efe39fb5bc77c1ab600da85130ff9a202b0deac598d25c6c439681be6359aba,kaggle_card_license_unknown_review_before_redistribution
data/datasets/efficientnet_kaggle_v1/val/wound/7b5e07847bf579a5.jpg,wound,val,data/raw/kaggle/ibrahimfateen_wound_classification/Wound_dataset copy/Surgical Wounds/mirrored_8_1.jpg,7b5e07847bf579a5e58142129caa612d7527aa9f938aaf7d0c281d2956bbbadb,kaggle_card_license_unknown_review_before_redistribution
data/datasets/efficientnet_kaggle_v1/train/wound/e1cd323f1bec34dc.jpg,wound,train,data/raw/kaggle/ibrahimfateen_wound_classification/Wound_dataset copy/Surgical Wounds/mirrored_90_0.jpg,e1cd323f1bec34dc0da72de95fb5d2b4f1c3ea21d2059eb0fc6f75534269f336,kaggle_card_license_unknown_review_before_redistribution
data/datasets/efficientnet_kaggle_v1/test/wound/53a115c2667cebde.jpg,wound,test,data/raw/kaggle/ibrahimfateen_wound_classification/Wound_dataset copy/Surgical Wounds/mirrored_91_0.jpg,53a115c2667cebdeea25103ca3319e82469fcb17a13361732536fc2f05ec50fa,kaggle_card_license_unknown_review_before_redistribution
data/datasets/efficientnet_kaggle_v1/train/wound/a07668220fa90173.jpg,wound,train,data/raw/kaggle/ibrahimfateen_wound_classification/Wound_dataset copy/Surgical Wounds/mirrored_92_0.jpg,a07668220fa90173ee37b14c9640a193e1d6157280c42224e0547ce623c91326,kaggle_card_license_unknown_review_before_redistribution
data/datasets/efficientnet_kaggle_v1/train/wound/9d7ae3d9e80f58b8.jpg,wound,train,data/raw/kaggle/ibrahimfateen_wound_classification/Wound_dataset copy/Surgical Wounds/mirrored_93_0.jpg,9d7ae3d9e80f58b8b5e72ed1f4239487f2418d4b40b6200f12668d8206228fcd,kaggle_card_license_unknown_review_before_redistribution
data/datasets/efficientnet_kaggle_v1/train/wound/c5479372b983a29e.jpg,wound,train,data/raw/kaggle/ibrahimfateen_wound_classification/Wound_dataset copy/Surgical Wounds/mirrored_94_0.jpg,c5479372b983a29e219110c179dd514932ee9ae5a1c96f9577edabe9a0f54956,kaggle_card_license_unknown_review_before_redistribution
data/datasets/efficientnet_kaggle_v1/train/wound/43fc05047f537233.jpg,wound,train,data/raw/kaggle/ibrahimfateen_wound_classification/Wound_dataset copy/Surgical Wounds/mirrored_95_0.jpg,43fc05047f537233f1610ea7be4f45a5fa27478aef4e9f6c0e89c13cb25de852,kaggle_card_license_unknown_review_before_redistribution
data/datasets/efficientnet_kaggle_v1/val/wound/f2bd226715b6439d.jpg,wound,val,data/raw/kaggle/ibrahimfateen_wound_classification/Wound_dataset copy/Surgical Wounds/mirrored_96_0.jpg,f2bd226715b6439da3d93c2117e2aa27c9c9e485b91a34fd0a6c6667fcb0a633,kaggle_card_license_unknown_review_before_redistribution
data/datasets/efficientnet_kaggle_v1/train/wound/b85a655e7856b4ec.jpg,wound,train,data/raw/kaggle/ibrahimfateen_wound_classification/Wound_dataset copy/Surgical Wounds/mirrored_97_0.jpg,b85a655e7856b4ecefd217fcd892ced5235cb67faf118d7ab09f016667e620e7,kaggle_card_license_unknown_review_before_redistribution
data/datasets/efficientnet_kaggle_v1/test/wound/03763cebfb65cbc2.jpg,wound,test,data/raw/kaggle/ibrahimfateen_wound_classification/Wound_dataset copy/Surgical Wounds/mirrored_98_0.jpg,03763cebfb65cbc2ebca4a5d4a5414333d7f744c353c2a2987e91c56347a8e10,kaggle_card_license_unknown_review_before_redistribution
data/datasets/efficientnet_kaggle_v1/val/wound/b00ed325b2d72c11.jpg,wound,val,data/raw/kaggle/ibrahimfateen_wound_classification/Wound_dataset copy/Surgical Wounds/mirrored_9_0.jpg,b00ed325b2d72c1164ea0d3dd50ad5c0575baeae73c71d5cb5b8d24e2f622e56,kaggle_card_license_unknown_review_before_redistribution
data/datasets/efficientnet_kaggle_v1/train/wound/3c458b5600c70606.jpg,wound,train,data/raw/kaggle/ibrahimfateen_wound_classification/Wound_dataset copy/Surgical Wounds/mirrored_orthopaedic-wound-1-1.jpg,3c458b5600c70606b8f048dca27855620ae451b18965493eacfc060bcc8f1621,kaggle_card_license_unknown_review_before_redistribution
data/datasets/efficientnet_kaggle_v1/train/wound/17465e0758c76b67.jpg,wound,train,data/raw/kaggle/ibrahimfateen_wound_classification/Wound_dataset copy/Surgical Wounds/mirrored_orthopaedic-wound-1-10.jpg,17465e0758c76b6736ea6b562159cb2299afd8a3be2980d761d2719ecf9aa9bc,kaggle_card_license_unknown_review_before_redistribution
data/datasets/efficientnet_kaggle_v1/train/wound/ceced0377f8dfbe6.jpg,wound,train,data/raw/kaggle/ibrahimfateen_wound_classification/Wound_dataset copy/Surgical Wounds/mirrored_orthopaedic-wound-1-11.jpg,ceced0377f8dfbe60c701d4a1bb2136c637da1948c1e0bec054c891c4e4861bb,kaggle_card_license_unknown_review_before_redistribution
data/datasets/efficientnet_kaggle_v1/train/wound/3e66f527a00a729c.jpg,wound,train,data/raw/kaggle/ibrahimfateen_wound_classification/Wound_dataset copy/Surgical Wounds/mirrored_orthopaedic-wound-1-12.jpg,3e66f527a00a729c8970f46e24340a40379ca7ab5fd5f07a5e4048883f455f23,kaggle_card_license_unknown_review_before_redistribution
data/datasets/efficientnet_kaggle_v1/test/wound/08fd7f30d163c028.jpg,wound,test,data/raw/kaggle/ibrahimfateen_wound_classification/Wound_dataset copy/Surgical Wounds/mirrored_orthopaedic-wound-1-13.jpg,08fd7f30d163c028823ae6b0311098f8ad4318a3b2861c84e06de5618fa1c5db,kaggle_card_license_unknown_review_before_redistribution
data/datasets/efficientnet_kaggle_v1/train/wound/bdafcf72aef0393b.jpg,wound,train,data/raw/kaggle/ibrahimfateen_wound_classification/Wound_dataset copy/Surgical Wounds/mirrored_orthopaedic-wound-1-15.jpg,bdafcf72aef0393ba5cc6f123d6f93ff60aead1cc1fdc350770acb025702a027,kaggle_card_license_unknown_review_before_redistribution
data/datasets/efficientnet_kaggle_v1/val/wound/7ca9dfe3bb73709f.jpg,wound,val,data/raw/kaggle/ibrahimfateen_wound_classification/Wound_dataset copy/Surgical Wounds/mirrored_orthopaedic-wound-1-16.jpg,7ca9dfe3bb73709f12885d2489e7687601e0c00c6f7a752eb95eb01ea060eba1,kaggle_card_license_unknown_review_before_redistribution
data/datasets/efficientnet_kaggle_v1/train/wound/2c4316dc4782b7ad.jpg,wound,train,data/raw/kaggle/ibrahimfateen_wound_classification/Wound_dataset copy/Surgical Wounds/mirrored_orthopaedic-wound-1-2.jpg,2c4316dc4782b7ada034cf5b195aeb006e4ee98a34500db20a806d1437774f2f,kaggle_card_license_unknown_review_before_redistribution
data/datasets/efficientnet_kaggle_v1/test/wound/1858eaea9a61a70a.jpg,wound,test,data/raw/kaggle/ibrahimfateen_wound_classification/Wound_dataset copy/Surgical Wounds/mirrored_orthopaedic-wound-1-4.jpg,1858eaea9a61a70a282e6903d3b14732e3aac40e010b00ad33f519bfee05f805,kaggle_card_license_unknown_review_before_redistribution
data/datasets/efficientnet_kaggle_v1/train/wound/6efcb303785543d4.jpg,wound,train,data/raw/kaggle/ibrahimfateen_wound_classification/Wound_dataset copy/Surgical Wounds/mirrored_orthopaedic-wound-1-5.jpg,6efcb303785543d417d10abd0b6637957ba2cd8d9b6a624a72a3f374222693be,kaggle_card_license_unknown_review_before_redistribution
data/datasets/efficientnet_kaggle_v1/train/wound/c76da4faedd2e588.jpg,wound,train,data/raw/kaggle/ibrahimfateen_wound_classification/Wound_dataset copy/Surgical Wounds/mirrored_orthopaedic-wound-1-6.jpg,c76da4faedd2e588df5eb9b91eaed0439a52669ac61474120364d215be8fb04e,kaggle_card_license_unknown_review_before_redistribution
data/datasets/efficientnet_kaggle_v1/train/wound/09e6e62f74f5e9a0.jpg,wound,train,data/raw/kaggle/ibrahimfateen_wound_classification/Wound_dataset copy/Surgical Wounds/mirrored_orthopaedic-wound-1-7.jpg,09e6e62f74f5e9a0dd96243f55d80cc3a27c2cbb020c568ff0014434bee57689,kaggle_card_license_unknown_review_before_redistribution
data/datasets/efficientnet_kaggle_v1/train/wound/d886f2b1e2fe6c73.jpg,wound,train,data/raw/kaggle/ibrahimfateen_wound_classification/Wound_dataset copy/Surgical Wounds/mirrored_orthopaedic-wound-1-8.jpg,d886f2b1e2fe6c73001cc892ee05b431206242d0fda8ab62c121b4f4ed6e8ffd,kaggle_card_license_unknown_review_before_redistribution
data/datasets/efficientnet_kaggle_v1/train/wound/447ff0a181bab243.jpg,wound,train,data/raw/kaggle/ibrahimfateen_wound_classification/Wound_dataset copy/Surgical Wounds/mirrored_orthopaedic-wound-1-9.jpg,447ff0a181bab243e081fcfa3de751194db1de7cf78b0b4ec8f01db8ffb4949c,kaggle_card_license_unknown_review_before_redistribution
data/datasets/efficientnet_kaggle_v1/train/wound/c7679a06bae7ede5.jpg,wound,train,data/raw/kaggle/ibrahimfateen_wound_classification/Wound_dataset copy/Surgical Wounds/mirrored_orthopaedic-wound-10.jpg,c7679a06bae7ede5ec414d8062397241e8aca8baf226a849eda079f21c7aa025,kaggle_card_license_unknown_review_before_redistribution
data/datasets/efficientnet_kaggle_v1/train/wound/45b43f0fbf9e2c27.jpg,wound,train,data/raw/kaggle/ibrahimfateen_wound_classification/Wound_dataset copy/Surgical Wounds/mirrored_orthopaedic-wound-11.jpg,45b43f0fbf9e2c278d335630bfbf804c9fe851d901aa5db2267c6951e90945e8,kaggle_card_license_unknown_review_before_redistribution
data/datasets/efficientnet_kaggle_v1/train/wound/92fce0752e29958d.jpg,wound,train,data/raw/kaggle/ibrahimfateen_wound_classification/Wound_dataset copy/Surgical Wounds/mirrored_orthopaedic-wound-12.jpg,92fce0752e29958d83676be7ffe61bc72880a8d32438e6c338821d2ef6f20839,kaggle_card_license_unknown_review_before_redistribution
data/datasets/efficientnet_kaggle_v1/train/wound/e7d380f710e86e8f.jpg,wound,train,data/raw/kaggle/ibrahimfateen_wound_classification/Wound_dataset copy/Surgical Wounds/mirrored_orthopaedic-wound-13-0.jpg,e7d380f710e86e8f3b7a291eeca3be891cf178b46c38c2c6f8311974de94342e,kaggle_card_license_unknown_review_before_redistribution
data/datasets/efficientnet_kaggle_v1/train/wound/8ef4704835832164.jpg,wound,train,data/raw/kaggle/ibrahimfateen_wound_classification/Wound_dataset copy/Surgical Wounds/mirrored_orthopaedic-wound-13-1.jpg,8ef4704835832164738f441bfbfa51aacd3472a9041ab894e0c0fdb2845776ef,kaggle_card_license_unknown_review_before_redistribution
data/datasets/efficientnet_kaggle_v1/train/wound/638e88288bbe5f73.jpg,wound,train,data/raw/kaggle/ibrahimfateen_wound_classification/Wound_dataset copy/Surgical Wounds/mirrored_orthopaedic-wound-13-2.jpg,638e88288bbe5f73bbebc06a64aad291e08383b1aa73e0adfb546c3ff84d2360,kaggle_card_license_unknown_review_before_redistribution
data/datasets/efficientnet_kaggle_v1/train/wound/b960a78b5e261fe8.jpg,wound,train,data/raw/kaggle/ibrahimfateen_wound_classification/Wound_dataset copy/Surgical Wounds/mirrored_orthopaedic-wound-13-3.jpg,b960a78b5e261fe8815604e07044d8cc9acc8f258c068b7515cfd21966c26861,kaggle_card_license_unknown_review_before_redistribution
data/datasets/efficientnet_kaggle_v1/train/wound/6bd5cb3e2982a6cb.jpg,wound,train,data/raw/kaggle/ibrahimfateen_wound_classification/Wound_dataset copy/Surgical Wounds/mirrored_orthopaedic-wound-14.jpg,6bd5cb3e2982a6cb9983e95987b7e9e60bc061575ee968882ca2868ce513c792,kaggle_card_license_unknown_review_before_redistribution
data/datasets/efficientnet_kaggle_v1/train/wound/d1f5d46ed58b5c39.jpg,wound,train,data/raw/kaggle/ibrahimfateen_wound_classification/Wound_dataset copy/Surgical Wounds/mirrored_orthopaedic-wound-15.jpg,d1f5d46ed58b5c391e8784f2f6a217e43832b60cb1d8eee604ca4cc1659c3ace,kaggle_card_license_unknown_review_before_redistribution
data/datasets/efficientnet_kaggle_v1/train/wound/25f917cec3e419b2.jpg,wound,train,data/raw/kaggle/ibrahimfateen_wound_classification/Wound_dataset copy/Surgical Wounds/mirrored_orthopaedic-wound-16.jpg,25f917cec3e419b2b0efbe4f7a732ba737f493a8be96046e4306907a90b2a3a3,kaggle_card_license_unknown_review_before_redistribution
data/datasets/efficientnet_kaggle_v1/train/wound/a195a77d56851876.jpg,wound,train,data/raw/kaggle/ibrahimfateen_wound_classification/Wound_dataset copy/Surgical Wounds/mirrored_orthopaedic-wound-17-1.jpg,a195a77d56851876509d3b28aab7821137f643be8bbbc765d4aa9dc4529a93ac,kaggle_card_license_unknown_review_before_redistribution
data/datasets/efficientnet_kaggle_v1/train/wound/66426b322e36699f.jpg,wound,train,data/raw/kaggle/ibrahimfateen_wound_classification/Wound_dataset copy/Surgical Wounds/mirrored_orthopaedic-wound-17-2.jpg,66426b322e36699f6e4e5e4dd6e404192df8b5520a89a340c6ad5426a57f8987,kaggle_card_license_unknown_review_before_redistribution
data/datasets/efficientnet_kaggle_v1/test/wound/bf7c9e1e2896ce21.jpg,wound,test,data/raw/kaggle/ibrahimfateen_wound_classification/Wound_dataset copy/Surgical Wounds/mirrored_orthopaedic-wound-18.jpg,bf7c9e1e2896ce21314c7251456076acdc293607117b39215d550fdb255eae95,kaggle_card_license_unknown_review_before_redistribution
data/datasets/efficientnet_kaggle_v1/train/wound/a654655390109728.jpg,wound,train,data/raw/kaggle/ibrahimfateen_wound_classification/Wound_dataset copy/Surgical Wounds/mirrored_orthopaedic-wound-19.jpg,a6546553901097287e1b302a89059f87aea551f207c20b7e801c9a50cf221faf,kaggle_card_license_unknown_review_before_redistribution
data/datasets/efficientnet_kaggle_v1/train/wound/d222f5948a003e80.jpg,wound,train,data/raw/kaggle/ibrahimfateen_wound_classification/Wound_dataset copy/Surgical Wounds/mirrored_orthopaedic-wound-2-1.jpg,d222f5948a003e80347a4f09804da74b7e7f62d5381c70f20f9e469fc76b35b0,kaggle_card_license_unknown_review_before_redistribution
data/datasets/efficientnet_kaggle_v1/train/wound/383d4fe189fef09d.jpg,wound,train,data/raw/kaggle/ibrahimfateen_wound_classification/Wound_dataset copy/Surgical Wounds/mirrored_orthopaedic-wound-2-2.jpg,383d4fe189fef09d47e25799007c1a75d104155e9adfdf24865fa6d5de4940e9,kaggle_card_license_unknown_review_before_redistribution
data/datasets/efficientnet_kaggle_v1/train/wound/be965c0b284c9a35.jpg,wound,train,data/raw/kaggle/ibrahimfateen_wound_classification/Wound_dataset copy/Surgical Wounds/mirrored_orthopaedic-wound-2-3.jpg,be965c0b284c9a3593921f3ed0a812cd768f6e103016717a18c42e101d93052c,kaggle_card_license_unknown_review_before_redistribution
data/datasets/efficientnet_kaggle_v1/val/wound/343d3f15aefe0b5c.jpg,wound,val,data/raw/kaggle/ibrahimfateen_wound_classification/Wound_dataset copy/Surgical Wounds/mirrored_orthopaedic-wound-2-4.jpg,343d3f15aefe0b5cbc521ce76727bb7b15b5f53fc664a69fd41034353f1a3853,kaggle_card_license_unknown_review_before_redistribution
data/datasets/efficientnet_kaggle_v1/test/wound/379e7f13c2196d20.jpg,wound,test,data/raw/kaggle/ibrahimfateen_wound_classification/Wound_dataset copy/Surgical Wounds/mirrored_orthopaedic-wound-20.jpg,379e7f13c2196d20b1507b034fa21c8c68dccc28ebad699586f2da096c11ce47,kaggle_card_license_unknown_review_before_redistribution
data/datasets/efficientnet_kaggle_v1/train/wound/5e03183677becd4e.jpg,wound,train,data/raw/kaggle/ibrahimfateen_wound_classification/Wound_dataset copy/Surgical Wounds/mirrored_orthopaedic-wound-21.jpg,5e03183677becd4e5f94619b68d97281afc1eaaa115a34a2053a240b62c1d55d,kaggle_card_license_unknown_review_before_redistribution
data/datasets/efficientnet_kaggle_v1/train/wound/e03b74f1ac0da84b.jpg,wound,train,data/raw/kaggle/ibrahimfateen_wound_classification/Wound_dataset copy/Surgical Wounds/mirrored_orthopaedic-wound-3-0-.jpg,e03b74f1ac0da84b3e3b83d2158dd1dd241bdc2c03b64f44b5c1f8c139bbee73,kaggle_card_license_unknown_review_before_redistribution
data/datasets/efficientnet_kaggle_v1/val/wound/a4d76c3e3c1aab15.jpg,wound,val,data/raw/kaggle/ibrahimfateen_wound_classification/Wound_dataset copy/Surgical Wounds/mirrored_orthopaedic-wound-3-1.jpg,a4d76c3e3c1aab15c96d3f852dac5da98d8b28664ccd881a28673cad83e8d2f1,kaggle_card_license_unknown_review_before_redistribution
data/datasets/efficientnet_kaggle_v1/train/wound/65d979d70fa396e5.jpg,wound,train,data/raw/kaggle/ibrahimfateen_wound_classification/Wound_dataset copy/Surgical Wounds/mirrored_orthopaedic-wound-3-2.jpg,65d979d70fa396e5f2696598b30758c96cee306d4ef0cde21dc16bf77af8e71c,kaggle_card_license_unknown_review_before_redistribution
data/datasets/efficientnet_kaggle_v1/val/wound/5a5c3bd8a98ba384.jpg,wound,val,data/raw/kaggle/ibrahimfateen_wound_classification/Wound_dataset copy/Surgical Wounds/mirrored_orthopaedic-wound-4.jpg,5a5c3bd8a98ba384610e41d0215e369b35e2f039eec9eadf6483502e6ddcb30f,kaggle_card_license_unknown_review_before_redistribution
data/datasets/efficientnet_kaggle_v1/train/wound/004dbad6ca5e4ac6.jpg,wound,train,data/raw/kaggle/ibrahimfateen_wound_classification/Wound_dataset copy/Surgical Wounds/mirrored_orthopaedic-wound-5.jpg,004dbad6ca5e4ac6974016312940ca4d51848350ad7a108151b234ccea58f77f,kaggle_card_license_unknown_review_before_redistribution
data/datasets/efficientnet_kaggle_v1/test/wound/630dc3e380e6c25a.jpg,wound,test,data/raw/kaggle/ibrahimfateen_wound_classification/Wound_dataset copy/Surgical Wounds/mirrored_orthopaedic-wound-6.jpg,630dc3e380e6c25a62b164bc17dbe541f670620066a763a15663dbd803930f6d,kaggle_card_license_unknown_review_before_redistribution
data/datasets/efficientnet_kaggle_v1/train/wound/314cd62b11a6858a.jpg,wound,train,data/raw/kaggle/ibrahimfateen_wound_classification/Wound_dataset copy/Surgical Wounds/mirrored_orthopaedic-wound-7.jpg,314cd62b11a6858a06a8cd91e1342d3cec62800bead0c71b0a3943d5f3478f94,kaggle_card_license_unknown_review_before_redistribution
data/datasets/efficientnet_kaggle_v1/val/wound/6160f4034fe14eb5.jpg,wound,val,data/raw/kaggle/ibrahimfateen_wound_classification/Wound_dataset copy/Surgical Wounds/mirrored_orthopaedic-wound-8.jpg,6160f4034fe14eb58b40a5a1aa96c8d878a8b85526c7c5bb08fa41cd3a57c1e4,kaggle_card_license_unknown_review_before_redistribution
data/datasets/efficientnet_kaggle_v1/train/wound/78540fdb73ced668.jpg,wound,train,data/raw/kaggle/ibrahimfateen_wound_classification/Wound_dataset copy/Surgical Wounds/mirrored_orthopaedic-wound-9-0.jpg,78540fdb73ced66847473e2b423c2e0487fe6e48ccea3f9a4576343ff32ce561,kaggle_card_license_unknown_review_before_redistribution
data/datasets/efficientnet_kaggle_v1/test/wound/6223aaee50c531bc.jpg,wound,test,data/raw/kaggle/ibrahimfateen_wound_classification/Wound_dataset copy/Surgical Wounds/mirrored_orthopaedic-wound-9-1.jpg,6223aaee50c531bcd3daace5cf3b8a9052c6e6c62f96f4d6a47d07453c8b7447,kaggle_card_license_unknown_review_before_redistribution
data/datasets/efficientnet_kaggle_v1/val/wound/06b2acf3b11d0020.jpg,wound,val,data/raw/kaggle/ibrahimfateen_wound_classification/Wound_dataset copy/Surgical Wounds/mirrored_orthopaedic-wound-9-2.jpg,06b2acf3b11d00208264f7b879633f0f1d6167f1cdc27622069ac90c828ce64b,kaggle_card_license_unknown_review_before_redistribution
data/datasets/efficientnet_kaggle_v1/val/wound/82ae421f183e982f.jpg,wound,val,data/raw/kaggle/ibrahimfateen_wound_classification/Wound_dataset copy/Surgical Wounds/mirrored_orthopaedic-wound-9-3.jpg,82ae421f183e982ff38b9a1bd798286f4363a1a910337706c9476cb0710d4bdc,kaggle_card_license_unknown_review_before_redistribution
data/datasets/efficientnet_kaggle_v1/val/wound/71de2379bb69ad34.jpg,wound,val,data/raw/kaggle/ibrahimfateen_wound_classification/Wound_dataset copy/Surgical Wounds/orthopaedic-wound-1-1.jpg,71de2379bb69ad340ae7eee7fc8ce2e196e98297b64f937ed1e6c934408b6468,kaggle_card_license_unknown_review_before_redistribution
data/datasets/efficientnet_kaggle_v1/train/wound/abb4bc53dbae338e.jpg,wound,train,data/raw/kaggle/ibrahimfateen_wound_classification/Wound_dataset copy/Surgical Wounds/orthopaedic-wound-1-10.jpg,abb4bc53dbae338e9c585f6b5ffd2f1a23e0f0b4ecefb6dbd018f244492d4ba3,kaggle_card_license_unknown_review_before_redistribution
data/datasets/efficientnet_kaggle_v1/val/wound/5b91e09c9f08c6f8.jpg,wound,val,data/raw/kaggle/ibrahimfateen_wound_classification/Wound_dataset copy/Surgical Wounds/orthopaedic-wound-1-11.jpg,5b91e09c9f08c6f8870dc2ef63ccd152d47bf1275dab8b098ea3895e7cffb20c,kaggle_card_license_unknown_review_before_redistribution
data/datasets/efficientnet_kaggle_v1/train/wound/490036885ebe8d26.jpg,wound,train,data/raw/kaggle/ibrahimfateen_wound_classification/Wound_dataset copy/Surgical Wounds/orthopaedic-wound-1-12.jpg,490036885ebe8d2659ef7a62fe7ce8d6d07c5f2d85913fee214d48f8ea24a7b6,kaggle_card_license_unknown_review_before_redistribution
data/datasets/efficientnet_kaggle_v1/train/wound/8cababf1f389a5ae.jpg,wound,train,data/raw/kaggle/ibrahimfateen_wound_classification/Wound_dataset copy/Surgical Wounds/orthopaedic-wound-1-13.jpg,8cababf1f389a5aebb91444b7e43a0c9b5edb400d34322bfde6a40bc75f8be42,kaggle_card_license_unknown_review_before_redistribution
data/datasets/efficientnet_kaggle_v1/test/wound/6c75c82f225dc320.jpg,wound,test,data/raw/kaggle/ibrahimfateen_wound_classification/Wound_dataset copy/Surgical Wounds/orthopaedic-wound-1-15.jpg,6c75c82f225dc32094d7a8919dacbd800eb2db47bc59ad458b79b9d39f6c850b,kaggle_card_license_unknown_review_before_redistribution
data/datasets/efficientnet_kaggle_v1/train/wound/73c9c7c646cd3ca1.jpg,wound,train,data/raw/kaggle/ibrahimfateen_wound_classification/Wound_dataset copy/Surgical Wounds/orthopaedic-wound-1-16.jpg,73c9c7c646cd3ca1f1165243db669002fccdbac559373b9de6699050244b22d8,kaggle_card_license_unknown_review_before_redistribution
data/datasets/efficientnet_kaggle_v1/train/wound/8772bae5206d1130.jpg,wound,train,data/raw/kaggle/ibrahimfateen_wound_classification/Wound_dataset copy/Surgical Wounds/orthopaedic-wound-1-2.jpg,8772bae5206d11301f114ba6c983d17deccb84b1ca7b4bdec5be401784c9ef57,kaggle_card_license_unknown_review_before_redistribution
data/datasets/efficientnet_kaggle_v1/train/wound/9a10b426892aa676.jpg,wound,train,data/raw/kaggle/ibrahimfateen_wound_classification/Wound_dataset copy/Surgical Wounds/orthopaedic-wound-1-4.jpg,9a10b426892aa676a80cbe49ebfff4bc0a9e752c57bf86ea1e604b2b586945da,kaggle_card_license_unknown_review_before_redistribution
data/datasets/efficientnet_kaggle_v1/train/wound/2622ca4aa2c6893a.jpg,wound,train,data/raw/kaggle/ibrahimfateen_wound_classification/Wound_dataset copy/Surgical Wounds/orthopaedic-wound-1-5.jpg,2622ca4aa2c6893ad7c31f1d93ff79ed9dfa6a333dec33009e128fd0d7f14962,kaggle_card_license_unknown_review_before_redistribution
data/datasets/efficientnet_kaggle_v1/train/wound/9a8b3e5d2b83de6c.jpg,wound,train,data/raw/kaggle/ibrahimfateen_wound_classification/Wound_dataset copy/Surgical Wounds/orthopaedic-wound-1-6.jpg,9a8b3e5d2b83de6c92d94dd5c1f51b4e379e9b8cf88ecef184366422464c1145,kaggle_card_license_unknown_review_before_redistribution
data/datasets/efficientnet_kaggle_v1/train/wound/5e1d411631427cb6.jpg,wound,train,data/raw/kaggle/ibrahimfateen_wound_classification/Wound_dataset copy/Surgical Wounds/orthopaedic-wound-1-7.jpg,5e1d411631427cb607504673c709166680786b69c1ba804230989f41a8431197,kaggle_card_license_unknown_review_before_redistribution
data/datasets/efficientnet_kaggle_v1/train/wound/641e1030b7e73356.jpg,wound,train,data/raw/kaggle/ibrahimfateen_wound_classification/Wound_dataset copy/Surgical Wounds/orthopaedic-wound-1-8.jpg,641e1030b7e7335646649db45975ef731fc7a4d9f339f778fdf2cf91212ca0dd,kaggle_card_license_unknown_review_before_redistribution
data/datasets/efficientnet_kaggle_v1/train/wound/08085b969e5a33a5.jpg,wound,train,data/raw/kaggle/ibrahimfateen_wound_classification/Wound_dataset copy/Surgical Wounds/orthopaedic-wound-1-9.jpg,08085b969e5a33a5badfaeb1a1fc58852749a68d677901f644300a3c6394e04b,kaggle_card_license_unknown_review_before_redistribution
data/datasets/efficientnet_kaggle_v1/train/wound/0cd325b316a47f8f.jpg,wound,train,data/raw/kaggle/ibrahimfateen_wound_classification/Wound_dataset copy/Surgical Wounds/orthopaedic-wound-10.jpg,0cd325b316a47f8ffc735ea327f3eae1836b7512caf552e7421f727be8a5818b,kaggle_card_license_unknown_review_before_redistribution
data/datasets/efficientnet_kaggle_v1/val/wound/3f62aadd5574dd26.jpg,wound,val,data/raw/kaggle/ibrahimfateen_wound_classification/Wound_dataset copy/Surgical Wounds/orthopaedic-wound-11.jpg,3f62aadd5574dd2677c3e53786311c9c7faa9ac5611aa5d9d2fa29c44d02daa1,kaggle_card_license_unknown_review_before_redistribution
data/datasets/efficientnet_kaggle_v1/val/wound/33f94e7cc50ded5f.jpg,wound,val,data/raw/kaggle/ibrahimfateen_wound_classification/Wound_dataset copy/Surgical Wounds/orthopaedic-wound-12.jpg,33f94e7cc50ded5f44568ad7d8f79f1017b74e0ed37efa3e2e4d444cee18990b,kaggle_card_license_unknown_review_before_redistribution
data/datasets/efficientnet_kaggle_v1/train/wound/7592f0b5631e751e.jpg,wound,train,data/raw/kaggle/ibrahimfateen_wound_classification/Wound_dataset copy/Surgical Wounds/orthopaedic-wound-13-0.jpg,7592f0b5631e751efaee381da33383ec779b1e5af15cc0a305d6698f44f6abc7,kaggle_card_license_unknown_review_before_redistribution
data/datasets/efficientnet_kaggle_v1/val/wound/362ada6321773af3.jpg,wound,val,data/raw/kaggle/ibrahimfateen_wound_classification/Wound_dataset copy/Surgical Wounds/orthopaedic-wound-13-1.jpg,362ada6321773af3f98e985753bc4b94da26f863684e418a2f5f2e2a6784e099,kaggle_card_license_unknown_review_before_redistribution
data/datasets/efficientnet_kaggle_v1/train/wound/6e80c41722695985.jpg,wound,train,data/raw/kaggle/ibrahimfateen_wound_classification/Wound_dataset copy/Surgical Wounds/orthopaedic-wound-13-2.jpg,6e80c41722695985d3b15dded45809d74d45c6f481884215e5a353d5edd05d2a,kaggle_card_license_unknown_review_before_redistribution
data/datasets/efficientnet_kaggle_v1/train/wound/4f0a9de859eeec30.jpg,wound,train,data/raw/kaggle/ibrahimfateen_wound_classification/Wound_dataset copy/Surgical Wounds/orthopaedic-wound-13-3.jpg,4f0a9de859eeec302ebad7097eb659c3c4a872c2da254127f6ace2e06ec7f458,kaggle_card_license_unknown_review_before_redistribution
data/datasets/efficientnet_kaggle_v1/train/wound/7d27377920b4f635.jpg,wound,train,data/raw/kaggle/ibrahimfateen_wound_classification/Wound_dataset copy/Surgical Wounds/orthopaedic-wound-14.jpg,7d27377920b4f63551ffe82d59580b5b636db8274ae823d976095bff9ed61281,kaggle_card_license_unknown_review_before_redistribution
data/datasets/efficientnet_kaggle_v1/val/wound/390acac30c2dd168.jpg,wound,val,data/raw/kaggle/ibrahimfateen_wound_classification/Wound_dataset copy/Surgical Wounds/orthopaedic-wound-15.jpg,390acac30c2dd1684b40b6f7b04fbe5c687d44817cb5a21a18ebf4fe72db0950,kaggle_card_license_unknown_review_before_redistribution
data/datasets/efficientnet_kaggle_v1/train/wound/dccdc182d8773b87.jpg,wound,train,data/raw/kaggle/ibrahimfateen_wound_classification/Wound_dataset copy/Surgical Wounds/orthopaedic-wound-16.jpg,dccdc182d8773b872041f8d906f567c35a98cbc186bbe7ecc9f44782e4232d77,kaggle_card_license_unknown_review_before_redistribution
data/datasets/efficientnet_kaggle_v1/val/wound/6a8586c19cf38fa6.jpg,wound,val,data/raw/kaggle/ibrahimfateen_wound_classification/Wound_dataset copy/Surgical Wounds/orthopaedic-wound-17-1.jpg,6a8586c19cf38fa68e633aef66dfface5ac359a5363d4704e7001050840470e7,kaggle_card_license_unknown_review_before_redistribution
data/datasets/efficientnet_kaggle_v1/train/wound/a91e265a866109bb.jpg,wound,train,data/raw/kaggle/ibrahimfateen_wound_classification/Wound_dataset copy/Surgical Wounds/orthopaedic-wound-17-2.jpg,a91e265a866109bbb3bebd3b7524324a45d151836850054485e3f7d332cb34ca,kaggle_card_license_unknown_review_before_redistribution
data/datasets/efficientnet_kaggle_v1/train/wound/ed369d7e3260c483.jpg,wound,train,data/raw/kaggle/ibrahimfateen_wound_classification/Wound_dataset copy/Surgical Wounds/orthopaedic-wound-18.jpg,ed369d7e3260c483b451d75213527d33c32ec425a4e892748ddb04ea28d04886,kaggle_card_license_unknown_review_before_redistribution
data/datasets/efficientnet_kaggle_v1/train/wound/d68ba208327f969f.jpg,wound,train,data/raw/kaggle/ibrahimfateen_wound_classification/Wound_dataset copy/Surgical Wounds/orthopaedic-wound-19.jpg,d68ba208327f969ff2047f89c09213f788d18f47aa666209492ff3a6eac04cc4,kaggle_card_license_unknown_review_before_redistribution
data/datasets/efficientnet_kaggle_v1/train/wound/bb592a51b4e2cf15.jpg,wound,train,data/raw/kaggle/ibrahimfateen_wound_classification/Wound_dataset copy/Surgical Wounds/orthopaedic-wound-2-1.jpg,bb592a51b4e2cf1557abee0bd1a66b8ab29d1805e778f01d5cbad6502d2e29fb,kaggle_card_license_unknown_review_before_redistribution
data/datasets/efficientnet_kaggle_v1/test/wound/3d7afc74174fec80.jpg,wound,test,data/raw/kaggle/ibrahimfateen_wound_classification/Wound_dataset copy/Surgical Wounds/orthopaedic-wound-2-2.jpg,3d7afc74174fec8029eed337ba05fc92c673f4752b03be71bcfb3559ec80b6f5,kaggle_card_license_unknown_review_before_redistribution
data/datasets/efficientnet_kaggle_v1/train/wound/45c1e976aa090607.jpg,wound,train,data/raw/kaggle/ibrahimfateen_wound_classification/Wound_dataset copy/Surgical Wounds/orthopaedic-wound-2-3.jpg,45c1e976aa0906077d51b981aaeb90676e814b055df76d5d11886b303fd8facd,kaggle_card_license_unknown_review_before_redistribution
data/datasets/efficientnet_kaggle_v1/train/wound/9c8cca7544602307.jpg,wound,train,data/raw/kaggle/ibrahimfateen_wound_classification/Wound_dataset copy/Surgical Wounds/orthopaedic-wound-2-4.jpg,9c8cca7544602307b2fba96ec79c8242fbca35d9588579d4061861cc43999be5,kaggle_card_license_unknown_review_before_redistribution
data/datasets/efficientnet_kaggle_v1/train/wound/7b5ef9a27564b875.jpg,wound,train,data/raw/kaggle/ibrahimfateen_wound_classification/Wound_dataset copy/Surgical Wounds/orthopaedic-wound-20.jpg,7b5ef9a27564b875dd5e79e3295e1d499225abca426e846f4781e079ecce2896,kaggle_card_license_unknown_review_before_redistribution
data/datasets/efficientnet_kaggle_v1/test/wound/6bcc68d79d57bf96.jpg,wound,test,data/raw/kaggle/ibrahimfateen_wound_classification/Wound_dataset copy/Surgical Wounds/orthopaedic-wound-21.jpg,6bcc68d79d57bf964d47b889320798d2270a38c6f20c3f72851c9f70b08c39aa,kaggle_card_license_unknown_review_before_redistribution
data/datasets/efficientnet_kaggle_v1/train/wound/bc5051166034ce80.jpg,wound,train,data/raw/kaggle/ibrahimfateen_wound_classification/Wound_dataset copy/Surgical Wounds/orthopaedic-wound-3-0-.jpg,bc5051166034ce80a5a3c2e4cfc75546ca04f6f7b4e037f5dd85ec3285e42c29,kaggle_card_license_unknown_review_before_redistribution
data/datasets/efficientnet_kaggle_v1/test/wound/f35e07df4afa7e87.jpg,wound,test,data/raw/kaggle/ibrahimfateen_wound_classification/Wound_dataset copy/Surgical Wounds/orthopaedic-wound-3-1.jpg,f35e07df4afa7e87e61d60ec99d6189cefb7bb289de60fec3323ca3495e91bba,kaggle_card_license_unknown_review_before_redistribution
data/datasets/efficientnet_kaggle_v1/test/wound/1c2594e694d31230.jpg,wound,test,data/raw/kaggle/ibrahimfateen_wound_classification/Wound_dataset copy/Surgical Wounds/orthopaedic-wound-3-2.jpg,1c2594e694d31230113c6f088791b275e59597baef08afe773d8a564d9cecd85,kaggle_card_license_unknown_review_before_redistribution
data/datasets/efficientnet_kaggle_v1/train/wound/97a7d1af9cde3cee.jpg,wound,train,data/raw/kaggle/ibrahimfateen_wound_classification/Wound_dataset copy/Surgical Wounds/orthopaedic-wound-4.jpg,97a7d1af9cde3ceefc310522f870a15e0a3360348934549faae0f0311ca3d95e,kaggle_card_license_unknown_review_before_redistribution
data/datasets/efficientnet_kaggle_v1/train/wound/123fa84e5a4e2904.jpg,wound,train,data/raw/kaggle/ibrahimfateen_wound_classification/Wound_dataset copy/Surgical Wounds/orthopaedic-wound-5.jpg,123fa84e5a4e29044e456d0b42d0af2de9208119424b77b65910ee6f72ef828b,kaggle_card_license_unknown_review_before_redistribution
data/datasets/efficientnet_kaggle_v1/train/wound/c534919fc3068023.jpg,wound,train,data/raw/kaggle/ibrahimfateen_wound_classification/Wound_dataset copy/Surgical Wounds/orthopaedic-wound-6.jpg,c534919fc306802390961e5c441cbd9ab8ab6664cc453460b7635290f49835d8,kaggle_card_license_unknown_review_before_redistribution
data/datasets/efficientnet_kaggle_v1/val/wound/0a0fe98088685efb.jpg,wound,val,data/raw/kaggle/ibrahimfateen_wound_classification/Wound_dataset copy/Surgical Wounds/orthopaedic-wound-7.jpg,0a0fe98088685efb4600cd8366ee52a9781fb4297a8425bad07e17ab489adf7e,kaggle_card_license_unknown_review_before_redistribution
data/datasets/efficientnet_kaggle_v1/train/wound/58d0261e3c14fdbd.jpg,wound,train,data/raw/kaggle/ibrahimfateen_wound_classification/Wound_dataset copy/Surgical Wounds/orthopaedic-wound-8.jpg,58d0261e3c14fdbd72baf91382f13ce06b81e46ee085fec6e2a26eb3fc47aa57,kaggle_card_license_unknown_review_before_redistribution
data/datasets/efficientnet_kaggle_v1/test/wound/bddc63001830ad1f.jpg,wound,test,data/raw/kaggle/ibrahimfateen_wound_classification/Wound_dataset copy/Surgical Wounds/orthopaedic-wound-9-0.jpg,bddc63001830ad1fde2b950a9b17ad5ca6100ca701d629eedb3259a29b2495b8,kaggle_card_license_unknown_review_before_redistribution
data/datasets/efficientnet_kaggle_v1/train/wound/0acb335b64e1d165.jpg,wound,train,data/raw/kaggle/ibrahimfateen_wound_classification/Wound_dataset copy/Surgical Wounds/orthopaedic-wound-9-1.jpg,0acb335b64e1d1657bb22c4523d91c021b095edf0b1f62b806d8bcd2528dcbaa,kaggle_card_license_unknown_review_before_redistribution
data/datasets/efficientnet_kaggle_v1/train/wound/32aeb695f0246d0c.jpg,wound,train,data/raw/kaggle/ibrahimfateen_wound_classification/Wound_dataset copy/Surgical Wounds/orthopaedic-wound-9-2.jpg,32aeb695f0246d0ce9a061e2f9309e601869b198e90f4150a598b6e45f5780de,kaggle_card_license_unknown_review_before_redistribution
data/datasets/efficientnet_kaggle_v1/test/wound/faab81d918a30204.jpg,wound,test,data/raw/kaggle/ibrahimfateen_wound_classification/Wound_dataset copy/Surgical Wounds/orthopaedic-wound-9-3.jpg,faab81d918a30204f26d629b9f66cda82fd4de5ccc0e090722391303a1bbd5e5,kaggle_card_license_unknown_review_before_redistribution
data/datasets/efficientnet_kaggle_v1/train/wound/01fc0b8ea6ec3b01.jpg,wound,train,data/raw/kaggle/ibrahimfateen_wound_classification/Wound_dataset copy/Venous Wounds/100_0.jpg,01fc0b8ea6ec3b0114939803c5712e03a173279bd7b64439b8f780f98a009ae7,kaggle_card_license_unknown_review_before_redistribution
data/datasets/efficientnet_kaggle_v1/train/wound/998542edf917c0e9.jpg,wound,train,data/raw/kaggle/ibrahimfateen_wound_classification/Wound_dataset copy/Venous Wounds/101_0.jpg,998542edf917c0e95f5f6c2a74ea4d36aaa0cdef972f4dd11e49da36a19bd218,kaggle_card_license_unknown_review_before_redistribution
data/datasets/efficientnet_kaggle_v1/val/wound/2af7bcb7a04e8aa7.jpg,wound,val,data/raw/kaggle/ibrahimfateen_wound_classification/Wound_dataset copy/Venous Wounds/101_1.jpg,2af7bcb7a04e8aa7e4f4f7e50353ed48486155452163e95b3054e88c8bc7cfba,kaggle_card_license_unknown_review_before_redistribution
data/datasets/efficientnet_kaggle_v1/test/wound/c512ecaac7f95ea4.jpg,wound,test,data/raw/kaggle/ibrahimfateen_wound_classification/Wound_dataset copy/Venous Wounds/102_0.jpg,c512ecaac7f95ea40391be5268131696c7a88955f16e7bcbf56c0335de147e74,kaggle_card_license_unknown_review_before_redistribution
data/datasets/efficientnet_kaggle_v1/train/wound/91183b30adaa0a0a.jpg,wound,train,data/raw/kaggle/ibrahimfateen_wound_classification/Wound_dataset copy/Venous Wounds/103_0.jpg,91183b30adaa0a0a5dc69856ddc483500a8e08a17e8604f5783c8c9ac72012db,kaggle_card_license_unknown_review_before_redistribution
data/datasets/efficientnet_kaggle_v1/train/wound/606e7894fdbc2df6.jpg,wound,train,data/raw/kaggle/ibrahimfateen_wound_classification/Wound_dataset copy/Venous Wounds/103_1.jpg,606e7894fdbc2df6fff3870a6690106622cc4c536832f893f573613249d4bd14,kaggle_card_license_unknown_review_before_redistribution
data/datasets/efficientnet_kaggle_v1/train/wound/aacac31a7029da6b.jpg,wound,train,data/raw/kaggle/ibrahimfateen_wound_classification/Wound_dataset copy/Venous Wounds/104_0.jpg,aacac31a7029da6bfa76768898a9f3ef7a8da1c28930455f91a05507602594ee,kaggle_card_license_unknown_review_before_redistribution
data/datasets/efficientnet_kaggle_v1/train/wound/9544e7575f644889.jpg,wound,train,data/raw/kaggle/ibrahimfateen_wound_classification/Wound_dataset copy/Venous Wounds/105_0.jpg,9544e7575f6448890960a18f94370981d18b31411efe7549b238f56e1906d352,kaggle_card_license_unknown_review_before_redistribution
data/datasets/efficientnet_kaggle_v1/train/wound/58860e7c8411517f.jpg,wound,train,data/raw/kaggle/ibrahimfateen_wound_classification/Wound_dataset copy/Venous Wounds/106_0.jpg,58860e7c8411517fcb8247c6296e8f9893372a92cca59c0af01d4f33fc437ca3,kaggle_card_license_unknown_review_before_redistribution
data/datasets/efficientnet_kaggle_v1/train/wound/3ab6c05f1af5f9fb.jpg,wound,train,data/raw/kaggle/ibrahimfateen_wound_classification/Wound_dataset copy/Venous Wounds/106_1.jpg,3ab6c05f1af5f9fb839c42089fef75e0c142754db45aa04772edf07af6496a87,kaggle_card_license_unknown_review_before_redistribution
data/datasets/efficientnet_kaggle_v1/test/wound/eca3ae021e61b0be.jpg,wound,test,data/raw/kaggle/ibrahimfateen_wound_classification/Wound_dataset copy/Venous Wounds/107_0.jpg,eca3ae021e61b0be03eccb0632f5e409f503d9f1ff0d77f9e722f54bab088bed,kaggle_card_license_unknown_review_before_redistribution
data/datasets/efficientnet_kaggle_v1/val/wound/80014afa75a9b0f1.jpg,wound,val,data/raw/kaggle/ibrahimfateen_wound_classification/Wound_dataset copy/Venous Wounds/107_1.jpg,80014afa75a9b0f1c6d5f39e8254ac1ac9f8f12c7563974daa65a859f66a544e,kaggle_card_license_unknown_review_before_redistribution
data/datasets/efficientnet_kaggle_v1/train/wound/6246f0dd5b0265f0.jpg,wound,train,data/raw/kaggle/ibrahimfateen_wound_classification/Wound_dataset copy/Venous Wounds/108_0.jpg,6246f0dd5b0265f0f935f7703acb930ef6314890cbe430fd6bc763f7cf01aa51,kaggle_card_license_unknown_review_before_redistribution
data/datasets/efficientnet_kaggle_v1/train/wound/c6d21c75fd48fc57.jpg,wound,train,data/raw/kaggle/ibrahimfateen_wound_classification/Wound_dataset copy/Venous Wounds/108_1.jpg,c6d21c75fd48fc571692e72fe1c8aaa075202415eaacf438a2cc285002866fbe,kaggle_card_license_unknown_review_before_redistribution
data/datasets/efficientnet_kaggle_v1/train/wound/65cac05a0c9078b1.jpg,wound,train,data/raw/kaggle/ibrahimfateen_wound_classification/Wound_dataset copy/Venous Wounds/109_0.jpg,65cac05a0c9078b1669c92a4eac5df7e8a9421f8d67da4507d1938d00367f993,kaggle_card_license_unknown_review_before_redistribution
data/datasets/efficientnet_kaggle_v1/train/wound/180f2ac046df8b60.jpg,wound,train,data/raw/kaggle/ibrahimfateen_wound_classification/Wound_dataset copy/Venous Wounds/10_0.jpg,180f2ac046df8b600409b8d5981492379fa068ecc2b281f07483c6a32bd9ce3a,kaggle_card_license_unknown_review_before_redistribution
data/datasets/efficientnet_kaggle_v1/train/wound/194091c34747b07f.jpg,wound,train,data/raw/kaggle/ibrahimfateen_wound_classification/Wound_dataset copy/Venous Wounds/110_0.jpg,194091c34747b07f277ed18344752d0657bbb9270891c59f8b43e1979b0dd859,kaggle_card_license_unknown_review_before_redistribution
data/datasets/efficientnet_kaggle_v1/test/wound/56089bf364fa2dc7.jpg,wound,test,data/raw/kaggle/ibrahimfateen_wound_classification/Wound_dataset copy/Venous Wounds/110_1.jpg,56089bf364fa2dc78e2f1fbb7c1449a767d4ba536007065063b6dc23cb903471,kaggle_card_license_unknown_review_before_redistribution
data/datasets/efficientnet_kaggle_v1/val/wound/8718410b4f1a05e0.jpg,wound,val,data/raw/kaggle/ibrahimfateen_wound_classification/Wound_dataset copy/Venous Wounds/110_2.jpg,8718410b4f1a05e053d0d264e38c6cdc39b0b32eddf33cffe48477923b00d336,kaggle_card_license_unknown_review_before_redistribution
data/datasets/efficientnet_kaggle_v1/train/wound/2f769041d7b1af21.jpg,wound,train,data/raw/kaggle/ibrahimfateen_wound_classification/Wound_dataset copy/Venous Wounds/110_3.jpg,2f769041d7b1af21596ff79ec6b543102a6445b3dc1903d7aa2cbc0d4ee5a8a2,kaggle_card_license_unknown_review_before_redistribution
data/datasets/efficientnet_kaggle_v1/test/wound/31e1db89715c6087.jpg,wound,test,data/raw/kaggle/ibrahimfateen_wound_classification/Wound_dataset copy/Venous Wounds/111_0.jpg,31e1db89715c608703da2d35057403143c4ab59c70b554d119781d4dabfbb16d,kaggle_card_license_unknown_review_before_redistribution
data/datasets/efficientnet_kaggle_v1/train/wound/0f6af01a0ef38add.jpg,wound,train,data/raw/kaggle/ibrahimfateen_wound_classification/Wound_dataset copy/Venous Wounds/112_0.jpg,0f6af01a0ef38addac6f43a49fe033eaa623149cdce0b06b558f845d0991df19,kaggle_card_license_unknown_review_before_redistribution
data/datasets/efficientnet_kaggle_v1/val/wound/c9de7b523250d84b.jpg,wound,val,data/raw/kaggle/ibrahimfateen_wound_classification/Wound_dataset copy/Venous Wounds/113_0.jpg,c9de7b523250d84bf109affca8f3100ca73ea69c3133b4095d142ebf54e971f3,kaggle_card_license_unknown_review_before_redistribution
data/datasets/efficientnet_kaggle_v1/val/wound/0a0dd89c2e90af07.jpg,wound,val,data/raw/kaggle/ibrahimfateen_wound_classification/Wound_dataset copy/Venous Wounds/114_0.jpg,0a0dd89c2e90af07c17a38cc976a54ec1e24542c81e7baef68f2b11472796b7f,kaggle_card_license_unknown_review_before_redistribution
data/datasets/efficientnet_kaggle_v1/test/wound/3e21f30b31eddf5c.jpg,wound,test,data/raw/kaggle/ibrahimfateen_wound_classification/Wound_dataset copy/Venous Wounds/114_1.jpg,3e21f30b31eddf5cfe1495341f4fbfbe770964e84f88960bcbce6f29e6dfddfb,kaggle_card_license_unknown_review_before_redistribution
data/datasets/efficientnet_kaggle_v1/train/wound/b6ecfa9986c8581f.jpg,wound,train,data/raw/kaggle/ibrahimfateen_wound_classification/Wound_dataset copy/Venous Wounds/115_0.jpg,b6ecfa9986c8581f9c9344b531bc846ed17f36192425fc81035139032cb45639,kaggle_card_license_unknown_review_before_redistribution
data/datasets/efficientnet_kaggle_v1/val/wound/f6f6b6bd25faec16.jpg,wound,val,data/raw/kaggle/ibrahimfateen_wound_classification/Wound_dataset copy/Venous Wounds/115_1.jpg,f6f6b6bd25faec1637102a1c2d2ec76ecc7f65f2212a290b072554763ae4ae86,kaggle_card_license_unknown_review_before_redistribution
data/datasets/efficientnet_kaggle_v1/test/wound/8f1feb7eec357c79.jpg,wound,test,data/raw/kaggle/ibrahimfateen_wound_classification/Wound_dataset copy/Venous Wounds/116_0.jpg,8f1feb7eec357c79bf0de24b78f3d07c6d46b11f9505c84eb89697a869877663,kaggle_card_license_unknown_review_before_redistribution
data/datasets/efficientnet_kaggle_v1/train/wound/5f4acd566a84df14.jpg,wound,train,data/raw/kaggle/ibrahimfateen_wound_classification/Wound_dataset copy/Venous Wounds/117_0.jpg,5f4acd566a84df148a23142fbf48915ad1d696e07074f7a35570ac06c6afa965,kaggle_card_license_unknown_review_before_redistribution
data/datasets/efficientnet_kaggle_v1/train/wound/f7cf027542f219c3.jpg,wound,train,data/raw/kaggle/ibrahimfateen_wound_classification/Wound_dataset copy/Venous Wounds/117_1.jpg,f7cf027542f219c337d51d36655437aafa13e4201ae6ea9ed2056a39f3a5add4,kaggle_card_license_unknown_review_before_redistribution
data/datasets/efficientnet_kaggle_v1/train/wound/8042ca56ded3fe17.jpg,wound,train,data/raw/kaggle/ibrahimfateen_wound_classification/Wound_dataset copy/Venous Wounds/118_0.jpg,8042ca56ded3fe1762777b285b3a30934c46bc388ad3268c43937d512af326bc,kaggle_card_license_unknown_review_before_redistribution
data/datasets/efficientnet_kaggle_v1/train/wound/2b5d0a808051ac06.jpg,wound,train,data/raw/kaggle/ibrahimfateen_wound_classification/Wound_dataset copy/Venous Wounds/118_1.jpg,2b5d0a808051ac067c40ed1f7411efabfce649640346e0155f2548e83fdc2a74,kaggle_card_license_unknown_review_before_redistribution
data/datasets/efficientnet_kaggle_v1/train/wound/8c7189288a3c69fa.jpg,wound,train,data/raw/kaggle/ibrahimfateen_wound_classification/Wound_dataset copy/Venous Wounds/118_2.jpg,8c7189288a3c69fa8b9b2f41026d070e0192f2d9ac8302e3ce87947bb0f72d85,kaggle_card_license_unknown_review_before_redistribution
data/datasets/efficientnet_kaggle_v1/train/wound/696b07b92fed0eb5.jpg,wound,train,data/raw/kaggle/ibrahimfateen_wound_classification/Wound_dataset copy/Venous Wounds/118_3.jpg,696b07b92fed0eb5c0bf9afd0f4d7e2cf64bd034f475da1c33bb97c515b78f4c,kaggle_card_license_unknown_review_before_redistribution
data/datasets/efficientnet_kaggle_v1/train/wound/34cccaeed696bdc2.jpg,wound,train,data/raw/kaggle/ibrahimfateen_wound_classification/Wound_dataset copy/Venous Wounds/119_0.jpg,34cccaeed696bdc2b5c81dd3f69aeb9a44e94932ec68c228e1807a62cd92385b,kaggle_card_license_unknown_review_before_redistribution
data/datasets/efficientnet_kaggle_v1/val/wound/62dc0c710b0bbef0.jpg,wound,val,data/raw/kaggle/ibrahimfateen_wound_classification/Wound_dataset copy/Venous Wounds/11_0.jpg,62dc0c710b0bbef0c32313b8e2298ab84b013f06b2ffd49c658ea66373c3c0b9,kaggle_card_license_unknown_review_before_redistribution
data/datasets/efficientnet_kaggle_v1/train/wound/002fc7cbd22df758.jpg,wound,train,data/raw/kaggle/ibrahimfateen_wound_classification/Wound_dataset copy/Venous Wounds/11_1.jpg,002fc7cbd22df7583f3791039466055f0b8f9bd64a8b880ed009315de1aabeec,kaggle_card_license_unknown_review_before_redistribution
data/datasets/efficientnet_kaggle_v1/train/wound/ed5e9ee0f9721931.jpg,wound,train,data/raw/kaggle/ibrahimfateen_wound_classification/Wound_dataset copy/Venous Wounds/11_2.jpg,ed5e9ee0f9721931203e5cc73dcb58535abf53328ddc17be0d3fe580a883d3a1,kaggle_card_license_unknown_review_before_redistribution
data/datasets/efficientnet_kaggle_v1/train/wound/81ed5880ea577e2b.jpg,wound,train,data/raw/kaggle/ibrahimfateen_wound_classification/Wound_dataset copy/Venous Wounds/11_3.jpg,81ed5880ea577e2bb19fa53170df5e9308616644c3f12b240725e3fa78c5c037,kaggle_card_license_unknown_review_before_redistribution
data/datasets/efficientnet_kaggle_v1/val/wound/85e860dd7affbece.jpg,wound,val,data/raw/kaggle/ibrahimfateen_wound_classification/Wound_dataset copy/Venous Wounds/11_4.jpg,85e860dd7affbece80b1f37fa7c07872e15f7fd50d459c0bfcb8cf545c1ec741,kaggle_card_license_unknown_review_before_redistribution
data/datasets/efficientnet_kaggle_v1/train/wound/e534753f7a0ce703.jpg,wound,train,data/raw/kaggle/ibrahimfateen_wound_classification/Wound_dataset copy/Venous Wounds/11_5.jpg,e534753f7a0ce703622bd0194111157ebc32f7b10026bf491a4ec0314eb29f90,kaggle_card_license_unknown_review_before_redistribution
data/datasets/efficientnet_kaggle_v1/train/wound/b28e25a9d01c1f0b.jpg,wound,train,data/raw/kaggle/ibrahimfateen_wound_classification/Wound_dataset copy/Venous Wounds/120_0.jpg,b28e25a9d01c1f0b0f12b6cb28b6a08bfc40471de90fbd1aa9afbebf266d6cca,kaggle_card_license_unknown_review_before_redistribution
data/datasets/efficientnet_kaggle_v1/test/wound/fea5e5424c303c6d.jpg,wound,test,data/raw/kaggle/ibrahimfateen_wound_classification/Wound_dataset copy/Venous Wounds/121_0.jpg,fea5e5424c303c6d9287180bb79715de380c3a01c5d59fcbe5c7dbe7556bd443,kaggle_card_license_unknown_review_before_redistribution
data/datasets/efficientnet_kaggle_v1/train/wound/1e16471506ab0bfa.jpg,wound,train,data/raw/kaggle/ibrahimfateen_wound_classification/Wound_dataset copy/Venous Wounds/122_0.jpg,1e16471506ab0bfa32b4b287bf8f1917225145afd152d53139cf98e5859eb760,kaggle_card_license_unknown_review_before_redistribution
data/datasets/efficientnet_kaggle_v1/val/wound/b6d2e93e071d43d9.jpg,wound,val,data/raw/kaggle/ibrahimfateen_wound_classification/Wound_dataset copy/Venous Wounds/122_1.jpg,b6d2e93e071d43d99df3770c372736c7d71b65cdd93e76173a3c5d96840bb2c6,kaggle_card_license_unknown_review_before_redistribution
data/datasets/efficientnet_kaggle_v1/test/wound/e06d6e1bebcc7d9b.jpg,wound,test,data/raw/kaggle/ibrahimfateen_wound_classification/Wound_dataset copy/Venous Wounds/122_2.jpg,e06d6e1bebcc7d9b300ff6e62a1ea0e1bd033c900ed75a09d221ccc1e3533f27,kaggle_card_license_unknown_review_before_redistribution
data/datasets/efficientnet_kaggle_v1/test/wound/ac5394a2897e289e.jpg,wound,test,data/raw/kaggle/ibrahimfateen_wound_classification/Wound_dataset copy/Venous Wounds/122_3.jpg,ac5394a2897e289e1245bc0e98f179d9faf0e648a0ef5b999da554fda86d1cd5,kaggle_card_license_unknown_review_before_redistribution
data/datasets/efficientnet_kaggle_v1/train/wound/32bfde66780dc380.jpg,wound,train,data/raw/kaggle/ibrahimfateen_wound_classification/Wound_dataset copy/Venous Wounds/123_0.jpg,32bfde66780dc380a002513df651e394cab95d7260b27db48703e805aa0576ed,kaggle_card_license_unknown_review_before_redistribution
data/datasets/efficientnet_kaggle_v1/train/wound/e2311d0fba0b1e19.jpg,wound,train,data/raw/kaggle/ibrahimfateen_wound_classification/Wound_dataset copy/Venous Wounds/124_0.jpg,e2311d0fba0b1e19b62a544be0f05e17d80465d8e8969d93aff6165dd7ec9df5,kaggle_card_license_unknown_review_before_redistribution
data/datasets/efficientnet_kaggle_v1/train/wound/4da9b1cf66a00dd6.jpg,wound,train,data/raw/kaggle/ibrahimfateen_wound_classification/Wound_dataset copy/Venous Wounds/125_0.jpg,4da9b1cf66a00dd6968cdad1e29b8b24c0e3dcb563718cb802049ee98b404fba,kaggle_card_license_unknown_review_before_redistribution
data/datasets/efficientnet_kaggle_v1/test/wound/1b2ca017565e23fc.jpg,wound,test,data/raw/kaggle/ibrahimfateen_wound_classification/Wound_dataset copy/Venous Wounds/126_0.jpg,1b2ca017565e23fc2dec42e230c2cee63461cc692bcaad956d0806b6da898e35,kaggle_card_license_unknown_review_before_redistribution
data/datasets/efficientnet_kaggle_v1/train/wound/446d008f39083161.jpg,wound,train,data/raw/kaggle/ibrahimfateen_wound_classification/Wound_dataset copy/Venous Wounds/127_0.jpg,446d008f390831611de369c3051e4e27e1e881d6225c2fa0e025a6dc3fa45f3e,kaggle_card_license_unknown_review_before_redistribution
data/datasets/efficientnet_kaggle_v1/test/wound/30719bab691cb8d4.jpg,wound,test,data/raw/kaggle/ibrahimfateen_wound_classification/Wound_dataset copy/Venous Wounds/128_0.jpg,30719bab691cb8d4cee3e9c3647ab4ee0f5436672ff3dff1a2ecebccdef91584,kaggle_card_license_unknown_review_before_redistribution
data/datasets/efficientnet_kaggle_v1/train/wound/8a68b275c8e7092d.jpg,wound,train,data/raw/kaggle/ibrahimfateen_wound_classification/Wound_dataset copy/Venous Wounds/129_0.jpg,8a68b275c8e7092d1a81d22a28d3644d1b2c4dcc70547024f062f3b1d61800be,kaggle_card_license_unknown_review_before_redistribution
data/datasets/efficientnet_kaggle_v1/train/wound/2ca34e58703e9d1d.jpg,wound,train,data/raw/kaggle/ibrahimfateen_wound_classification/Wound_dataset copy/Venous Wounds/130_0.jpg,2ca34e58703e9d1d35a56d64b28db4198128a6b12516f40bf303a77a297ec01d,kaggle_card_license_unknown_review_before_redistribution
data/datasets/efficientnet_kaggle_v1/train/wound/a82cd2dde38333c0.jpg,wound,train,data/raw/kaggle/ibrahimfateen_wound_classification/Wound_dataset copy/Venous Wounds/131_0.jpg,a82cd2dde38333c0955109e94b87f946a46ec1dddd9ab4ad509a3884915b1511,kaggle_card_license_unknown_review_before_redistribution
data/datasets/efficientnet_kaggle_v1/train/wound/fe52698c544671be.jpg,wound,train,data/raw/kaggle/ibrahimfateen_wound_classification/Wound_dataset copy/Venous Wounds/132_0.jpg,fe52698c544671be383b951fce3a0ebf5e8187fa2276fb01e749f5b359573101,kaggle_card_license_unknown_review_before_redistribution
data/datasets/efficientnet_kaggle_v1/train/wound/983fb4485667e3c2.jpg,wound,train,data/raw/kaggle/ibrahimfateen_wound_classification/Wound_dataset copy/Venous Wounds/133_0.jpg,983fb4485667e3c27b6f6c190d8cfed570c781f2eaa0f4bff93458ff83f916cf,kaggle_card_license_unknown_review_before_redistribution
data/datasets/efficientnet_kaggle_v1/train/wound/e89406f9d056f9a3.jpg,wound,train,data/raw/kaggle/ibrahimfateen_wound_classification/Wound_dataset copy/Venous Wounds/134_0.jpg,e89406f9d056f9a3ae7834838288cb275a6d024ec2a7074dbf27fff2a6e82e87,kaggle_card_license_unknown_review_before_redistribution
data/datasets/efficientnet_kaggle_v1/train/wound/28c49b8f97ac1c0f.jpg,wound,train,data/raw/kaggle/ibrahimfateen_wound_classification/Wound_dataset copy/Venous Wounds/134_1.jpg,28c49b8f97ac1c0f6ee9787fb97b42fd57e179804d8894b4ec65cdfe90f41271,kaggle_card_license_unknown_review_before_redistribution
data/datasets/efficientnet_kaggle_v1/test/wound/ce37d67ff1306a48.jpg,wound,test,data/raw/kaggle/ibrahimfateen_wound_classification/Wound_dataset copy/Venous Wounds/136_0.jpg,ce37d67ff1306a48bc7e34111431544446dc14e8f57abeed4ad0108c785c36ac,kaggle_card_license_unknown_review_before_redistribution
data/datasets/efficientnet_kaggle_v1/train/wound/1ebecd21031b97ab.jpg,wound,train,data/raw/kaggle/ibrahimfateen_wound_classification/Wound_dataset copy/Venous Wounds/137_0.jpg,1ebecd21031b97abef679795ebf621c4bdb542ff8fa7a0c5f4249b0f42f35714,kaggle_card_license_unknown_review_before_redistribution
data/datasets/efficientnet_kaggle_v1/train/wound/4747d170405229b0.jpg,wound,train,data/raw/kaggle/ibrahimfateen_wound_classification/Wound_dataset copy/Venous Wounds/137_1.jpg,4747d170405229b064b3bb282fffd396d239e2a55f56602cb1fa712e42ddd3c7,kaggle_card_license_unknown_review_before_redistribution
data/datasets/efficientnet_kaggle_v1/test/wound/0bc67bc321f38ffd.jpg,wound,test,data/raw/kaggle/ibrahimfateen_wound_classification/Wound_dataset copy/Venous Wounds/138_0.jpg,0bc67bc321f38ffdf35ede53d4a8098c46677590e0835732f85a31c814b03071,kaggle_card_license_unknown_review_before_redistribution
data/datasets/efficientnet_kaggle_v1/test/wound/dd38dff6743f2613.jpg,wound,test,data/raw/kaggle/ibrahimfateen_wound_classification/Wound_dataset copy/Venous Wounds/138_1.jpg,dd38dff6743f261349a8a5b4fcc19123589a614c0f5f6d3b03f492908ce3d20b,kaggle_card_license_unknown_review_before_redistribution
data/datasets/efficientnet_kaggle_v1/train/wound/653f1a0f11ec7ef9.jpg,wound,train,data/raw/kaggle/ibrahimfateen_wound_classification/Wound_dataset copy/Venous Wounds/139_0.jpg,653f1a0f11ec7ef9481d1ee102bef45e5d31401a06bb31ea64b1976edb5e0465,kaggle_card_license_unknown_review_before_redistribution
data/datasets/efficientnet_kaggle_v1/train/wound/abd4a11503f70d5f.jpg,wound,train,data/raw/kaggle/ibrahimfateen_wound_classification/Wound_dataset copy/Venous Wounds/13_0.jpg,abd4a11503f70d5f8434b7e541d5d1ebcfa9b4399cb681a15cc7e7205339e579,kaggle_card_license_unknown_review_before_redistribution
data/datasets/efficientnet_kaggle_v1/train/wound/446a1d063b594aec.jpg,wound,train,data/raw/kaggle/ibrahimfateen_wound_classification/Wound_dataset copy/Venous Wounds/140_0.jpg,446a1d063b594aec0a3f6a4e9beb7a80fa8bf81ec084a39a22d384193f7db3bc,kaggle_card_license_unknown_review_before_redistribution
data/datasets/efficientnet_kaggle_v1/train/wound/29e080e8cd58965c.jpg,wound,train,data/raw/kaggle/ibrahimfateen_wound_classification/Wound_dataset copy/Venous Wounds/140_1.jpg,29e080e8cd58965c9d017f04a49011a9304c3a5b06759550a738e1b3e86b5b51,kaggle_card_license_unknown_review_before_redistribution
data/datasets/efficientnet_kaggle_v1/train/wound/6e559080a850f515.jpg,wound,train,data/raw/kaggle/ibrahimfateen_wound_classification/Wound_dataset copy/Venous Wounds/141_0.jpg,6e559080a850f5158bab1b7a44714e36b74a8691233cedbcf0a4e12ef145f9a7,kaggle_card_license_unknown_review_before_redistribution
data/datasets/efficientnet_kaggle_v1/test/wound/9b980d11ae8e6bea.jpg,wound,test,data/raw/kaggle/ibrahimfateen_wound_classification/Wound_dataset copy/Venous Wounds/141_1.jpg,9b980d11ae8e6bea15ae3c68b6aec3e7ce213d0b1e95b190a225c8b978717948,kaggle_card_license_unknown_review_before_redistribution
data/datasets/efficientnet_kaggle_v1/val/wound/88df18e5e9fa0d1d.jpg,wound,val,data/raw/kaggle/ibrahimfateen_wound_classification/Wound_dataset copy/Venous Wounds/142_0.jpg,88df18e5e9fa0d1d0381f21f4794aa265090a684c8977a62d11d3ca21fb18cb1,kaggle_card_license_unknown_review_before_redistribution
data/datasets/efficientnet_kaggle_v1/val/wound/510faf284f36602a.jpg,wound,val,data/raw/kaggle/ibrahimfateen_wound_classification/Wound_dataset copy/Venous Wounds/143_0.jpg,510faf284f36602a1da77aefb59bb0cc4aa71e8a2e44d454b7014e849c189d85,kaggle_card_license_unknown_review_before_redistribution
data/datasets/efficientnet_kaggle_v1/train/wound/5e448449e4b6a2d4.jpg,wound,train,data/raw/kaggle/ibrahimfateen_wound_classification/Wound_dataset copy/Venous Wounds/144_0.jpg,5e448449e4b6a2d46b7d30102a7a533835c478a6a4580f85ed3055e5415c8b1c,kaggle_card_license_unknown_review_before_redistribution
data/datasets/efficientnet_kaggle_v1/train/wound/18d2c97264935569.jpg,wound,train,data/raw/kaggle/ibrahimfateen_wound_classification/Wound_dataset copy/Venous Wounds/144_1.jpg,18d2c972649355693f87f07b23bd1a7132ba16175d92e507c0b1d711e2d92757,kaggle_card_license_unknown_review_before_redistribution
data/datasets/efficientnet_kaggle_v1/val/wound/0b12b8359958477b.jpg,wound,val,data/raw/kaggle/ibrahimfateen_wound_classification/Wound_dataset copy/Venous Wounds/144_2.jpg,0b12b8359958477be972e4f91b22949658285dc31911e92c2e3d604de2a27349,kaggle_card_license_unknown_review_before_redistribution
data/datasets/efficientnet_kaggle_v1/train/wound/d2730ed964febeb8.jpg,wound,train,data/raw/kaggle/ibrahimfateen_wound_classification/Wound_dataset copy/Venous Wounds/144_3.jpg,d2730ed964febeb876a492d10a8a3be8683b9bda1bebb8d965b703694fb5b8ee,kaggle_card_license_unknown_review_before_redistribution
data/datasets/efficientnet_kaggle_v1/train/wound/696787bd27e41eb2.jpg,wound,train,data/raw/kaggle/ibrahimfateen_wound_classification/Wound_dataset copy/Venous Wounds/144_4.jpg,696787bd27e41eb2f3505719d97e38a0023e76ade7c1537ff110a3ef3ba3e7c3,kaggle_card_license_unknown_review_before_redistribution
data/datasets/efficientnet_kaggle_v1/train/wound/8b26df2ed5325496.jpg,wound,train,data/raw/kaggle/ibrahimfateen_wound_classification/Wound_dataset copy/Venous Wounds/145_0.jpg,8b26df2ed53254967c3dacaefb368321a18189dc419adcc0d2f7e00d157e9414,kaggle_card_license_unknown_review_before_redistribution
data/datasets/efficientnet_kaggle_v1/train/wound/8dbe31592da87f23.jpg,wound,train,data/raw/kaggle/ibrahimfateen_wound_classification/Wound_dataset copy/Venous Wounds/146_0.jpg,8dbe31592da87f237efb3d1fbf1eb0b39f70104f73d4f3449946c2696ababd54,kaggle_card_license_unknown_review_before_redistribution
data/datasets/efficientnet_kaggle_v1/train/wound/1b1b1bf5115fbd53.jpg,wound,train,data/raw/kaggle/ibrahimfateen_wound_classification/Wound_dataset copy/Venous Wounds/147_0.jpg,1b1b1bf5115fbd53311ac25f664243a9866864e1858a8e31f3d7cd912d4884b2,kaggle_card_license_unknown_review_before_redistribution
data/datasets/efficientnet_kaggle_v1/test/wound/eb43b7b1304d8dfd.jpg,wound,test,data/raw/kaggle/ibrahimfateen_wound_classification/Wound_dataset copy/Venous Wounds/148_0.jpg,eb43b7b1304d8dfd2a28abfd4a257e35034fad26b2e90633b28c7c79bb7cd62e,kaggle_card_license_unknown_review_before_redistribution
data/datasets/efficientnet_kaggle_v1/train/wound/b5fec6ce7ddf34a1.jpg,wound,train,data/raw/kaggle/ibrahimfateen_wound_classification/Wound_dataset copy/Venous Wounds/149_0.jpg,b5fec6ce7ddf34a1905a47ad2304dea6c16b3f030e5fdd2d756783c451df7334,kaggle_card_license_unknown_review_before_redistribution
data/datasets/efficientnet_kaggle_v1/train/wound/2db5914f806b5e25.jpg,wound,train,data/raw/kaggle/ibrahimfateen_wound_classification/Wound_dataset copy/Venous Wounds/14_0.jpg,2db5914f806b5e251c84fe2b597ace8ae9363c9c987f040d364d79596cbc6e49,kaggle_card_license_unknown_review_before_redistribution
data/datasets/efficientnet_kaggle_v1/test/wound/3b6feb5bf8910a18.jpg,wound,test,data/raw/kaggle/ibrahimfateen_wound_classification/Wound_dataset copy/Venous Wounds/150_0.jpg,3b6feb5bf8910a188bace2afc478f62e6b53dbca56859fb84b3ede01f28a75c9,kaggle_card_license_unknown_review_before_redistribution
data/datasets/efficientnet_kaggle_v1/train/wound/a50a1365fdbe22b2.jpg,wound,train,data/raw/kaggle/ibrahimfateen_wound_classification/Wound_dataset copy/Venous Wounds/150_1.jpg,a50a1365fdbe22b20e2c7f663295be18b0f3539741c5244c7050179e9aa91c67,kaggle_card_license_unknown_review_before_redistribution
data/datasets/efficientnet_kaggle_v1/train/wound/0970c3a9dd36ac19.jpg,wound,train,data/raw/kaggle/ibrahimfateen_wound_classification/Wound_dataset copy/Venous Wounds/151_0.jpg,0970c3a9dd36ac1971785867169c1dbc1f1f118f71f4cf17573cfd8019f07d92,kaggle_card_license_unknown_review_before_redistribution
data/datasets/efficientnet_kaggle_v1/val/wound/5fe5e16f9dbd4750.jpg,wound,val,data/raw/kaggle/ibrahimfateen_wound_classification/Wound_dataset copy/Venous Wounds/151_1.jpg,5fe5e16f9dbd47509feea7a7b6730c51113c5139d704fc47388455470cda4f2f,kaggle_card_license_unknown_review_before_redistribution
data/datasets/efficientnet_kaggle_v1/train/wound/9cfad37c95310a8b.jpg,wound,train,data/raw/kaggle/ibrahimfateen_wound_classification/Wound_dataset copy/Venous Wounds/152_0.jpg,9cfad37c95310a8b61fc86564a18ba76568bef6331e00beb3a9b271b40354be5,kaggle_card_license_unknown_review_before_redistribution
data/datasets/efficientnet_kaggle_v1/train/wound/1cb64cfa24a5686b.jpg,wound,train,data/raw/kaggle/ibrahimfateen_wound_classification/Wound_dataset copy/Venous Wounds/153_0.jpg,1cb64cfa24a5686b9f7b05e66d1296093fc5166ccee36434edf2cf9f3454c209,kaggle_card_license_unknown_review_before_redistribution
data/datasets/efficientnet_kaggle_v1/train/wound/9a5b0ee2629f60e1.jpg,wound,train,data/raw/kaggle/ibrahimfateen_wound_classification/Wound_dataset copy/Venous Wounds/153_1.jpg,9a5b0ee2629f60e17ab44009af4fda40b9a4ead90e0a33269393fdbc022cbeb9,kaggle_card_license_unknown_review_before_redistribution
data/datasets/efficientnet_kaggle_v1/train/wound/3343f815ee273e20.jpg,wound,train,data/raw/kaggle/ibrahimfateen_wound_classification/Wound_dataset copy/Venous Wounds/154_0.jpg,3343f815ee273e208d95260315d2fb68e2b87e02f4018b48d4e54949e156f5e5,kaggle_card_license_unknown_review_before_redistribution
data/datasets/efficientnet_kaggle_v1/val/wound/f395715ba507b0f4.jpg,wound,val,data/raw/kaggle/ibrahimfateen_wound_classification/Wound_dataset copy/Venous Wounds/155_0.jpg,f395715ba507b0f45247f3185b625fdfce1e778b2b7dc6f7a10709de9a743e44,kaggle_card_license_unknown_review_before_redistribution
data/datasets/efficientnet_kaggle_v1/train/wound/ba4952437a0a7b01.jpg,wound,train,data/raw/kaggle/ibrahimfateen_wound_classification/Wound_dataset copy/Venous Wounds/156_0.jpg,ba4952437a0a7b0140c4aec90ab4e8f21401dc45b594e5a689545b1de3e92eec,kaggle_card_license_unknown_review_before_redistribution
data/datasets/efficientnet_kaggle_v1/train/wound/14b33f6d01395067.jpg,wound,train,data/raw/kaggle/ibrahimfateen_wound_classification/Wound_dataset copy/Venous Wounds/156_1.jpg,14b33f6d0139506722d17401ec2dc92bc547d72e8a438c7d9b28b7a9a2538e44,kaggle_card_license_unknown_review_before_redistribution
data/datasets/efficientnet_kaggle_v1/val/wound/44596a9ad3d565cb.jpg,wound,val,data/raw/kaggle/ibrahimfateen_wound_classification/Wound_dataset copy/Venous Wounds/15_0.jpg,44596a9ad3d565cbb393a870253abec93718cef13eae984f6817ef1f365973fe,kaggle_card_license_unknown_review_before_redistribution
data/datasets/efficientnet_kaggle_v1/val/wound/3c79eee89140736f.jpg,wound,val,data/raw/kaggle/ibrahimfateen_wound_classification/Wound_dataset copy/Venous Wounds/16_0.jpg,3c79eee89140736f49cced213d8a5011a9d37a2d39a0f8ed236b1d4a780f9d89,kaggle_card_license_unknown_review_before_redistribution
data/datasets/efficientnet_kaggle_v1/train/wound/3280006413627812.jpg,wound,train,data/raw/kaggle/ibrahimfateen_wound_classification/Wound_dataset copy/Venous Wounds/17_0.jpg,328000641362781289d22c427a6e87fbda3987dfdb0d781479105f242ca7b75f,kaggle_card_license_unknown_review_before_redistribution
data/datasets/efficientnet_kaggle_v1/test/wound/6d4f03ec12e93b94.jpg,wound,test,data/raw/kaggle/ibrahimfateen_wound_classification/Wound_dataset copy/Venous Wounds/17_1.jpg,6d4f03ec12e93b946c610dce7a2302624edc4a3c411535b5501436012e79feac,kaggle_card_license_unknown_review_before_redistribution
data/datasets/efficientnet_kaggle_v1/train/wound/e2987581240445b1.jpg,wound,train,data/raw/kaggle/ibrahimfateen_wound_classification/Wound_dataset copy/Venous Wounds/18_0.jpg,e2987581240445b1e9053e13795df54e7c78b5c7850f5bdaec20306dccbe7a69,kaggle_card_license_unknown_review_before_redistribution
data/datasets/efficientnet_kaggle_v1/train/wound/b31ae5695138f089.jpg,wound,train,data/raw/kaggle/ibrahimfateen_wound_classification/Wound_dataset copy/Venous Wounds/19_0.jpg,b31ae5695138f0892543a9a78967aab912ccb414fb41131e79f6cd79d97f2afc,kaggle_card_license_unknown_review_before_redistribution
data/datasets/efficientnet_kaggle_v1/val/wound/aa6b9f69648c87b3.jpg,wound,val,data/raw/kaggle/ibrahimfateen_wound_classification/Wound_dataset copy/Venous Wounds/1_0.jpg,aa6b9f69648c87b3c06eb156b6144721902889a2ce5e1b647db4176599b9fb46,kaggle_card_license_unknown_review_before_redistribution
data/datasets/efficientnet_kaggle_v1/test/wound/b50547ef6efd611b.jpg,wound,test,data/raw/kaggle/ibrahimfateen_wound_classification/Wound_dataset copy/Venous Wounds/20_0.jpg,b50547ef6efd611b6436984396edee5eda9fd3662b434c79fcf799559a4cbc25,kaggle_card_license_unknown_review_before_redistribution
data/datasets/efficientnet_kaggle_v1/train/wound/f6f5f46890c710b0.jpg,wound,train,data/raw/kaggle/ibrahimfateen_wound_classification/Wound_dataset copy/Venous Wounds/21_0.jpg,f6f5f46890c710b0ae5c1c82f81e7965d7da0702725b1062f9370ddbb150dd86,kaggle_card_license_unknown_review_before_redistribution
data/datasets/efficientnet_kaggle_v1/test/wound/6e9b3e4a80ae9d07.jpg,wound,test,data/raw/kaggle/ibrahimfateen_wound_classification/Wound_dataset copy/Venous Wounds/22_0.jpg,6e9b3e4a80ae9d07e49ef94be166116c2c805fa1592e5fed420e45126b67d6a8,kaggle_card_license_unknown_review_before_redistribution
data/datasets/efficientnet_kaggle_v1/val/wound/76fbc1965707848e.jpg,wound,val,data/raw/kaggle/ibrahimfateen_wound_classification/Wound_dataset copy/Venous Wounds/23_0.jpg,76fbc1965707848e1ea72b6590824082088b66caecb01d93ceaefb40e3d89e6d,kaggle_card_license_unknown_review_before_redistribution
data/datasets/efficientnet_kaggle_v1/train/wound/0e90bd3fa067dbb6.jpg,wound,train,data/raw/kaggle/ibrahimfateen_wound_classification/Wound_dataset copy/Venous Wounds/23_1.jpg,0e90bd3fa067dbb663054be2cb781aed61b82aec2e34c61c2c5623ed58e097aa,kaggle_card_license_unknown_review_before_redistribution
data/datasets/efficientnet_kaggle_v1/train/wound/23bb47b1f0d16fc4.jpg,wound,train,data/raw/kaggle/ibrahimfateen_wound_classification/Wound_dataset copy/Venous Wounds/24_0.jpg,23bb47b1f0d16fc4e1a3c84b5e7a8f7e64473a0ec865abfa7d7796c3c2b6d603,kaggle_card_license_unknown_review_before_redistribution
data/datasets/efficientnet_kaggle_v1/test/wound/91937908fa04ab6f.jpg,wound,test,data/raw/kaggle/ibrahimfateen_wound_classification/Wound_dataset copy/Venous Wounds/25_0.jpg,91937908fa04ab6f6bd84f551cde8f8b6aaf3b1dc3412931af584ab1dd4807c5,kaggle_card_license_unknown_review_before_redistribution
data/datasets/efficientnet_kaggle_v1/train/wound/70e73e292aca3637.jpg,wound,train,data/raw/kaggle/ibrahimfateen_wound_classification/Wound_dataset copy/Venous Wounds/25_1.jpg,70e73e292aca36376f42ae8ea6cd0b9a4c54c6071399dd4e3a35b592d6fdfb28,kaggle_card_license_unknown_review_before_redistribution
data/datasets/efficientnet_kaggle_v1/val/wound/094fc8c43f8a4cf1.jpg,wound,val,data/raw/kaggle/ibrahimfateen_wound_classification/Wound_dataset copy/Venous Wounds/25_2.jpg,094fc8c43f8a4cf1bafb90d68eac9c933c243dbd4b9b9a10eb8f967dc1c61785,kaggle_card_license_unknown_review_before_redistribution
data/datasets/efficientnet_kaggle_v1/train/wound/2de1739208ee405a.jpg,wound,train,data/raw/kaggle/ibrahimfateen_wound_classification/Wound_dataset copy/Venous Wounds/25_3.jpg,2de1739208ee405a4f4f48494d66368537e93582867024578faad6faeb04c77e,kaggle_card_license_unknown_review_before_redistribution
data/datasets/efficientnet_kaggle_v1/test/wound/3b9a213114397ebc.jpg,wound,test,data/raw/kaggle/ibrahimfateen_wound_classification/Wound_dataset copy/Venous Wounds/26_0.jpg,3b9a213114397ebcfad5db5083279f1f7c24ee27e0d62123ee50083f928ed5e4,kaggle_card_license_unknown_review_before_redistribution
data/datasets/efficientnet_kaggle_v1/train/wound/95d48acd6dbcb418.jpg,wound,train,data/raw/kaggle/ibrahimfateen_wound_classification/Wound_dataset copy/Venous Wounds/27_0.jpg,95d48acd6dbcb418daa9ce307d2a2ffbdfd8f228e576ebe7f3d183770ad1a62b,kaggle_card_license_unknown_review_before_redistribution
data/datasets/efficientnet_kaggle_v1/train/wound/2f321966f65421fe.jpg,wound,train,data/raw/kaggle/ibrahimfateen_wound_classification/Wound_dataset copy/Venous Wounds/29_0.jpg,2f321966f65421fe39589d17cadf732b3cf133344b4864d11158aceeb0550853,kaggle_card_license_unknown_review_before_redistribution
data/datasets/efficientnet_kaggle_v1/train/wound/90860bb23ef08f2d.jpg,wound,train,data/raw/kaggle/ibrahimfateen_wound_classification/Wound_dataset copy/Venous Wounds/2_0.jpg,90860bb23ef08f2d1de1c8ab8df18af7b4922accb1d7ea18b25e010c468a3792,kaggle_card_license_unknown_review_before_redistribution
data/datasets/efficientnet_kaggle_v1/train/wound/487c140eec503b24.jpg,wound,train,data/raw/kaggle/ibrahimfateen_wound_classification/Wound_dataset copy/Venous Wounds/30_0.jpg,487c140eec503b24a476f55f8ccfb72f75de7449be8b28b2cdcc67120627a190,kaggle_card_license_unknown_review_before_redistribution
data/datasets/efficientnet_kaggle_v1/train/wound/223b8c2543de72d1.jpg,wound,train,data/raw/kaggle/ibrahimfateen_wound_classification/Wound_dataset copy/Venous Wounds/30_1.jpg,223b8c2543de72d142f9f339be506697e42b5ebeec643653986b7f07965aeab3,kaggle_card_license_unknown_review_before_redistribution
data/datasets/efficientnet_kaggle_v1/train/wound/8c81b3e3ebd4bb51.jpg,wound,train,data/raw/kaggle/ibrahimfateen_wound_classification/Wound_dataset copy/Venous Wounds/31_0.jpg,8c81b3e3ebd4bb51cd9f43d213c50131d895bbd0e18b2222fd1605b6df531bb4,kaggle_card_license_unknown_review_before_redistribution
data/datasets/efficientnet_kaggle_v1/test/wound/11809ea4b9b0599f.jpg,wound,test,data/raw/kaggle/ibrahimfateen_wound_classification/Wound_dataset copy/Venous Wounds/32_0.jpg,11809ea4b9b0599f9dfe46033599399e185cc656809764d35dc0bdecf3819dcf,kaggle_card_license_unknown_review_before_redistribution
data/datasets/efficientnet_kaggle_v1/train/wound/1aad85a996d6c445.jpg,wound,train,data/raw/kaggle/ibrahimfateen_wound_classification/Wound_dataset copy/Venous Wounds/33_0.jpg,1aad85a996d6c445a1909cfd08f90739523dc56287bd110d943139d1e82f5db2,kaggle_card_license_unknown_review_before_redistribution
data/datasets/efficientnet_kaggle_v1/train/wound/dbbd244c42aad2eb.jpg,wound,train,data/raw/kaggle/ibrahimfateen_wound_classification/Wound_dataset copy/Venous Wounds/34_0.jpg,dbbd244c42aad2ebf2232beda38c66959660fa1e4ffb25c475d5a7734396eb99,kaggle_card_license_unknown_review_before_redistribution
data/datasets/efficientnet_kaggle_v1/train/wound/3a4a0bf648189365.jpg,wound,train,data/raw/kaggle/ibrahimfateen_wound_classification/Wound_dataset copy/Venous Wounds/35_0.jpg,3a4a0bf648189365bf8d44faefc91a43c31c786cb37e85b0e1eb795010b9d727,kaggle_card_license_unknown_review_before_redistribution
data/datasets/efficientnet_kaggle_v1/train/wound/b828e7dea14c40e4.jpg,wound,train,data/raw/kaggle/ibrahimfateen_wound_classification/Wound_dataset copy/Venous Wounds/36_0.jpg,b828e7dea14c40e46bdabb317a9bb52d2f30e1fded4f90b026e1e4c406e8e33f,kaggle_card_license_unknown_review_before_redistribution
data/datasets/efficientnet_kaggle_v1/train/wound/e41404fb88eb8bde.jpg,wound,train,data/raw/kaggle/ibrahimfateen_wound_classification/Wound_dataset copy/Venous Wounds/37_0.jpg,e41404fb88eb8bde68a987e5465d86faf5a342e4a79cc3342e7453dfcef743c1,kaggle_card_license_unknown_review_before_redistribution
data/datasets/efficientnet_kaggle_v1/train/wound/678554c83c30c2e7.jpg,wound,train,data/raw/kaggle/ibrahimfateen_wound_classification/Wound_dataset copy/Venous Wounds/37_1.jpg,678554c83c30c2e791bf41a58cc2b0c8ad6923bdfdf8b34abd12512dcf919efb,kaggle_card_license_unknown_review_before_redistribution
data/datasets/efficientnet_kaggle_v1/train/wound/54c6aa2e810dd90f.jpg,wound,train,data/raw/kaggle/ibrahimfateen_wound_classification/Wound_dataset copy/Venous Wounds/37_2.jpg,54c6aa2e810dd90f2974cb4270a4d94f324d27c3ed5abdfaf0f032ec6f9d418e,kaggle_card_license_unknown_review_before_redistribution
data/datasets/efficientnet_kaggle_v1/train/wound/9eeff541d61ff7a5.jpg,wound,train,data/raw/kaggle/ibrahimfateen_wound_classification/Wound_dataset copy/Venous Wounds/37_3.jpg,9eeff541d61ff7a55fb4d71b43f45119b46d22aa1f994a04a961edc336499086,kaggle_card_license_unknown_review_before_redistribution
data/datasets/efficientnet_kaggle_v1/val/wound/3e8fb055f34ffb78.jpg,wound,val,data/raw/kaggle/ibrahimfateen_wound_classification/Wound_dataset copy/Venous Wounds/38_0.jpg,3e8fb055f34ffb78f7eec1d1964fa9f1e86ebabdcead93ffd808549c4b229037,kaggle_card_license_unknown_review_before_redistribution
data/datasets/efficientnet_kaggle_v1/train/wound/67946705c8f1f623.jpg,wound,train,data/raw/kaggle/ibrahimfateen_wound_classification/Wound_dataset copy/Venous Wounds/38_1.jpg,67946705c8f1f62325d84d2b4ad3e4f66266351caf4e0cc083cb5034a09d0e33,kaggle_card_license_unknown_review_before_redistribution
data/datasets/efficientnet_kaggle_v1/train/wound/326ec3e9eb1c1aaf.jpg,wound,train,data/raw/kaggle/ibrahimfateen_wound_classification/Wound_dataset copy/Venous Wounds/39_0.jpg,326ec3e9eb1c1aaf6c1e37e3cb3f39a8893e98ec4dab595a56f916f66f905773,kaggle_card_license_unknown_review_before_redistribution
data/datasets/efficientnet_kaggle_v1/test/wound/f71726b4e4c19a9d.jpg,wound,test,data/raw/kaggle/ibrahimfateen_wound_classification/Wound_dataset copy/Venous Wounds/39_1.jpg,f71726b4e4c19a9d0256a444758491028fcbdfc48496898c33664fe4b97440c6,kaggle_card_license_unknown_review_before_redistribution
data/datasets/efficientnet_kaggle_v1/train/wound/40b1d0e12ca54760.jpg,wound,train,data/raw/kaggle/ibrahimfateen_wound_classification/Wound_dataset copy/Venous Wounds/3_0.jpg,40b1d0e12ca54760b5afd95dad75be0d92635dc1ed9572a6c1b4f0e6300348bf,kaggle_card_license_unknown_review_before_redistribution
data/datasets/efficientnet_kaggle_v1/train/wound/908677d827eb27e1.jpg,wound,train,data/raw/kaggle/ibrahimfateen_wound_classification/Wound_dataset copy/Venous Wounds/40_0.jpg,908677d827eb27e1647ce83425ed8b564277bc215ee73ce1de79792906011c56,kaggle_card_license_unknown_review_before_redistribution
data/datasets/efficientnet_kaggle_v1/test/wound/81c2aa83ed563d3a.jpg,wound,test,data/raw/kaggle/ibrahimfateen_wound_classification/Wound_dataset copy/Venous Wounds/40_1.jpg,81c2aa83ed563d3a4c5f873abecb740d082563bd5dd6a7d9e8edf84e41149db4,kaggle_card_license_unknown_review_before_redistribution
data/datasets/efficientnet_kaggle_v1/val/wound/071532d80eeb1fe4.jpg,wound,val,data/raw/kaggle/ibrahimfateen_wound_classification/Wound_dataset copy/Venous Wounds/40_2.jpg,071532d80eeb1fe4d141deeb6237a0033bd05ec2ec2b38589844ce09fe87ed27,kaggle_card_license_unknown_review_before_redistribution
data/datasets/efficientnet_kaggle_v1/test/wound/1d44a39cd2da9a99.jpg,wound,test,data/raw/kaggle/ibrahimfateen_wound_classification/Wound_dataset copy/Venous Wounds/40_3.jpg,1d44a39cd2da9a993c0ab4dba5e6b38868d3318f4baa37e777d9bce3382a1d7f,kaggle_card_license_unknown_review_before_redistribution
data/datasets/efficientnet_kaggle_v1/train/wound/8fd7deb9d34363ae.jpg,wound,train,data/raw/kaggle/ibrahimfateen_wound_classification/Wound_dataset copy/Venous Wounds/40_4.jpg,8fd7deb9d34363aec468669f08e84745865cd3eab4c6d48ed53b137455341ceb,kaggle_card_license_unknown_review_before_redistribution
data/datasets/efficientnet_kaggle_v1/train/wound/33ced489d58e2870.jpg,wound,train,data/raw/kaggle/ibrahimfateen_wound_classification/Wound_dataset copy/Venous Wounds/40_5.jpg,33ced489d58e28704f86cfdd47b7bce3638142856cb7b5e8c196bc96b7384217,kaggle_card_license_unknown_review_before_redistribution
data/datasets/efficientnet_kaggle_v1/train/wound/f85b3068a18fb29c.jpg,wound,train,data/raw/kaggle/ibrahimfateen_wound_classification/Wound_dataset copy/Venous Wounds/40_6.jpg,f85b3068a18fb29c0d3121caa881a5cdb3fb69a33c27275db308f6a1a2a55e51,kaggle_card_license_unknown_review_before_redistribution
data/datasets/efficientnet_kaggle_v1/train/wound/7e8b70978f1d4a39.jpg,wound,train,data/raw/kaggle/ibrahimfateen_wound_classification/Wound_dataset copy/Venous Wounds/40_7.jpg,7e8b70978f1d4a39215b303f913264e7de1af4318c251164a60278d0ec2891f7,kaggle_card_license_unknown_review_before_redistribution
data/datasets/efficientnet_kaggle_v1/train/wound/de16eeedcc18dafe.jpg,wound,train,data/raw/kaggle/ibrahimfateen_wound_classification/Wound_dataset copy/Venous Wounds/41_0.jpg,de16eeedcc18dafe6f102d1a4c2e63f47ccb68d7866c33b588f6268cbf6b8142,kaggle_card_license_unknown_review_before_redistribution
data/datasets/efficientnet_kaggle_v1/test/wound/e4e1af8e9f84307f.jpg,wound,test,data/raw/kaggle/ibrahimfateen_wound_classification/Wound_dataset copy/Venous Wounds/41_1.jpg,e4e1af8e9f84307f325e0bf182c7ec9fd10e5236c2caac3bc1b401b4cd1a870b,kaggle_card_license_unknown_review_before_redistribution
data/datasets/efficientnet_kaggle_v1/test/wound/ea96a30e18c47f26.jpg,wound,test,data/raw/kaggle/ibrahimfateen_wound_classification/Wound_dataset copy/Venous Wounds/41_2.jpg,ea96a30e18c47f26318727cc9201fc338179a26d4f063aea8a67023f983dce8d,kaggle_card_license_unknown_review_before_redistribution
data/datasets/efficientnet_kaggle_v1/train/wound/1a4ba15868c88075.jpg,wound,train,data/raw/kaggle/ibrahimfateen_wound_classification/Wound_dataset copy/Venous Wounds/42_0.jpg,1a4ba15868c8807540991967ac01956029be717c17f9425297a680475a003533,kaggle_card_license_unknown_review_before_redistribution
data/datasets/efficientnet_kaggle_v1/train/wound/5c68165db213c309.jpg,wound,train,data/raw/kaggle/ibrahimfateen_wound_classification/Wound_dataset copy/Venous Wounds/42_1.jpg,5c68165db213c309f1d22510987e203ef80ee5562175068dc381e3ea17e6d0ea,kaggle_card_license_unknown_review_before_redistribution
data/datasets/efficientnet_kaggle_v1/train/wound/2046f01c2f702957.jpg,wound,train,data/raw/kaggle/ibrahimfateen_wound_classification/Wound_dataset copy/Venous Wounds/42_2.jpg,2046f01c2f70295701ac1640b499d7c2e50c508caf7e2d08d873e28b8827ee5e,kaggle_card_license_unknown_review_before_redistribution
data/datasets/efficientnet_kaggle_v1/val/wound/11741ef290777a74.jpg,wound,val,data/raw/kaggle/ibrahimfateen_wound_classification/Wound_dataset copy/Venous Wounds/42_3.jpg,11741ef290777a74b10377e7ecc41d4bd5cc30fd307f46369acb3a27d0003fe3,kaggle_card_license_unknown_review_before_redistribution
data/datasets/efficientnet_kaggle_v1/train/wound/193f93373915a6d6.jpg,wound,train,data/raw/kaggle/ibrahimfateen_wound_classification/Wound_dataset copy/Venous Wounds/43_0.jpg,193f93373915a6d6db15c04a90382cc5530f1655c47f37f1ebd522cec0e85cab,kaggle_card_license_unknown_review_before_redistribution
data/datasets/efficientnet_kaggle_v1/train/wound/d3823915f1e39b92.jpg,wound,train,data/raw/kaggle/ibrahimfateen_wound_classification/Wound_dataset copy/Venous Wounds/44_0.jpg,d3823915f1e39b92fd427d715beac1e680361d0ed40b54997a842aeb6b4cf1f0,kaggle_card_license_unknown_review_before_redistribution
data/datasets/efficientnet_kaggle_v1/train/wound/4b713494f965c820.jpg,wound,train,data/raw/kaggle/ibrahimfateen_wound_classification/Wound_dataset copy/Venous Wounds/45_0.jpg,4b713494f965c820cd14540e636d558e1786da2f1872c8afbcd2ce20feedfe6b,kaggle_card_license_unknown_review_before_redistribution
data/datasets/efficientnet_kaggle_v1/val/wound/c9ca13df8f7a8f85.jpg,wound,val,data/raw/kaggle/ibrahimfateen_wound_classification/Wound_dataset copy/Venous Wounds/46_0.jpg,c9ca13df8f7a8f85f1aa2a6378a42575715ddbd54127992657146817ef4862c5,kaggle_card_license_unknown_review_before_redistribution
data/datasets/efficientnet_kaggle_v1/train/wound/39296a7ba6dcc479.jpg,wound,train,data/raw/kaggle/ibrahimfateen_wound_classification/Wound_dataset copy/Venous Wounds/46_1.jpg,39296a7ba6dcc479a66c65aef84922600950824796ed99b72c26f6eddf9e8a0f,kaggle_card_license_unknown_review_before_redistribution
data/datasets/efficientnet_kaggle_v1/train/wound/6bfe95ca1d76b0fe.jpg,wound,train,data/raw/kaggle/ibrahimfateen_wound_classification/Wound_dataset copy/Venous Wounds/46_2.jpg,6bfe95ca1d76b0fe0b0f442de15dc95f84bb0dd9ab622e0d95b7a126abd2b722,kaggle_card_license_unknown_review_before_redistribution
data/datasets/efficientnet_kaggle_v1/val/wound/887f5d17b929b1a0.jpg,wound,val,data/raw/kaggle/ibrahimfateen_wound_classification/Wound_dataset copy/Venous Wounds/46_3.jpg,887f5d17b929b1a05d784e1acfd2ef200c25aa023b74c95cb902cb9a5ddd3385,kaggle_card_license_unknown_review_before_redistribution
data/datasets/efficientnet_kaggle_v1/val/wound/caa9d64dd991e268.jpg,wound,val,data/raw/kaggle/ibrahimfateen_wound_classification/Wound_dataset copy/Venous Wounds/47_0.jpg,caa9d64dd991e268561d424eec10fa53e24ee12882d75d419a5f9c65c8faddc3,kaggle_card_license_unknown_review_before_redistribution
data/datasets/efficientnet_kaggle_v1/train/wound/cd9910f5b795530a.jpg,wound,train,data/raw/kaggle/ibrahimfateen_wound_classification/Wound_dataset copy/Venous Wounds/47_1.jpg,cd9910f5b795530a1242c4f26464ac0f06158a50735447a083eb8629b7a7da7d,kaggle_card_license_unknown_review_before_redistribution
data/datasets/efficientnet_kaggle_v1/train/wound/532f2ef336030e18.jpg,wound,train,data/raw/kaggle/ibrahimfateen_wound_classification/Wound_dataset copy/Venous Wounds/47_2.jpg,532f2ef336030e18eb18e0f11ab81cc6c210414b67078e343e5e0ee9853c0670,kaggle_card_license_unknown_review_before_redistribution
data/datasets/efficientnet_kaggle_v1/val/wound/7d6b935bba7552f5.jpg,wound,val,data/raw/kaggle/ibrahimfateen_wound_classification/Wound_dataset copy/Venous Wounds/48_0.jpg,7d6b935bba7552f5b6c0b3489c65c64ba5acbe2a907ab5a7389273c31798a14d,kaggle_card_license_unknown_review_before_redistribution
data/datasets/efficientnet_kaggle_v1/train/wound/9c78c0e8cb57e45d.jpg,wound,train,data/raw/kaggle/ibrahimfateen_wound_classification/Wound_dataset copy/Venous Wounds/49_0.jpg,9c78c0e8cb57e45d82e0dfe60cf3ab93dbaefd22266a46585c0d94936a410789,kaggle_card_license_unknown_review_before_redistribution
data/datasets/efficientnet_kaggle_v1/train/wound/7459e23458b883d1.jpg,wound,train,data/raw/kaggle/ibrahimfateen_wound_classification/Wound_dataset copy/Venous Wounds/4_0.jpg,7459e23458b883d1f94d461f0e8cbbe303a2c74004b3e4b75921757fcafa692e,kaggle_card_license_unknown_review_before_redistribution
data/datasets/efficientnet_kaggle_v1/val/wound/27adbd894abdfb4e.jpg,wound,val,data/raw/kaggle/ibrahimfateen_wound_classification/Wound_dataset copy/Venous Wounds/50_0.jpg,27adbd894abdfb4e2ed72282f8c41c4c934d1226752d19f5a9ecdd56b80fb461,kaggle_card_license_unknown_review_before_redistribution
data/datasets/efficientnet_kaggle_v1/val/wound/2e9b42405554dee1.jpg,wound,val,data/raw/kaggle/ibrahimfateen_wound_classification/Wound_dataset copy/Venous Wounds/51_0.jpg,2e9b42405554dee13472e3aae7cf1a31fa02869ea0230fd017aca26919662a12,kaggle_card_license_unknown_review_before_redistribution
data/datasets/efficientnet_kaggle_v1/train/wound/270b1bdb593f2674.jpg,wound,train,data/raw/kaggle/ibrahimfateen_wound_classification/Wound_dataset copy/Venous Wounds/51_1.jpg,270b1bdb593f26746f144a746c5c7fba6706bb881a1d917324763955e08c2e17,kaggle_card_license_unknown_review_before_redistribution
data/datasets/efficientnet_kaggle_v1/train/wound/5a825004d1c7a9bf.jpg,wound,train,data/raw/kaggle/ibrahimfateen_wound_classification/Wound_dataset copy/Venous Wounds/52_0.jpg,5a825004d1c7a9bf55106cbee91155cf849632080fb434750cff79a789626b6a,kaggle_card_license_unknown_review_before_redistribution
data/datasets/efficientnet_kaggle_v1/train/wound/4b02d6d1a5f15197.jpg,wound,train,data/raw/kaggle/ibrahimfateen_wound_classification/Wound_dataset copy/Venous Wounds/52_1.jpg,4b02d6d1a5f15197dd57d035dd07fc96ffb5bcb70893a39f45f405c555e75630,kaggle_card_license_unknown_review_before_redistribution
data/datasets/efficientnet_kaggle_v1/test/wound/8b2edf81a75887e5.jpg,wound,test,data/raw/kaggle/ibrahimfateen_wound_classification/Wound_dataset copy/Venous Wounds/53_0.jpg,8b2edf81a75887e56c90c4067c1b40d8d11776463b8e3d810d4cd6e8650c76aa,kaggle_card_license_unknown_review_before_redistribution
data/datasets/efficientnet_kaggle_v1/test/wound/7a5a2520ea691953.jpg,wound,test,data/raw/kaggle/ibrahimfateen_wound_classification/Wound_dataset copy/Venous Wounds/53_1.jpg,7a5a2520ea6919534fd12a631331c7fbd3f88acd567e76a20b8a81a7772ae272,kaggle_card_license_unknown_review_before_redistribution
data/datasets/efficientnet_kaggle_v1/test/wound/cffdd9db3c510e7f.jpg,wound,test,data/raw/kaggle/ibrahimfateen_wound_classification/Wound_dataset copy/Venous Wounds/53_2.jpg,cffdd9db3c510e7fe2bac9bb773b975cd9ac39f9b0d86b672715949c80374384,kaggle_card_license_unknown_review_before_redistribution
data/datasets/efficientnet_kaggle_v1/val/wound/c5463586e04c9c13.jpg,wound,val,data/raw/kaggle/ibrahimfateen_wound_classification/Wound_dataset copy/Venous Wounds/53_3.jpg,c5463586e04c9c139fb7024716fb0e1582de2e542f420a0ad9b4700f03144f18,kaggle_card_license_unknown_review_before_redistribution
data/datasets/efficientnet_kaggle_v1/val/wound/4b8043139d288985.jpg,wound,val,data/raw/kaggle/ibrahimfateen_wound_classification/Wound_dataset copy/Venous Wounds/53_4.jpg,4b8043139d288985a77b312bcce9cc9d5f25b696925573314ee2d02678be6393,kaggle_card_license_unknown_review_before_redistribution
data/datasets/efficientnet_kaggle_v1/val/wound/8a40957dbd5f2d57.jpg,wound,val,data/raw/kaggle/ibrahimfateen_wound_classification/Wound_dataset copy/Venous Wounds/54_0.jpg,8a40957dbd5f2d5725ffea80f7813599bd0c66621874659339bccb862ab072e8,kaggle_card_license_unknown_review_before_redistribution
data/datasets/efficientnet_kaggle_v1/train/wound/1f33936900075e26.jpg,wound,train,data/raw/kaggle/ibrahimfateen_wound_classification/Wound_dataset copy/Venous Wounds/54_1.jpg,1f33936900075e26b9470279735a5a9297ee669ee33b87a88ac3950463540634,kaggle_card_license_unknown_review_before_redistribution
data/datasets/efficientnet_kaggle_v1/train/wound/665f4c69db4cd7b7.jpg,wound,train,data/raw/kaggle/ibrahimfateen_wound_classification/Wound_dataset copy/Venous Wounds/55_0.jpg,665f4c69db4cd7b7eb18cc0eb5f9187710bba7294548b6d108605db09619df2f,kaggle_card_license_unknown_review_before_redistribution
data/datasets/efficientnet_kaggle_v1/test/wound/f0c6d1db236d27e8.jpg,wound,test,data/raw/kaggle/ibrahimfateen_wound_classification/Wound_dataset copy/Venous Wounds/56_0.jpg,f0c6d1db236d27e84389720b5ea54887d4260ba5eb60ab508de1f47344c8ce10,kaggle_card_license_unknown_review_before_redistribution
data/datasets/efficientnet_kaggle_v1/train/wound/c254f154af2fce4e.jpg,wound,train,data/raw/kaggle/ibrahimfateen_wound_classification/Wound_dataset copy/Venous Wounds/56_1.jpg,c254f154af2fce4e5910c3ccb1d7c575c1f4d3ef992478c6e87bc2f909550049,kaggle_card_license_unknown_review_before_redistribution
data/datasets/efficientnet_kaggle_v1/train/wound/165410f8e7a2f1ba.jpg,wound,train,data/raw/kaggle/ibrahimfateen_wound_classification/Wound_dataset copy/Venous Wounds/57_0.jpg,165410f8e7a2f1bad3ee17689863b7e7d7155cf116f2303baa9e7820cf336369,kaggle_card_license_unknown_review_before_redistribution
data/datasets/efficientnet_kaggle_v1/train/wound/202945b5dac46374.jpg,wound,train,data/raw/kaggle/ibrahimfateen_wound_classification/Wound_dataset copy/Venous Wounds/58_0.jpg,202945b5dac46374defdfc34c0f7add320e6f1bd6de516533a3b8c57f3c608fe,kaggle_card_license_unknown_review_before_redistribution
data/datasets/efficientnet_kaggle_v1/train/wound/1208b7e0a4e06c5c.jpg,wound,train,data/raw/kaggle/ibrahimfateen_wound_classification/Wound_dataset copy/Venous Wounds/59_0.jpg,1208b7e0a4e06c5c4f1ed959973c69b955e7de0a476c1d621c2063c1511de8e6,kaggle_card_license_unknown_review_before_redistribution
data/datasets/efficientnet_kaggle_v1/train/wound/8c80dd77888b5314.jpg,wound,train,data/raw/kaggle/ibrahimfateen_wound_classification/Wound_dataset copy/Venous Wounds/5_0.jpg,8c80dd77888b5314de525d67ca30353c951d85a89d4572092cccf1d9e99fd121,kaggle_card_license_unknown_review_before_redistribution
data/datasets/efficientnet_kaggle_v1/train/wound/42208e65f240b12c.jpg,wound,train,data/raw/kaggle/ibrahimfateen_wound_classification/Wound_dataset copy/Venous Wounds/5_1.jpg,42208e65f240b12cbc38f11ffa278d26cd5fafe6b047876b160b507b512afef5,kaggle_card_license_unknown_review_before_redistribution
data/datasets/efficientnet_kaggle_v1/val/wound/4839600140f48e52.jpg,wound,val,data/raw/kaggle/ibrahimfateen_wound_classification/Wound_dataset copy/Venous Wounds/60_0.jpg,4839600140f48e52737521ae41131bcab5ab395a598c6ec485ea31b815c790d4,kaggle_card_license_unknown_review_before_redistribution
data/datasets/efficientnet_kaggle_v1/train/wound/9dfefb87ab8f45ef.jpg,wound,train,data/raw/kaggle/ibrahimfateen_wound_classification/Wound_dataset copy/Venous Wounds/60_1.jpg,9dfefb87ab8f45efb6876d41a51c47f8b3ab5752db0e544e3a6d672894f1ba2e,kaggle_card_license_unknown_review_before_redistribution
data/datasets/efficientnet_kaggle_v1/train/wound/88cd03188314c644.jpg,wound,train,data/raw/kaggle/ibrahimfateen_wound_classification/Wound_dataset copy/Venous Wounds/61_0.jpg,88cd03188314c64430b986518cd4267e7a7a5017d01854c633e25c5d45cb4920,kaggle_card_license_unknown_review_before_redistribution
data/datasets/efficientnet_kaggle_v1/train/wound/f38f7a954c602a4f.jpg,wound,train,data/raw/kaggle/ibrahimfateen_wound_classification/Wound_dataset copy/Venous Wounds/62_0.jpg,f38f7a954c602a4f57e22eff9045f0b875b50c6181376c60cce2bdb07df1e1cc,kaggle_card_license_unknown_review_before_redistribution
data/datasets/efficientnet_kaggle_v1/val/wound/3c95cc20be6ed6a4.jpg,wound,val,data/raw/kaggle/ibrahimfateen_wound_classification/Wound_dataset copy/Venous Wounds/63_0.jpg,3c95cc20be6ed6a4c00501c5fd9c160fb9ea58e011e59976b74a70a7cdf2fa06,kaggle_card_license_unknown_review_before_redistribution
data/datasets/efficientnet_kaggle_v1/train/wound/009fa7faa47d12e5.jpg,wound,train,data/raw/kaggle/ibrahimfateen_wound_classification/Wound_dataset copy/Venous Wounds/63_1.jpg,009fa7faa47d12e510cd373e3407df3014e4019631c9947a348be9885f0e2a61,kaggle_card_license_unknown_review_before_redistribution
data/datasets/efficientnet_kaggle_v1/val/wound/c82212f70c56ba9f.jpg,wound,val,data/raw/kaggle/ibrahimfateen_wound_classification/Wound_dataset copy/Venous Wounds/64_0.jpg,c82212f70c56ba9fe5bc8b62bc8cf844b2d9391f47b6b7cb862e47522a3a7e16,kaggle_card_license_unknown_review_before_redistribution
data/datasets/efficientnet_kaggle_v1/val/wound/9884f7a1cd3f69db.jpg,wound,val,data/raw/kaggle/ibrahimfateen_wound_classification/Wound_dataset copy/Venous Wounds/64_1.jpg,9884f7a1cd3f69db4089b8523f707287a5a9f4aecd06c4df02b9ea232c4fddac,kaggle_card_license_unknown_review_before_redistribution
data/datasets/efficientnet_kaggle_v1/test/wound/2e4dffc8f1fed702.jpg,wound,test,data/raw/kaggle/ibrahimfateen_wound_classification/Wound_dataset copy/Venous Wounds/65_0.jpg,2e4dffc8f1fed702baee9753dd87191df2dcbdc8db0748cd87e133161f3eadb6,kaggle_card_license_unknown_review_before_redistribution
data/datasets/efficientnet_kaggle_v1/train/wound/dffbcf486c2e931e.jpg,wound,train,data/raw/kaggle/ibrahimfateen_wound_classification/Wound_dataset copy/Venous Wounds/66_0.jpg,dffbcf486c2e931e69f9a5084be0d5ae00aee4fed4153347c7ccccca7d4ccfd8,kaggle_card_license_unknown_review_before_redistribution
data/datasets/efficientnet_kaggle_v1/train/wound/65f0d5b7196b27b9.jpg,wound,train,data/raw/kaggle/ibrahimfateen_wound_classification/Wound_dataset copy/Venous Wounds/67_0.jpg,65f0d5b7196b27b97c81b3ff7e3d55dac8fb1a9f6fb4b71602e7d10b33c35f7e,kaggle_card_license_unknown_review_before_redistribution
data/datasets/efficientnet_kaggle_v1/val/wound/7100b7d976b750fd.jpg,wound,val,data/raw/kaggle/ibrahimfateen_wound_classification/Wound_dataset copy/Venous Wounds/67_1.jpg,7100b7d976b750fd957068c5098df0f17cb5a57ff98b4927597474af7d28e0e8,kaggle_card_license_unknown_review_before_redistribution
data/datasets/efficientnet_kaggle_v1/train/wound/89f78a39ddbf8168.jpg,wound,train,data/raw/kaggle/ibrahimfateen_wound_classification/Wound_dataset copy/Venous Wounds/68_0.jpg,89f78a39ddbf816848dc64e5adc53f402ed0dbcf79fd0d3e6d3bac38dedc2abb,kaggle_card_license_unknown_review_before_redistribution
data/datasets/efficientnet_kaggle_v1/train/wound/663a41ca6f870bd5.jpg,wound,train,data/raw/kaggle/ibrahimfateen_wound_classification/Wound_dataset copy/Venous Wounds/68_1.jpg,663a41ca6f870bd5916b4eda4501c6dee24fa1fc8b82fb41c830194cf2b1e3f4,kaggle_card_license_unknown_review_before_redistribution
data/datasets/efficientnet_kaggle_v1/train/wound/67b23e82473ce0ef.jpg,wound,train,data/raw/kaggle/ibrahimfateen_wound_classification/Wound_dataset copy/Venous Wounds/69_0.jpg,67b23e82473ce0efa76976ec55a4c3069e9d5e190366fc753433fb23b26ae934,kaggle_card_license_unknown_review_before_redistribution
data/datasets/efficientnet_kaggle_v1/train/wound/f8a03e8bd7ca9b34.jpg,wound,train,data/raw/kaggle/ibrahimfateen_wound_classification/Wound_dataset copy/Venous Wounds/6_0.jpg,f8a03e8bd7ca9b342366d598d5ce2d6ff9d7dbd36079085042016887d22459a2,kaggle_card_license_unknown_review_before_redistribution
data/datasets/efficientnet_kaggle_v1/train/wound/fd956d5cbfbfd9a0.jpg,wound,train,data/raw/kaggle/ibrahimfateen_wound_classification/Wound_dataset copy/Venous Wounds/6_1.jpg,fd956d5cbfbfd9a05c8cdabb4480352ef33d4763e6140ef1bfbd3c3993f4f874,kaggle_card_license_unknown_review_before_redistribution
data/datasets/efficientnet_kaggle_v1/train/wound/1d3f6db6fb94b6dd.jpg,wound,train,data/raw/kaggle/ibrahimfateen_wound_classification/Wound_dataset copy/Venous Wounds/6_2.jpg,1d3f6db6fb94b6dd46cab6e29288474ca7e7ffbee3fb44bb04587dce6d72f120,kaggle_card_license_unknown_review_before_redistribution
data/datasets/efficientnet_kaggle_v1/train/wound/5c380a00e8ef5d9d.jpg,wound,train,data/raw/kaggle/ibrahimfateen_wound_classification/Wound_dataset copy/Venous Wounds/6_3.jpg,5c380a00e8ef5d9de69fb6010be5f3f8d7e4f1b64292db897a63a1dfa675315c,kaggle_card_license_unknown_review_before_redistribution
data/datasets/efficientnet_kaggle_v1/test/wound/60d79d19fefa68b6.jpg,wound,test,data/raw/kaggle/ibrahimfateen_wound_classification/Wound_dataset copy/Venous Wounds/70_0.jpg,60d79d19fefa68b6fe44b92338f4761a5b85fe4c4830e9c318c7dd383bbbe100,kaggle_card_license_unknown_review_before_redistribution
data/datasets/efficientnet_kaggle_v1/val/wound/5cc491ead8d3c96d.jpg,wound,val,data/raw/kaggle/ibrahimfateen_wound_classification/Wound_dataset copy/Venous Wounds/71_0.jpg,5cc491ead8d3c96d13513a6388b9bbb2fdaea2fd843803dbe242558272998519,kaggle_card_license_unknown_review_before_redistribution
data/datasets/efficientnet_kaggle_v1/train/wound/48d210efe83a9601.jpg,wound,train,data/raw/kaggle/ibrahimfateen_wound_classification/Wound_dataset copy/Venous Wounds/72_0.jpg,48d210efe83a9601cf3f5ac0b3100430543b4b4e9d91571baf15b9e7e3771c52,kaggle_card_license_unknown_review_before_redistribution
data/datasets/efficientnet_kaggle_v1/train/wound/59e44fb80aa7f185.jpg,wound,train,data/raw/kaggle/ibrahimfateen_wound_classification/Wound_dataset copy/Venous Wounds/73_0.jpg,59e44fb80aa7f185b4ab8e30014c95737118335d9e522cf42033b8119713e5b3,kaggle_card_license_unknown_review_before_redistribution
data/datasets/efficientnet_kaggle_v1/train/wound/be2658bb86b83d8f.jpg,wound,train,data/raw/kaggle/ibrahimfateen_wound_classification/Wound_dataset copy/Venous Wounds/74_0.jpg,be2658bb86b83d8f6a6f015d6b107f80846ef11f2614436b1e5c60a051e87e66,kaggle_card_license_unknown_review_before_redistribution
data/datasets/efficientnet_kaggle_v1/val/wound/588a802306c5940c.jpg,wound,val,data/raw/kaggle/ibrahimfateen_wound_classification/Wound_dataset copy/Venous Wounds/75_0.jpg,588a802306c5940ca6b381795e2df5188027ee4c926c1812d16d66705ece2786,kaggle_card_license_unknown_review_before_redistribution
data/datasets/efficientnet_kaggle_v1/train/wound/6bb12bfcd4807deb.jpg,wound,train,data/raw/kaggle/ibrahimfateen_wound_classification/Wound_dataset copy/Venous Wounds/75_1.jpg,6bb12bfcd4807debd60e090c6fd386ac03e2def0d60826afc81afeaf9255a1a7,kaggle_card_license_unknown_review_before_redistribution
data/datasets/efficientnet_kaggle_v1/test/wound/1ec4c76b618bbb43.jpg,wound,test,data/raw/kaggle/ibrahimfateen_wound_classification/Wound_dataset copy/Venous Wounds/76_0.jpg,1ec4c76b618bbb4345f1ab0c97e20cc8ecd31d69b494f87ff3cead35e2a61713,kaggle_card_license_unknown_review_before_redistribution
data/datasets/efficientnet_kaggle_v1/val/wound/99579530c31a0d08.jpg,wound,val,data/raw/kaggle/ibrahimfateen_wound_classification/Wound_dataset copy/Venous Wounds/77_0.jpg,99579530c31a0d08753b7b2bf41deb7b81adb4ca76553b6ebfa22351b505b381,kaggle_card_license_unknown_review_before_redistribution
data/datasets/efficientnet_kaggle_v1/test/wound/9ad1ed19eb9a1118.jpg,wound,test,data/raw/kaggle/ibrahimfateen_wound_classification/Wound_dataset copy/Venous Wounds/78_0.jpg,9ad1ed19eb9a1118a273649b350897ccc0a598c8781fc853599fa38b0411098e,kaggle_card_license_unknown_review_before_redistribution
data/datasets/efficientnet_kaggle_v1/test/wound/1647ecaba8547670.jpg,wound,test,data/raw/kaggle/ibrahimfateen_wound_classification/Wound_dataset copy/Venous Wounds/78_1.jpg,1647ecaba8547670817f9f8327d5e86341b248630862d530c2f768d75c2013d2,kaggle_card_license_unknown_review_before_redistribution
data/datasets/efficientnet_kaggle_v1/train/wound/a546b899dda39ccf.jpg,wound,train,data/raw/kaggle/ibrahimfateen_wound_classification/Wound_dataset copy/Venous Wounds/78_2.jpg,a546b899dda39ccf5f78abacea98b5a0fbf39fee08ccfd68dfee370cfbef04f3,kaggle_card_license_unknown_review_before_redistribution
data/datasets/efficientnet_kaggle_v1/train/wound/e17e9ab481e7921f.jpg,wound,train,data/raw/kaggle/ibrahimfateen_wound_classification/Wound_dataset copy/Venous Wounds/78_3.jpg,e17e9ab481e7921f89c7fc828d7cc4a45027125e2cf894359511461436ab3d17,kaggle_card_license_unknown_review_before_redistribution
data/datasets/efficientnet_kaggle_v1/train/wound/e9a16097e918fccd.jpg,wound,train,data/raw/kaggle/ibrahimfateen_wound_classification/Wound_dataset copy/Venous Wounds/79_0.jpg,e9a16097e918fccd333815d19b5d4125842f43c5f955586da7f5ceefbe2ed708,kaggle_card_license_unknown_review_before_redistribution
data/datasets/efficientnet_kaggle_v1/train/wound/f9cc78d70b70f0a8.jpg,wound,train,data/raw/kaggle/ibrahimfateen_wound_classification/Wound_dataset copy/Venous Wounds/7_0.jpg,f9cc78d70b70f0a8280ba056d2f1dc629d681800559fd5ad4d706e4b16be5870,kaggle_card_license_unknown_review_before_redistribution
data/datasets/efficientnet_kaggle_v1/test/wound/cd43251566c8fcad.jpg,wound,test,data/raw/kaggle/ibrahimfateen_wound_classification/Wound_dataset copy/Venous Wounds/80_0.jpg,cd43251566c8fcadac90d5dca60eac15f14c0a55ea794f06390f961a562068b8,kaggle_card_license_unknown_review_before_redistribution
data/datasets/efficientnet_kaggle_v1/train/wound/3e5c3d00e0d7cd51.jpg,wound,train,data/raw/kaggle/ibrahimfateen_wound_classification/Wound_dataset copy/Venous Wounds/81_0.jpg,3e5c3d00e0d7cd51b85166196c06ba48d2c3cc1c1d81907680977d48bcd8e7ba,kaggle_card_license_unknown_review_before_redistribution
data/datasets/efficientnet_kaggle_v1/val/wound/3648ce4e328a0cc1.jpg,wound,val,data/raw/kaggle/ibrahimfateen_wound_classification/Wound_dataset copy/Venous Wounds/81_1.jpg,3648ce4e328a0cc13137dd0cf5f9ffe0a988b72b6ebfb03afe4e83802d42a79a,kaggle_card_license_unknown_review_before_redistribution
data/datasets/efficientnet_kaggle_v1/train/wound/d36bc3b36d95dac6.jpg,wound,train,data/raw/kaggle/ibrahimfateen_wound_classification/Wound_dataset copy/Venous Wounds/82_0.jpg,d36bc3b36d95dac6abad3a1e9adf3389446fcc20ff88846da96238d03330b497,kaggle_card_license_unknown_review_before_redistribution
data/datasets/efficientnet_kaggle_v1/train/wound/cf75450f3169d8da.jpg,wound,train,data/raw/kaggle/ibrahimfateen_wound_classification/Wound_dataset copy/Venous Wounds/83_0.jpg,cf75450f3169d8dadffdd1dbec386ff01d36791988f05a690da2ea8cf0eb2b72,kaggle_card_license_unknown_review_before_redistribution
data/datasets/efficientnet_kaggle_v1/val/wound/4ace3c0e10836fd4.jpg,wound,val,data/raw/kaggle/ibrahimfateen_wound_classification/Wound_dataset copy/Venous Wounds/84_0.jpg,4ace3c0e10836fd4a0759dafa76c0ea7c8259aee2baad4a261550f81ddffbe20,kaggle_card_license_unknown_review_before_redistribution
data/datasets/efficientnet_kaggle_v1/train/wound/22382ec5e6ec6a2c.jpg,wound,train,data/raw/kaggle/ibrahimfateen_wound_classification/Wound_dataset copy/Venous Wounds/85_0.jpg,22382ec5e6ec6a2c02d7e7addf0cb348a0741d80d149b2ef256a481ef0516958,kaggle_card_license_unknown_review_before_redistribution
data/datasets/efficientnet_kaggle_v1/train/wound/fe788f81abfe49dc.jpg,wound,train,data/raw/kaggle/ibrahimfateen_wound_classification/Wound_dataset copy/Venous Wounds/86_0.jpg,fe788f81abfe49dcaf10f621c4a80f5a9d393c0d32aee43c49f49a1b71e40c1e,kaggle_card_license_unknown_review_before_redistribution
data/datasets/efficientnet_kaggle_v1/val/wound/4eed4a968a9e4fa5.jpg,wound,val,data/raw/kaggle/ibrahimfateen_wound_classification/Wound_dataset copy/Venous Wounds/87_0.jpg,4eed4a968a9e4fa5a6892592e75d9582d12305c7a53239c4173a9b4be1ecdcc0,kaggle_card_license_unknown_review_before_redistribution
data/datasets/efficientnet_kaggle_v1/train/wound/c420b642862e7d39.jpg,wound,train,data/raw/kaggle/ibrahimfateen_wound_classification/Wound_dataset copy/Venous Wounds/87_1.jpg,c420b642862e7d395e35ee42dae115d94fe2e0cf2a041bb5f418ab5b25c2e225,kaggle_card_license_unknown_review_before_redistribution
data/datasets/efficientnet_kaggle_v1/train/wound/1ac9bdda1f4b2d6a.jpg,wound,train,data/raw/kaggle/ibrahimfateen_wound_classification/Wound_dataset copy/Venous Wounds/87_2.jpg,1ac9bdda1f4b2d6a46beada424276b3af6ad74063b3e2bf3585954b36a7c99f7,kaggle_card_license_unknown_review_before_redistribution
data/datasets/efficientnet_kaggle_v1/train/wound/e6b5a8d8091ac363.jpg,wound,train,data/raw/kaggle/ibrahimfateen_wound_classification/Wound_dataset copy/Venous Wounds/87_3.jpg,e6b5a8d8091ac3637dc98a1064d052d124214367e0fcafecda5240ec4c47de05,kaggle_card_license_unknown_review_before_redistribution
data/datasets/efficientnet_kaggle_v1/train/wound/81dc4816826f0322.jpg,wound,train,data/raw/kaggle/ibrahimfateen_wound_classification/Wound_dataset copy/Venous Wounds/87_4.jpg,81dc4816826f0322caab4171b081a10112b8e5f6b40d81315a8df0a63ae361d8,kaggle_card_license_unknown_review_before_redistribution
data/datasets/efficientnet_kaggle_v1/train/wound/9474fc35369f0c17.jpg,wound,train,data/raw/kaggle/ibrahimfateen_wound_classification/Wound_dataset copy/Venous Wounds/88_0.jpg,9474fc35369f0c1769d779b3d03264d4ff10d0427308b8efc857470081fddf58,kaggle_card_license_unknown_review_before_redistribution
data/datasets/efficientnet_kaggle_v1/train/wound/020d7557d02bfd93.jpg,wound,train,data/raw/kaggle/ibrahimfateen_wound_classification/Wound_dataset copy/Venous Wounds/89_0.jpg,020d7557d02bfd93e79bf844ee26d3e5d5545ccee6fd044559792d2e704b8dbd,kaggle_card_license_unknown_review_before_redistribution
data/datasets/efficientnet_kaggle_v1/train/wound/cbf738b58e8ad22d.jpg,wound,train,data/raw/kaggle/ibrahimfateen_wound_classification/Wound_dataset copy/Venous Wounds/8_0.jpg,cbf738b58e8ad22d01b4612f589590902142c43974178c49eebf0e86a4bc4767,kaggle_card_license_unknown_review_before_redistribution
data/datasets/efficientnet_kaggle_v1/test/wound/382d6edccd27f49d.jpg,wound,test,data/raw/kaggle/ibrahimfateen_wound_classification/Wound_dataset copy/Venous Wounds/8_1.jpg,382d6edccd27f49d02cef3971feadc2b4287b42ca85220fecdcb3abcfc9a818a,kaggle_card_license_unknown_review_before_redistribution
data/datasets/efficientnet_kaggle_v1/val/wound/8d9d2b3e79c99768.jpg,wound,val,data/raw/kaggle/ibrahimfateen_wound_classification/Wound_dataset copy/Venous Wounds/90_0.jpg,8d9d2b3e79c9976860917b376ad1a46de53c46a382e9d815804c473f6b58c0a8,kaggle_card_license_unknown_review_before_redistribution
data/datasets/efficientnet_kaggle_v1/train/wound/f257f290882f2340.jpg,wound,train,data/raw/kaggle/ibrahimfateen_wound_classification/Wound_dataset copy/Venous Wounds/91_0.jpg,f257f290882f23400b96887036689a51a82c01067a4a75a6af5d2cb9c0e37b0c,kaggle_card_license_unknown_review_before_redistribution
data/datasets/efficientnet_kaggle_v1/val/wound/8bb0171f3e55357c.jpg,wound,val,data/raw/kaggle/ibrahimfateen_wound_classification/Wound_dataset copy/Venous Wounds/91_1.jpg,8bb0171f3e55357c8e6c8af5be727f32ef24b2a17a12531d8c45861a9e764d45,kaggle_card_license_unknown_review_before_redistribution
data/datasets/efficientnet_kaggle_v1/train/wound/d5e061df0b034120.jpg,wound,train,data/raw/kaggle/ibrahimfateen_wound_classification/Wound_dataset copy/Venous Wounds/92_0.jpg,d5e061df0b03412067e5fb1566d6ed3890a97ea8799fb1b2879ebcd2f0c9cc0d,kaggle_card_license_unknown_review_before_redistribution
data/datasets/efficientnet_kaggle_v1/train/wound/d2dcb2ce4bdc8253.jpg,wound,train,data/raw/kaggle/ibrahimfateen_wound_classification/Wound_dataset copy/Venous Wounds/93_0.jpg,d2dcb2ce4bdc8253dc791c8ec11a40e18783116005ac03b17d7947093c1bb1a4,kaggle_card_license_unknown_review_before_redistribution
data/datasets/efficientnet_kaggle_v1/train/wound/5a88af5f65640391.jpg,wound,train,data/raw/kaggle/ibrahimfateen_wound_classification/Wound_dataset copy/Venous Wounds/94_0.jpg,5a88af5f65640391c0246d9277aff1abd7351448748ad614670f397385b05a6b,kaggle_card_license_unknown_review_before_redistribution
data/datasets/efficientnet_kaggle_v1/train/wound/86209ced8ce383cd.jpg,wound,train,data/raw/kaggle/ibrahimfateen_wound_classification/Wound_dataset copy/Venous Wounds/95_0.jpg,86209ced8ce383cdc262a0f8b021b343b4a6d52fa4f5c8795c5874f116591234,kaggle_card_license_unknown_review_before_redistribution
data/datasets/efficientnet_kaggle_v1/train/wound/9a524a35d856da77.jpg,wound,train,data/raw/kaggle/ibrahimfateen_wound_classification/Wound_dataset copy/Venous Wounds/96_0.jpg,9a524a35d856da77baed05652a39a0e17d9cb3a06d8a402023cc4028ff3602e6,kaggle_card_license_unknown_review_before_redistribution
data/datasets/efficientnet_kaggle_v1/train/wound/77fc298b40ba9da9.jpg,wound,train,data/raw/kaggle/ibrahimfateen_wound_classification/Wound_dataset copy/Venous Wounds/97_0.jpg,77fc298b40ba9da98745a7b4da3572904e7fb953f765607ca89ebeda4566c383,kaggle_card_license_unknown_review_before_redistribution
data/datasets/efficientnet_kaggle_v1/train/wound/8df3fcd7f567768f.jpg,wound,train,data/raw/kaggle/ibrahimfateen_wound_classification/Wound_dataset copy/Venous Wounds/97_1.jpg,8df3fcd7f567768fb4e8e5c4f1bba4fc01710669e548cec87b4c32741a98c6a8,kaggle_card_license_unknown_review_before_redistribution
data/datasets/efficientnet_kaggle_v1/train/wound/d210b5826a8b095a.jpg,wound,train,data/raw/kaggle/ibrahimfateen_wound_classification/Wound_dataset copy/Venous Wounds/97_2.jpg,d210b5826a8b095aba458de9a25899ae3a4a298144cb4adabadd64d867bcc5e4,kaggle_card_license_unknown_review_before_redistribution
data/datasets/efficientnet_kaggle_v1/val/wound/9332f056346b968c.jpg,wound,val,data/raw/kaggle/ibrahimfateen_wound_classification/Wound_dataset copy/Venous Wounds/98_0.jpg,9332f056346b968cbb1ed53e37e89d73366fbac72be4587530058535725ae802,kaggle_card_license_unknown_review_before_redistribution
data/datasets/efficientnet_kaggle_v1/train/wound/afdbdc9bd7e60d5e.jpg,wound,train,data/raw/kaggle/ibrahimfateen_wound_classification/Wound_dataset copy/Venous Wounds/98_1.jpg,afdbdc9bd7e60d5e376dde4c25fab0e77dd492f949fb75c2b5d9fce22f8c5b37,kaggle_card_license_unknown_review_before_redistribution
data/datasets/efficientnet_kaggle_v1/train/wound/eb107ed426d267bf.jpg,wound,train,data/raw/kaggle/ibrahimfateen_wound_classification/Wound_dataset copy/Venous Wounds/99_0.jpg,eb107ed426d267bfa6620040fdbe1a801d6ad1640fc5ee34f29f920da4d042a6,kaggle_card_license_unknown_review_before_redistribution
data/datasets/efficientnet_kaggle_v1/val/wound/982be353a7814493.jpg,wound,val,data/raw/kaggle/ibrahimfateen_wound_classification/Wound_dataset copy/Venous Wounds/9_0.jpg,982be353a78144931da1d2f5a343bfe87ad004526fa78d343457ff7a519a55bf,kaggle_card_license_unknown_review_before_redistribution
data/datasets/efficientnet_kaggle_v1/test/wound/fdf8854bfb32c12e.jpg,wound,test,data/raw/kaggle/ibrahimfateen_wound_classification/Wound_dataset copy/Venous Wounds/mirrored_100_0.jpg,fdf8854bfb32c12e763d8cfb2c2bb469f2e9fe9f2e4c180baa1943e63cd36845,kaggle_card_license_unknown_review_before_redistribution
data/datasets/efficientnet_kaggle_v1/train/wound/7d59f4c8dc1a11c8.jpg,wound,train,data/raw/kaggle/ibrahimfateen_wound_classification/Wound_dataset copy/Venous Wounds/mirrored_101_0.jpg,7d59f4c8dc1a11c8f11e64b5c22e82c66679c0040b499484b9137ad311f61be8,kaggle_card_license_unknown_review_before_redistribution
data/datasets/efficientnet_kaggle_v1/train/wound/7f1bb2255674fa0f.jpg,wound,train,data/raw/kaggle/ibrahimfateen_wound_classification/Wound_dataset copy/Venous Wounds/mirrored_101_1.jpg,7f1bb2255674fa0f2edbc0e4f7e334e3c5dee2b029c8fd915eb73c91a987d6e7,kaggle_card_license_unknown_review_before_redistribution
data/datasets/efficientnet_kaggle_v1/train/wound/bcf9ddcf51e21825.jpg,wound,train,data/raw/kaggle/ibrahimfateen_wound_classification/Wound_dataset copy/Venous Wounds/mirrored_102_0.jpg,bcf9ddcf51e21825332cba089ca487a2e2ff2780fa248235163ef7aa673c0192,kaggle_card_license_unknown_review_before_redistribution
data/datasets/efficientnet_kaggle_v1/val/wound/c8c50c0b9e75b67a.jpg,wound,val,data/raw/kaggle/ibrahimfateen_wound_classification/Wound_dataset copy/Venous Wounds/mirrored_103_0.jpg,c8c50c0b9e75b67a83824e94d04da2458810e4e996f1b09357b75f0392b17323,kaggle_card_license_unknown_review_before_redistribution
data/datasets/efficientnet_kaggle_v1/train/wound/27ed512ea8193fea.jpg,wound,train,data/raw/kaggle/ibrahimfateen_wound_classification/Wound_dataset copy/Venous Wounds/mirrored_103_1.jpg,27ed512ea8193fea615aeb3ccb56642e8940f669f9a0bc2127d10df3a566b1e5,kaggle_card_license_unknown_review_before_redistribution
data/datasets/efficientnet_kaggle_v1/val/wound/9ff188f42ee1f7ec.jpg,wound,val,data/raw/kaggle/ibrahimfateen_wound_classification/Wound_dataset copy/Venous Wounds/mirrored_104_0.jpg,9ff188f42ee1f7ec9929e41e7e44c57ee721d2260901d582a0de6ea8adfca046,kaggle_card_license_unknown_review_before_redistribution
data/datasets/efficientnet_kaggle_v1/train/wound/52ffd2a9b2ca7942.jpg,wound,train,data/raw/kaggle/ibrahimfateen_wound_classification/Wound_dataset copy/Venous Wounds/mirrored_105_0.jpg,52ffd2a9b2ca79422104ca885d9de700ff85c89d9831c3853ccdf73ea2f8494e,kaggle_card_license_unknown_review_before_redistribution
data/datasets/efficientnet_kaggle_v1/train/wound/38734cea6070fe19.jpg,wound,train,data/raw/kaggle/ibrahimfateen_wound_classification/Wound_dataset copy/Venous Wounds/mirrored_106_0.jpg,38734cea6070fe196ae596250a6076f62693d9139c11f7809a4adb677483be17,kaggle_card_license_unknown_review_before_redistribution
data/datasets/efficientnet_kaggle_v1/train/wound/c0e09919253641f8.jpg,wound,train,data/raw/kaggle/ibrahimfateen_wound_classification/Wound_dataset copy/Venous Wounds/mirrored_106_1.jpg,c0e09919253641f893cadbba17623792c902976da1d285bf409d3fd8c13a46ad,kaggle_card_license_unknown_review_before_redistribution
data/datasets/efficientnet_kaggle_v1/train/wound/b7fd8fd981c910da.jpg,wound,train,data/raw/kaggle/ibrahimfateen_wound_classification/Wound_dataset copy/Venous Wounds/mirrored_107_0.jpg,b7fd8fd981c910da104822f0f67ccfb539ac812d93a6e871456677bb93d9b781,kaggle_card_license_unknown_review_before_redistribution
data/datasets/efficientnet_kaggle_v1/train/wound/5b0105f02452d37c.jpg,wound,train,data/raw/kaggle/ibrahimfateen_wound_classification/Wound_dataset copy/Venous Wounds/mirrored_107_1.jpg,5b0105f02452d37c78d496c44d773db0e21ad8f18bac5d14cccfb41cc9fb9d2d,kaggle_card_license_unknown_review_before_redistribution
data/datasets/efficientnet_kaggle_v1/train/wound/0017e6e4e91b0a47.jpg,wound,train,data/raw/kaggle/ibrahimfateen_wound_classification/Wound_dataset copy/Venous Wounds/mirrored_108_0.jpg,0017e6e4e91b0a47022a7666728827d798274807d7b93d1735779c644180699a,kaggle_card_license_unknown_review_before_redistribution
data/datasets/efficientnet_kaggle_v1/train/wound/2a9559681672964d.jpg,wound,train,data/raw/kaggle/ibrahimfateen_wound_classification/Wound_dataset copy/Venous Wounds/mirrored_108_1.jpg,2a9559681672964d5a2a0d2491e05980130a2bf8d74b5d4c270f10eea65b6bd8,kaggle_card_license_unknown_review_before_redistribution
data/datasets/efficientnet_kaggle_v1/train/wound/3f3440b0dedbeb63.jpg,wound,train,data/raw/kaggle/ibrahimfateen_wound_classification/Wound_dataset copy/Venous Wounds/mirrored_109_0.jpg,3f3440b0dedbeb6380c72c7f0c5dcb4c62f190332900e07be9ae214ac32be89a,kaggle_card_license_unknown_review_before_redistribution
data/datasets/efficientnet_kaggle_v1/train/wound/671f630020829b19.jpg,wound,train,data/raw/kaggle/ibrahimfateen_wound_classification/Wound_dataset copy/Venous Wounds/mirrored_10_0.jpg,671f630020829b19e3cf8d6c2e0e6719a9b6782a71b1d62943c5d21aafb4d0ba,kaggle_card_license_unknown_review_before_redistribution
data/datasets/efficientnet_kaggle_v1/train/wound/515cb73e672a7c5b.jpg,wound,train,data/raw/kaggle/ibrahimfateen_wound_classification/Wound_dataset copy/Venous Wounds/mirrored_110_0.jpg,515cb73e672a7c5b13e7ae8782f70544f27a34934e5e1b830fcb45c843569fa4,kaggle_card_license_unknown_review_before_redistribution
data/datasets/efficientnet_kaggle_v1/train/wound/eda748e9185379d5.jpg,wound,train,data/raw/kaggle/ibrahimfateen_wound_classification/Wound_dataset copy/Venous Wounds/mirrored_110_1.jpg,eda748e9185379d5e909ac655f790c95711700a4685926f9613185c7c7fcd5da,kaggle_card_license_unknown_review_before_redistribution
data/datasets/efficientnet_kaggle_v1/test/wound/e9c4a9f94ec5f428.jpg,wound,test,data/raw/kaggle/ibrahimfateen_wound_classification/Wound_dataset copy/Venous Wounds/mirrored_110_2.jpg,e9c4a9f94ec5f42850d648f7ac2e595d705cc15fcd1c1a4b17349a9d921b0e4c,kaggle_card_license_unknown_review_before_redistribution
data/datasets/efficientnet_kaggle_v1/train/wound/cf2b949d2e75762a.jpg,wound,train,data/raw/kaggle/ibrahimfateen_wound_classification/Wound_dataset copy/Venous Wounds/mirrored_110_3.jpg,cf2b949d2e75762a7a74dd97dc4fa9d7994acba9b5af6e1cdc6d5484371ecf62,kaggle_card_license_unknown_review_before_redistribution
data/datasets/efficientnet_kaggle_v1/train/wound/53ace864a282e087.jpg,wound,train,data/raw/kaggle/ibrahimfateen_wound_classification/Wound_dataset copy/Venous Wounds/mirrored_111_0.jpg,53ace864a282e087d85922034ca89303b81a2595d4dc2c3d87183157158588ff,kaggle_card_license_unknown_review_before_redistribution
data/datasets/efficientnet_kaggle_v1/train/wound/194ef3c6db442cb6.jpg,wound,train,data/raw/kaggle/ibrahimfateen_wound_classification/Wound_dataset copy/Venous Wounds/mirrored_112_0.jpg,194ef3c6db442cb6cb1e1ef064535710502f9c6ef188f4c2f2d11f240398b9f7,kaggle_card_license_unknown_review_before_redistribution
data/datasets/efficientnet_kaggle_v1/train/wound/e7dcd7390d1dec77.jpg,wound,train,data/raw/kaggle/ibrahimfateen_wound_classification/Wound_dataset copy/Venous Wounds/mirrored_113_0.jpg,e7dcd7390d1dec7721e5f7605fa32474f1a3621f802c404a465118a42e922292,kaggle_card_license_unknown_review_before_redistribution
data/datasets/efficientnet_kaggle_v1/train/wound/af6c1a5ea280a39e.jpg,wound,train,data/raw/kaggle/ibrahimfateen_wound_classification/Wound_dataset copy/Venous Wounds/mirrored_114_0.jpg,af6c1a5ea280a39e855bfaa6c60f58758773f9b1a45bd8ba2b5593a1f63f94f0,kaggle_card_license_unknown_review_before_redistribution
data/datasets/efficientnet_kaggle_v1/val/wound/e610197c03d077c2.jpg,wound,val,data/raw/kaggle/ibrahimfateen_wound_classification/Wound_dataset copy/Venous Wounds/mirrored_114_1.jpg,e610197c03d077c221b2d54b6bb8c89fafd0d605e29b8540af8caf55765176d2,kaggle_card_license_unknown_review_before_redistribution
data/datasets/efficientnet_kaggle_v1/train/wound/e9c5ebaf4d1e2045.jpg,wound,train,data/raw/kaggle/ibrahimfateen_wound_classification/Wound_dataset copy/Venous Wounds/mirrored_115_0.jpg,e9c5ebaf4d1e2045dd52a316596b72b7188cf6356c9b7b99761284f86d5406ab,kaggle_card_license_unknown_review_before_redistribution
data/datasets/efficientnet_kaggle_v1/val/wound/ef5446d4c0a296cd.jpg,wound,val,data/raw/kaggle/ibrahimfateen_wound_classification/Wound_dataset copy/Venous Wounds/mirrored_115_1.jpg,ef5446d4c0a296cd569dda6dada9edac7945c61c5f752cd195d518df95c0c498,kaggle_card_license_unknown_review_before_redistribution
data/datasets/efficientnet_kaggle_v1/test/wound/574539e210bc234e.jpg,wound,test,data/raw/kaggle/ibrahimfateen_wound_classification/Wound_dataset copy/Venous Wounds/mirrored_116_0.jpg,574539e210bc234e0d534e5a43f8ff387687f6a45be7011c3e559cd27f938954,kaggle_card_license_unknown_review_before_redistribution
data/datasets/efficientnet_kaggle_v1/test/wound/eab2173678180abd.jpg,wound,test,data/raw/kaggle/ibrahimfateen_wound_classification/Wound_dataset copy/Venous Wounds/mirrored_117_0.jpg,eab2173678180abd26d760d5758ff5c71ad806857b79bbe52c8946afb5790b46,kaggle_card_license_unknown_review_before_redistribution
data/datasets/efficientnet_kaggle_v1/train/wound/324d95e9ba77dc8a.jpg,wound,train,data/raw/kaggle/ibrahimfateen_wound_classification/Wound_dataset copy/Venous Wounds/mirrored_117_1.jpg,324d95e9ba77dc8a4c3d8bc8669310072695a8f6b7441c49ba0be314381ad115,kaggle_card_license_unknown_review_before_redistribution
data/datasets/efficientnet_kaggle_v1/train/wound/03c3d43ef7679ffd.jpg,wound,train,data/raw/kaggle/ibrahimfateen_wound_classification/Wound_dataset copy/Venous Wounds/mirrored_118_0.jpg,03c3d43ef7679ffd8db68c1d070dca5f26a9880eae12efaac5a7daed0e804198,kaggle_card_license_unknown_review_before_redistribution
data/datasets/efficientnet_kaggle_v1/train/wound/8d7fd234721c8973.jpg,wound,train,data/raw/kaggle/ibrahimfateen_wound_classification/Wound_dataset copy/Venous Wounds/mirrored_118_1.jpg,8d7fd234721c8973d62b60bccb75f14bdfd24e2e1a0a66a82e0f5c7d9dfa407b,kaggle_card_license_unknown_review_before_redistribution
data/datasets/efficientnet_kaggle_v1/train/wound/ee11b6f8437e4679.jpg,wound,train,data/raw/kaggle/ibrahimfateen_wound_classification/Wound_dataset copy/Venous Wounds/mirrored_118_2.jpg,ee11b6f8437e46799703345413fec8dc9d87e7ce1e99b69c04c29048771f8c23,kaggle_card_license_unknown_review_before_redistribution
data/datasets/efficientnet_kaggle_v1/train/wound/2b54292ae3a9dcf7.jpg,wound,train,data/raw/kaggle/ibrahimfateen_wound_classification/Wound_dataset copy/Venous Wounds/mirrored_118_3.jpg,2b54292ae3a9dcf751688be1510b5a99b0d7220079c443428a3b9e1b04a00add,kaggle_card_license_unknown_review_before_redistribution
data/datasets/efficientnet_kaggle_v1/train/wound/012cf4b3f6162305.jpg,wound,train,data/raw/kaggle/ibrahimfateen_wound_classification/Wound_dataset copy/Venous Wounds/mirrored_119_0.jpg,012cf4b3f61623057264c00ac3308a9ceafdc5b4a83586c1814d7ae4d2ba6eaa,kaggle_card_license_unknown_review_before_redistribution
data/datasets/efficientnet_kaggle_v1/train/wound/491411ca6e2a3a97.jpg,wound,train,data/raw/kaggle/ibrahimfateen_wound_classification/Wound_dataset copy/Venous Wounds/mirrored_11_0.jpg,491411ca6e2a3a971bebd7028db9f028be03cdfd9587a56e053a9cadc686651b,kaggle_card_license_unknown_review_before_redistribution
data/datasets/efficientnet_kaggle_v1/train/wound/34c21d0e74be3c48.jpg,wound,train,data/raw/kaggle/ibrahimfateen_wound_classification/Wound_dataset copy/Venous Wounds/mirrored_11_1.jpg,34c21d0e74be3c48f55db986b55e7a6846fd9c1fc3b667b3ee52a97df0be08d5,kaggle_card_license_unknown_review_before_redistribution
data/datasets/efficientnet_kaggle_v1/train/wound/ccda5560f0e3b9d2.jpg,wound,train,data/raw/kaggle/ibrahimfateen_wound_classification/Wound_dataset copy/Venous Wounds/mirrored_11_2.jpg,ccda5560f0e3b9d2a31b567aa657014f66f23aa096f94ca9ea4f446e34c37d29,kaggle_card_license_unknown_review_before_redistribution
data/datasets/efficientnet_kaggle_v1/train/wound/c02a45fee1635bec.jpg,wound,train,data/raw/kaggle/ibrahimfateen_wound_classification/Wound_dataset copy/Venous Wounds/mirrored_11_3.jpg,c02a45fee1635bec5f4e77e6e3b2c6a6068015c6a5ea3f43ab41eddba241ab1f,kaggle_card_license_unknown_review_before_redistribution
data/datasets/efficientnet_kaggle_v1/test/wound/768f668c36bcc935.jpg,wound,test,data/raw/kaggle/ibrahimfateen_wound_classification/Wound_dataset copy/Venous Wounds/mirrored_11_4.jpg,768f668c36bcc9351665cd9149d563e41958b349e52d54d3b076a3337a0100a8,kaggle_card_license_unknown_review_before_redistribution
data/datasets/efficientnet_kaggle_v1/val/wound/b6ad4354ce593bb7.jpg,wound,val,data/raw/kaggle/ibrahimfateen_wound_classification/Wound_dataset copy/Venous Wounds/mirrored_11_5.jpg,b6ad4354ce593bb7070e5e43c3f9104b56e85964f69e40f165f41566c13653ce,kaggle_card_license_unknown_review_before_redistribution
data/datasets/efficientnet_kaggle_v1/train/wound/0425222edd16600b.jpg,wound,train,data/raw/kaggle/ibrahimfateen_wound_classification/Wound_dataset copy/Venous Wounds/mirrored_120_0.jpg,0425222edd16600b6440ba5a606967a9493dd8597441127ffe953688084eb308,kaggle_card_license_unknown_review_before_redistribution
data/datasets/efficientnet_kaggle_v1/val/wound/665958730d194a2f.jpg,wound,val,data/raw/kaggle/ibrahimfateen_wound_classification/Wound_dataset copy/Venous Wounds/mirrored_121_0.jpg,665958730d194a2f3aa7c0f230746b5c05ed0dc8b8856cb3957d9a86ddfe4244,kaggle_card_license_unknown_review_before_redistribution
data/datasets/efficientnet_kaggle_v1/val/wound/8f5b0facfe852ee7.jpg,wound,val,data/raw/kaggle/ibrahimfateen_wound_classification/Wound_dataset copy/Venous Wounds/mirrored_122_0.jpg,8f5b0facfe852ee73260c4d4af0b90fe8fdc1019f2ae8f700691de394c312a1a,kaggle_card_license_unknown_review_before_redistribution
data/datasets/efficientnet_kaggle_v1/train/wound/fea51ac2ced37434.jpg,wound,train,data/raw/kaggle/ibrahimfateen_wound_classification/Wound_dataset copy/Venous Wounds/mirrored_122_1.jpg,fea51ac2ced37434bdbaaa9f0b81c11255b58ed53210eeaae789cc217c8c4342,kaggle_card_license_unknown_review_before_redistribution
data/datasets/efficientnet_kaggle_v1/train/wound/8de2a3d2ddb8ed92.jpg,wound,train,data/raw/kaggle/ibrahimfateen_wound_classification/Wound_dataset copy/Venous Wounds/mirrored_122_2.jpg,8de2a3d2ddb8ed92fb03f4da0af77e940bca0c6c78f4e4c253507e88a5a5e7a9,kaggle_card_license_unknown_review_before_redistribution
data/datasets/efficientnet_kaggle_v1/train/wound/1dbfeefc3cefb02d.jpg,wound,train,data/raw/kaggle/ibrahimfateen_wound_classification/Wound_dataset copy/Venous Wounds/mirrored_122_3.jpg,1dbfeefc3cefb02d9d234e044a74a4818afb078655c1badc9aa020decd37c182,kaggle_card_license_unknown_review_before_redistribution
data/datasets/efficientnet_kaggle_v1/test/wound/31532662db1d36cd.jpg,wound,test,data/raw/kaggle/ibrahimfateen_wound_classification/Wound_dataset copy/Venous Wounds/mirrored_123_0.jpg,31532662db1d36cdca7bee78d15dba99d0939cbc92f53fafdcea1dd2c020e0cb,kaggle_card_license_unknown_review_before_redistribution
data/datasets/efficientnet_kaggle_v1/test/wound/4270ecbb959ceaff.jpg,wound,test,data/raw/kaggle/ibrahimfateen_wound_classification/Wound_dataset copy/Venous Wounds/mirrored_124_0.jpg,4270ecbb959ceaff388a6086e74baf2e4325c44fdd9b92050e8a0cbc3608d33d,kaggle_card_license_unknown_review_before_redistribution
data/datasets/efficientnet_kaggle_v1/train/wound/6e5418ce79714873.jpg,wound,train,data/raw/kaggle/ibrahimfateen_wound_classification/Wound_dataset copy/Venous Wounds/mirrored_125_0.jpg,6e5418ce79714873fc539e924a8a2b86c3d046daa04c9e334a21a976c6fb512a,kaggle_card_license_unknown_review_before_redistribution
data/datasets/efficientnet_kaggle_v1/val/wound/22d21949fe62b9f6.jpg,wound,val,data/raw/kaggle/ibrahimfateen_wound_classification/Wound_dataset copy/Venous Wounds/mirrored_126_0.jpg,22d21949fe62b9f66fec315f5dee44ed1f4f54a46edd9ac44b645874dc89a564,kaggle_card_license_unknown_review_before_redistribution
data/datasets/efficientnet_kaggle_v1/train/wound/e26ea1d4c94ab267.jpg,wound,train,data/raw/kaggle/ibrahimfateen_wound_classification/Wound_dataset copy/Venous Wounds/mirrored_127_0.jpg,e26ea1d4c94ab2670fa6ea3e20284ce1740ab2678f5eea6b6f0b4b20b3d5a21a,kaggle_card_license_unknown_review_before_redistribution
data/datasets/efficientnet_kaggle_v1/train/wound/b59e84f450f612bf.jpg,wound,train,data/raw/kaggle/ibrahimfateen_wound_classification/Wound_dataset copy/Venous Wounds/mirrored_128_0.jpg,b59e84f450f612bf048e3f5bb87eb27329bf8353c70ee0279016d61de54a0845,kaggle_card_license_unknown_review_before_redistribution
data/datasets/efficientnet_kaggle_v1/train/wound/73cb5ee3ff00cf1a.jpg,wound,train,data/raw/kaggle/ibrahimfateen_wound_classification/Wound_dataset copy/Venous Wounds/mirrored_129_0.jpg,73cb5ee3ff00cf1a24b30858dc7ea2ce934ffea223d49f8a0a7e29262ee1ea48,kaggle_card_license_unknown_review_before_redistribution
data/datasets/efficientnet_kaggle_v1/train/wound/079d7db25a14e247.jpg,wound,train,data/raw/kaggle/ibrahimfateen_wound_classification/Wound_dataset copy/Venous Wounds/mirrored_130_0.jpg,079d7db25a14e24708c74f1527030371924e72620cce27b1c7abedfc462300e6,kaggle_card_license_unknown_review_before_redistribution
data/datasets/efficientnet_kaggle_v1/test/wound/12cb68aa3a395a1c.jpg,wound,test,data/raw/kaggle/ibrahimfateen_wound_classification/Wound_dataset copy/Venous Wounds/mirrored_131_0.jpg,12cb68aa3a395a1c1e53b0e23f376780bdb18a5b3cd579afc7923ea31c32bc7e,kaggle_card_license_unknown_review_before_redistribution
data/datasets/efficientnet_kaggle_v1/train/wound/f89158553ef68cb5.jpg,wound,train,data/raw/kaggle/ibrahimfateen_wound_classification/Wound_dataset copy/Venous Wounds/mirrored_132_0.jpg,f89158553ef68cb55d0de7933b420ef7086bd1ae28a62e13196f1bc933399e7b,kaggle_card_license_unknown_review_before_redistribution
data/datasets/efficientnet_kaggle_v1/train/wound/a77b32a5ef326c41.jpg,wound,train,data/raw/kaggle/ibrahimfateen_wound_classification/Wound_dataset copy/Venous Wounds/mirrored_133_0.jpg,a77b32a5ef326c41087ad84584ec031a737e7b98da85ca5f02848a55a2275fbb,kaggle_card_license_unknown_review_before_redistribution
data/datasets/efficientnet_kaggle_v1/train/wound/5d24d401540c8c2b.jpg,wound,train,data/raw/kaggle/ibrahimfateen_wound_classification/Wound_dataset copy/Venous Wounds/mirrored_134_0.jpg,5d24d401540c8c2b04119b36f923251d38fc25724b11cdaca4a78fa6ceb6f562,kaggle_card_license_unknown_review_before_redistribution
data/datasets/efficientnet_kaggle_v1/train/wound/c235dd77713ab6a7.jpg,wound,train,data/raw/kaggle/ibrahimfateen_wound_classification/Wound_dataset copy/Venous Wounds/mirrored_134_1.jpg,c235dd77713ab6a7108b0d3e67c2ac362299ed8980cf4d07f0b41a7d71da324e,kaggle_card_license_unknown_review_before_redistribution
data/datasets/efficientnet_kaggle_v1/train/wound/f609cc8d42b12686.jpg,wound,train,data/raw/kaggle/ibrahimfateen_wound_classification/Wound_dataset copy/Venous Wounds/mirrored_136_0.jpg,f609cc8d42b1268608c13d25070a855a7e893c74624fb3d5595a2aec7811d713,kaggle_card_license_unknown_review_before_redistribution
data/datasets/efficientnet_kaggle_v1/train/wound/83ecb7e54bce0169.jpg,wound,train,data/raw/kaggle/ibrahimfateen_wound_classification/Wound_dataset copy/Venous Wounds/mirrored_137_0.jpg,83ecb7e54bce0169cb9946bed75aecc92ab3e137e82e2656cd99b59a2e9de242,kaggle_card_license_unknown_review_before_redistribution
data/datasets/efficientnet_kaggle_v1/train/wound/c286ba15f527241c.jpg,wound,train,data/raw/kaggle/ibrahimfateen_wound_classification/Wound_dataset copy/Venous Wounds/mirrored_137_1.jpg,c286ba15f527241c6635b29457cfcce5e5a665592bb4b2a873b80bb9ac7fcadb,kaggle_card_license_unknown_review_before_redistribution
data/datasets/efficientnet_kaggle_v1/test/wound/92dbe2160dbd69e1.jpg,wound,test,data/raw/kaggle/ibrahimfateen_wound_classification/Wound_dataset copy/Venous Wounds/mirrored_138_0.jpg,92dbe2160dbd69e13ff574f90de8e95f7cbf823dbde0f0f0c7f3d228f036d51c,kaggle_card_license_unknown_review_before_redistribution
data/datasets/efficientnet_kaggle_v1/val/wound/bfd2b51ddfe492f2.jpg,wound,val,data/raw/kaggle/ibrahimfateen_wound_classification/Wound_dataset copy/Venous Wounds/mirrored_138_1.jpg,bfd2b51ddfe492f2f02a5746165a130c705d2f62501de2f6f2855a1f156cfade,kaggle_card_license_unknown_review_before_redistribution
data/datasets/efficientnet_kaggle_v1/train/wound/d95df99fcca09b33.jpg,wound,train,data/raw/kaggle/ibrahimfateen_wound_classification/Wound_dataset copy/Venous Wounds/mirrored_139_0.jpg,d95df99fcca09b33618a36abd6254ccf0c3815dd4642cfc65593ccdd490f2aaf,kaggle_card_license_unknown_review_before_redistribution
data/datasets/efficientnet_kaggle_v1/train/wound/643968a6c59487d9.jpg,wound,train,data/raw/kaggle/ibrahimfateen_wound_classification/Wound_dataset copy/Venous Wounds/mirrored_13_0.jpg,643968a6c59487d93cb8a46cd2733eebbae42853c9c275f06101e209d30a806d,kaggle_card_license_unknown_review_before_redistribution
data/datasets/efficientnet_kaggle_v1/val/wound/5db6fc162d9dd9ee.jpg,wound,val,data/raw/kaggle/ibrahimfateen_wound_classification/Wound_dataset copy/Venous Wounds/mirrored_140_0.jpg,5db6fc162d9dd9eea563ce4d3eefdadfc546aca907b8cb8f7b5449c257aac319,kaggle_card_license_unknown_review_before_redistribution
data/datasets/efficientnet_kaggle_v1/train/wound/4f5b7b1347979407.jpg,wound,train,data/raw/kaggle/ibrahimfateen_wound_classification/Wound_dataset copy/Venous Wounds/mirrored_140_1.jpg,4f5b7b1347979407f3e500b131ecab20df75f03e536b31af8598aa3db244db39,kaggle_card_license_unknown_review_before_redistribution
data/datasets/efficientnet_kaggle_v1/test/wound/92193f19f5d5bd4e.jpg,wound,test,data/raw/kaggle/ibrahimfateen_wound_classification/Wound_dataset copy/Venous Wounds/mirrored_141_0.jpg,92193f19f5d5bd4ef59f77a17246ba4b3f93bda1339c215f58302d1d155afbd8,kaggle_card_license_unknown_review_before_redistribution
data/datasets/efficientnet_kaggle_v1/train/wound/7495954f87166abb.jpg,wound,train,data/raw/kaggle/ibrahimfateen_wound_classification/Wound_dataset copy/Venous Wounds/mirrored_141_1.jpg,7495954f87166abb00f429d3f16844393ca0d07bcf61f9f06145290ea8e6a185,kaggle_card_license_unknown_review_before_redistribution
data/datasets/efficientnet_kaggle_v1/train/wound/9573ed985d445b93.jpg,wound,train,data/raw/kaggle/ibrahimfateen_wound_classification/Wound_dataset copy/Venous Wounds/mirrored_142_0.jpg,9573ed985d445b931a90be5330e50bdbf863b69e8020e7ab4fd8b9b0f04ce8da,kaggle_card_license_unknown_review_before_redistribution
data/datasets/efficientnet_kaggle_v1/train/wound/4053af64c0f5cb2e.jpg,wound,train,data/raw/kaggle/ibrahimfateen_wound_classification/Wound_dataset copy/Venous Wounds/mirrored_143_0.jpg,4053af64c0f5cb2e9817837a0d5e9363927ecbd4e44f578eb9e4974b4e95566c,kaggle_card_license_unknown_review_before_redistribution
data/datasets/efficientnet_kaggle_v1/test/wound/6daaef264efa5e91.jpg,wound,test,data/raw/kaggle/ibrahimfateen_wound_classification/Wound_dataset copy/Venous Wounds/mirrored_144_0.jpg,6daaef264efa5e91f8ab06c16d12d5052c29c8ab43352c80303e6dc4ed46e47b,kaggle_card_license_unknown_review_before_redistribution
data/datasets/efficientnet_kaggle_v1/val/wound/c9c5f72beb8ffff7.jpg,wound,val,data/raw/kaggle/ibrahimfateen_wound_classification/Wound_dataset copy/Venous Wounds/mirrored_144_1.jpg,c9c5f72beb8ffff771a34c86efca4904b554f1ac154d4cffa6e417db9075093c,kaggle_card_license_unknown_review_before_redistribution
data/datasets/efficientnet_kaggle_v1/test/wound/9b8e915255af27e9.jpg,wound,test,data/raw/kaggle/ibrahimfateen_wound_classification/Wound_dataset copy/Venous Wounds/mirrored_144_2.jpg,9b8e915255af27e9c96f33bb9ff0e0c78620d0eb39a48fe92d2692225d1397a6,kaggle_card_license_unknown_review_before_redistribution
data/datasets/efficientnet_kaggle_v1/val/wound/d721e0ce5520af45.jpg,wound,val,data/raw/kaggle/ibrahimfateen_wound_classification/Wound_dataset copy/Venous Wounds/mirrored_144_3.jpg,d721e0ce5520af45a01787b2b0ade5fc2cf9d75c9c9ea015f5f6833234c68631,kaggle_card_license_unknown_review_before_redistribution
data/datasets/efficientnet_kaggle_v1/val/wound/3e3e5bfb708ca69a.jpg,wound,val,data/raw/kaggle/ibrahimfateen_wound_classification/Wound_dataset copy/Venous Wounds/mirrored_144_4.jpg,3e3e5bfb708ca69af16d810a2acf6a82f3aba01c34ab89aad3333017e04f2b0b,kaggle_card_license_unknown_review_before_redistribution
data/datasets/efficientnet_kaggle_v1/test/wound/d5ce23ce8062171b.jpg,wound,test,data/raw/kaggle/ibrahimfateen_wound_classification/Wound_dataset copy/Venous Wounds/mirrored_145_0.jpg,d5ce23ce8062171b0ad56eebc01fd25c7f7a6791306ad1f37d7d9bbf3eeed704,kaggle_card_license_unknown_review_before_redistribution
data/datasets/efficientnet_kaggle_v1/test/wound/a45ed924ca1cc9e6.jpg,wound,test,data/raw/kaggle/ibrahimfateen_wound_classification/Wound_dataset copy/Venous Wounds/mirrored_146_0.jpg,a45ed924ca1cc9e63cf847f684df3f05c5a37f9cce46b0fca056d9f0ea8344f6,kaggle_card_license_unknown_review_before_redistribution
data/datasets/efficientnet_kaggle_v1/val/wound/0a15f2d8a8dc0099.jpg,wound,val,data/raw/kaggle/ibrahimfateen_wound_classification/Wound_dataset copy/Venous Wounds/mirrored_147_0.jpg,0a15f2d8a8dc0099710c4dd319eccf45e1533c31c762756ebd739427568d97f5,kaggle_card_license_unknown_review_before_redistribution
data/datasets/efficientnet_kaggle_v1/train/wound/8baf6f01e2476d11.jpg,wound,train,data/raw/kaggle/ibrahimfateen_wound_classification/Wound_dataset copy/Venous Wounds/mirrored_148_0.jpg,8baf6f01e2476d111de21561cb12b1abc2b97f5cd9bde239879aeec5b712e5f8,kaggle_card_license_unknown_review_before_redistribution
data/datasets/efficientnet_kaggle_v1/train/wound/d0636ad38830f372.jpg,wound,train,data/raw/kaggle/ibrahimfateen_wound_classification/Wound_dataset copy/Venous Wounds/mirrored_149_0.jpg,d0636ad38830f372b89bd03e5a3db12af2b138634f595ea3376cc4dbd8b9c2ce,kaggle_card_license_unknown_review_before_redistribution
data/datasets/efficientnet_kaggle_v1/test/wound/7094a77b9805db56.jpg,wound,test,data/raw/kaggle/ibrahimfateen_wound_classification/Wound_dataset copy/Venous Wounds/mirrored_14_0.jpg,7094a77b9805db56f8c6f7f3e46855cc58bdf03a2341ff95858c93bd7f8cbd90,kaggle_card_license_unknown_review_before_redistribution
data/datasets/efficientnet_kaggle_v1/test/wound/1d8ed2a09c757c50.jpg,wound,test,data/raw/kaggle/ibrahimfateen_wound_classification/Wound_dataset copy/Venous Wounds/mirrored_150_0.jpg,1d8ed2a09c757c508ce31c2307a9fbd1dfff1ab1de232915c2868ac0ad4333fc,kaggle_card_license_unknown_review_before_redistribution
data/datasets/efficientnet_kaggle_v1/test/wound/285e5a8354b48e3b.jpg,wound,test,data/raw/kaggle/ibrahimfateen_wound_classification/Wound_dataset copy/Venous Wounds/mirrored_150_1.jpg,285e5a8354b48e3b5851692b1212814f6b65a0c4b71e92f653d0ef46e411f5e8,kaggle_card_license_unknown_review_before_redistribution
data/datasets/efficientnet_kaggle_v1/test/wound/28a26e406018352c.jpg,wound,test,data/raw/kaggle/ibrahimfateen_wound_classification/Wound_dataset copy/Venous Wounds/mirrored_151_0.jpg,28a26e406018352c9f1361d0636475654459956c9f1ff6d4df9a5bf0c0cbe148,kaggle_card_license_unknown_review_before_redistribution
data/datasets/efficientnet_kaggle_v1/train/wound/0e668051a7f33cfa.jpg,wound,train,data/raw/kaggle/ibrahimfateen_wound_classification/Wound_dataset copy/Venous Wounds/mirrored_151_1.jpg,0e668051a7f33cfa872a02f6bde6e64cafd3bb8a643ac6c3eb7cfbdebec8d8d3,kaggle_card_license_unknown_review_before_redistribution
data/datasets/efficientnet_kaggle_v1/val/wound/05e5a12399734a32.jpg,wound,val,data/raw/kaggle/ibrahimfateen_wound_classification/Wound_dataset copy/Venous Wounds/mirrored_152_0.jpg,05e5a12399734a324b39138dfb46d485b06cb26ed9a4645183e673a26c5782dc,kaggle_card_license_unknown_review_before_redistribution
data/datasets/efficientnet_kaggle_v1/test/wound/4dfa09f939204851.jpg,wound,test,data/raw/kaggle/ibrahimfateen_wound_classification/Wound_dataset copy/Venous Wounds/mirrored_153_0.jpg,4dfa09f939204851d434422e9c4ff4b850263f8b6a96cca833c7830a465e6240,kaggle_card_license_unknown_review_before_redistribution
data/datasets/efficientnet_kaggle_v1/train/wound/f5319ffad9460c13.jpg,wound,train,data/raw/kaggle/ibrahimfateen_wound_classification/Wound_dataset copy/Venous Wounds/mirrored_153_1.jpg,f5319ffad9460c13ea0516abb1e7dfb5cc466b4dff4adcb9a0b65e4fe08131ba,kaggle_card_license_unknown_review_before_redistribution
data/datasets/efficientnet_kaggle_v1/test/wound/d5424eec1cde61d0.jpg,wound,test,data/raw/kaggle/ibrahimfateen_wound_classification/Wound_dataset copy/Venous Wounds/mirrored_154_0.jpg,d5424eec1cde61d05d803593d5860a96fc61f36dfe7a03aaf39ee04f137b894c,kaggle_card_license_unknown_review_before_redistribution
data/datasets/efficientnet_kaggle_v1/train/wound/af4b3841af4d83e0.jpg,wound,train,data/raw/kaggle/ibrahimfateen_wound_classification/Wound_dataset copy/Venous Wounds/mirrored_155_0.jpg,af4b3841af4d83e03f31a45bdff807326f4a0a7f373cbf395ceeb90756c339b6,kaggle_card_license_unknown_review_before_redistribution
data/datasets/efficientnet_kaggle_v1/test/wound/151093fcf8f972f4.jpg,wound,test,data/raw/kaggle/ibrahimfateen_wound_classification/Wound_dataset copy/Venous Wounds/mirrored_156_0.jpg,151093fcf8f972f4de3027b46fa01453287ab414ba23a56d79b0a3f4d564b804,kaggle_card_license_unknown_review_before_redistribution
data/datasets/efficientnet_kaggle_v1/val/wound/d126a38203ed6067.jpg,wound,val,data/raw/kaggle/ibrahimfateen_wound_classification/Wound_dataset copy/Venous Wounds/mirrored_156_1.jpg,d126a38203ed6067436f8b4c2bc6bb9e2e0eca35c3bb886bf6524183e9a44e3e,kaggle_card_license_unknown_review_before_redistribution
data/datasets/efficientnet_kaggle_v1/train/wound/72085cfe6c020b79.jpg,wound,train,data/raw/kaggle/ibrahimfateen_wound_classification/Wound_dataset copy/Venous Wounds/mirrored_15_0.jpg,72085cfe6c020b790c112c725de7052b2addc06e98f5911206d2afc4fa9eb01e,kaggle_card_license_unknown_review_before_redistribution
data/datasets/efficientnet_kaggle_v1/train/wound/34d97279f7e4d485.jpg,wound,train,data/raw/kaggle/ibrahimfateen_wound_classification/Wound_dataset copy/Venous Wounds/mirrored_16_0.jpg,34d97279f7e4d485f33ed98e0a0860cc216517f7379204f79938e5713834ba5d,kaggle_card_license_unknown_review_before_redistribution
data/datasets/efficientnet_kaggle_v1/train/wound/7a6c5a7cb2da1caa.jpg,wound,train,data/raw/kaggle/ibrahimfateen_wound_classification/Wound_dataset copy/Venous Wounds/mirrored_17_0.jpg,7a6c5a7cb2da1caa3537502d672c933f5eb2b337595bb707a4339275d2840d09,kaggle_card_license_unknown_review_before_redistribution
data/datasets/efficientnet_kaggle_v1/train/wound/3b5f3befcd070c4e.jpg,wound,train,data/raw/kaggle/ibrahimfateen_wound_classification/Wound_dataset copy/Venous Wounds/mirrored_17_1.jpg,3b5f3befcd070c4e9be42ed509ace8c95bd289c2e1f3808e9767970cda06c9d5,kaggle_card_license_unknown_review_before_redistribution
data/datasets/efficientnet_kaggle_v1/val/wound/0311d620d9ef7d5c.jpg,wound,val,data/raw/kaggle/ibrahimfateen_wound_classification/Wound_dataset copy/Venous Wounds/mirrored_18_0.jpg,0311d620d9ef7d5c637765f8538971ca541933e6c064840adde0257207f03b4d,kaggle_card_license_unknown_review_before_redistribution
data/datasets/efficientnet_kaggle_v1/test/wound/da7b3addf92a3ef5.jpg,wound,test,data/raw/kaggle/ibrahimfateen_wound_classification/Wound_dataset copy/Venous Wounds/mirrored_19_0.jpg,da7b3addf92a3ef5747f3f479f9cf58438416c0113d30d01563dcb879fd251bf,kaggle_card_license_unknown_review_before_redistribution
data/datasets/efficientnet_kaggle_v1/train/wound/990e469d3cb0c0e1.jpg,wound,train,data/raw/kaggle/ibrahimfateen_wound_classification/Wound_dataset copy/Venous Wounds/mirrored_1_0.jpg,990e469d3cb0c0e1416054b8a6edf9b389b6b5e1801b1fa3dc9524b6273d24aa,kaggle_card_license_unknown_review_before_redistribution
data/datasets/efficientnet_kaggle_v1/train/wound/2bcc0d0454371b51.jpg,wound,train,data/raw/kaggle/ibrahimfateen_wound_classification/Wound_dataset copy/Venous Wounds/mirrored_20_0.jpg,2bcc0d0454371b51aa3868826391b6e9c3cc07c2bd8a6af0a1bbb7162a0ec279,kaggle_card_license_unknown_review_before_redistribution
data/datasets/efficientnet_kaggle_v1/train/wound/73ddb80377e75170.jpg,wound,train,data/raw/kaggle/ibrahimfateen_wound_classification/Wound_dataset copy/Venous Wounds/mirrored_21_0.jpg,73ddb80377e7517004f4de28cd5ced10268ce86fcb8111d6fecb1cb680d99e6d,kaggle_card_license_unknown_review_before_redistribution
data/datasets/efficientnet_kaggle_v1/val/wound/73d2a64e7a015101.jpg,wound,val,data/raw/kaggle/ibrahimfateen_wound_classification/Wound_dataset copy/Venous Wounds/mirrored_22_0.jpg,73d2a64e7a015101a299acf24eeeec89b07e27fe89258e01ed1c6f2411e85e50,kaggle_card_license_unknown_review_before_redistribution
data/datasets/efficientnet_kaggle_v1/train/wound/18749014c2c1a9b5.jpg,wound,train,data/raw/kaggle/ibrahimfateen_wound_classification/Wound_dataset copy/Venous Wounds/mirrored_23_0.jpg,18749014c2c1a9b52dc5f6fe9bd79bfdab3325c781e153a65f709b09fff36cb2,kaggle_card_license_unknown_review_before_redistribution
data/datasets/efficientnet_kaggle_v1/train/wound/98f94b3074a50b15.jpg,wound,train,data/raw/kaggle/ibrahimfateen_wound_classification/Wound_dataset copy/Venous Wounds/mirrored_23_1.jpg,98f94b3074a50b1551b8285aae0edf55a9cd48041c73a19ae959eddccdefe36f,kaggle_card_license_unknown_review_before_redistribution
data/datasets/efficientnet_kaggle_v1/train/wound/5a73215be13ad780.jpg,wound,train,data/raw/kaggle/ibrahimfateen_wound_classification/Wound_dataset copy/Venous Wounds/mirrored_24_0.jpg,5a73215be13ad780b1aee2644157b82438ddd20efdf7d4f1575956a44d4030ff,kaggle_card_license_unknown_review_before_redistribution
data/datasets/efficientnet_kaggle_v1/test/wound/da9d9da5ec9ad95d.jpg,wound,test,data/raw/kaggle/ibrahimfateen_wound_classification/Wound_dataset copy/Venous Wounds/mirrored_25_0.jpg,da9d9da5ec9ad95d535e73778118cde5eacc4d53af72c0b076035241406abcbd,kaggle_card_license_unknown_review_before_redistribution
data/datasets/efficientnet_kaggle_v1/train/wound/a8806ec18b80781b.jpg,wound,train,data/raw/kaggle/ibrahimfateen_wound_classification/Wound_dataset copy/Venous Wounds/mirrored_25_1.jpg,a8806ec18b80781b7c3b981f9b27143edae02a9ce81b5741e60f3fa524cb2d1b,kaggle_card_license_unknown_review_before_redistribution
data/datasets/efficientnet_kaggle_v1/test/wound/c3d19ff9230ea880.jpg,wound,test,data/raw/kaggle/ibrahimfateen_wound_classification/Wound_dataset copy/Venous Wounds/mirrored_25_2.jpg,c3d19ff9230ea88067a877d513faceb5f18a468fc5c6abb195f9fd15e27c5ba8,kaggle_card_license_unknown_review_before_redistribution
data/datasets/efficientnet_kaggle_v1/train/wound/eca2327e2b1498b0.jpg,wound,train,data/raw/kaggle/ibrahimfateen_wound_classification/Wound_dataset copy/Venous Wounds/mirrored_25_3.jpg,eca2327e2b1498b0e8b94e6b983dc6457c416538c7e4550e7b9860cac62f67b9,kaggle_card_license_unknown_review_before_redistribution
data/datasets/efficientnet_kaggle_v1/train/wound/cc3ddfdd4d62a108.jpg,wound,train,data/raw/kaggle/ibrahimfateen_wound_classification/Wound_dataset copy/Venous Wounds/mirrored_26_0.jpg,cc3ddfdd4d62a10884a23fbc82f67d714f212df18ecb9cd2735cdf2a9f0bb8c9,kaggle_card_license_unknown_review_before_redistribution
data/datasets/efficientnet_kaggle_v1/train/wound/b3d6adcef4139cab.jpg,wound,train,data/raw/kaggle/ibrahimfateen_wound_classification/Wound_dataset copy/Venous Wounds/mirrored_27_0.jpg,b3d6adcef4139cabf5646253557eda4f2992a48898edef2cd0b4b97c992cc5ed,kaggle_card_license_unknown_review_before_redistribution
data/datasets/efficientnet_kaggle_v1/train/wound/90d7840abd44ada9.jpg,wound,train,data/raw/kaggle/ibrahimfateen_wound_classification/Wound_dataset copy/Venous Wounds/mirrored_29_0.jpg,90d7840abd44ada92c3a31193e4afad74cedd49292d0d94e5438852ed951c1e3,kaggle_card_license_unknown_review_before_redistribution
data/datasets/efficientnet_kaggle_v1/train/wound/d78231a6359a8603.jpg,wound,train,data/raw/kaggle/ibrahimfateen_wound_classification/Wound_dataset copy/Venous Wounds/mirrored_2_0.jpg,d78231a6359a8603de24648d08c5f74602fef14bb6e05a239cddcf7de810a222,kaggle_card_license_unknown_review_before_redistribution
data/datasets/efficientnet_kaggle_v1/train/wound/88d491e027b4d4e9.jpg,wound,train,data/raw/kaggle/ibrahimfateen_wound_classification/Wound_dataset copy/Venous Wounds/mirrored_30_0.jpg,88d491e027b4d4e9b10e6f93f047ebe07e1feca3d842c92dc73afa7fd7456230,kaggle_card_license_unknown_review_before_redistribution
data/datasets/efficientnet_kaggle_v1/train/wound/cd967197844573e5.jpg,wound,train,data/raw/kaggle/ibrahimfateen_wound_classification/Wound_dataset copy/Venous Wounds/mirrored_30_1.jpg,cd967197844573e5b915617c0cc9fad21433048c317692b641a19d5e253ea51f,kaggle_card_license_unknown_review_before_redistribution
data/datasets/efficientnet_kaggle_v1/val/wound/454af42b140d2bdf.jpg,wound,val,data/raw/kaggle/ibrahimfateen_wound_classification/Wound_dataset copy/Venous Wounds/mirrored_31_0.jpg,454af42b140d2bdf26ba91004bf6699b88d96f2b6e9b7bad454c6fbe304999aa,kaggle_card_license_unknown_review_before_redistribution
data/datasets/efficientnet_kaggle_v1/test/wound/76069c3bb39a3a92.jpg,wound,test,data/raw/kaggle/ibrahimfateen_wound_classification/Wound_dataset copy/Venous Wounds/mirrored_32_0.jpg,76069c3bb39a3a926d33044b3f87133725f24228b4a60678500b3f735bbe713b,kaggle_card_license_unknown_review_before_redistribution
data/datasets/efficientnet_kaggle_v1/test/wound/1cc9cac458471c9a.jpg,wound,test,data/raw/kaggle/ibrahimfateen_wound_classification/Wound_dataset copy/Venous Wounds/mirrored_33_0.jpg,1cc9cac458471c9a20908d716fbb3457af7df632164f88015002bd978b793bf4,kaggle_card_license_unknown_review_before_redistribution
data/datasets/efficientnet_kaggle_v1/train/wound/276a8cb7fa117ac9.jpg,wound,train,data/raw/kaggle/ibrahimfateen_wound_classification/Wound_dataset copy/Venous Wounds/mirrored_34_0.jpg,276a8cb7fa117ac92c49f9e366f62dec976e713c114d38e28336d86e2ad31af9,kaggle_card_license_unknown_review_before_redistribution
data/datasets/efficientnet_kaggle_v1/train/wound/a0aa82ad88e1b14b.jpg,wound,train,data/raw/kaggle/ibrahimfateen_wound_classification/Wound_dataset copy/Venous Wounds/mirrored_35_0.jpg,a0aa82ad88e1b14bbebcd46a24df5e938a50a50fab14047aa3ae31624a3362b9,kaggle_card_license_unknown_review_before_redistribution
data/datasets/efficientnet_kaggle_v1/val/wound/408426447f218d2a.jpg,wound,val,data/raw/kaggle/ibrahimfateen_wound_classification/Wound_dataset copy/Venous Wounds/mirrored_36_0.jpg,408426447f218d2ac4252cfdda0a423f19b65b45307fff85100a200d1b08fbd0,kaggle_card_license_unknown_review_before_redistribution
data/datasets/efficientnet_kaggle_v1/train/wound/effe3932b1fea5fb.jpg,wound,train,data/raw/kaggle/ibrahimfateen_wound_classification/Wound_dataset copy/Venous Wounds/mirrored_37_0.jpg,effe3932b1fea5fba5861f6faa283334b1a589c1fda7a461c9e677268e5d0e58,kaggle_card_license_unknown_review_before_redistribution
data/datasets/efficientnet_kaggle_v1/train/wound/81c10c177b7cf2fc.jpg,wound,train,data/raw/kaggle/ibrahimfateen_wound_classification/Wound_dataset copy/Venous Wounds/mirrored_37_1.jpg,81c10c177b7cf2fc4535d0d952b80e15d7d30ba9caf7b6a269f430295130d6c0,kaggle_card_license_unknown_review_before_redistribution
data/datasets/efficientnet_kaggle_v1/test/wound/8bc38ba931784827.jpg,wound,test,data/raw/kaggle/ibrahimfateen_wound_classification/Wound_dataset copy/Venous Wounds/mirrored_37_2.jpg,8bc38ba9317848270a445e56c927cfd5e16e0f4cccaaafa369176253cdc22bf9,kaggle_card_license_unknown_review_before_redistribution
data/datasets/efficientnet_kaggle_v1/train/wound/271aa6a3872ac6d9.jpg,wound,train,data/raw/kaggle/ibrahimfateen_wound_classification/Wound_dataset copy/Venous Wounds/mirrored_37_3.jpg,271aa6a3872ac6d9506f14abe0d46f9102372698475982c866cd5991ad81950e,kaggle_card_license_unknown_review_before_redistribution
data/datasets/efficientnet_kaggle_v1/val/wound/67a6054ff1c4158b.jpg,wound,val,data/raw/kaggle/ibrahimfateen_wound_classification/Wound_dataset copy/Venous Wounds/mirrored_38_0.jpg,67a6054ff1c4158bf3266aa5d9184c1d797b2b11a5bef153eb4caeadfb43e385,kaggle_card_license_unknown_review_before_redistribution
data/datasets/efficientnet_kaggle_v1/test/wound/57a3aa6bb0434586.jpg,wound,test,data/raw/kaggle/ibrahimfateen_wound_classification/Wound_dataset copy/Venous Wounds/mirrored_38_1.jpg,57a3aa6bb0434586bbd6f8d26f4affd0143cb3989612d1c96e569e935c4aa578,kaggle_card_license_unknown_review_before_redistribution
data/datasets/efficientnet_kaggle_v1/train/wound/d71bf131d5002631.jpg,wound,train,data/raw/kaggle/ibrahimfateen_wound_classification/Wound_dataset copy/Venous Wounds/mirrored_39_0.jpg,d71bf131d50026319867bf92dc7ad0aab3c5c87fc7bb0b84a9e78e8a9eca1185,kaggle_card_license_unknown_review_before_redistribution
data/datasets/efficientnet_kaggle_v1/train/wound/3400ea740869690a.jpg,wound,train,data/raw/kaggle/ibrahimfateen_wound_classification/Wound_dataset copy/Venous Wounds/mirrored_39_1.jpg,3400ea740869690adedfa0f623281587b03cfbe1409e55d4b1eb3697d93ed2c5,kaggle_card_license_unknown_review_before_redistribution
data/datasets/efficientnet_kaggle_v1/train/wound/e25f958b31d4d7a6.jpg,wound,train,data/raw/kaggle/ibrahimfateen_wound_classification/Wound_dataset copy/Venous Wounds/mirrored_3_0.jpg,e25f958b31d4d7a601324601b620b9f7adbf83d4fa6e5bf1b8e47f91acbec285,kaggle_card_license_unknown_review_before_redistribution
data/datasets/efficientnet_kaggle_v1/train/wound/cb57ef325ed06329.jpg,wound,train,data/raw/kaggle/ibrahimfateen_wound_classification/Wound_dataset copy/Venous Wounds/mirrored_40_0.jpg,cb57ef325ed06329e95665755e4dc37c58cf0a04c43f8d60eec3ad1be43c4ea6,kaggle_card_license_unknown_review_before_redistribution
data/datasets/efficientnet_kaggle_v1/train/wound/f8ce4e0d696e37a9.jpg,wound,train,data/raw/kaggle/ibrahimfateen_wound_classification/Wound_dataset copy/Venous Wounds/mirrored_40_1.jpg,f8ce4e0d696e37a97d40d4d6c4d9dc5d87400e4ad2e2f0df11f8e30a1cf1f1ae,kaggle_card_license_unknown_review_before_redistribution
data/datasets/efficientnet_kaggle_v1/train/wound/bc21631c14c5d60e.jpg,wound,train,data/raw/kaggle/ibrahimfateen_wound_classification/Wound_dataset copy/Venous Wounds/mirrored_40_2.jpg,bc21631c14c5d60e9eb6ee99d4de81cbcb48eb4568a18f5c4b84f21ea19c0cf6,kaggle_card_license_unknown_review_before_redistribution
data/datasets/efficientnet_kaggle_v1/train/wound/bb7da459af475470.jpg,wound,train,data/raw/kaggle/ibrahimfateen_wound_classification/Wound_dataset copy/Venous Wounds/mirrored_40_3.jpg,bb7da459af475470c75e21d8e7a73acb6f5ca3758113113f5f2218500e64dfb0,kaggle_card_license_unknown_review_before_redistribution
data/datasets/efficientnet_kaggle_v1/train/wound/125aa2dff410239e.jpg,wound,train,data/raw/kaggle/ibrahimfateen_wound_classification/Wound_dataset copy/Venous Wounds/mirrored_40_4.jpg,125aa2dff410239e2f8cee941bbfd4aa89a551a6c935e5e4704ac302d38a4b11,kaggle_card_license_unknown_review_before_redistribution
data/datasets/efficientnet_kaggle_v1/test/wound/8b533ecc301fc36f.jpg,wound,test,data/raw/kaggle/ibrahimfateen_wound_classification/Wound_dataset copy/Venous Wounds/mirrored_40_5.jpg,8b533ecc301fc36f87bd06d0f7b939b634ebee09e5d36a95a0ffacb8ee559401,kaggle_card_license_unknown_review_before_redistribution
data/datasets/efficientnet_kaggle_v1/train/wound/e359426e29398196.jpg,wound,train,data/raw/kaggle/ibrahimfateen_wound_classification/Wound_dataset copy/Venous Wounds/mirrored_40_6.jpg,e359426e293981968b90a24b2480133287e9911f64383ae70ac54033c77d5352,kaggle_card_license_unknown_review_before_redistribution
data/datasets/efficientnet_kaggle_v1/train/wound/c47fa2abb8bb2666.jpg,wound,train,data/raw/kaggle/ibrahimfateen_wound_classification/Wound_dataset copy/Venous Wounds/mirrored_40_7.jpg,c47fa2abb8bb2666d5c7937bacd25678317d4fa6e6025b8b93b18aeb6e2ecb25,kaggle_card_license_unknown_review_before_redistribution
data/datasets/efficientnet_kaggle_v1/train/wound/5f34d8b27809e7a9.jpg,wound,train,data/raw/kaggle/ibrahimfateen_wound_classification/Wound_dataset copy/Venous Wounds/mirrored_41_0.jpg,5f34d8b27809e7a9282db039d4d87e4b777b0701d3900cf3c5f108608339cfa4,kaggle_card_license_unknown_review_before_redistribution
data/datasets/efficientnet_kaggle_v1/train/wound/6f7395f4a735ca22.jpg,wound,train,data/raw/kaggle/ibrahimfateen_wound_classification/Wound_dataset copy/Venous Wounds/mirrored_41_1.jpg,6f7395f4a735ca22643e68146b40f19e5f3d6d814e7ddbdeb8add608acc858ba,kaggle_card_license_unknown_review_before_redistribution
data/datasets/efficientnet_kaggle_v1/train/wound/2df2b08782062aa0.jpg,wound,train,data/raw/kaggle/ibrahimfateen_wound_classification/Wound_dataset copy/Venous Wounds/mirrored_41_2.jpg,2df2b08782062aa01f15b313446d681ab09482167e1d3f9d624c4f47f31d7dad,kaggle_card_license_unknown_review_before_redistribution
data/datasets/efficientnet_kaggle_v1/train/wound/a98fef78ed40a49e.jpg,wound,train,data/raw/kaggle/ibrahimfateen_wound_classification/Wound_dataset copy/Venous Wounds/mirrored_42_0.jpg,a98fef78ed40a49e2c67fe0036a7eb28f3960f669c33e971ec4181d38feebf5e,kaggle_card_license_unknown_review_before_redistribution
data/datasets/efficientnet_kaggle_v1/train/wound/b54054cae56d1eb5.jpg,wound,train,data/raw/kaggle/ibrahimfateen_wound_classification/Wound_dataset copy/Venous Wounds/mirrored_42_1.jpg,b54054cae56d1eb51d53f18e62599dcd8b7361e220097e6ca8e308e9284ce30d,kaggle_card_license_unknown_review_before_redistribution
data/datasets/efficientnet_kaggle_v1/train/wound/752f1633662d3290.jpg,wound,train,data/raw/kaggle/ibrahimfateen_wound_classification/Wound_dataset copy/Venous Wounds/mirrored_42_2.jpg,752f1633662d3290ffc484f2721412f0dd1647735b175fe8f70be787dafcc3cd,kaggle_card_license_unknown_review_before_redistribution
data/datasets/efficientnet_kaggle_v1/train/wound/24351984c9a3a0ec.jpg,wound,train,data/raw/kaggle/ibrahimfateen_wound_classification/Wound_dataset copy/Venous Wounds/mirrored_42_3.jpg,24351984c9a3a0ecdb51cbdc275d30a52f9de9ca74849dec37eb0707605f5973,kaggle_card_license_unknown_review_before_redistribution
data/datasets/efficientnet_kaggle_v1/train/wound/c1dfb669f0fe6853.jpg,wound,train,data/raw/kaggle/ibrahimfateen_wound_classification/Wound_dataset copy/Venous Wounds/mirrored_43_0.jpg,c1dfb669f0fe68535492fb886ff7adb0c734b54860ce33832275c7d8a21eb303,kaggle_card_license_unknown_review_before_redistribution
data/datasets/efficientnet_kaggle_v1/val/wound/3cc4d90e96a1360a.jpg,wound,val,data/raw/kaggle/ibrahimfateen_wound_classification/Wound_dataset copy/Venous Wounds/mirrored_44_0.jpg,3cc4d90e96a1360a87764558da8153cca6b37fbbd74dd7ee19b2e30c4154776a,kaggle_card_license_unknown_review_before_redistribution
data/datasets/efficientnet_kaggle_v1/val/wound/637da14c587dff58.jpg,wound,val,data/raw/kaggle/ibrahimfateen_wound_classification/Wound_dataset copy/Venous Wounds/mirrored_45_0.jpg,637da14c587dff58469a2b75d2224bef9b4b6c3c4351bd485a4880bfda251b32,kaggle_card_license_unknown_review_before_redistribution
data/datasets/efficientnet_kaggle_v1/val/wound/fd86c4e4dfc75748.jpg,wound,val,data/raw/kaggle/ibrahimfateen_wound_classification/Wound_dataset copy/Venous Wounds/mirrored_46_0.jpg,fd86c4e4dfc75748c2c4d782a10839d07401557441702957b198a808423b81d3,kaggle_card_license_unknown_review_before_redistribution
data/datasets/efficientnet_kaggle_v1/test/wound/f7a2d933412e85f0.jpg,wound,test,data/raw/kaggle/ibrahimfateen_wound_classification/Wound_dataset copy/Venous Wounds/mirrored_46_1.jpg,f7a2d933412e85f00b2691ccecdcab55f78a6f449b4d50162395aff986f92fb2,kaggle_card_license_unknown_review_before_redistribution
data/datasets/efficientnet_kaggle_v1/train/wound/42e61b55a43500d9.jpg,wound,train,data/raw/kaggle/ibrahimfateen_wound_classification/Wound_dataset copy/Venous Wounds/mirrored_46_2.jpg,42e61b55a43500d9afe7d4bbcdd9a6296d0041e3209501a1b1025042681aeecb,kaggle_card_license_unknown_review_before_redistribution
data/datasets/efficientnet_kaggle_v1/test/wound/622eecfe216aeaa3.jpg,wound,test,data/raw/kaggle/ibrahimfateen_wound_classification/Wound_dataset copy/Venous Wounds/mirrored_46_3.jpg,622eecfe216aeaa3610e3bd2088969dda7bd6779f35c37cebb7879b17ee17fa2,kaggle_card_license_unknown_review_before_redistribution
data/datasets/efficientnet_kaggle_v1/train/wound/02547e996288f2d2.jpg,wound,train,data/raw/kaggle/ibrahimfateen_wound_classification/Wound_dataset copy/Venous Wounds/mirrored_47_0.jpg,02547e996288f2d290c27def7e399c319f912d4ba43e63366afe0702feb5ab18,kaggle_card_license_unknown_review_before_redistribution
data/datasets/efficientnet_kaggle_v1/val/wound/211ad8dbae342ea8.jpg,wound,val,data/raw/kaggle/ibrahimfateen_wound_classification/Wound_dataset copy/Venous Wounds/mirrored_47_1.jpg,211ad8dbae342ea8ef3bebdcc2e86f4d01fff4aac0ed06ca2b8f0fcd90161c58,kaggle_card_license_unknown_review_before_redistribution
data/datasets/efficientnet_kaggle_v1/train/wound/93f22f35d786c943.jpg,wound,train,data/raw/kaggle/ibrahimfateen_wound_classification/Wound_dataset copy/Venous Wounds/mirrored_47_2.jpg,93f22f35d786c943a8d1ed6572f2bdbe84e660ccc5171eb262227d5ee7be192e,kaggle_card_license_unknown_review_before_redistribution
data/datasets/efficientnet_kaggle_v1/val/wound/fcb9a2cf3216ce4b.jpg,wound,val,data/raw/kaggle/ibrahimfateen_wound_classification/Wound_dataset copy/Venous Wounds/mirrored_48_0.jpg,fcb9a2cf3216ce4bb659216de6fa460b048af55f1cf838b8f877f594eab50a4f,kaggle_card_license_unknown_review_before_redistribution
data/datasets/efficientnet_kaggle_v1/train/wound/6ac9a06daa4b17e7.jpg,wound,train,data/raw/kaggle/ibrahimfateen_wound_classification/Wound_dataset copy/Venous Wounds/mirrored_49_0.jpg,6ac9a06daa4b17e795c7d2540ffcad1f28d830c7943bcb0d916025b640b82082,kaggle_card_license_unknown_review_before_redistribution
data/datasets/efficientnet_kaggle_v1/train/wound/2fea80708318a62a.jpg,wound,train,data/raw/kaggle/ibrahimfateen_wound_classification/Wound_dataset copy/Venous Wounds/mirrored_4_0.jpg,2fea80708318a62a7f7d7c1b7461350abb1051d6099f32f4d9d109312c036f48,kaggle_card_license_unknown_review_before_redistribution
data/datasets/efficientnet_kaggle_v1/train/wound/02e365fb434257d2.jpg,wound,train,data/raw/kaggle/ibrahimfateen_wound_classification/Wound_dataset copy/Venous Wounds/mirrored_50_0.jpg,02e365fb434257d2713b43e6bca582ec92cb028b990c6157f51a6b2bc0e07b8d,kaggle_card_license_unknown_review_before_redistribution
data/datasets/efficientnet_kaggle_v1/train/wound/328ede42a2e5a756.jpg,wound,train,data/raw/kaggle/ibrahimfateen_wound_classification/Wound_dataset copy/Venous Wounds/mirrored_51_0.jpg,328ede42a2e5a7561f715d4ec00f63e2ba5e3109cccc717fd54066729f15de98,kaggle_card_license_unknown_review_before_redistribution
data/datasets/efficientnet_kaggle_v1/train/wound/16571bd8dc8c94f4.jpg,wound,train,data/raw/kaggle/ibrahimfateen_wound_classification/Wound_dataset copy/Venous Wounds/mirrored_51_1.jpg,16571bd8dc8c94f4c8c50589c7fdd5f94a18540a7ce2248a642e08fa92d20e22,kaggle_card_license_unknown_review_before_redistribution
data/datasets/efficientnet_kaggle_v1/test/wound/143fab1a6e5bb593.jpg,wound,test,data/raw/kaggle/ibrahimfateen_wound_classification/Wound_dataset copy/Venous Wounds/mirrored_52_0.jpg,143fab1a6e5bb59318ae73a2940711c788478e97b83ad1771cef406110d34d99,kaggle_card_license_unknown_review_before_redistribution
data/datasets/efficientnet_kaggle_v1/train/wound/224a675d31361849.jpg,wound,train,data/raw/kaggle/ibrahimfateen_wound_classification/Wound_dataset copy/Venous Wounds/mirrored_52_1.jpg,224a675d31361849235e8ddd663b3da91d94b01339dfaaf7c6b7cdd18544a339,kaggle_card_license_unknown_review_before_redistribution
data/datasets/efficientnet_kaggle_v1/val/wound/33ddab85fb11f74f.jpg,wound,val,data/raw/kaggle/ibrahimfateen_wound_classification/Wound_dataset copy/Venous Wounds/mirrored_53_0.jpg,33ddab85fb11f74fd2cc6e67ef8a21a3c33f0427a3e227d7e77aeb27061d7c00,kaggle_card_license_unknown_review_before_redistribution
data/datasets/efficientnet_kaggle_v1/val/wound/43c0984e146e961d.jpg,wound,val,data/raw/kaggle/ibrahimfateen_wound_classification/Wound_dataset copy/Venous Wounds/mirrored_53_1.jpg,43c0984e146e961d1119be2df2caa9b2fcc1cde54a08441d2d6cd971ae302e47,kaggle_card_license_unknown_review_before_redistribution
data/datasets/efficientnet_kaggle_v1/train/wound/ca4ba93230a6c831.jpg,wound,train,data/raw/kaggle/ibrahimfateen_wound_classification/Wound_dataset copy/Venous Wounds/mirrored_53_2.jpg,ca4ba93230a6c8317504808b5a30cd82308e6f7c32be483d97ed4182e1f120a3,kaggle_card_license_unknown_review_before_redistribution
data/datasets/efficientnet_kaggle_v1/train/wound/df6a46eb065a100c.jpg,wound,train,data/raw/kaggle/ibrahimfateen_wound_classification/Wound_dataset copy/Venous Wounds/mirrored_53_3.jpg,df6a46eb065a100c6ebe11bfef610936974b1959abf71cfc55ebf211e5634c23,kaggle_card_license_unknown_review_before_redistribution
data/datasets/efficientnet_kaggle_v1/test/wound/a8297b2bae92ce6d.jpg,wound,test,data/raw/kaggle/ibrahimfateen_wound_classification/Wound_dataset copy/Venous Wounds/mirrored_53_4.jpg,a8297b2bae92ce6db4001589304e2190d816a91227350b4ffdfa2aab94988514,kaggle_card_license_unknown_review_before_redistribution
data/datasets/efficientnet_kaggle_v1/train/wound/be4011f6383f82fd.jpg,wound,train,data/raw/kaggle/ibrahimfateen_wound_classification/Wound_dataset copy/Venous Wounds/mirrored_54_0.jpg,be4011f6383f82fd66367e9c3cb4ca8c490db4a7fdc6804ce4213fe77c0a12b9,kaggle_card_license_unknown_review_before_redistribution
data/datasets/efficientnet_kaggle_v1/train/wound/bdeceb54aea8a80d.jpg,wound,train,data/raw/kaggle/ibrahimfateen_wound_classification/Wound_dataset copy/Venous Wounds/mirrored_54_1.jpg,bdeceb54aea8a80d607d7c4de31625467ea7ce377388918be586b60ac964f870,kaggle_card_license_unknown_review_before_redistribution
data/datasets/efficientnet_kaggle_v1/train/wound/e70e5d7e34fb5bdc.jpg,wound,train,data/raw/kaggle/ibrahimfateen_wound_classification/Wound_dataset copy/Venous Wounds/mirrored_55_0.jpg,e70e5d7e34fb5bdc068b13450d827eea587acea8fcb94b13819efd9ff7ab0b19,kaggle_card_license_unknown_review_before_redistribution
data/datasets/efficientnet_kaggle_v1/train/wound/b41541295bd46b30.jpg,wound,train,data/raw/kaggle/ibrahimfateen_wound_classification/Wound_dataset copy/Venous Wounds/mirrored_56_0.jpg,b41541295bd46b3028256fe8f59410f48cd88dc821cd1bd54bcab3a3dc979330,kaggle_card_license_unknown_review_before_redistribution
data/datasets/efficientnet_kaggle_v1/train/wound/55c114d4b3b18c87.jpg,wound,train,data/raw/kaggle/ibrahimfateen_wound_classification/Wound_dataset copy/Venous Wounds/mirrored_56_1.jpg,55c114d4b3b18c87e6569c4d08c4eb3a6fba643a327d987704c1527a4c7a2621,kaggle_card_license_unknown_review_before_redistribution
data/datasets/efficientnet_kaggle_v1/train/wound/c33a4e9d712c76c9.jpg,wound,train,data/raw/kaggle/ibrahimfateen_wound_classification/Wound_dataset copy/Venous Wounds/mirrored_57_0.jpg,c33a4e9d712c76c95616e5e2c3ac8b5ce0f9d694cf47dd9fb98fc94cc718ae53,kaggle_card_license_unknown_review_before_redistribution
data/datasets/efficientnet_kaggle_v1/val/wound/294f844ededc5856.jpg,wound,val,data/raw/kaggle/ibrahimfateen_wound_classification/Wound_dataset copy/Venous Wounds/mirrored_58_0.jpg,294f844ededc5856d31054a434598fc646f6111207f453133e4ba444fa3f56fd,kaggle_card_license_unknown_review_before_redistribution
data/datasets/efficientnet_kaggle_v1/train/wound/4e39da83a531f159.jpg,wound,train,data/raw/kaggle/ibrahimfateen_wound_classification/Wound_dataset copy/Venous Wounds/mirrored_59_0.jpg,4e39da83a531f159b05ec2dc69ca51de5be852d742362418ef98beac94075e23,kaggle_card_license_unknown_review_before_redistribution
data/datasets/efficientnet_kaggle_v1/val/wound/9021b660de950181.jpg,wound,val,data/raw/kaggle/ibrahimfateen_wound_classification/Wound_dataset copy/Venous Wounds/mirrored_5_0.jpg,9021b660de95018123faaa45e427f15af0249bc5e58a8b8b01eee6258539ad71,kaggle_card_license_unknown_review_before_redistribution
data/datasets/efficientnet_kaggle_v1/test/wound/24c7109d63a1dad4.jpg,wound,test,data/raw/kaggle/ibrahimfateen_wound_classification/Wound_dataset copy/Venous Wounds/mirrored_5_1.jpg,24c7109d63a1dad4fff8a19511357100bca77f551df58f306b5ca23146328bcd,kaggle_card_license_unknown_review_before_redistribution
data/datasets/efficientnet_kaggle_v1/test/wound/d196e00611c543bc.jpg,wound,test,data/raw/kaggle/ibrahimfateen_wound_classification/Wound_dataset copy/Venous Wounds/mirrored_60_0.jpg,d196e00611c543bc2cd594f6b070129864a8a274f8780bc8d14950740f801157,kaggle_card_license_unknown_review_before_redistribution
data/datasets/efficientnet_kaggle_v1/test/wound/c6f322ad7c570d87.jpg,wound,test,data/raw/kaggle/ibrahimfateen_wound_classification/Wound_dataset copy/Venous Wounds/mirrored_60_1.jpg,c6f322ad7c570d876b037ea783ab2525b0a98d639b918d725c610cb4e26920a3,kaggle_card_license_unknown_review_before_redistribution
data/datasets/efficientnet_kaggle_v1/train/wound/508e342b9b27fe38.jpg,wound,train,data/raw/kaggle/ibrahimfateen_wound_classification/Wound_dataset copy/Venous Wounds/mirrored_61_0.jpg,508e342b9b27fe38f639d029af1a7999b53ef258f2a91fb1eb6c34c414891cd7,kaggle_card_license_unknown_review_before_redistribution
data/datasets/efficientnet_kaggle_v1/test/wound/b0ed11c4b61646eb.jpg,wound,test,data/raw/kaggle/ibrahimfateen_wound_classification/Wound_dataset copy/Venous Wounds/mirrored_62_0.jpg,b0ed11c4b61646ebbc7a68ce705228522a0b06886fe617c9fe0a6da835b504ba,kaggle_card_license_unknown_review_before_redistribution
data/datasets/efficientnet_kaggle_v1/train/wound/dc3a98f4a67e3a2b.jpg,wound,train,data/raw/kaggle/ibrahimfateen_wound_classification/Wound_dataset copy/Venous Wounds/mirrored_63_0.jpg,dc3a98f4a67e3a2b18e9fabd2cbb0c061ee79f4018e6ed25872e779759395c46,kaggle_card_license_unknown_review_before_redistribution
data/datasets/efficientnet_kaggle_v1/train/wound/5221cf1557414f89.jpg,wound,train,data/raw/kaggle/ibrahimfateen_wound_classification/Wound_dataset copy/Venous Wounds/mirrored_63_1.jpg,5221cf1557414f89f4d9c4bc7ff9833f2a968f09623b38273adae03ca8d6ff16,kaggle_card_license_unknown_review_before_redistribution
data/datasets/efficientnet_kaggle_v1/train/wound/6abdf7ca8b786231.jpg,wound,train,data/raw/kaggle/ibrahimfateen_wound_classification/Wound_dataset copy/Venous Wounds/mirrored_64_0.jpg,6abdf7ca8b7862315714398729dc5de2f2e284be3f033b612e9bb9cf0678e708,kaggle_card_license_unknown_review_before_redistribution
data/datasets/efficientnet_kaggle_v1/train/wound/8fa6e214fa2430cb.jpg,wound,train,data/raw/kaggle/ibrahimfateen_wound_classification/Wound_dataset copy/Venous Wounds/mirrored_64_1.jpg,8fa6e214fa2430cb0bd4a2525ef73c736caf245a13067b1a36745689b8c49f38,kaggle_card_license_unknown_review_before_redistribution
data/datasets/efficientnet_kaggle_v1/train/wound/6598703e14d0e8c1.jpg,wound,train,data/raw/kaggle/ibrahimfateen_wound_classification/Wound_dataset copy/Venous Wounds/mirrored_65_0.jpg,6598703e14d0e8c1fc66ece554458763866582431aeaf3cdcad0f4efce305974,kaggle_card_license_unknown_review_before_redistribution
data/datasets/efficientnet_kaggle_v1/train/wound/d26e04dd69c92a69.jpg,wound,train,data/raw/kaggle/ibrahimfateen_wound_classification/Wound_dataset copy/Venous Wounds/mirrored_66_0.jpg,d26e04dd69c92a69fdb00f95ad806dd3b3035f38ad6f37daa03c97170651f7bd,kaggle_card_license_unknown_review_before_redistribution
data/datasets/efficientnet_kaggle_v1/test/wound/5056b807c5a63d95.jpg,wound,test,data/raw/kaggle/ibrahimfateen_wound_classification/Wound_dataset copy/Venous Wounds/mirrored_67_0.jpg,5056b807c5a63d95b0ed11c6f8c7288ff46773918b31d336a7dc0751d076f20b,kaggle_card_license_unknown_review_before_redistribution
data/datasets/efficientnet_kaggle_v1/train/wound/b9e428fc0d588392.jpg,wound,train,data/raw/kaggle/ibrahimfateen_wound_classification/Wound_dataset copy/Venous Wounds/mirrored_67_1.jpg,b9e428fc0d588392c661a5bde0e5ae738e5ee2a11705d6c8ed403c5bcb2c0550,kaggle_card_license_unknown_review_before_redistribution
data/datasets/efficientnet_kaggle_v1/train/wound/3b9d7d3a868f331e.jpg,wound,train,data/raw/kaggle/ibrahimfateen_wound_classification/Wound_dataset copy/Venous Wounds/mirrored_68_0.jpg,3b9d7d3a868f331eebba1c920a36e3aff3ff4367963581ac1d554bcdc5f60144,kaggle_card_license_unknown_review_before_redistribution
data/datasets/efficientnet_kaggle_v1/train/wound/2be35cccf15fb3cb.jpg,wound,train,data/raw/kaggle/ibrahimfateen_wound_classification/Wound_dataset copy/Venous Wounds/mirrored_68_1.jpg,2be35cccf15fb3cb6cbde011369fa5533a1477dcfbb34306d272a629c47b8ca6,kaggle_card_license_unknown_review_before_redistribution
data/datasets/efficientnet_kaggle_v1/train/wound/b449c0ae2f14275e.jpg,wound,train,data/raw/kaggle/ibrahimfateen_wound_classification/Wound_dataset copy/Venous Wounds/mirrored_69_0.jpg,b449c0ae2f14275e07319fb60b0660c7833c24bacc5b88d940773ea6259c9255,kaggle_card_license_unknown_review_before_redistribution
data/datasets/efficientnet_kaggle_v1/train/wound/d84d1d6b5e806414.jpg,wound,train,data/raw/kaggle/ibrahimfateen_wound_classification/Wound_dataset copy/Venous Wounds/mirrored_6_0.jpg,d84d1d6b5e806414d6e8d2a9b6c75516d9313c97afe655648f074d20e7c146d2,kaggle_card_license_unknown_review_before_redistribution
data/datasets/efficientnet_kaggle_v1/train/wound/b537dab814581b9e.jpg,wound,train,data/raw/kaggle/ibrahimfateen_wound_classification/Wound_dataset copy/Venous Wounds/mirrored_6_1.jpg,b537dab814581b9e9711658a47c1dcd76fd52d026150ad90004967b8ca613c6b,kaggle_card_license_unknown_review_before_redistribution
data/datasets/efficientnet_kaggle_v1/train/wound/57eed8c0dd6c797d.jpg,wound,train,data/raw/kaggle/ibrahimfateen_wound_classification/Wound_dataset copy/Venous Wounds/mirrored_6_2.jpg,57eed8c0dd6c797d053661a8b7be5b924b2808466a0d48715972234765cfe902,kaggle_card_license_unknown_review_before_redistribution
data/datasets/efficientnet_kaggle_v1/val/wound/a12739083362bd70.jpg,wound,val,data/raw/kaggle/ibrahimfateen_wound_classification/Wound_dataset copy/Venous Wounds/mirrored_6_3.jpg,a12739083362bd70fe14ac8ad93e2b605ae7b4251db756429ab3c28cf7863d59,kaggle_card_license_unknown_review_before_redistribution
data/datasets/efficientnet_kaggle_v1/train/wound/af3d912076427cc5.jpg,wound,train,data/raw/kaggle/ibrahimfateen_wound_classification/Wound_dataset copy/Venous Wounds/mirrored_70_0.jpg,af3d912076427cc5f282c9e383ee1bc11d2c1bece212cb3143f462d39adeb88b,kaggle_card_license_unknown_review_before_redistribution
data/datasets/efficientnet_kaggle_v1/train/wound/529286bf3c98c9a5.jpg,wound,train,data/raw/kaggle/ibrahimfateen_wound_classification/Wound_dataset copy/Venous Wounds/mirrored_71_0.jpg,529286bf3c98c9a5f04df4024f117c87f5a7392c99d393306d3c05491855aa41,kaggle_card_license_unknown_review_before_redistribution
data/datasets/efficientnet_kaggle_v1/train/wound/ee14e8e896787405.jpg,wound,train,data/raw/kaggle/ibrahimfateen_wound_classification/Wound_dataset copy/Venous Wounds/mirrored_72_0.jpg,ee14e8e8967874051789145a81eccc3f983043eb5fc11041a722515de2b03c42,kaggle_card_license_unknown_review_before_redistribution
data/datasets/efficientnet_kaggle_v1/test/wound/87e0e52624124b5e.jpg,wound,test,data/raw/kaggle/ibrahimfateen_wound_classification/Wound_dataset copy/Venous Wounds/mirrored_73_0.jpg,87e0e52624124b5e1224aa4124b2bf16354b464b86bbe7e0e6f360f9f877056a,kaggle_card_license_unknown_review_before_redistribution
data/datasets/efficientnet_kaggle_v1/test/wound/fb20a4f3184677e5.jpg,wound,test,data/raw/kaggle/ibrahimfateen_wound_classification/Wound_dataset copy/Venous Wounds/mirrored_74_0.jpg,fb20a4f3184677e51b271f8ed1167e9c8883e34d0ed9f3c5a95ae0cbf77098df,kaggle_card_license_unknown_review_before_redistribution
data/datasets/efficientnet_kaggle_v1/train/wound/b82b7feabaa25b96.jpg,wound,train,data/raw/kaggle/ibrahimfateen_wound_classification/Wound_dataset copy/Venous Wounds/mirrored_75_0.jpg,b82b7feabaa25b96ffe17c0aaa13e8baf21a4e846c69e38e71a6105164e7a19d,kaggle_card_license_unknown_review_before_redistribution
data/datasets/efficientnet_kaggle_v1/train/wound/b64d12ece684dd0c.jpg,wound,train,data/raw/kaggle/ibrahimfateen_wound_classification/Wound_dataset copy/Venous Wounds/mirrored_75_1.jpg,b64d12ece684dd0c09a16d60ef448589ed5fb274dd6009e646980d2b616d61c7,kaggle_card_license_unknown_review_before_redistribution
data/datasets/efficientnet_kaggle_v1/train/wound/16e6bf5feedc139e.jpg,wound,train,data/raw/kaggle/ibrahimfateen_wound_classification/Wound_dataset copy/Venous Wounds/mirrored_76_0.jpg,16e6bf5feedc139e70ea070875905190f54fae7bbb3a4a10d738c24d4c91c3b2,kaggle_card_license_unknown_review_before_redistribution
data/datasets/efficientnet_kaggle_v1/val/wound/496786c1d0b50fef.jpg,wound,val,data/raw/kaggle/ibrahimfateen_wound_classification/Wound_dataset copy/Venous Wounds/mirrored_77_0.jpg,496786c1d0b50fef43f6924f429f080d44474890bce377312c435494e3b0e78b,kaggle_card_license_unknown_review_before_redistribution
data/datasets/efficientnet_kaggle_v1/train/wound/e96a133730d6dcd4.jpg,wound,train,data/raw/kaggle/ibrahimfateen_wound_classification/Wound_dataset copy/Venous Wounds/mirrored_78_0.jpg,e96a133730d6dcd447aa39b7bf110a59fb8d82a36cf4d2c949e07618997fa3ff,kaggle_card_license_unknown_review_before_redistribution
data/datasets/efficientnet_kaggle_v1/train/wound/c69ac765eaef2bc0.jpg,wound,train,data/raw/kaggle/ibrahimfateen_wound_classification/Wound_dataset copy/Venous Wounds/mirrored_78_1.jpg,c69ac765eaef2bc094c8cf9b02eb3527fc84c0d7e654390594f367e9d98d1ab7,kaggle_card_license_unknown_review_before_redistribution
data/datasets/efficientnet_kaggle_v1/val/wound/df98fae70ae185b1.jpg,wound,val,data/raw/kaggle/ibrahimfateen_wound_classification/Wound_dataset copy/Venous Wounds/mirrored_78_2.jpg,df98fae70ae185b18df32f322ef2992eba470b0a707ea6d66b762a9e0a9824f4,kaggle_card_license_unknown_review_before_redistribution
data/datasets/efficientnet_kaggle_v1/train/wound/1e9c6c6d2a4472a7.jpg,wound,train,data/raw/kaggle/ibrahimfateen_wound_classification/Wound_dataset copy/Venous Wounds/mirrored_78_3.jpg,1e9c6c6d2a4472a7337078cbf881369df568bb52e423aea00e9eb8ed4d6b1414,kaggle_card_license_unknown_review_before_redistribution
data/datasets/efficientnet_kaggle_v1/train/wound/70dd39557b84d9c8.jpg,wound,train,data/raw/kaggle/ibrahimfateen_wound_classification/Wound_dataset copy/Venous Wounds/mirrored_79_0.jpg,70dd39557b84d9c8e08d4f92681086ac509ac1d35bb61476f82462c962d7cb83,kaggle_card_license_unknown_review_before_redistribution
data/datasets/efficientnet_kaggle_v1/train/wound/bb61779fa290ef1a.jpg,wound,train,data/raw/kaggle/ibrahimfateen_wound_classification/Wound_dataset copy/Venous Wounds/mirrored_7_0.jpg,bb61779fa290ef1aab1b6d8954817284a65159931ef74f014bef4a7b98da6b0f,kaggle_card_license_unknown_review_before_redistribution
data/datasets/efficientnet_kaggle_v1/val/wound/cd7a7342000c07f7.jpg,wound,val,data/raw/kaggle/ibrahimfateen_wound_classification/Wound_dataset copy/Venous Wounds/mirrored_80_0.jpg,cd7a7342000c07f7e5f34e90b9586a70df39f4e210f39b3e65cd149b863a1dc2,kaggle_card_license_unknown_review_before_redistribution
data/datasets/efficientnet_kaggle_v1/test/wound/10be97f5320ffdc4.jpg,wound,test,data/raw/kaggle/ibrahimfateen_wound_classification/Wound_dataset copy/Venous Wounds/mirrored_81_0.jpg,10be97f5320ffdc43a5a0902d1b3358a691a916775703eb9da47cddf0a870aab,kaggle_card_license_unknown_review_before_redistribution
data/datasets/efficientnet_kaggle_v1/train/wound/592d44fc895140a4.jpg,wound,train,data/raw/kaggle/ibrahimfateen_wound_classification/Wound_dataset copy/Venous Wounds/mirrored_81_1.jpg,592d44fc895140a4614addff8960caa8af68e4277bba39a68ab1eab7b730226b,kaggle_card_license_unknown_review_before_redistribution
data/datasets/efficientnet_kaggle_v1/train/wound/395caaa0e9e0c8e5.jpg,wound,train,data/raw/kaggle/ibrahimfateen_wound_classification/Wound_dataset copy/Venous Wounds/mirrored_82_0.jpg,395caaa0e9e0c8e5ca155f514539fbd35716ced8abdc42a3834576defa1be8c0,kaggle_card_license_unknown_review_before_redistribution
data/datasets/efficientnet_kaggle_v1/train/wound/f424c55cd112b435.jpg,wound,train,data/raw/kaggle/ibrahimfateen_wound_classification/Wound_dataset copy/Venous Wounds/mirrored_83_0.jpg,f424c55cd112b43545238ac5f214fe113b8db5352b144f85a204c5f2593e30f1,kaggle_card_license_unknown_review_before_redistribution
data/datasets/efficientnet_kaggle_v1/train/wound/e125f8c07e6bcb12.jpg,wound,train,data/raw/kaggle/ibrahimfateen_wound_classification/Wound_dataset copy/Venous Wounds/mirrored_84_0.jpg,e125f8c07e6bcb12a943cf49a26a223e76a932182b3b6cac5a2cd980e5200680,kaggle_card_license_unknown_review_before_redistribution
data/datasets/efficientnet_kaggle_v1/train/wound/f30416537ffd5d97.jpg,wound,train,data/raw/kaggle/ibrahimfateen_wound_classification/Wound_dataset copy/Venous Wounds/mirrored_85_0.jpg,f30416537ffd5d97698978bc3b56d0ca44dc7a5336fc22641819d218d55ec1af,kaggle_card_license_unknown_review_before_redistribution
data/datasets/efficientnet_kaggle_v1/train/wound/b473d480a2a2b17a.jpg,wound,train,data/raw/kaggle/ibrahimfateen_wound_classification/Wound_dataset copy/Venous Wounds/mirrored_86_0.jpg,b473d480a2a2b17a89bf43179b14f112c4b84c8a25d5d6fb49ba78321abf0bcb,kaggle_card_license_unknown_review_before_redistribution
data/datasets/efficientnet_kaggle_v1/train/wound/2339cd359eb76f2f.jpg,wound,train,data/raw/kaggle/ibrahimfateen_wound_classification/Wound_dataset copy/Venous Wounds/mirrored_87_0.jpg,2339cd359eb76f2fbb31c404335aa88387aa510994e109af9fe78a7a662b7c80,kaggle_card_license_unknown_review_before_redistribution
data/datasets/efficientnet_kaggle_v1/train/wound/646f80faf5f859c4.jpg,wound,train,data/raw/kaggle/ibrahimfateen_wound_classification/Wound_dataset copy/Venous Wounds/mirrored_87_1.jpg,646f80faf5f859c4f9a69ed513468d6d76ab84b95f5f22dae6087367ec6404de,kaggle_card_license_unknown_review_before_redistribution
data/datasets/efficientnet_kaggle_v1/train/wound/7f75eabbe6b0f0ee.jpg,wound,train,data/raw/kaggle/ibrahimfateen_wound_classification/Wound_dataset copy/Venous Wounds/mirrored_87_2.jpg,7f75eabbe6b0f0eeb1a9cc5abed4589ce751927f77964b79cecae78dfe694eb5,kaggle_card_license_unknown_review_before_redistribution
data/datasets/efficientnet_kaggle_v1/train/wound/be21e5d76bade1ff.jpg,wound,train,data/raw/kaggle/ibrahimfateen_wound_classification/Wound_dataset copy/Venous Wounds/mirrored_87_3.jpg,be21e5d76bade1ffc48a411f1f076cd7db5f04bb5168f63facf731eb2e88ea32,kaggle_card_license_unknown_review_before_redistribution
data/datasets/efficientnet_kaggle_v1/train/wound/62925a480d4ecbd4.jpg,wound,train,data/raw/kaggle/ibrahimfateen_wound_classification/Wound_dataset copy/Venous Wounds/mirrored_87_4.jpg,62925a480d4ecbd4d18dcae038ccc131ee6f8d30c0bae26edf96bdbe7cfb27ee,kaggle_card_license_unknown_review_before_redistribution
data/datasets/efficientnet_kaggle_v1/test/wound/cbc6db2e313ebdfb.jpg,wound,test,data/raw/kaggle/ibrahimfateen_wound_classification/Wound_dataset copy/Venous Wounds/mirrored_88_0.jpg,cbc6db2e313ebdfb6b85320b5845f2192ef8c71a665a9f212a291d3161a3e3f3,kaggle_card_license_unknown_review_before_redistribution
data/datasets/efficientnet_kaggle_v1/test/wound/5bb0c79f85cf530f.jpg,wound,test,data/raw/kaggle/ibrahimfateen_wound_classification/Wound_dataset copy/Venous Wounds/mirrored_89_0.jpg,5bb0c79f85cf530f86de9931e304017ab2fe2e3fe794bc9e40078b1df030d076,kaggle_card_license_unknown_review_before_redistribution
data/datasets/efficientnet_kaggle_v1/val/wound/72076fbb2bf27202.jpg,wound,val,data/raw/kaggle/ibrahimfateen_wound_classification/Wound_dataset copy/Venous Wounds/mirrored_8_0.jpg,72076fbb2bf27202c8a67550ae55ac2372bdf3c464ed9d8017b8677ad22ab47f,kaggle_card_license_unknown_review_before_redistribution
data/datasets/efficientnet_kaggle_v1/test/wound/0c7232c1eb1a4545.jpg,wound,test,data/raw/kaggle/ibrahimfateen_wound_classification/Wound_dataset copy/Venous Wounds/mirrored_8_1.jpg,0c7232c1eb1a454537688927df4828c9132b748e2db4a8c48ce2d5037223fc76,kaggle_card_license_unknown_review_before_redistribution
data/datasets/efficientnet_kaggle_v1/train/wound/27a9e37f3c4e0ac0.jpg,wound,train,data/raw/kaggle/ibrahimfateen_wound_classification/Wound_dataset copy/Venous Wounds/mirrored_90_0.jpg,27a9e37f3c4e0ac0dd95b11d9409d3f7efd1cc6c4899660caa1749f3d0e63918,kaggle_card_license_unknown_review_before_redistribution
data/datasets/efficientnet_kaggle_v1/train/wound/f9adf89cab458978.jpg,wound,train,data/raw/kaggle/ibrahimfateen_wound_classification/Wound_dataset copy/Venous Wounds/mirrored_91_0.jpg,f9adf89cab4589788995658e802d901a4dfd736a759a3cbcb223b2ac71bb5e7c,kaggle_card_license_unknown_review_before_redistribution
data/datasets/efficientnet_kaggle_v1/train/wound/3c5f4f0726214e0b.jpg,wound,train,data/raw/kaggle/ibrahimfateen_wound_classification/Wound_dataset copy/Venous Wounds/mirrored_91_1.jpg,3c5f4f0726214e0b83575dce72c7c295dbe6cf4cb7c1ad0e400178173a600d15,kaggle_card_license_unknown_review_before_redistribution
data/datasets/efficientnet_kaggle_v1/train/wound/9725e20d454d2ab6.jpg,wound,train,data/raw/kaggle/ibrahimfateen_wound_classification/Wound_dataset copy/Venous Wounds/mirrored_92_0.jpg,9725e20d454d2ab6926422a2f8698ad4d0f916dba64b6fb70bc4624d50335b45,kaggle_card_license_unknown_review_before_redistribution
data/datasets/efficientnet_kaggle_v1/test/wound/55690932142c24bd.jpg,wound,test,data/raw/kaggle/ibrahimfateen_wound_classification/Wound_dataset copy/Venous Wounds/mirrored_93_0.jpg,55690932142c24bd70dfb03fd4e5920d8f866dcdf526c5fdcc9e89ec32f1505a,kaggle_card_license_unknown_review_before_redistribution
data/datasets/efficientnet_kaggle_v1/train/wound/fe6ae918ee60e0e7.jpg,wound,train,data/raw/kaggle/ibrahimfateen_wound_classification/Wound_dataset copy/Venous Wounds/mirrored_94_0.jpg,fe6ae918ee60e0e72b0c029d10d09fbf9a057ca4c22fe73594a2f6b7f3c3ea55,kaggle_card_license_unknown_review_before_redistribution
data/datasets/efficientnet_kaggle_v1/train/wound/33f0db25f83508ec.jpg,wound,train,data/raw/kaggle/ibrahimfateen_wound_classification/Wound_dataset copy/Venous Wounds/mirrored_95_0.jpg,33f0db25f83508ec1cc25842b3f9d38927f0b468679dc5e3586ab2cba1ec8b71,kaggle_card_license_unknown_review_before_redistribution
data/datasets/efficientnet_kaggle_v1/train/wound/f6deecccc17d272a.jpg,wound,train,data/raw/kaggle/ibrahimfateen_wound_classification/Wound_dataset copy/Venous Wounds/mirrored_96_0.jpg,f6deecccc17d272ab3aad3a39d603288ca06ee16ae7fad68ec883925df2b1d14,kaggle_card_license_unknown_review_before_redistribution
data/datasets/efficientnet_kaggle_v1/val/wound/1f2a1ad585ffe2e9.jpg,wound,val,data/raw/kaggle/ibrahimfateen_wound_classification/Wound_dataset copy/Venous Wounds/mirrored_97_0.jpg,1f2a1ad585ffe2e947f17d1fb559b03e3342ddd8f314ab8a30d1216a14d19e08,kaggle_card_license_unknown_review_before_redistribution
data/datasets/efficientnet_kaggle_v1/train/wound/b2e2b591bc6a3fd0.jpg,wound,train,data/raw/kaggle/ibrahimfateen_wound_classification/Wound_dataset copy/Venous Wounds/mirrored_97_1.jpg,b2e2b591bc6a3fd02628a5ecefb44c0aa9979851a43d238c8f9dba60d252856d,kaggle_card_license_unknown_review_before_redistribution
data/datasets/efficientnet_kaggle_v1/train/wound/00727a53ef1d5645.jpg,wound,train,data/raw/kaggle/ibrahimfateen_wound_classification/Wound_dataset copy/Venous Wounds/mirrored_97_2.jpg,00727a53ef1d564583f123a8e56a3e3e5f8c3a3e287cddcda7941aa05f81fc6f,kaggle_card_license_unknown_review_before_redistribution
data/datasets/efficientnet_kaggle_v1/train/wound/aab5725be995a9cf.jpg,wound,train,data/raw/kaggle/ibrahimfateen_wound_classification/Wound_dataset copy/Venous Wounds/mirrored_98_0.jpg,aab5725be995a9cf9650ba0c8dbd5d70eb2cbcdb68124fa4f11bae14ac4b46d6,kaggle_card_license_unknown_review_before_redistribution
data/datasets/efficientnet_kaggle_v1/test/wound/5dda9ec9faf8c327.jpg,wound,test,data/raw/kaggle/ibrahimfateen_wound_classification/Wound_dataset copy/Venous Wounds/mirrored_98_1.jpg,5dda9ec9faf8c327c8df582198acabacde7ebf26611299bac11dca6f97d920e7,kaggle_card_license_unknown_review_before_redistribution
data/datasets/efficientnet_kaggle_v1/train/wound/db37e6c1c9e445e1.jpg,wound,train,data/raw/kaggle/ibrahimfateen_wound_classification/Wound_dataset copy/Venous Wounds/mirrored_99_0.jpg,db37e6c1c9e445e15204482882a97c5494faa469161bcbfeb157ff7714dae0d1,kaggle_card_license_unknown_review_before_redistribution
data/datasets/efficientnet_kaggle_v1/train/wound/beeedeb5152a9fed.jpg,wound,train,data/raw/kaggle/ibrahimfateen_wound_classification/Wound_dataset copy/Venous Wounds/mirrored_9_0.jpg,beeedeb5152a9fedb77ab93dc3235064ad23e80190ca7644495f309032e0e9ef,kaggle_card_license_unknown_review_before_redistribution
data/datasets/efficientnet_reject_v2/images/normal_azh_patches_00be2ad4736f6657b767683186615f3f_0007.png,normal,test,efficientnet_reject_v2_reuse,b79c00a7d288c5fdd7c54cd658ae6a39bde2fd8925400375775ca0d021125c72,reused_from_reject_v2
data/datasets/efficientnet_reject_v2/images/normal_azh_patches_03a29338d44c41efd1856034029cb9cb_0008.png,normal,test,efficientnet_reject_v2_reuse,9bd7e5d71d76ea30bc2bec387f3851b534409a2b98c123d717f07c03c5a1fb7b,reused_from_reject_v2
data/datasets/efficientnet_reject_v2/images/normal_azh_patches_1636f83a5221bc82ca5083fbe9dcaee5_0003.png,normal,test,efficientnet_reject_v2_reuse,f1963bb1eea1f2b0df56bad758cc0a742c068c295089153145a2e108335ff43a,reused_from_reject_v2
data/datasets/efficientnet_reject_v2/images/ood_reject_noise_10_024.png,ood_reject,test,efficientnet_reject_v2_reuse,197cc7aaebf8ad23a165e38e9f61a7afc4b3d4fd642473df2af1d95c60cc4e13,reused_from_reject_v2
data/datasets/efficientnet_reject_v2/images/ood_reject_noise_13_027.png,ood_reject,test,efficientnet_reject_v2_reuse,4f1adfe4693e2bedb2efb9655e3ba07299c8f8eb9e91baa65eb71fb57a1d3e69,reused_from_reject_v2
data/datasets/efficientnet_reject_v2/images/ood_reject_noise_21_035.png,ood_reject,test,efficientnet_reject_v2_reuse,499e1ba6caa1f11a1262398796c81ad9232a5f2eb4b03bf3d6dea8ddaf02b3d6,reused_from_reject_v2
data/datasets/efficientnet_reject_v2/images/ood_reject_noise_3_017.png,ood_reject,test,efficientnet_reject_v2_reuse,2d219522fc05c14dc8f4cb84149e7331be5ab84345be8e44c87e79fb3e4804a2,reused_from_reject_v2
data/datasets/efficientnet_reject_v2/images/ood_reject_noisy_gray_6_044.png,ood_reject,test,efficientnet_reject_v2_reuse,8c4470a7487f5c8aeb351d3c91703dc98e8cc53567adf5f163e9dc6301c4254e,reused_from_reject_v2
data/datasets/efficientnet_reject_v2/images/ood_reject_noisy_gray_7_045.png,ood_reject,test,efficientnet_reject_v2_reuse,28058198e0087900c1a16e283e13431c61c2bf20a609f45dd5c5af7b58dd1fb2,reused_from_reject_v2
data/datasets/efficientnet_reject_v2/images/normal_azh_patches_0020126b06a719c36fed196c2c71f2f0_0006.png,normal,train,efficientnet_reject_v2_reuse,1a9d845ad1a91c36e033e6c91a2610ae3db5eb0d416aecbe6865d81ca1801dd8,reused_from_reject_v2
data/datasets/efficientnet_reject_v2/images/normal_azh_patches_0272003ec882522e7bec012aac93cc26_0000.png,normal,train,efficientnet_reject_v2_reuse,9964cbe7a5c44e453d13d03b94b5ad97ba31a0db56670b0a30f01cfa1302cab0,reused_from_reject_v2
data/datasets/efficientnet_reject_v2/images/normal_azh_patches_045897ff55447150716a26960a3b8fd6_0009.png,normal,train,efficientnet_reject_v2_reuse,414e131f736947708d92ba53c9f68fd7bd302f99088824a666e62b4ab628ddaa,reused_from_reject_v2
data/datasets/efficientnet_reject_v2/images/normal_azh_patches_051d7c68ec44d127707d220a2f8a6c09_0010.png,normal,train,efficientnet_reject_v2_reuse,d7c3a283a3a2bed828693725244077f00fef034c02ba0179b999ec695ce7ab7f,reused_from_reject_v2
data/datasets/efficientnet_reject_v2/images/normal_azh_patches_0a5a3ada2bb75c4af2daf8e4726bf099_0001.png,normal,train,efficientnet_reject_v2_reuse,b4856551eda6c698ed2587fd80cf38f264298ed6e3e004127ef532c885847093,reused_from_reject_v2
data/datasets/efficientnet_reject_v2/images/normal_azh_patches_0e9585008d43fdf08d840064a49674f3_0002.png,normal,train,efficientnet_reject_v2_reuse,8af5ffc87fad65c103bfd783ed1deb8741bc999c60d533253e84ab1dc958231a,reused_from_reject_v2
data/datasets/efficientnet_reject_v2/images/normal_azh_patches_16489f399948a5dfc46c056f1d26da40_0011.png,normal,train,efficientnet_reject_v2_reuse,09b00140375f83e4f71597709e9033e38ec075c9fcbb424ad0e30a221af152cc,reused_from_reject_v2
data/datasets/efficientnet_reject_v2/images/normal_azh_patches_1c8e887ad6ec44f3c6cc91e88dd59f56_0004.png,normal,train,efficientnet_reject_v2_reuse,dfe8e5e39cf50be8e2a8d71ed890933bbd5d4531fc8f682d5fa9c10c7824d6f4,reused_from_reject_v2
data/datasets/efficientnet_reject_v2/images/normal_azh_patches_2664472bf2196368e9372077ad0fdbe2_0012.png,normal,train,efficientnet_reject_v2_reuse,0d0dda4ea0477dc59225c285307f6cf063b84366ce55b0d7623d51d56ef561a4,reused_from_reject_v2
data/datasets/efficientnet_reject_v2/images/normal_azh_patches_5c9c9b9e3f1d124c504365cda09afb24_0014.png,normal,train,efficientnet_reject_v2_reuse,80e3448f072e4ab8cd6d570ce025e86d0dbf8885c606919dee77562d76c5e10b,reused_from_reject_v2
data/datasets/efficientnet_reject_v2/images/normal_azh_patches_7c2b933bc1a51ded68a617a410335e25_0015.png,normal,train,efficientnet_reject_v2_reuse,247c3fd249b8d04c0ed86c0ab1754b916cc9b15cdbd4ff52c82447c7d53e78c3,reused_from_reject_v2
data/datasets/efficientnet_reject_v2/images/normal_azh_patches_f46434c267bc392570aa9c71be351fe8_0005.png,normal,train,efficientnet_reject_v2_reuse,756bcdd5dcc2f2283de30b061bd77e86d416335de077fc58e2ea77f753bed70f,reused_from_reject_v2
data/datasets/efficientnet_reject_v2/images/ood_reject_blue_011.png,ood_reject,train,efficientnet_reject_v2_reuse,c138bebc730a0bb9af6efb854d2d1a7fc84d47a70fccae0f79c2c7e255ccb967,reused_from_reject_v2
data/datasets/efficientnet_reject_v2/images/ood_reject_green_012.png,ood_reject,train,efficientnet_reject_v2_reuse,0dccaab641a0459c70cd5fd178ca6c79e708d3b3ce95942a4346107dc622ba2e,reused_from_reject_v2
data/datasets/efficientnet_reject_v2/images/ood_reject_green_gradient_046.png,ood_reject,train,efficientnet_reject_v2_reuse,0ba21b40e37926aedbe611bac3ca9fd580574a3d4bb26f0ba461807179ef7c4e,reused_from_reject_v2
data/datasets/efficientnet_reject_v2/images/ood_reject_noise_0_014.png,ood_reject,train,efficientnet_reject_v2_reuse,5e21804af5bf3efeca16fa1b3dbd1944bb6c50a45c282987f5d063690266bbc0,reused_from_reject_v2
data/datasets/efficientnet_reject_v2/images/ood_reject_noise_12_026.png,ood_reject,train,efficientnet_reject_v2_reuse,bfaab41b705b374151305fc4f3dc8e285112f0aea79d6104fb1e4988c9f7d2b4,reused_from_reject_v2
data/datasets/efficientnet_reject_v2/images/ood_reject_noise_14_028.png,ood_reject,train,efficientnet_reject_v2_reuse,d236b1205a8d5eebf1748118c13b1576f651387331912e9f1a777e928de07152,reused_from_reject_v2
data/datasets/efficientnet_reject_v2/images/ood_reject_noise_16_030.png,ood_reject,train,efficientnet_reject_v2_reuse,a01a8ef34d0a7901425342378fdaeac64f04634d3b66198286583178f5aa3457,reused_from_reject_v2
data/datasets/efficientnet_reject_v2/images/ood_reject_noise_17_031.png,ood_reject,train,efficientnet_reject_v2_reuse,cd99f658338fafb34176178660818378b7ff09ba681dc40e96385ee42c6fe3dc,reused_from_reject_v2
data/datasets/efficientnet_reject_v2/images/ood_reject_noise_18_032.png,ood_reject,train,efficientnet_reject_v2_reuse,1c39ae86d5554d8a622eb1574e28ff4464cac0ba33141ba7431113374c6374f1,reused_from_reject_v2
data/datasets/efficientnet_reject_v2/images/ood_reject_noise_19_033.png,ood_reject,train,efficientnet_reject_v2_reuse,957c009cf92f6ad3b478b87767a51590c63c2c613daff03c8517ac03a233570a,reused_from_reject_v2
data/datasets/efficientnet_reject_v2/images/ood_reject_noise_1_015.png,ood_reject,train,efficientnet_reject_v2_reuse,9941a1d1291963cb913425a05fe702396dbffe6f29ae7e07b92d3933c5e417dd,reused_from_reject_v2
data/datasets/efficientnet_reject_v2/images/ood_reject_noise_20_034.png,ood_reject,train,efficientnet_reject_v2_reuse,0ebbaac2f21a2e62d677237ea2c64b776b2303a220b91111dc8d5a677a90ef2b,reused_from_reject_v2
data/datasets/efficientnet_reject_v2/images/ood_reject_noise_22_036.png,ood_reject,train,efficientnet_reject_v2_reuse,ec982a7d6261ee1f0e9d7eb785cb597cbc97bf2e52736454b6014394bc8f97a2,reused_from_reject_v2
data/datasets/efficientnet_reject_v2/images/ood_reject_noise_23_037.png,ood_reject,train,efficientnet_reject_v2_reuse,410ba6af9f2ef03fad85ce680463ab268407cd8195db27e4cd54a1e9d5adf857,reused_from_reject_v2
data/datasets/efficientnet_reject_v2/images/ood_reject_noise_4_018.png,ood_reject,train,efficientnet_reject_v2_reuse,ca0e97153ac8c508b039b696cb8898450f0ee72b1acc13adc30b693e829db090,reused_from_reject_v2
data/datasets/efficientnet_reject_v2/images/ood_reject_noise_5_019.png,ood_reject,train,efficientnet_reject_v2_reuse,d164517e3fff5caf7069073cb0f8e6b385fc8d15b44b62091f6320e3b82392df,reused_from_reject_v2
data/datasets/efficientnet_reject_v2/images/ood_reject_noise_6_020.png,ood_reject,train,efficientnet_reject_v2_reuse,455e30d8c7fb9a8f56dddb15f5e419bf102401cdddb8133ab511dfb16258746a,reused_from_reject_v2
data/datasets/efficientnet_reject_v2/images/ood_reject_noise_7_021.png,ood_reject,train,efficientnet_reject_v2_reuse,fec210ef53a62baec55f77d8530cbc596a4cece5df5d914455a028bb6a3746c0,reused_from_reject_v2
data/datasets/efficientnet_reject_v2/images/ood_reject_noise_8_022.png,ood_reject,train,efficientnet_reject_v2_reuse,efced641c36fd839246fe7d7245ec643de913f3847bfbd2a3e66b756ec7ba850,reused_from_reject_v2
data/datasets/efficientnet_reject_v2/images/ood_reject_noisy_gray_0_038.png,ood_reject,train,efficientnet_reject_v2_reuse,98ce659f61b4bb7bead1ec64e7e5a746900843b56dddc074a680db85504744fa,reused_from_reject_v2
data/datasets/efficientnet_reject_v2/images/ood_reject_noisy_gray_1_039.png,ood_reject,train,efficientnet_reject_v2_reuse,55cc9af675cab96782292d9da098744cf5a9bda3f194ab20b217c1f23c03077f,reused_from_reject_v2
data/datasets/efficientnet_reject_v2/images/ood_reject_noisy_gray_2_040.png,ood_reject,train,efficientnet_reject_v2_reuse,c75ca5aae8e5ded7deba699b7c20f6e40991992d0acb0826e52c712c5eca84f2,reused_from_reject_v2
data/datasets/efficientnet_reject_v2/images/ood_reject_noisy_gray_4_042.png,ood_reject,train,efficientnet_reject_v2_reuse,e202b99acc05b62099cdc306594e9b3d858f1261c483ef7f463269c7fa15f6f7,reused_from_reject_v2
data/datasets/efficientnet_reject_v2/images/ood_reject_noisy_gray_5_043.png,ood_reject,train,efficientnet_reject_v2_reuse,cec38a4ebdea50daa013f2695a54840e904ccae2687e51c354f256be28b6ccc0,reused_from_reject_v2
data/datasets/efficientnet_reject_v2/images/ood_reject_red_013.png,ood_reject,train,efficientnet_reject_v2_reuse,b555e6996b74778ec65885936f5ba0ada374e39f0f3cffc691a45b26c548b312,reused_from_reject_v2
data/datasets/efficientnet_reject_v2/images/normal_azh_patches_3ffb36f9bb2cafacf396c327f4df1cfc_0013.png,normal,val,efficientnet_reject_v2_reuse,16300698375efd364996ac1f5156e2b6c567a108c6c074f9fb65197cae8ea85d,reused_from_reject_v2
data/datasets/efficientnet_reject_v2/images/normal_azh_patches_7cfe36aa0005e72da7025dbc0a9f891b_0016.png,normal,val,efficientnet_reject_v2_reuse,ce29585373b746dcdac7c66e74e0d10876eead6eec38c2509c036e8df44bf633,reused_from_reject_v2
data/datasets/efficientnet_reject_v2/images/normal_azh_patches_e68502402f187ab793e1d417ca28eddc_0017.png,normal,val,efficientnet_reject_v2_reuse,52a18a4257abf39ebf7c1c418b1d4a754bcd0d24796ed57020479ace0f60e245,reused_from_reject_v2
data/datasets/efficientnet_reject_v2/images/ood_reject_gray_000.png,ood_reject,val,efficientnet_reject_v2_reuse,68445da152a95b73515db5a725340d88e0753617b0066c3ca7f520fa214962c1,reused_from_reject_v2
data/datasets/efficientnet_reject_v2/images/ood_reject_gray_001.png,ood_reject,val,efficientnet_reject_v2_reuse,6891ee798e8c8d877a716a121ca8e4281d750664eb760dd32852ac871b801c11,reused_from_reject_v2
data/datasets/efficientnet_reject_v2/images/ood_reject_gray_002.png,ood_reject,val,efficientnet_reject_v2_reuse,6fc04fc8c2f6f22c3fbc64b9202839f7ce5449e7862beeb3e20be4a9d7a33d12,reused_from_reject_v2
data/datasets/efficientnet_reject_v2/images/ood_reject_gray_003.png,ood_reject,val,efficientnet_reject_v2_reuse,7f1fdbc2b2f826d3c078823f3475437ad3156ba58be02fa9db7b0e681cf66171,reused_from_reject_v2
data/datasets/efficientnet_reject_v2/images/ood_reject_gray_004.png,ood_reject,val,efficientnet_reject_v2_reuse,9c008645ac0bfb550716b01c72cffdf83d8e25b4071cda256f63af5ecc2add34,reused_from_reject_v2
data/datasets/efficientnet_reject_v2/images/ood_reject_gray_005.png,ood_reject,val,efficientnet_reject_v2_reuse,4a6ad4107de6cf7574ba6ba5dba229f3787ea00f24c382253641c32cbe1bb3a2,reused_from_reject_v2
data/datasets/efficientnet_reject_v2/images/ood_reject_gray_006.png,ood_reject,val,efficientnet_reject_v2_reuse,0b74322a6e3ff2d50ace9b52f9f4c5f925e75c5c5f324cb1e510cf98036c1754,reused_from_reject_v2
data/datasets/efficientnet_reject_v2/images/ood_reject_gray_007.png,ood_reject,val,efficientnet_reject_v2_reuse,06dd4abe532b6487fa0e68568a56484fb5b613d1de16cca360662348fab45a8e,reused_from_reject_v2
data/datasets/efficientnet_reject_v2/images/ood_reject_gray_008.png,ood_reject,val,efficientnet_reject_v2_reuse,155bde26004e84abb5d847913c172d6c3dd074e80b733d88b22353c0fb1eb676,reused_from_reject_v2
data/datasets/efficientnet_reject_v2/images/ood_reject_noise_11_025.png,ood_reject,val,efficientnet_reject_v2_reuse,3dc2f072a1b221d2dc5a925f2fdf58806dcf836914c16b439f385c7cae0406dc,reused_from_reject_v2
data/datasets/efficientnet_reject_v2/images/ood_reject_noise_15_029.png,ood_reject,val,efficientnet_reject_v2_reuse,3f68eb8b43b9eba2cf2f65b0d9453d93fbbce44ea9a853b687b96d03ded4fdbe,reused_from_reject_v2
data/datasets/efficientnet_reject_v2/images/ood_reject_noise_2_016.png,ood_reject,val,efficientnet_reject_v2_reuse,5665ff3ceb07d347f17f31516f5d1173670792c5139e6821f8c12d54996dcda9,reused_from_reject_v2
data/datasets/efficientnet_reject_v2/images/ood_reject_noise_9_023.png,ood_reject,val,efficientnet_reject_v2_reuse,343655b70ec987feeeffec8b3d9eba8959f2d45c7ab56634305344ecdc927f7c,reused_from_reject_v2
data/datasets/efficientnet_reject_v2/images/ood_reject_noisy_gray_3_041.png,ood_reject,val,efficientnet_reject_v2_reuse,7de18f8e8fcaa544adb314296fec523275bdb5677015223c57f7797ebbe3ff51,reused_from_reject_v2
