sample_id,split,subject_id,dest_image,dest_label,source_dataset,source_path,provenance,pixel_sha256,n_boxes,class_ids
legacy_raw_synthetic_wound__syn_wound_0185,test,drawing:raw_synthetic_wound__syn_wound_0185,data/datasets/yolo_wound_boxes_v1/images/test/legacy_raw_synthetic_wound__syn_wound_0185.jpg,data/datasets/yolo_wound_boxes_v1/labels/test/legacy_raw_synthetic_wound__syn_wound_0185.txt,yolo_retrain_v2,data/datasets/yolo_retrain_v2/images/test/raw_synthetic_wound__syn_wound_0185.jpg,SYNTHETIC,6611663f63c8679d808cf3e04ca451a678951e2e3cbd9db31f9e6bc87336144f,1,1
legacy_raw_synthetic_wound__syn_wound_0186,train,drawing:raw_synthetic_wound__syn_wound_0186,data/datasets/yolo_wound_boxes_v1/images/train/legacy_raw_synthetic_wound__syn_wound_0186.jpg,data/datasets/yolo_wound_boxes_v1/labels/train/legacy_raw_synthetic_wound__syn_wound_0186.txt,yolo_retrain_v2,data/datasets/yolo_retrain_v2/images/test/raw_synthetic_wound__syn_wound_0186.jpg,SYNTHETIC,41773ba80a58ee6c4b661b03c32d8b8432edc2a3e133c5df873b7487f7014add,1,0
legacy_raw_synthetic_wound__syn_wound_0187,train,drawing:raw_synthetic_wound__syn_wound_0187,data/datasets/yolo_wound_boxes_v1/images/train/legacy_raw_synthetic_wound__syn_wound_0187.jpg,data/datasets/yolo_wound_boxes_v1/labels/train/legacy_raw_synthetic_wound__syn_wound_0187.txt,yolo_retrain_v2,data/datasets/yolo_retrain_v2/images/test/raw_synthetic_wound__syn_wound_0187.jpg,SYNTHETIC,311c4b2e5aa98b75198bb4bbc891f3b9ec87254e28bcb9b35717d8da0fc52461,1,0
legacy_raw_synthetic_wound__syn_wound_0189,train,drawing:raw_synthetic_wound__syn_wound_0189,data/datasets/yolo_wound_boxes_v1/images/train/legacy_raw_synthetic_wound__syn_wound_0189.jpg,data/datasets/yolo_wound_boxes_v1/labels/train/legacy_raw_synthetic_wound__syn_wound_0189.txt,yolo_retrain_v2,data/datasets/yolo_retrain_v2/images/test/raw_synthetic_wound__syn_wound_0189.jpg,SYNTHETIC,aafe3b2a05de215ba9b83e107dfcef362f108f86712697f3db5058f6be871ced,1,1
legacy_raw_synthetic_wound__syn_wound_0195,train,drawing:raw_synthetic_wound__syn_wound_0195,data/datasets/yolo_wound_boxes_v1/images/train/legacy_raw_synthetic_wound__syn_wound_0195.jpg,data/datasets/yolo_wound_boxes_v1/labels/train/legacy_raw_synthetic_wound__syn_wound_0195.txt,yolo_retrain_v2,data/datasets/yolo_retrain_v2/images/test/raw_synthetic_wound__syn_wound_0195.jpg,SYNTHETIC,713e21fe7a098c0170304502e7289c20ba2547f5a30340140e98f90b56c1a09c,1,1
legacy_raw_synthetic_wound__syn_wound_0199,train,drawing:raw_synthetic_wound__syn_wound_0199,data/datasets/yolo_wound_boxes_v1/images/train/legacy_raw_synthetic_wound__syn_wound_0199.jpg,data/datasets/yolo_wound_boxes_v1/labels/train/legacy_raw_synthetic_wound__syn_wound_0199.txt,yolo_retrain_v2,data/datasets/yolo_retrain_v2/images/test/raw_synthetic_wound__syn_wound_0199.jpg,SYNTHETIC,0260db7d6421469444df650e19787fa966498b736e090512075c30ac59e9fee6,1,0
legacy_raw_synthetic_wound__syn_wound_0200,test,drawing:raw_synthetic_wound__syn_wound_0200,data/datasets/yolo_wound_boxes_v1/images/test/legacy_raw_synthetic_wound__syn_wound_0200.jpg,data/datasets/yolo_wound_boxes_v1/labels/test/legacy_raw_synthetic_wound__syn_wound_0200.txt,yolo_retrain_v2,data/datasets/yolo_retrain_v2/images/test/raw_synthetic_wound__syn_wound_0200.jpg,SYNTHETIC,e2f3bfd429480ed5cc17463925d9df218b8b4662f1faac17901b1251b9cd08cc,1,0
legacy_raw_synthetic_wound__syn_wound_0202,val,drawing:raw_synthetic_wound__syn_wound_0202,data/datasets/yolo_wound_boxes_v1/images/val/legacy_raw_synthetic_wound__syn_wound_0202.jpg,data/datasets/yolo_wound_boxes_v1/labels/val/legacy_raw_synthetic_wound__syn_wound_0202.txt,yolo_retrain_v2,data/datasets/yolo_retrain_v2/images/test/raw_synthetic_wound__syn_wound_0202.jpg,SYNTHETIC,b6cd253278e1f1391871f0e1df5f731c927e1caec12acf24bca9037c8c2604fd,1,0
legacy_raw_synthetic_wound__syn_wound_0206,train,drawing:raw_synthetic_wound__syn_wound_0206,data/datasets/yolo_wound_boxes_v1/images/train/legacy_raw_synthetic_wound__syn_wound_0206.jpg,data/datasets/yolo_wound_boxes_v1/labels/train/legacy_raw_synthetic_wound__syn_wound_0206.txt,yolo_retrain_v2,data/datasets/yolo_retrain_v2/images/test/raw_synthetic_wound__syn_wound_0206.jpg,SYNTHETIC,1d9af1ea5d22032e74242cd1283124ab4b207c203e3b2b2343f25f2b6895e1bc,1,1
legacy_raw_synthetic_wound__syn_wound_0207,train,drawing:raw_synthetic_wound__syn_wound_0207,data/datasets/yolo_wound_boxes_v1/images/train/legacy_raw_synthetic_wound__syn_wound_0207.jpg,data/datasets/yolo_wound_boxes_v1/labels/train/legacy_raw_synthetic_wound__syn_wound_0207.txt,yolo_retrain_v2,data/datasets/yolo_retrain_v2/images/test/raw_synthetic_wound__syn_wound_0207.jpg,SYNTHETIC,05aba1b7848518b5169bd147df5027b8196162f92d030c20cc2229ab83fd08ea,1,1
legacy_raw_synthetic_wound__syn_wound_0208,train,drawing:raw_synthetic_wound__syn_wound_0208,data/datasets/yolo_wound_boxes_v1/images/train/legacy_raw_synthetic_wound__syn_wound_0208.jpg,data/datasets/yolo_wound_boxes_v1/labels/train/legacy_raw_synthetic_wound__syn_wound_0208.txt,yolo_retrain_v2,data/datasets/yolo_retrain_v2/images/test/raw_synthetic_wound__syn_wound_0208.jpg,SYNTHETIC,4692bd9a0fea511b4f37be098ca0395e401c486622b74176d55253dc08df5cb8,1,1
legacy_raw_synthetic_wound__syn_wound_0211,train,drawing:raw_synthetic_wound__syn_wound_0211,data/datasets/yolo_wound_boxes_v1/images/train/legacy_raw_synthetic_wound__syn_wound_0211.jpg,data/datasets/yolo_wound_boxes_v1/labels/train/legacy_raw_synthetic_wound__syn_wound_0211.txt,yolo_retrain_v2,data/datasets/yolo_retrain_v2/images/test/raw_synthetic_wound__syn_wound_0211.jpg,SYNTHETIC,a676dfeae7aaf7f6ac947305ed4dfd13394d1870af7c360018311d93f66321a3,1,0
legacy_raw_synthetic_wound__syn_wound_0213,train,drawing:raw_synthetic_wound__syn_wound_0213,data/datasets/yolo_wound_boxes_v1/images/train/legacy_raw_synthetic_wound__syn_wound_0213.jpg,data/datasets/yolo_wound_boxes_v1/labels/train/legacy_raw_synthetic_wound__syn_wound_0213.txt,yolo_retrain_v2,data/datasets/yolo_retrain_v2/images/test/raw_synthetic_wound__syn_wound_0213.jpg,SYNTHETIC,921f43a5959736f3c052af0ada0c277d465a1d805e64fd2a7747f677055c86f3,1,0
legacy_raw_synthetic_wound__syn_wound_0216,test,drawing:raw_synthetic_wound__syn_wound_0216,data/datasets/yolo_wound_boxes_v1/images/test/legacy_raw_synthetic_wound__syn_wound_0216.jpg,data/datasets/yolo_wound_boxes_v1/labels/test/legacy_raw_synthetic_wound__syn_wound_0216.txt,yolo_retrain_v2,data/datasets/yolo_retrain_v2/images/test/raw_synthetic_wound__syn_wound_0216.jpg,SYNTHETIC,f5dfdeaf11980dbe2ab8c21db482087de465c06b73adf5211068993ca2896442,1,1
legacy_raw_synthetic_wound__syn_wound_0218,train,drawing:raw_synthetic_wound__syn_wound_0218,data/datasets/yolo_wound_boxes_v1/images/train/legacy_raw_synthetic_wound__syn_wound_0218.jpg,data/datasets/yolo_wound_boxes_v1/labels/train/legacy_raw_synthetic_wound__syn_wound_0218.txt,yolo_retrain_v2,data/datasets/yolo_retrain_v2/images/test/raw_synthetic_wound__syn_wound_0218.jpg,SYNTHETIC,af89df1907e354b95de0c09fc268ce623ab011305f4e80fd0217a3cfb264d4a5,1,1
legacy_raw_synthetic_wound__syn_wound_0219,train,drawing:raw_synthetic_wound__syn_wound_0219,data/datasets/yolo_wound_boxes_v1/images/train/legacy_raw_synthetic_wound__syn_wound_0219.jpg,data/datasets/yolo_wound_boxes_v1/labels/train/legacy_raw_synthetic_wound__syn_wound_0219.txt,yolo_retrain_v2,data/datasets/yolo_retrain_v2/images/test/raw_synthetic_wound__syn_wound_0219.jpg,SYNTHETIC,18f3c9bf3a4661ae7f556170b85aae83221e79d5881a1384647021b520250941,1,1
legacy_raw_synthetic_wound__syn_wound_0001,test,drawing:raw_synthetic_wound__syn_wound_0001,data/datasets/yolo_wound_boxes_v1/images/test/legacy_raw_synthetic_wound__syn_wound_0001.jpg,data/datasets/yolo_wound_boxes_v1/labels/test/legacy_raw_synthetic_wound__syn_wound_0001.txt,yolo_retrain_v2,data/datasets/yolo_retrain_v2/images/train/raw_synthetic_wound__syn_wound_0001.jpg,SYNTHETIC,bd773b45fe4e5c167863263c66a45d2eab6ca9a64eb7420a64837c2ee3e7fd51,1,1
legacy_raw_synthetic_wound__syn_wound_0004,train,drawing:raw_synthetic_wound__syn_wound_0004,data/datasets/yolo_wound_boxes_v1/images/train/legacy_raw_synthetic_wound__syn_wound_0004.jpg,data/datasets/yolo_wound_boxes_v1/labels/train/legacy_raw_synthetic_wound__syn_wound_0004.txt,yolo_retrain_v2,data/datasets/yolo_retrain_v2/images/train/raw_synthetic_wound__syn_wound_0004.jpg,SYNTHETIC,c33141291e1768f503b9e2fe7a06b48cf14e8e562b599ec2a7186d7facfc0d4c,1,0
legacy_raw_synthetic_wound__syn_wound_0005,train,drawing:raw_synthetic_wound__syn_wound_0005,data/datasets/yolo_wound_boxes_v1/images/train/legacy_raw_synthetic_wound__syn_wound_0005.jpg,data/datasets/yolo_wound_boxes_v1/labels/train/legacy_raw_synthetic_wound__syn_wound_0005.txt,yolo_retrain_v2,data/datasets/yolo_retrain_v2/images/train/raw_synthetic_wound__syn_wound_0005.jpg,SYNTHETIC,fe3afd7ec0b85042da1c11f2985f1f6fcbd99851aea29c6e872819db08dab1ed,1,1
legacy_raw_synthetic_wound__syn_wound_0006,val,drawing:raw_synthetic_wound__syn_wound_0006,data/datasets/yolo_wound_boxes_v1/images/val/legacy_raw_synthetic_wound__syn_wound_0006.jpg,data/datasets/yolo_wound_boxes_v1/labels/val/legacy_raw_synthetic_wound__syn_wound_0006.txt,yolo_retrain_v2,data/datasets/yolo_retrain_v2/images/train/raw_synthetic_wound__syn_wound_0006.jpg,SYNTHETIC,277714de5ed0995331109d02b7eb27a9f8a2a9ced8943590c1de89fbaa0a49e0,1,0
legacy_raw_synthetic_wound__syn_wound_0007,train,drawing:raw_synthetic_wound__syn_wound_0007,data/datasets/yolo_wound_boxes_v1/images/train/legacy_raw_synthetic_wound__syn_wound_0007.jpg,data/datasets/yolo_wound_boxes_v1/labels/train/legacy_raw_synthetic_wound__syn_wound_0007.txt,yolo_retrain_v2,data/datasets/yolo_retrain_v2/images/train/raw_synthetic_wound__syn_wound_0007.jpg,SYNTHETIC,6a909cf3749b2d12ef8cc7083d708811e978cf3fd78d380a940f9be622ddd58d,1,1
legacy_raw_synthetic_wound__syn_wound_0008,test,drawing:raw_synthetic_wound__syn_wound_0008,data/datasets/yolo_wound_boxes_v1/images/test/legacy_raw_synthetic_wound__syn_wound_0008.jpg,data/datasets/yolo_wound_boxes_v1/labels/test/legacy_raw_synthetic_wound__syn_wound_0008.txt,yolo_retrain_v2,data/datasets/yolo_retrain_v2/images/train/raw_synthetic_wound__syn_wound_0008.jpg,SYNTHETIC,ff7af743d0632bfc6b83e790379c882ce5a7882dcb4aa927f4d70b907284912e,1,1
legacy_raw_synthetic_wound__syn_wound_0011,train,drawing:raw_synthetic_wound__syn_wound_0011,data/datasets/yolo_wound_boxes_v1/images/train/legacy_raw_synthetic_wound__syn_wound_0011.jpg,data/datasets/yolo_wound_boxes_v1/labels/train/legacy_raw_synthetic_wound__syn_wound_0011.txt,yolo_retrain_v2,data/datasets/yolo_retrain_v2/images/train/raw_synthetic_wound__syn_wound_0011.jpg,SYNTHETIC,a6400be4ade86ca20dcb216fb118facb0aaffa1f41e9a6117936661225551eba,1,0
legacy_raw_synthetic_wound__syn_wound_0012,val,drawing:raw_synthetic_wound__syn_wound_0012,data/datasets/yolo_wound_boxes_v1/images/val/legacy_raw_synthetic_wound__syn_wound_0012.jpg,data/datasets/yolo_wound_boxes_v1/labels/val/legacy_raw_synthetic_wound__syn_wound_0012.txt,yolo_retrain_v2,data/datasets/yolo_retrain_v2/images/train/raw_synthetic_wound__syn_wound_0012.jpg,SYNTHETIC,9b6ccf23860a926d4babfa9d1c9e20c120d96bf9581d4acbf816c21eea1a155f,1,1
legacy_raw_synthetic_wound__syn_wound_0016,train,drawing:raw_synthetic_wound__syn_wound_0016,data/datasets/yolo_wound_boxes_v1/images/train/legacy_raw_synthetic_wound__syn_wound_0016.jpg,data/datasets/yolo_wound_boxes_v1/labels/train/legacy_raw_synthetic_wound__syn_wound_0016.txt,yolo_retrain_v2,data/datasets/yolo_retrain_v2/images/train/raw_synthetic_wound__syn_wound_0016.jpg,SYNTHETIC,918c8a0fca7f51b149be09ffa4632d0543e88ea7c9a0ceeab3e97240fdd6251c,1,0
legacy_raw_synthetic_wound__syn_wound_0017,train,drawing:raw_synthetic_wound__syn_wound_0017,data/datasets/yolo_wound_boxes_v1/images/train/legacy_raw_synthetic_wound__syn_wound_0017.jpg,data/datasets/yolo_wound_boxes_v1/labels/train/legacy_raw_synthetic_wound__syn_wound_0017.txt,yolo_retrain_v2,data/datasets/yolo_retrain_v2/images/train/raw_synthetic_wound__syn_wound_0017.jpg,SYNTHETIC,35778770cbee75a6e9f64bd9087296679d3b6611d2e2d02100c7cd38c6ddcf38,1,1
legacy_raw_synthetic_wound__syn_wound_0018,train,drawing:raw_synthetic_wound__syn_wound_0018,data/datasets/yolo_wound_boxes_v1/images/train/legacy_raw_synthetic_wound__syn_wound_0018.jpg,data/datasets/yolo_wound_boxes_v1/labels/train/legacy_raw_synthetic_wound__syn_wound_0018.txt,yolo_retrain_v2,data/datasets/yolo_retrain_v2/images/train/raw_synthetic_wound__syn_wound_0018.jpg,SYNTHETIC,f7602ae01c1b22d3bc57bb83551d56c36744362e6268c75aaae745c604ddc529,1,0
legacy_raw_synthetic_wound__syn_wound_0020,train,drawing:raw_synthetic_wound__syn_wound_0020,data/datasets/yolo_wound_boxes_v1/images/train/legacy_raw_synthetic_wound__syn_wound_0020.jpg,data/datasets/yolo_wound_boxes_v1/labels/train/legacy_raw_synthetic_wound__syn_wound_0020.txt,yolo_retrain_v2,data/datasets/yolo_retrain_v2/images/train/raw_synthetic_wound__syn_wound_0020.jpg,SYNTHETIC,19957e89f860be0290b3f789883c1c4357936a6cff62e45d5b39b2772fd13a60,1,1
legacy_raw_synthetic_wound__syn_wound_0023,train,drawing:raw_synthetic_wound__syn_wound_0023,data/datasets/yolo_wound_boxes_v1/images/train/legacy_raw_synthetic_wound__syn_wound_0023.jpg,data/datasets/yolo_wound_boxes_v1/labels/train/legacy_raw_synthetic_wound__syn_wound_0023.txt,yolo_retrain_v2,data/datasets/yolo_retrain_v2/images/train/raw_synthetic_wound__syn_wound_0023.jpg,SYNTHETIC,dca6bf88146600b7120b7828b22e574b4e3bebe247d4b2e0ab99a4622160a3c8,1,1
legacy_raw_synthetic_wound__syn_wound_0024,train,drawing:raw_synthetic_wound__syn_wound_0024,data/datasets/yolo_wound_boxes_v1/images/train/legacy_raw_synthetic_wound__syn_wound_0024.jpg,data/datasets/yolo_wound_boxes_v1/labels/train/legacy_raw_synthetic_wound__syn_wound_0024.txt,yolo_retrain_v2,data/datasets/yolo_retrain_v2/images/train/raw_synthetic_wound__syn_wound_0024.jpg,SYNTHETIC,a6b8c66b9cae73974d9d2c1af75dc027f3d8cea80ae4bf0b8dd4672c49665109,1,0
legacy_raw_synthetic_wound__syn_wound_0027,train,drawing:raw_synthetic_wound__syn_wound_0027,data/datasets/yolo_wound_boxes_v1/images/train/legacy_raw_synthetic_wound__syn_wound_0027.jpg,data/datasets/yolo_wound_boxes_v1/labels/train/legacy_raw_synthetic_wound__syn_wound_0027.txt,yolo_retrain_v2,data/datasets/yolo_retrain_v2/images/train/raw_synthetic_wound__syn_wound_0027.jpg,SYNTHETIC,16df5da17808b93118b40c2908dd16bf0da90f202554ac487493d590da015925,1,1
legacy_raw_synthetic_wound__syn_wound_0028,train,drawing:raw_synthetic_wound__syn_wound_0028,data/datasets/yolo_wound_boxes_v1/images/train/legacy_raw_synthetic_wound__syn_wound_0028.jpg,data/datasets/yolo_wound_boxes_v1/labels/train/legacy_raw_synthetic_wound__syn_wound_0028.txt,yolo_retrain_v2,data/datasets/yolo_retrain_v2/images/train/raw_synthetic_wound__syn_wound_0028.jpg,SYNTHETIC,bd8ce6389ca27f4250f97bd3075ba91c72c7b578614a4fd39a8cf1433300db56,1,1
legacy_raw_synthetic_wound__syn_wound_0029,train,drawing:raw_synthetic_wound__syn_wound_0029,data/datasets/yolo_wound_boxes_v1/images/train/legacy_raw_synthetic_wound__syn_wound_0029.jpg,data/datasets/yolo_wound_boxes_v1/labels/train/legacy_raw_synthetic_wound__syn_wound_0029.txt,yolo_retrain_v2,data/datasets/yolo_retrain_v2/images/train/raw_synthetic_wound__syn_wound_0029.jpg,SYNTHETIC,f46fe43dcbbb30707ae99bc3a025b1c3fee6f3b358cf68a9a2056bbf07b9aebd,1,1
legacy_raw_synthetic_wound__syn_wound_0030,train,drawing:raw_synthetic_wound__syn_wound_0030,data/datasets/yolo_wound_boxes_v1/images/train/legacy_raw_synthetic_wound__syn_wound_0030.jpg,data/datasets/yolo_wound_boxes_v1/labels/train/legacy_raw_synthetic_wound__syn_wound_0030.txt,yolo_retrain_v2,data/datasets/yolo_retrain_v2/images/train/raw_synthetic_wound__syn_wound_0030.jpg,SYNTHETIC,db76567577e831aef50b64182ed67873d0d375512cdac752a022b64cea3cefed,1,0
legacy_raw_synthetic_wound__syn_wound_0032,train,drawing:raw_synthetic_wound__syn_wound_0032,data/datasets/yolo_wound_boxes_v1/images/train/legacy_raw_synthetic_wound__syn_wound_0032.jpg,data/datasets/yolo_wound_boxes_v1/labels/train/legacy_raw_synthetic_wound__syn_wound_0032.txt,yolo_retrain_v2,data/datasets/yolo_retrain_v2/images/train/raw_synthetic_wound__syn_wound_0032.jpg,SYNTHETIC,40006e9f326e45ce986f68dd916331be2ad81c0d55edce05bd3b764a3a7a8b1b,1,0
legacy_raw_synthetic_wound__syn_wound_0033,val,drawing:raw_synthetic_wound__syn_wound_0033,data/datasets/yolo_wound_boxes_v1/images/val/legacy_raw_synthetic_wound__syn_wound_0033.jpg,data/datasets/yolo_wound_boxes_v1/labels/val/legacy_raw_synthetic_wound__syn_wound_0033.txt,yolo_retrain_v2,data/datasets/yolo_retrain_v2/images/train/raw_synthetic_wound__syn_wound_0033.jpg,SYNTHETIC,b4c3a1cf3c534e2deaf245133fbc1d5bf9352c481770a1b83b0c5f040ae608ed,1,0
legacy_raw_synthetic_wound__syn_wound_0034,train,drawing:raw_synthetic_wound__syn_wound_0034,data/datasets/yolo_wound_boxes_v1/images/train/legacy_raw_synthetic_wound__syn_wound_0034.jpg,data/datasets/yolo_wound_boxes_v1/labels/train/legacy_raw_synthetic_wound__syn_wound_0034.txt,yolo_retrain_v2,data/datasets/yolo_retrain_v2/images/train/raw_synthetic_wound__syn_wound_0034.jpg,SYNTHETIC,ea0a2241645f7b9bc27bae74f12e5b4cc97d39743ef6ffdd091bff7c7c21eb08,1,0
legacy_raw_synthetic_wound__syn_wound_0037,train,drawing:raw_synthetic_wound__syn_wound_0037,data/datasets/yolo_wound_boxes_v1/images/train/legacy_raw_synthetic_wound__syn_wound_0037.jpg,data/datasets/yolo_wound_boxes_v1/labels/train/legacy_raw_synthetic_wound__syn_wound_0037.txt,yolo_retrain_v2,data/datasets/yolo_retrain_v2/images/train/raw_synthetic_wound__syn_wound_0037.jpg,SYNTHETIC,c69af37313f44f89e471e11d41d6044f87d5e709773afbc858a3f1d944f05018,1,1
legacy_raw_synthetic_wound__syn_wound_0039,val,drawing:raw_synthetic_wound__syn_wound_0039,data/datasets/yolo_wound_boxes_v1/images/val/legacy_raw_synthetic_wound__syn_wound_0039.jpg,data/datasets/yolo_wound_boxes_v1/labels/val/legacy_raw_synthetic_wound__syn_wound_0039.txt,yolo_retrain_v2,data/datasets/yolo_retrain_v2/images/train/raw_synthetic_wound__syn_wound_0039.jpg,SYNTHETIC,346865bafda069544c7a637b905f8aeb80efe9a07efe198e42a1e7ac1ea59889,1,1
legacy_raw_synthetic_wound__syn_wound_0040,train,drawing:raw_synthetic_wound__syn_wound_0040,data/datasets/yolo_wound_boxes_v1/images/train/legacy_raw_synthetic_wound__syn_wound_0040.jpg,data/datasets/yolo_wound_boxes_v1/labels/train/legacy_raw_synthetic_wound__syn_wound_0040.txt,yolo_retrain_v2,data/datasets/yolo_retrain_v2/images/train/raw_synthetic_wound__syn_wound_0040.jpg,SYNTHETIC,7abb11e040b648f567a123a795214958f3460af1cb3f06257a35b5a345b6b77c,1,0
legacy_raw_synthetic_wound__syn_wound_0041,train,drawing:raw_synthetic_wound__syn_wound_0041,data/datasets/yolo_wound_boxes_v1/images/train/legacy_raw_synthetic_wound__syn_wound_0041.jpg,data/datasets/yolo_wound_boxes_v1/labels/train/legacy_raw_synthetic_wound__syn_wound_0041.txt,yolo_retrain_v2,data/datasets/yolo_retrain_v2/images/train/raw_synthetic_wound__syn_wound_0041.jpg,SYNTHETIC,093bb23e43ddc222e755c2592bdfc2389d7bf19b519bad7849275fc4e569e94a,1,1
legacy_raw_synthetic_wound__syn_wound_0042,train,drawing:raw_synthetic_wound__syn_wound_0042,data/datasets/yolo_wound_boxes_v1/images/train/legacy_raw_synthetic_wound__syn_wound_0042.jpg,data/datasets/yolo_wound_boxes_v1/labels/train/legacy_raw_synthetic_wound__syn_wound_0042.txt,yolo_retrain_v2,data/datasets/yolo_retrain_v2/images/train/raw_synthetic_wound__syn_wound_0042.jpg,SYNTHETIC,a845612d7a2e5ac1eec18850b235c1aaa6c1d03faf8bfee8c6b737c14debdb9c,1,0
legacy_raw_synthetic_wound__syn_wound_0045,train,drawing:raw_synthetic_wound__syn_wound_0045,data/datasets/yolo_wound_boxes_v1/images/train/legacy_raw_synthetic_wound__syn_wound_0045.jpg,data/datasets/yolo_wound_boxes_v1/labels/train/legacy_raw_synthetic_wound__syn_wound_0045.txt,yolo_retrain_v2,data/datasets/yolo_retrain_v2/images/train/raw_synthetic_wound__syn_wound_0045.jpg,SYNTHETIC,4eb74202bef0faa479a89b7ddd30f862db238f634b5a2b3763a8b5337ab12f76,1,0
legacy_raw_synthetic_wound__syn_wound_0047,train,drawing:raw_synthetic_wound__syn_wound_0047,data/datasets/yolo_wound_boxes_v1/images/train/legacy_raw_synthetic_wound__syn_wound_0047.jpg,data/datasets/yolo_wound_boxes_v1/labels/train/legacy_raw_synthetic_wound__syn_wound_0047.txt,yolo_retrain_v2,data/datasets/yolo_retrain_v2/images/train/raw_synthetic_wound__syn_wound_0047.jpg,SYNTHETIC,cdab64279e5fa18e04a1f9845c3250d4c3e0bb753cc8073ff24d8c91d7df2763,1,1
legacy_raw_synthetic_wound__syn_wound_0048,train,drawing:raw_synthetic_wound__syn_wound_0048,data/datasets/yolo_wound_boxes_v1/images/train/legacy_raw_synthetic_wound__syn_wound_0048.jpg,data/datasets/yolo_wound_boxes_v1/labels/train/legacy_raw_synthetic_wound__syn_wound_0048.txt,yolo_retrain_v2,data/datasets/yolo_retrain_v2/images/train/raw_synthetic_wound__syn_wound_0048.jpg,SYNTHETIC,3922926f3a0b316189fa30699b23435fa0cd087dfe8b215dc75d6ff9026c6ab5,1,0
legacy_raw_synthetic_wound__syn_wound_0049,train,drawing:raw_synthetic_wound__syn_wound_0049,data/datasets/yolo_wound_boxes_v1/images/train/legacy_raw_synthetic_wound__syn_wound_0049.jpg,data/datasets/yolo_wound_boxes_v1/labels/train/legacy_raw_synthetic_wound__syn_wound_0049.txt,yolo_retrain_v2,data/datasets/yolo_retrain_v2/images/train/raw_synthetic_wound__syn_wound_0049.jpg,SYNTHETIC,6439e844b70b87e92aac70808abde5d7423dcc276fb13032f8eaceb72fd9874c,1,0
legacy_raw_synthetic_wound__syn_wound_0053,train,drawing:raw_synthetic_wound__syn_wound_0053,data/datasets/yolo_wound_boxes_v1/images/train/legacy_raw_synthetic_wound__syn_wound_0053.jpg,data/datasets/yolo_wound_boxes_v1/labels/train/legacy_raw_synthetic_wound__syn_wound_0053.txt,yolo_retrain_v2,data/datasets/yolo_retrain_v2/images/train/raw_synthetic_wound__syn_wound_0053.jpg,SYNTHETIC,5d4473b7d1ad336dd11a142a0a49dc573d3624780947a8c55b4083bbb7953c4e,1,0
legacy_raw_synthetic_wound__syn_wound_0054,test,drawing:raw_synthetic_wound__syn_wound_0054,data/datasets/yolo_wound_boxes_v1/images/test/legacy_raw_synthetic_wound__syn_wound_0054.jpg,data/datasets/yolo_wound_boxes_v1/labels/test/legacy_raw_synthetic_wound__syn_wound_0054.txt,yolo_retrain_v2,data/datasets/yolo_retrain_v2/images/train/raw_synthetic_wound__syn_wound_0054.jpg,SYNTHETIC,25b6df0cfce239fd22204a3440f3e71f329cf507f4f0795b7846f402eac224be,1,0
legacy_raw_synthetic_wound__syn_wound_0059,train,drawing:raw_synthetic_wound__syn_wound_0059,data/datasets/yolo_wound_boxes_v1/images/train/legacy_raw_synthetic_wound__syn_wound_0059.jpg,data/datasets/yolo_wound_boxes_v1/labels/train/legacy_raw_synthetic_wound__syn_wound_0059.txt,yolo_retrain_v2,data/datasets/yolo_retrain_v2/images/train/raw_synthetic_wound__syn_wound_0059.jpg,SYNTHETIC,10033995ada753b4c339d69eec4116f5a17bc483a333c2f8a32d90377ae83dd6,1,0
legacy_raw_synthetic_wound__syn_wound_0062,train,drawing:raw_synthetic_wound__syn_wound_0062,data/datasets/yolo_wound_boxes_v1/images/train/legacy_raw_synthetic_wound__syn_wound_0062.jpg,data/datasets/yolo_wound_boxes_v1/labels/train/legacy_raw_synthetic_wound__syn_wound_0062.txt,yolo_retrain_v2,data/datasets/yolo_retrain_v2/images/train/raw_synthetic_wound__syn_wound_0062.jpg,SYNTHETIC,4c22d3d2478d227ef73c1bd65eb1c9958c52495c2bb1395bf65147716f2067ff,1,0
legacy_raw_synthetic_wound__syn_wound_0063,train,drawing:raw_synthetic_wound__syn_wound_0063,data/datasets/yolo_wound_boxes_v1/images/train/legacy_raw_synthetic_wound__syn_wound_0063.jpg,data/datasets/yolo_wound_boxes_v1/labels/train/legacy_raw_synthetic_wound__syn_wound_0063.txt,yolo_retrain_v2,data/datasets/yolo_retrain_v2/images/train/raw_synthetic_wound__syn_wound_0063.jpg,SYNTHETIC,11833cf105ff63d90667abac88b336b7ca63930ae2c9db448897440250dd11d2,1,0
legacy_raw_synthetic_wound__syn_wound_0064,val,drawing:raw_synthetic_wound__syn_wound_0064,data/datasets/yolo_wound_boxes_v1/images/val/legacy_raw_synthetic_wound__syn_wound_0064.jpg,data/datasets/yolo_wound_boxes_v1/labels/val/legacy_raw_synthetic_wound__syn_wound_0064.txt,yolo_retrain_v2,data/datasets/yolo_retrain_v2/images/train/raw_synthetic_wound__syn_wound_0064.jpg,SYNTHETIC,022bb96f713332433b261391cfdde7b74b517dbaa98deae012e20dde67c008a5,1,0
legacy_raw_synthetic_wound__syn_wound_0065,train,drawing:raw_synthetic_wound__syn_wound_0065,data/datasets/yolo_wound_boxes_v1/images/train/legacy_raw_synthetic_wound__syn_wound_0065.jpg,data/datasets/yolo_wound_boxes_v1/labels/train/legacy_raw_synthetic_wound__syn_wound_0065.txt,yolo_retrain_v2,data/datasets/yolo_retrain_v2/images/train/raw_synthetic_wound__syn_wound_0065.jpg,SYNTHETIC,9ed56f4479add9efd6db10ff36cdb7a8bd4f639b1fbb2aa96d12cd26a0b37624,1,1
legacy_raw_synthetic_wound__syn_wound_0066,train,drawing:raw_synthetic_wound__syn_wound_0066,data/datasets/yolo_wound_boxes_v1/images/train/legacy_raw_synthetic_wound__syn_wound_0066.jpg,data/datasets/yolo_wound_boxes_v1/labels/train/legacy_raw_synthetic_wound__syn_wound_0066.txt,yolo_retrain_v2,data/datasets/yolo_retrain_v2/images/train/raw_synthetic_wound__syn_wound_0066.jpg,SYNTHETIC,b0e6f46b5396e49ce83f7eb2559f5950b31efbf4565e6014169bb2ae4c960742,1,0
legacy_raw_synthetic_wound__syn_wound_0067,train,drawing:raw_synthetic_wound__syn_wound_0067,data/datasets/yolo_wound_boxes_v1/images/train/legacy_raw_synthetic_wound__syn_wound_0067.jpg,data/datasets/yolo_wound_boxes_v1/labels/train/legacy_raw_synthetic_wound__syn_wound_0067.txt,yolo_retrain_v2,data/datasets/yolo_retrain_v2/images/train/raw_synthetic_wound__syn_wound_0067.jpg,SYNTHETIC,6741928fab9af0524d795357d9cdcf2d3f67fbb508ac920ef5e3b465994d8aaf,1,1
legacy_raw_synthetic_wound__syn_wound_0069,train,drawing:raw_synthetic_wound__syn_wound_0069,data/datasets/yolo_wound_boxes_v1/images/train/legacy_raw_synthetic_wound__syn_wound_0069.jpg,data/datasets/yolo_wound_boxes_v1/labels/train/legacy_raw_synthetic_wound__syn_wound_0069.txt,yolo_retrain_v2,data/datasets/yolo_retrain_v2/images/train/raw_synthetic_wound__syn_wound_0069.jpg,SYNTHETIC,247bc40d117f9c8baddff7db4b71e7363769b1a71128fcfd8a96621b5a8534b7,1,1
legacy_raw_synthetic_wound__syn_wound_0070,train,drawing:raw_synthetic_wound__syn_wound_0070,data/datasets/yolo_wound_boxes_v1/images/train/legacy_raw_synthetic_wound__syn_wound_0070.jpg,data/datasets/yolo_wound_boxes_v1/labels/train/legacy_raw_synthetic_wound__syn_wound_0070.txt,yolo_retrain_v2,data/datasets/yolo_retrain_v2/images/train/raw_synthetic_wound__syn_wound_0070.jpg,SYNTHETIC,f3689ecd8f1e6935a32cb1951cf18c6ffa542eef3214e7a25d595d3b0c27bcdc,1,1
legacy_raw_synthetic_wound__syn_wound_0071,val,drawing:raw_synthetic_wound__syn_wound_0071,data/datasets/yolo_wound_boxes_v1/images/val/legacy_raw_synthetic_wound__syn_wound_0071.jpg,data/datasets/yolo_wound_boxes_v1/labels/val/legacy_raw_synthetic_wound__syn_wound_0071.txt,yolo_retrain_v2,data/datasets/yolo_retrain_v2/images/train/raw_synthetic_wound__syn_wound_0071.jpg,SYNTHETIC,b2b5a924228286812f829e5279fe23d928f9d8b4d94bd9306c0188a7ed695f40,1,0
legacy_raw_synthetic_wound__syn_wound_0072,train,drawing:raw_synthetic_wound__syn_wound_0072,data/datasets/yolo_wound_boxes_v1/images/train/legacy_raw_synthetic_wound__syn_wound_0072.jpg,data/datasets/yolo_wound_boxes_v1/labels/train/legacy_raw_synthetic_wound__syn_wound_0072.txt,yolo_retrain_v2,data/datasets/yolo_retrain_v2/images/train/raw_synthetic_wound__syn_wound_0072.jpg,SYNTHETIC,64bbc2d64491927b41e5bdb641d42120df4c36428cb0b07c6cbafcec7c112abc,1,0
legacy_raw_synthetic_wound__syn_wound_0075,val,drawing:raw_synthetic_wound__syn_wound_0075,data/datasets/yolo_wound_boxes_v1/images/val/legacy_raw_synthetic_wound__syn_wound_0075.jpg,data/datasets/yolo_wound_boxes_v1/labels/val/legacy_raw_synthetic_wound__syn_wound_0075.txt,yolo_retrain_v2,data/datasets/yolo_retrain_v2/images/train/raw_synthetic_wound__syn_wound_0075.jpg,SYNTHETIC,c6098a8f6d62764353ed69be682ad701e11dd140c2b6c8f4f86c832e74f6a246,1,1
legacy_raw_synthetic_wound__syn_wound_0076,train,drawing:raw_synthetic_wound__syn_wound_0076,data/datasets/yolo_wound_boxes_v1/images/train/legacy_raw_synthetic_wound__syn_wound_0076.jpg,data/datasets/yolo_wound_boxes_v1/labels/train/legacy_raw_synthetic_wound__syn_wound_0076.txt,yolo_retrain_v2,data/datasets/yolo_retrain_v2/images/train/raw_synthetic_wound__syn_wound_0076.jpg,SYNTHETIC,2aaa1bf11a7792f4b83daf797220e4939155cf5f315bddace7f90d683ef5afff,1,1
legacy_raw_synthetic_wound__syn_wound_0077,train,drawing:raw_synthetic_wound__syn_wound_0077,data/datasets/yolo_wound_boxes_v1/images/train/legacy_raw_synthetic_wound__syn_wound_0077.jpg,data/datasets/yolo_wound_boxes_v1/labels/train/legacy_raw_synthetic_wound__syn_wound_0077.txt,yolo_retrain_v2,data/datasets/yolo_retrain_v2/images/train/raw_synthetic_wound__syn_wound_0077.jpg,SYNTHETIC,9c181d37d616cce531cfd537792ab1dbba6295eaadf022fab7d0a7e85be54e6d,1,1
legacy_raw_synthetic_wound__syn_wound_0078,val,drawing:raw_synthetic_wound__syn_wound_0078,data/datasets/yolo_wound_boxes_v1/images/val/legacy_raw_synthetic_wound__syn_wound_0078.jpg,data/datasets/yolo_wound_boxes_v1/labels/val/legacy_raw_synthetic_wound__syn_wound_0078.txt,yolo_retrain_v2,data/datasets/yolo_retrain_v2/images/train/raw_synthetic_wound__syn_wound_0078.jpg,SYNTHETIC,a29a37c468ac073201099fb6ab8887431584d5f10bd1d68548b3376ed88d8c54,1,0
legacy_raw_synthetic_wound__syn_wound_0079,train,drawing:raw_synthetic_wound__syn_wound_0079,data/datasets/yolo_wound_boxes_v1/images/train/legacy_raw_synthetic_wound__syn_wound_0079.jpg,data/datasets/yolo_wound_boxes_v1/labels/train/legacy_raw_synthetic_wound__syn_wound_0079.txt,yolo_retrain_v2,data/datasets/yolo_retrain_v2/images/train/raw_synthetic_wound__syn_wound_0079.jpg,SYNTHETIC,f11b77dbe997f6fea8f7be4fe6cf625af42235efc734a4d69d0340d197441cde,1,0
legacy_raw_synthetic_wound__syn_wound_0080,train,drawing:raw_synthetic_wound__syn_wound_0080,data/datasets/yolo_wound_boxes_v1/images/train/legacy_raw_synthetic_wound__syn_wound_0080.jpg,data/datasets/yolo_wound_boxes_v1/labels/train/legacy_raw_synthetic_wound__syn_wound_0080.txt,yolo_retrain_v2,data/datasets/yolo_retrain_v2/images/train/raw_synthetic_wound__syn_wound_0080.jpg,SYNTHETIC,bc353164077c9729eb3d5af702b16f1c101093eae9e8ba853dd7a475263f7c09,1,1
legacy_raw_synthetic_wound__syn_wound_0081,train,drawing:raw_synthetic_wound__syn_wound_0081,data/datasets/yolo_wound_boxes_v1/images/train/legacy_raw_synthetic_wound__syn_wound_0081.jpg,data/datasets/yolo_wound_boxes_v1/labels/train/legacy_raw_synthetic_wound__syn_wound_0081.txt,yolo_retrain_v2,data/datasets/yolo_retrain_v2/images/train/raw_synthetic_wound__syn_wound_0081.jpg,SYNTHETIC,b3fde7c8d8572414c90d8899fa1f5b7549a1bfe5f4a7dfa92d07176e9f73b030,1,0
legacy_raw_synthetic_wound__syn_wound_0082,val,drawing:raw_synthetic_wound__syn_wound_0082,data/datasets/yolo_wound_boxes_v1/images/val/legacy_raw_synthetic_wound__syn_wound_0082.jpg,data/datasets/yolo_wound_boxes_v1/labels/val/legacy_raw_synthetic_wound__syn_wound_0082.txt,yolo_retrain_v2,data/datasets/yolo_retrain_v2/images/train/raw_synthetic_wound__syn_wound_0082.jpg,SYNTHETIC,e24ba378824690572242890fa7cb017eb872e6e03acb96dfc8bb93df52fddc74,1,0
legacy_raw_synthetic_wound__syn_wound_0084,train,drawing:raw_synthetic_wound__syn_wound_0084,data/datasets/yolo_wound_boxes_v1/images/train/legacy_raw_synthetic_wound__syn_wound_0084.jpg,data/datasets/yolo_wound_boxes_v1/labels/train/legacy_raw_synthetic_wound__syn_wound_0084.txt,yolo_retrain_v2,data/datasets/yolo_retrain_v2/images/train/raw_synthetic_wound__syn_wound_0084.jpg,SYNTHETIC,0781e94345a7e98ac07646fba176547bb89b108ed787d2fc34af4bc7a9f11b39,1,0
legacy_raw_synthetic_wound__syn_wound_0085,val,drawing:raw_synthetic_wound__syn_wound_0085,data/datasets/yolo_wound_boxes_v1/images/val/legacy_raw_synthetic_wound__syn_wound_0085.jpg,data/datasets/yolo_wound_boxes_v1/labels/val/legacy_raw_synthetic_wound__syn_wound_0085.txt,yolo_retrain_v2,data/datasets/yolo_retrain_v2/images/train/raw_synthetic_wound__syn_wound_0085.jpg,SYNTHETIC,f2a94813604040da8886d386e7b4019146e7e2a74ab6cf5611007ba2760d22ee,1,0
legacy_raw_synthetic_wound__syn_wound_0088,train,drawing:raw_synthetic_wound__syn_wound_0088,data/datasets/yolo_wound_boxes_v1/images/train/legacy_raw_synthetic_wound__syn_wound_0088.jpg,data/datasets/yolo_wound_boxes_v1/labels/train/legacy_raw_synthetic_wound__syn_wound_0088.txt,yolo_retrain_v2,data/datasets/yolo_retrain_v2/images/train/raw_synthetic_wound__syn_wound_0088.jpg,SYNTHETIC,7ffe369b219dab44c4d46c8bbd1f98a2202c8ee0048c2ffdbd667c9c044c65d1,1,1
legacy_raw_synthetic_wound__syn_wound_0091,test,drawing:raw_synthetic_wound__syn_wound_0091,data/datasets/yolo_wound_boxes_v1/images/test/legacy_raw_synthetic_wound__syn_wound_0091.jpg,data/datasets/yolo_wound_boxes_v1/labels/test/legacy_raw_synthetic_wound__syn_wound_0091.txt,yolo_retrain_v2,data/datasets/yolo_retrain_v2/images/train/raw_synthetic_wound__syn_wound_0091.jpg,SYNTHETIC,37a040cfc0dfd3a4b71ff4c19b4cad54ded0e774c14bc6d7c91bafe7072f9c15,1,1
legacy_raw_synthetic_wound__syn_wound_0096,train,drawing:raw_synthetic_wound__syn_wound_0096,data/datasets/yolo_wound_boxes_v1/images/train/legacy_raw_synthetic_wound__syn_wound_0096.jpg,data/datasets/yolo_wound_boxes_v1/labels/train/legacy_raw_synthetic_wound__syn_wound_0096.txt,yolo_retrain_v2,data/datasets/yolo_retrain_v2/images/train/raw_synthetic_wound__syn_wound_0096.jpg,SYNTHETIC,5a0483320ab6d407c420de08428b3ea7e47217c6f3fec1610e80963f28d26b48,1,1
legacy_raw_synthetic_wound__syn_wound_0098,train,drawing:raw_synthetic_wound__syn_wound_0098,data/datasets/yolo_wound_boxes_v1/images/train/legacy_raw_synthetic_wound__syn_wound_0098.jpg,data/datasets/yolo_wound_boxes_v1/labels/train/legacy_raw_synthetic_wound__syn_wound_0098.txt,yolo_retrain_v2,data/datasets/yolo_retrain_v2/images/train/raw_synthetic_wound__syn_wound_0098.jpg,SYNTHETIC,6fb3da2e702a48f62a3f94358c778c56e69edd8504a2d373411934af7e849733,1,0
legacy_raw_synthetic_wound__syn_wound_0099,train,drawing:raw_synthetic_wound__syn_wound_0099,data/datasets/yolo_wound_boxes_v1/images/train/legacy_raw_synthetic_wound__syn_wound_0099.jpg,data/datasets/yolo_wound_boxes_v1/labels/train/legacy_raw_synthetic_wound__syn_wound_0099.txt,yolo_retrain_v2,data/datasets/yolo_retrain_v2/images/train/raw_synthetic_wound__syn_wound_0099.jpg,SYNTHETIC,2569f1099024b49c92547cf79fb5777df3a8f8b3210cdbc62abc657c0e8337dd,1,1
legacy_raw_synthetic_wound__syn_wound_0101,train,drawing:raw_synthetic_wound__syn_wound_0101,data/datasets/yolo_wound_boxes_v1/images/train/legacy_raw_synthetic_wound__syn_wound_0101.jpg,data/datasets/yolo_wound_boxes_v1/labels/train/legacy_raw_synthetic_wound__syn_wound_0101.txt,yolo_retrain_v2,data/datasets/yolo_retrain_v2/images/train/raw_synthetic_wound__syn_wound_0101.jpg,SYNTHETIC,25a2333cbcb4bb9162555d6b25d216796a08ae08745e4593e76ad319d9163db5,1,0
legacy_raw_synthetic_wound__syn_wound_0103,test,drawing:raw_synthetic_wound__syn_wound_0103,data/datasets/yolo_wound_boxes_v1/images/test/legacy_raw_synthetic_wound__syn_wound_0103.jpg,data/datasets/yolo_wound_boxes_v1/labels/test/legacy_raw_synthetic_wound__syn_wound_0103.txt,yolo_retrain_v2,data/datasets/yolo_retrain_v2/images/train/raw_synthetic_wound__syn_wound_0103.jpg,SYNTHETIC,a1d1ca0d3df9f04b919bffa1738f2c345902f8804808334e085e92ce73d215f8,1,0
legacy_raw_synthetic_wound__syn_wound_0104,val,drawing:raw_synthetic_wound__syn_wound_0104,data/datasets/yolo_wound_boxes_v1/images/val/legacy_raw_synthetic_wound__syn_wound_0104.jpg,data/datasets/yolo_wound_boxes_v1/labels/val/legacy_raw_synthetic_wound__syn_wound_0104.txt,yolo_retrain_v2,data/datasets/yolo_retrain_v2/images/train/raw_synthetic_wound__syn_wound_0104.jpg,SYNTHETIC,395a1e63f4cb76d0c93c1fb9c60b04dda7bbc0caecdde07f4e30c378eeccc758,1,0
legacy_raw_synthetic_wound__syn_wound_0108,train,drawing:raw_synthetic_wound__syn_wound_0108,data/datasets/yolo_wound_boxes_v1/images/train/legacy_raw_synthetic_wound__syn_wound_0108.jpg,data/datasets/yolo_wound_boxes_v1/labels/train/legacy_raw_synthetic_wound__syn_wound_0108.txt,yolo_retrain_v2,data/datasets/yolo_retrain_v2/images/train/raw_synthetic_wound__syn_wound_0108.jpg,SYNTHETIC,24870414d2cca379549bde5de5c314f6cb9255c3a120da4ce4ee3c275d5056d2,1,1
legacy_raw_synthetic_wound__syn_wound_0109,test,drawing:raw_synthetic_wound__syn_wound_0109,data/datasets/yolo_wound_boxes_v1/images/test/legacy_raw_synthetic_wound__syn_wound_0109.jpg,data/datasets/yolo_wound_boxes_v1/labels/test/legacy_raw_synthetic_wound__syn_wound_0109.txt,yolo_retrain_v2,data/datasets/yolo_retrain_v2/images/train/raw_synthetic_wound__syn_wound_0109.jpg,SYNTHETIC,d72cae4e9aa483c552679ee8a48e1bcdd8f3a91cfe82d20c88b0d21f5153b77d,1,1
legacy_raw_synthetic_wound__syn_wound_0110,train,drawing:raw_synthetic_wound__syn_wound_0110,data/datasets/yolo_wound_boxes_v1/images/train/legacy_raw_synthetic_wound__syn_wound_0110.jpg,data/datasets/yolo_wound_boxes_v1/labels/train/legacy_raw_synthetic_wound__syn_wound_0110.txt,yolo_retrain_v2,data/datasets/yolo_retrain_v2/images/train/raw_synthetic_wound__syn_wound_0110.jpg,SYNTHETIC,3be5f5a00c0abc9e98585c304fc5331ce739c7d0207ed81f3932307eb198498a,1,0
legacy_raw_synthetic_wound__syn_wound_0113,train,drawing:raw_synthetic_wound__syn_wound_0113,data/datasets/yolo_wound_boxes_v1/images/train/legacy_raw_synthetic_wound__syn_wound_0113.jpg,data/datasets/yolo_wound_boxes_v1/labels/train/legacy_raw_synthetic_wound__syn_wound_0113.txt,yolo_retrain_v2,data/datasets/yolo_retrain_v2/images/train/raw_synthetic_wound__syn_wound_0113.jpg,SYNTHETIC,9bbd9a2b96d96a8c3262e4bcc1db9296abc7cc4823db18ef34c7f95b001be039,1,0
legacy_raw_synthetic_wound__syn_wound_0114,train,drawing:raw_synthetic_wound__syn_wound_0114,data/datasets/yolo_wound_boxes_v1/images/train/legacy_raw_synthetic_wound__syn_wound_0114.jpg,data/datasets/yolo_wound_boxes_v1/labels/train/legacy_raw_synthetic_wound__syn_wound_0114.txt,yolo_retrain_v2,data/datasets/yolo_retrain_v2/images/train/raw_synthetic_wound__syn_wound_0114.jpg,SYNTHETIC,5a3165f7ebc5683e8b0fd747043da653d88e146c0f95304e890026325c844761,1,0
legacy_raw_synthetic_wound__syn_wound_0115,test,drawing:raw_synthetic_wound__syn_wound_0115,data/datasets/yolo_wound_boxes_v1/images/test/legacy_raw_synthetic_wound__syn_wound_0115.jpg,data/datasets/yolo_wound_boxes_v1/labels/test/legacy_raw_synthetic_wound__syn_wound_0115.txt,yolo_retrain_v2,data/datasets/yolo_retrain_v2/images/train/raw_synthetic_wound__syn_wound_0115.jpg,SYNTHETIC,1ae2d5140dfc55c9e6e001e35f375830103c41c4b021f5328da19d21e2f01430,1,0
legacy_raw_synthetic_wound__syn_wound_0116,train,drawing:raw_synthetic_wound__syn_wound_0116,data/datasets/yolo_wound_boxes_v1/images/train/legacy_raw_synthetic_wound__syn_wound_0116.jpg,data/datasets/yolo_wound_boxes_v1/labels/train/legacy_raw_synthetic_wound__syn_wound_0116.txt,yolo_retrain_v2,data/datasets/yolo_retrain_v2/images/train/raw_synthetic_wound__syn_wound_0116.jpg,SYNTHETIC,98b33d9883d37e059404864c8663d3a5b70cf067609e38d8a301e5d01c70e424,1,0
legacy_raw_synthetic_wound__syn_wound_0117,train,drawing:raw_synthetic_wound__syn_wound_0117,data/datasets/yolo_wound_boxes_v1/images/train/legacy_raw_synthetic_wound__syn_wound_0117.jpg,data/datasets/yolo_wound_boxes_v1/labels/train/legacy_raw_synthetic_wound__syn_wound_0117.txt,yolo_retrain_v2,data/datasets/yolo_retrain_v2/images/train/raw_synthetic_wound__syn_wound_0117.jpg,SYNTHETIC,2378823d2114bb93714e6d00d1a8a80566c4c188e6aacc586e868fbfc5777b8e,1,0
legacy_raw_synthetic_wound__syn_wound_0118,test,drawing:raw_synthetic_wound__syn_wound_0118,data/datasets/yolo_wound_boxes_v1/images/test/legacy_raw_synthetic_wound__syn_wound_0118.jpg,data/datasets/yolo_wound_boxes_v1/labels/test/legacy_raw_synthetic_wound__syn_wound_0118.txt,yolo_retrain_v2,data/datasets/yolo_retrain_v2/images/train/raw_synthetic_wound__syn_wound_0118.jpg,SYNTHETIC,aac5a7919cb7191c71673879464770223866858b001308964d1fc1637c7e2b66,1,1
legacy_raw_synthetic_wound__syn_wound_0119,test,drawing:raw_synthetic_wound__syn_wound_0119,data/datasets/yolo_wound_boxes_v1/images/test/legacy_raw_synthetic_wound__syn_wound_0119.jpg,data/datasets/yolo_wound_boxes_v1/labels/test/legacy_raw_synthetic_wound__syn_wound_0119.txt,yolo_retrain_v2,data/datasets/yolo_retrain_v2/images/train/raw_synthetic_wound__syn_wound_0119.jpg,SYNTHETIC,ebf97dd12e2d7a9299c02a6a4afc9bb4d42e22f9b15559dd20775a8f46b04022,1,1
legacy_raw_synthetic_wound__syn_wound_0120,train,drawing:raw_synthetic_wound__syn_wound_0120,data/datasets/yolo_wound_boxes_v1/images/train/legacy_raw_synthetic_wound__syn_wound_0120.jpg,data/datasets/yolo_wound_boxes_v1/labels/train/legacy_raw_synthetic_wound__syn_wound_0120.txt,yolo_retrain_v2,data/datasets/yolo_retrain_v2/images/train/raw_synthetic_wound__syn_wound_0120.jpg,SYNTHETIC,57095cfc3410f9ca31732d41597d03b6f423403e0b6efe0b7441221af19be614,1,1
legacy_raw_synthetic_wound__syn_wound_0126,train,drawing:raw_synthetic_wound__syn_wound_0126,data/datasets/yolo_wound_boxes_v1/images/train/legacy_raw_synthetic_wound__syn_wound_0126.jpg,data/datasets/yolo_wound_boxes_v1/labels/train/legacy_raw_synthetic_wound__syn_wound_0126.txt,yolo_retrain_v2,data/datasets/yolo_retrain_v2/images/train/raw_synthetic_wound__syn_wound_0126.jpg,SYNTHETIC,94d0eff1d3cff20c3813888c3932a7d80ef3515b19513e974e0246d35caf6d39,1,0
legacy_raw_synthetic_wound__syn_wound_0128,test,drawing:raw_synthetic_wound__syn_wound_0128,data/datasets/yolo_wound_boxes_v1/images/test/legacy_raw_synthetic_wound__syn_wound_0128.jpg,data/datasets/yolo_wound_boxes_v1/labels/test/legacy_raw_synthetic_wound__syn_wound_0128.txt,yolo_retrain_v2,data/datasets/yolo_retrain_v2/images/train/raw_synthetic_wound__syn_wound_0128.jpg,SYNTHETIC,c4146475dbcc02cfe9ca5d8aecd1c501f33c748b905197d8f96c87865544c426,1,1
legacy_raw_synthetic_wound__syn_wound_0130,train,drawing:raw_synthetic_wound__syn_wound_0130,data/datasets/yolo_wound_boxes_v1/images/train/legacy_raw_synthetic_wound__syn_wound_0130.jpg,data/datasets/yolo_wound_boxes_v1/labels/train/legacy_raw_synthetic_wound__syn_wound_0130.txt,yolo_retrain_v2,data/datasets/yolo_retrain_v2/images/train/raw_synthetic_wound__syn_wound_0130.jpg,SYNTHETIC,b2b7dde77d0fe106dbe0f1599902c53eec0fbbe8b289223a336a34f58864e06e,1,1
legacy_raw_synthetic_wound__syn_wound_0132,train,drawing:raw_synthetic_wound__syn_wound_0132,data/datasets/yolo_wound_boxes_v1/images/train/legacy_raw_synthetic_wound__syn_wound_0132.jpg,data/datasets/yolo_wound_boxes_v1/labels/train/legacy_raw_synthetic_wound__syn_wound_0132.txt,yolo_retrain_v2,data/datasets/yolo_retrain_v2/images/train/raw_synthetic_wound__syn_wound_0132.jpg,SYNTHETIC,e7ca49deab84570ffcbe1c3dc59dc2fac8eb7f75ccf47f4c23083e6f64079c40,1,1
legacy_raw_synthetic_wound__syn_wound_0133,val,drawing:raw_synthetic_wound__syn_wound_0133,data/datasets/yolo_wound_boxes_v1/images/val/legacy_raw_synthetic_wound__syn_wound_0133.jpg,data/datasets/yolo_wound_boxes_v1/labels/val/legacy_raw_synthetic_wound__syn_wound_0133.txt,yolo_retrain_v2,data/datasets/yolo_retrain_v2/images/train/raw_synthetic_wound__syn_wound_0133.jpg,SYNTHETIC,c4d8df976c4f8b2860c974459ff430936961a18a4a3c9621faf93b4d89445b9c,1,0
legacy_raw_synthetic_wound__syn_wound_0134,train,drawing:raw_synthetic_wound__syn_wound_0134,data/datasets/yolo_wound_boxes_v1/images/train/legacy_raw_synthetic_wound__syn_wound_0134.jpg,data/datasets/yolo_wound_boxes_v1/labels/train/legacy_raw_synthetic_wound__syn_wound_0134.txt,yolo_retrain_v2,data/datasets/yolo_retrain_v2/images/train/raw_synthetic_wound__syn_wound_0134.jpg,SYNTHETIC,c2e2ba7f1bdd50112f38e8549fb1eb695142bb925dd5cd72edf29ce9fa684a93,1,0
legacy_raw_synthetic_wound__syn_wound_0136,train,drawing:raw_synthetic_wound__syn_wound_0136,data/datasets/yolo_wound_boxes_v1/images/train/legacy_raw_synthetic_wound__syn_wound_0136.jpg,data/datasets/yolo_wound_boxes_v1/labels/train/legacy_raw_synthetic_wound__syn_wound_0136.txt,yolo_retrain_v2,data/datasets/yolo_retrain_v2/images/train/raw_synthetic_wound__syn_wound_0136.jpg,SYNTHETIC,3a4dbd65c84938706d553a87537cf75f24225c15233c18caeeaeaa1edd67f44f,1,1
legacy_raw_synthetic_wound__syn_wound_0137,train,drawing:raw_synthetic_wound__syn_wound_0137,data/datasets/yolo_wound_boxes_v1/images/train/legacy_raw_synthetic_wound__syn_wound_0137.jpg,data/datasets/yolo_wound_boxes_v1/labels/train/legacy_raw_synthetic_wound__syn_wound_0137.txt,yolo_retrain_v2,data/datasets/yolo_retrain_v2/images/train/raw_synthetic_wound__syn_wound_0137.jpg,SYNTHETIC,e8aa78af2c62c860e4af7db9f2df5d3d3315ac418de446853ebae9239090b4e3,1,0
legacy_raw_synthetic_wound__syn_wound_0139,test,drawing:raw_synthetic_wound__syn_wound_0139,data/datasets/yolo_wound_boxes_v1/images/test/legacy_raw_synthetic_wound__syn_wound_0139.jpg,data/datasets/yolo_wound_boxes_v1/labels/test/legacy_raw_synthetic_wound__syn_wound_0139.txt,yolo_retrain_v2,data/datasets/yolo_retrain_v2/images/train/raw_synthetic_wound__syn_wound_0139.jpg,SYNTHETIC,6bda740380435dff940f85df47ab52b87b55e3e50c3e76181adab40167e773cf,1,1
legacy_raw_synthetic_wound__syn_wound_0141,test,drawing:raw_synthetic_wound__syn_wound_0141,data/datasets/yolo_wound_boxes_v1/images/test/legacy_raw_synthetic_wound__syn_wound_0141.jpg,data/datasets/yolo_wound_boxes_v1/labels/test/legacy_raw_synthetic_wound__syn_wound_0141.txt,yolo_retrain_v2,data/datasets/yolo_retrain_v2/images/train/raw_synthetic_wound__syn_wound_0141.jpg,SYNTHETIC,fd8d1401feb9212d35992f2661e2c6bfa7a3f758b43220a96bcc7620eea00e9b,1,0
legacy_raw_synthetic_wound__syn_wound_0142,train,drawing:raw_synthetic_wound__syn_wound_0142,data/datasets/yolo_wound_boxes_v1/images/train/legacy_raw_synthetic_wound__syn_wound_0142.jpg,data/datasets/yolo_wound_boxes_v1/labels/train/legacy_raw_synthetic_wound__syn_wound_0142.txt,yolo_retrain_v2,data/datasets/yolo_retrain_v2/images/train/raw_synthetic_wound__syn_wound_0142.jpg,SYNTHETIC,558fb82bb3f0cb1a2042f87d968b5274b55e49b2be79c7bf2437319ad4d24014,1,1
legacy_raw_synthetic_wound__syn_wound_0145,test,drawing:raw_synthetic_wound__syn_wound_0145,data/datasets/yolo_wound_boxes_v1/images/test/legacy_raw_synthetic_wound__syn_wound_0145.jpg,data/datasets/yolo_wound_boxes_v1/labels/test/legacy_raw_synthetic_wound__syn_wound_0145.txt,yolo_retrain_v2,data/datasets/yolo_retrain_v2/images/train/raw_synthetic_wound__syn_wound_0145.jpg,SYNTHETIC,e2124a63ae2184963710fba1bd66e5ec55c803ec6d2c4dc4dc0d2bc6599cba79,1,0
legacy_raw_synthetic_wound__syn_wound_0146,val,drawing:raw_synthetic_wound__syn_wound_0146,data/datasets/yolo_wound_boxes_v1/images/val/legacy_raw_synthetic_wound__syn_wound_0146.jpg,data/datasets/yolo_wound_boxes_v1/labels/val/legacy_raw_synthetic_wound__syn_wound_0146.txt,yolo_retrain_v2,data/datasets/yolo_retrain_v2/images/train/raw_synthetic_wound__syn_wound_0146.jpg,SYNTHETIC,2c277b193d76271b446c70e4c7bc475c8d0ddabc1d963313929a13ac2329d95a,1,1
legacy_raw_synthetic_wound__syn_wound_0148,train,drawing:raw_synthetic_wound__syn_wound_0148,data/datasets/yolo_wound_boxes_v1/images/train/legacy_raw_synthetic_wound__syn_wound_0148.jpg,data/datasets/yolo_wound_boxes_v1/labels/train/legacy_raw_synthetic_wound__syn_wound_0148.txt,yolo_retrain_v2,data/datasets/yolo_retrain_v2/images/train/raw_synthetic_wound__syn_wound_0148.jpg,SYNTHETIC,3eb65bad0545c7445dd8799c98745839f5ebc6e6c0253269fa8a8f6916145290,1,0
legacy_raw_synthetic_wound__syn_wound_neardup,val,drawing:raw_synthetic_wound__syn_wound_neardup,data/datasets/yolo_wound_boxes_v1/images/val/legacy_raw_synthetic_wound__syn_wound_neardup.jpg,data/datasets/yolo_wound_boxes_v1/labels/val/legacy_raw_synthetic_wound__syn_wound_neardup.txt,yolo_retrain_v2,data/datasets/yolo_retrain_v2/images/train/raw_synthetic_wound__syn_wound_neardup.jpg,SYNTHETIC,66161c4de0992abfedd2633ab8141d0f6c7bb99d4aec80428c1a480a1f7132db,1,1
legacy_raw_synthetic_wound__syn_wound_0150,test,drawing:raw_synthetic_wound__syn_wound_0150,data/datasets/yolo_wound_boxes_v1/images/test/legacy_raw_synthetic_wound__syn_wound_0150.jpg,data/datasets/yolo_wound_boxes_v1/labels/test/legacy_raw_synthetic_wound__syn_wound_0150.txt,yolo_retrain_v2,data/datasets/yolo_retrain_v2/images/val/raw_synthetic_wound__syn_wound_0150.jpg,SYNTHETIC,3e46496c35a089cd7476e5cc0b24a7c4611962730bee8962addd19edead54ebd,1,1
legacy_raw_synthetic_wound__syn_wound_0153,train,drawing:raw_synthetic_wound__syn_wound_0153,data/datasets/yolo_wound_boxes_v1/images/train/legacy_raw_synthetic_wound__syn_wound_0153.jpg,data/datasets/yolo_wound_boxes_v1/labels/train/legacy_raw_synthetic_wound__syn_wound_0153.txt,yolo_retrain_v2,data/datasets/yolo_retrain_v2/images/val/raw_synthetic_wound__syn_wound_0153.jpg,SYNTHETIC,3f82065f4aeaf52b4dce9bdea5e61219309375d7fa7c2fe9ff90a962910aed1c,1,1
legacy_raw_synthetic_wound__syn_wound_0156,train,drawing:raw_synthetic_wound__syn_wound_0156,data/datasets/yolo_wound_boxes_v1/images/train/legacy_raw_synthetic_wound__syn_wound_0156.jpg,data/datasets/yolo_wound_boxes_v1/labels/train/legacy_raw_synthetic_wound__syn_wound_0156.txt,yolo_retrain_v2,data/datasets/yolo_retrain_v2/images/val/raw_synthetic_wound__syn_wound_0156.jpg,SYNTHETIC,6b3234a8179e25556ca254fe35b994cf13d26b76311590b70b4ae7b4e143f964,1,1
legacy_raw_synthetic_wound__syn_wound_0157,train,drawing:raw_synthetic_wound__syn_wound_0157,data/datasets/yolo_wound_boxes_v1/images/train/legacy_raw_synthetic_wound__syn_wound_0157.jpg,data/datasets/yolo_wound_boxes_v1/labels/train/legacy_raw_synthetic_wound__syn_wound_0157.txt,yolo_retrain_v2,data/datasets/yolo_retrain_v2/images/val/raw_synthetic_wound__syn_wound_0157.jpg,SYNTHETIC,7161316c32923c1e5bf4236fcd461223cd4ccad4106ebeb915764bcc9e61252c,1,0
legacy_raw_synthetic_wound__syn_wound_0158,test,drawing:raw_synthetic_wound__syn_wound_0158,data/datasets/yolo_wound_boxes_v1/images/test/legacy_raw_synthetic_wound__syn_wound_0158.jpg,data/datasets/yolo_wound_boxes_v1/labels/test/legacy_raw_synthetic_wound__syn_wound_0158.txt,yolo_retrain_v2,data/datasets/yolo_retrain_v2/images/val/raw_synthetic_wound__syn_wound_0158.jpg,SYNTHETIC,ad450b83253ad13b347826ee915c71ec16bcdf9d8c96cfbadc9087f69ff26e84,1,1
legacy_raw_synthetic_wound__syn_wound_0160,val,drawing:raw_synthetic_wound__syn_wound_0160,data/datasets/yolo_wound_boxes_v1/images/val/legacy_raw_synthetic_wound__syn_wound_0160.jpg,data/datasets/yolo_wound_boxes_v1/labels/val/legacy_raw_synthetic_wound__syn_wound_0160.txt,yolo_retrain_v2,data/datasets/yolo_retrain_v2/images/val/raw_synthetic_wound__syn_wound_0160.jpg,SYNTHETIC,033f34872f2f97517b149bd54cbdfde7afa60f822978aa891bc1f7ebd7bb4faa,1,1
legacy_raw_synthetic_wound__syn_wound_0161,val,drawing:raw_synthetic_wound__syn_wound_0161,data/datasets/yolo_wound_boxes_v1/images/val/legacy_raw_synthetic_wound__syn_wound_0161.jpg,data/datasets/yolo_wound_boxes_v1/labels/val/legacy_raw_synthetic_wound__syn_wound_0161.txt,yolo_retrain_v2,data/datasets/yolo_retrain_v2/images/val/raw_synthetic_wound__syn_wound_0161.jpg,SYNTHETIC,2011dbcdc9edcecd17db6c78f343cf50e4318dacf0f4f66505ed8089bf6f6463,1,1
legacy_raw_synthetic_wound__syn_wound_0163,val,drawing:raw_synthetic_wound__syn_wound_0163,data/datasets/yolo_wound_boxes_v1/images/val/legacy_raw_synthetic_wound__syn_wound_0163.jpg,data/datasets/yolo_wound_boxes_v1/labels/val/legacy_raw_synthetic_wound__syn_wound_0163.txt,yolo_retrain_v2,data/datasets/yolo_retrain_v2/images/val/raw_synthetic_wound__syn_wound_0163.jpg,SYNTHETIC,cd8c027d07ad5141421b46f4f2538b96edd33f0f72652e2ff75016c25907577f,1,1
legacy_raw_synthetic_wound__syn_wound_0164,train,drawing:raw_synthetic_wound__syn_wound_0164,data/datasets/yolo_wound_boxes_v1/images/train/legacy_raw_synthetic_wound__syn_wound_0164.jpg,data/datasets/yolo_wound_boxes_v1/labels/train/legacy_raw_synthetic_wound__syn_wound_0164.txt,yolo_retrain_v2,data/datasets/yolo_retrain_v2/images/val/raw_synthetic_wound__syn_wound_0164.jpg,SYNTHETIC,8a3c2cca79efcf52e80ff56e15eda103d95c106cad360616eb94e2bae60a3073,1,0
legacy_raw_synthetic_wound__syn_wound_0167,val,drawing:raw_synthetic_wound__syn_wound_0167,data/datasets/yolo_wound_boxes_v1/images/val/legacy_raw_synthetic_wound__syn_wound_0167.jpg,data/datasets/yolo_wound_boxes_v1/labels/val/legacy_raw_synthetic_wound__syn_wound_0167.txt,yolo_retrain_v2,data/datasets/yolo_retrain_v2/images/val/raw_synthetic_wound__syn_wound_0167.jpg,SYNTHETIC,d1bdff6c691cd1c31a4ff373c4dea67e6aaab59ef21db4ab7000e2c8786785fc,1,1
legacy_raw_synthetic_wound__syn_wound_0170,train,drawing:raw_synthetic_wound__syn_wound_0170,data/datasets/yolo_wound_boxes_v1/images/train/legacy_raw_synthetic_wound__syn_wound_0170.jpg,data/datasets/yolo_wound_boxes_v1/labels/train/legacy_raw_synthetic_wound__syn_wound_0170.txt,yolo_retrain_v2,data/datasets/yolo_retrain_v2/images/val/raw_synthetic_wound__syn_wound_0170.jpg,SYNTHETIC,a780473470fff5928ea5134e41126d3e151afa588a1c5a786cb903c56bd7f8e5,1,0
legacy_raw_synthetic_wound__syn_wound_0171,train,drawing:raw_synthetic_wound__syn_wound_0171,data/datasets/yolo_wound_boxes_v1/images/train/legacy_raw_synthetic_wound__syn_wound_0171.jpg,data/datasets/yolo_wound_boxes_v1/labels/train/legacy_raw_synthetic_wound__syn_wound_0171.txt,yolo_retrain_v2,data/datasets/yolo_retrain_v2/images/val/raw_synthetic_wound__syn_wound_0171.jpg,SYNTHETIC,f5e8be7d6f8d78b9f33ddf496ecb959040909ecea6d159e740bc9d959295c7ee,1,1
legacy_raw_synthetic_wound__syn_wound_0172,train,drawing:raw_synthetic_wound__syn_wound_0172,data/datasets/yolo_wound_boxes_v1/images/train/legacy_raw_synthetic_wound__syn_wound_0172.jpg,data/datasets/yolo_wound_boxes_v1/labels/train/legacy_raw_synthetic_wound__syn_wound_0172.txt,yolo_retrain_v2,data/datasets/yolo_retrain_v2/images/val/raw_synthetic_wound__syn_wound_0172.jpg,SYNTHETIC,22844990fd880462094f6b197a46664392044d17433073f250b79ad48063bf75,1,1
legacy_raw_synthetic_wound__syn_wound_0173,train,drawing:raw_synthetic_wound__syn_wound_0173,data/datasets/yolo_wound_boxes_v1/images/train/legacy_raw_synthetic_wound__syn_wound_0173.jpg,data/datasets/yolo_wound_boxes_v1/labels/train/legacy_raw_synthetic_wound__syn_wound_0173.txt,yolo_retrain_v2,data/datasets/yolo_retrain_v2/images/val/raw_synthetic_wound__syn_wound_0173.jpg,SYNTHETIC,3fe10bf669db7df3ac3c7db4ed78f0ae4ea11cee87b9834bd62fddec8619cf68,1,0
legacy_raw_synthetic_wound__syn_wound_0179,train,drawing:raw_synthetic_wound__syn_wound_0179,data/datasets/yolo_wound_boxes_v1/images/train/legacy_raw_synthetic_wound__syn_wound_0179.jpg,data/datasets/yolo_wound_boxes_v1/labels/train/legacy_raw_synthetic_wound__syn_wound_0179.txt,yolo_retrain_v2,data/datasets/yolo_retrain_v2/images/val/raw_synthetic_wound__syn_wound_0179.jpg,SYNTHETIC,22354de9f1781dcb4fd52ebf4a19e69f7774781269c6d27853b86fa0355f2f9d,1,0
legacy_raw_synthetic_wound__syn_wound_0181,train,drawing:raw_synthetic_wound__syn_wound_0181,data/datasets/yolo_wound_boxes_v1/images/train/legacy_raw_synthetic_wound__syn_wound_0181.jpg,data/datasets/yolo_wound_boxes_v1/labels/train/legacy_raw_synthetic_wound__syn_wound_0181.txt,yolo_retrain_v2,data/datasets/yolo_retrain_v2/images/val/raw_synthetic_wound__syn_wound_0181.jpg,SYNTHETIC,55d66d81809ee5dac8e5955d6b5fb1a802e0f086f71f0f59a03fa8ed2094f3fb,1,1
legacy_raw_synthetic_wound__syn_wound_0182,test,drawing:raw_synthetic_wound__syn_wound_0182,data/datasets/yolo_wound_boxes_v1/images/test/legacy_raw_synthetic_wound__syn_wound_0182.jpg,data/datasets/yolo_wound_boxes_v1/labels/test/legacy_raw_synthetic_wound__syn_wound_0182.txt,yolo_retrain_v2,data/datasets/yolo_retrain_v2/images/val/raw_synthetic_wound__syn_wound_0182.jpg,SYNTHETIC,ace1d0125b7e1413b2a57d09858552a8bd829a58061a41b3a0e38fe6ce810c51,1,1
legacy_raw_synthetic_wound__syn_wound_0183,train,drawing:raw_synthetic_wound__syn_wound_0183,data/datasets/yolo_wound_boxes_v1/images/train/legacy_raw_synthetic_wound__syn_wound_0183.jpg,data/datasets/yolo_wound_boxes_v1/labels/train/legacy_raw_synthetic_wound__syn_wound_0183.txt,yolo_retrain_v2,data/datasets/yolo_retrain_v2/images/val/raw_synthetic_wound__syn_wound_0183.jpg,SYNTHETIC,00a3883595de0d1c41ef5a44e475b6f6f916833a8f457d5654a357fe03ad5bde,1,0
legacy_raw_synthetic_wound__syn_wound_0184,train,drawing:raw_synthetic_wound__syn_wound_0184,data/datasets/yolo_wound_boxes_v1/images/train/legacy_raw_synthetic_wound__syn_wound_0184.jpg,data/datasets/yolo_wound_boxes_v1/labels/train/legacy_raw_synthetic_wound__syn_wound_0184.txt,yolo_retrain_v2,data/datasets/yolo_retrain_v2/images/val/raw_synthetic_wound__syn_wound_0184.jpg,SYNTHETIC,6ac2b3fde5e8225852846d07737e8eb04e037566c73510c2df59018a74bf4582,1,1
legacy_yolo_real_wound__public_sample_0001,train,drawing:yolo_real_wound__public_sample_0001,data/datasets/yolo_wound_boxes_v1/images/train/legacy_yolo_real_wound__public_sample_0001.jpg,data/datasets/yolo_wound_boxes_v1/labels/train/legacy_yolo_real_wound__public_sample_0001.txt,yolo_retrain_v2,data/datasets/yolo_retrain_v2/images/test/yolo_real_wound__public_sample_0001.jpg,SYNTHETIC,f3a0596e8cd0212b0435977128635e66bd899c555bf9a3e2f923ec665b044d71,1,0
legacy_yolo_real_wound__public_sample_0002,train,drawing:yolo_real_wound__public_sample_0002,data/datasets/yolo_wound_boxes_v1/images/train/legacy_yolo_real_wound__public_sample_0002.jpg,data/datasets/yolo_wound_boxes_v1/labels/train/legacy_yolo_real_wound__public_sample_0002.txt,yolo_retrain_v2,data/datasets/yolo_retrain_v2/images/test/yolo_real_wound__public_sample_0002.jpg,SYNTHETIC,b5b1eaa164eed94f775a3402658434e6e6c0fa5b4e2f38aa2cfbd8d81f00a88c,1,1
legacy_negative__blank_skin,train,drawing:negative__blank_skin,data/datasets/yolo_wound_boxes_v1/images/train/legacy_negative__blank_skin.jpg,data/datasets/yolo_wound_boxes_v1/labels/train/legacy_negative__blank_skin.txt,yolo_retrain_v2,data/datasets/yolo_retrain_v2/images/val/negative__blank_skin.jpg,SYNTHETIC,631931cb967c6717bfc2c6298d7a8407f25a1517c3ce940edc9e10c892eb96ea,0,
legacy_negative__dummy_test,train,drawing:negative__dummy_test,data/datasets/yolo_wound_boxes_v1/images/train/legacy_negative__dummy_test.jpg,data/datasets/yolo_wound_boxes_v1/labels/train/legacy_negative__dummy_test.txt,yolo_retrain_v2,data/datasets/yolo_retrain_v2/images/test/negative__dummy_test.jpg,SYNTHETIC,0e5852861e08da9afb471da75f6f42f55d42d5e413aef1271428dd132b145886,0,
wound_azh_patches_0020126b06a719c36fed196c2c71f2f0_0,train,azh:0020126b06a719c36fed196c2c71f2f0,data/datasets/yolo_wound_boxes_v1/images/train/wound_azh_patches_0020126b06a719c36fed196c2c71f2f0_0.jpg,data/datasets/yolo_wound_boxes_v1/labels/train/wound_azh_patches_0020126b06a719c36fed196c2c71f2f0_0.txt,azh_patches,data/datasets/external/azh_patches/train/images/0020126b06a719c36fed196c2c71f2f0_0.png,PUBLIC_REAL_PHOTOS,a18fc0d7550318b02304aaa920ca1f1a053f9080ed66d56dc3896789daf199e7,1,2
wound_azh_patches_002985bcbd572241a950bf39b4188d70_0,val,azh:002985bcbd572241a950bf39b4188d70,data/datasets/yolo_wound_boxes_v1/images/val/wound_azh_patches_002985bcbd572241a950bf39b4188d70_0.jpg,data/datasets/yolo_wound_boxes_v1/labels/val/wound_azh_patches_002985bcbd572241a950bf39b4188d70_0.txt,azh_patches,data/datasets/external/azh_patches/train/images/002985bcbd572241a950bf39b4188d70_0.png,PUBLIC_REAL_PHOTOS,457b52435f12f3cda94afd6216ea8f352f07447ab125c304058208670d6322e0,1,2
wound_azh_patches_00437234527092743faeb39bc59bd7ee_0,test,azh:00437234527092743faeb39bc59bd7ee,data/datasets/yolo_wound_boxes_v1/images/test/wound_azh_patches_00437234527092743faeb39bc59bd7ee_0.jpg,data/datasets/yolo_wound_boxes_v1/labels/test/wound_azh_patches_00437234527092743faeb39bc59bd7ee_0.txt,azh_patches,data/datasets/external/azh_patches/train/images/00437234527092743faeb39bc59bd7ee_0.png,PUBLIC_REAL_PHOTOS,10ce7585f5cd4b597b65fdca960e8d35d775f78dea20b6b5b8dec00eae742149,1,2
wound_azh_patches_00be2ad4736f6657b767683186615f3f_0,train,azh:00be2ad4736f6657b767683186615f3f,data/datasets/yolo_wound_boxes_v1/images/train/wound_azh_patches_00be2ad4736f6657b767683186615f3f_0.jpg,data/datasets/yolo_wound_boxes_v1/labels/train/wound_azh_patches_00be2ad4736f6657b767683186615f3f_0.txt,azh_patches,data/datasets/external/azh_patches/train/images/00be2ad4736f6657b767683186615f3f_0.png,PUBLIC_REAL_PHOTOS,c1bd527014edd90d7a5a7fc0e060e184ee0cedcabe25505325db0eeec89b0eb8,1,2
wound_azh_patches_00bf40d77104c2b4d6d55e431ca009b9_0,train,azh:00bf40d77104c2b4d6d55e431ca009b9,data/datasets/yolo_wound_boxes_v1/images/train/wound_azh_patches_00bf40d77104c2b4d6d55e431ca009b9_0.jpg,data/datasets/yolo_wound_boxes_v1/labels/train/wound_azh_patches_00bf40d77104c2b4d6d55e431ca009b9_0.txt,azh_patches,data/datasets/external/azh_patches/train/images/00bf40d77104c2b4d6d55e431ca009b9_0.png,PUBLIC_REAL_PHOTOS,0bc6ebb740d222752f3f531a249cb3a225a06b9ad9305f16b662e846c52c7973,1,2
wound_azh_patches_00d87e85e220404257d75a9c6d574e0b_0,train,azh:00d87e85e220404257d75a9c6d574e0b,data/datasets/yolo_wound_boxes_v1/images/train/wound_azh_patches_00d87e85e220404257d75a9c6d574e0b_0.jpg,data/datasets/yolo_wound_boxes_v1/labels/train/wound_azh_patches_00d87e85e220404257d75a9c6d574e0b_0.txt,azh_patches,data/datasets/external/azh_patches/train/images/00d87e85e220404257d75a9c6d574e0b_0.png,PUBLIC_REAL_PHOTOS,72bc2b1f8633829127b89ff745c4d3706d8e352bedf36d19b993b71a234a5a11,1,2
wound_azh_patches_01289b5d0d3f47b0de56c003ec81614a_0,val,azh:01289b5d0d3f47b0de56c003ec81614a,data/datasets/yolo_wound_boxes_v1/images/val/wound_azh_patches_01289b5d0d3f47b0de56c003ec81614a_0.jpg,data/datasets/yolo_wound_boxes_v1/labels/val/wound_azh_patches_01289b5d0d3f47b0de56c003ec81614a_0.txt,azh_patches,data/datasets/external/azh_patches/train/images/01289b5d0d3f47b0de56c003ec81614a_0.png,PUBLIC_REAL_PHOTOS,27c74f6b6f1400134282c3aa8f1ea5d98b7f4d3d21ab853ed8891899abc359f2,1,2
wound_azh_patches_01289b5d0d3f47b0de56c003ec81614a_1,val,azh:01289b5d0d3f47b0de56c003ec81614a,data/datasets/yolo_wound_boxes_v1/images/val/wound_azh_patches_01289b5d0d3f47b0de56c003ec81614a_1.jpg,data/datasets/yolo_wound_boxes_v1/labels/val/wound_azh_patches_01289b5d0d3f47b0de56c003ec81614a_1.txt,azh_patches,data/datasets/external/azh_patches/train/images/01289b5d0d3f47b0de56c003ec81614a_1.png,PUBLIC_REAL_PHOTOS,6ac58b55e0e1644e6002063754280323246385effdbee35ccbd77492f92a8ba2,1,2
wound_azh_patches_026d4acc83cb338c02ade317e0816f61_0,val,azh:026d4acc83cb338c02ade317e0816f61,data/datasets/yolo_wound_boxes_v1/images/val/wound_azh_patches_026d4acc83cb338c02ade317e0816f61_0.jpg,data/datasets/yolo_wound_boxes_v1/labels/val/wound_azh_patches_026d4acc83cb338c02ade317e0816f61_0.txt,azh_patches,data/datasets/external/azh_patches/train/images/026d4acc83cb338c02ade317e0816f61_0.png,PUBLIC_REAL_PHOTOS,fb1187bfb865c9644a7aebb41b47de9b8569c3cb2d89610e508b1d59676e00ad,1,2
wound_azh_patches_0272003ec882522e7bec012aac93cc26_1,train,azh:0272003ec882522e7bec012aac93cc26,data/datasets/yolo_wound_boxes_v1/images/train/wound_azh_patches_0272003ec882522e7bec012aac93cc26_1.jpg,data/datasets/yolo_wound_boxes_v1/labels/train/wound_azh_patches_0272003ec882522e7bec012aac93cc26_1.txt,azh_patches,data/datasets/external/azh_patches/train/images/0272003ec882522e7bec012aac93cc26_1.png,PUBLIC_REAL_PHOTOS,115f32ac2588e547117c43253055679c75e9bcfa0542dd05bb90eab5c3cdc06a,1,2
wound_azh_patches_0272003ec882522e7bec012aac93cc26_2,train,azh:0272003ec882522e7bec012aac93cc26,data/datasets/yolo_wound_boxes_v1/images/train/wound_azh_patches_0272003ec882522e7bec012aac93cc26_2.jpg,data/datasets/yolo_wound_boxes_v1/labels/train/wound_azh_patches_0272003ec882522e7bec012aac93cc26_2.txt,azh_patches,data/datasets/external/azh_patches/train/images/0272003ec882522e7bec012aac93cc26_2.png,PUBLIC_REAL_PHOTOS,990ef6214c8df2e769a65aa519662c660f9468a41f6b7cdf2e7c6957a56ce148,1,2
wound_azh_patches_0272003ec882522e7bec012aac93cc26_3,train,azh:0272003ec882522e7bec012aac93cc26,data/datasets/yolo_wound_boxes_v1/images/train/wound_azh_patches_0272003ec882522e7bec012aac93cc26_3.jpg,data/datasets/yolo_wound_boxes_v1/labels/train/wound_azh_patches_0272003ec882522e7bec012aac93cc26_3.txt,azh_patches,data/datasets/external/azh_patches/train/images/0272003ec882522e7bec012aac93cc26_3.png,PUBLIC_REAL_PHOTOS,7e73234e00fd2c1d17c98874821586add510dc516b66b8745708cf9996117b26,1,2
wound_azh_patches_02858ff80779671801b922af42c72df6_0,train,azh:02858ff80779671801b922af42c72df6,data/datasets/yolo_wound_boxes_v1/images/train/wound_azh_patches_02858ff80779671801b922af42c72df6_0.jpg,data/datasets/yolo_wound_boxes_v1/labels/train/wound_azh_patches_02858ff80779671801b922af42c72df6_0.txt,azh_patches,data/datasets/external/azh_patches/train/images/02858ff80779671801b922af42c72df6_0.png,PUBLIC_REAL_PHOTOS,89eb38b364c544af58c172760941a4f116c23eadb6b97cc840dd7a87273389ad,1,2
wound_azh_patches_0301eae58a63514483f1f05436437ac2_0,test,azh:0301eae58a63514483f1f05436437ac2,data/datasets/yolo_wound_boxes_v1/images/test/wound_azh_patches_0301eae58a63514483f1f05436437ac2_0.jpg,data/datasets/yolo_wound_boxes_v1/labels/test/wound_azh_patches_0301eae58a63514483f1f05436437ac2_0.txt,azh_patches,data/datasets/external/azh_patches/train/images/0301eae58a63514483f1f05436437ac2_0.png,PUBLIC_REAL_PHOTOS,0c6c646814e8b51f5681bbeb69ae56df6377f70ab21a99b199d11f962b49f78c,1,2
wound_azh_patches_0301eae58a63514483f1f05436437ac2_1,test,azh:0301eae58a63514483f1f05436437ac2,data/datasets/yolo_wound_boxes_v1/images/test/wound_azh_patches_0301eae58a63514483f1f05436437ac2_1.jpg,data/datasets/yolo_wound_boxes_v1/labels/test/wound_azh_patches_0301eae58a63514483f1f05436437ac2_1.txt,azh_patches,data/datasets/external/azh_patches/train/images/0301eae58a63514483f1f05436437ac2_1.png,PUBLIC_REAL_PHOTOS,140a09c773affde3409952cc367cbb0c75ab65d68280ae4e8ae85c5af078bb6d,1,2
wound_azh_patches_035b9aff921b413432a9b2b6d68e4c50_1,train,azh:035b9aff921b413432a9b2b6d68e4c50,data/datasets/yolo_wound_boxes_v1/images/train/wound_azh_patches_035b9aff921b413432a9b2b6d68e4c50_1.jpg,data/datasets/yolo_wound_boxes_v1/labels/train/wound_azh_patches_035b9aff921b413432a9b2b6d68e4c50_1.txt,azh_patches,data/datasets/external/azh_patches/train/images/035b9aff921b413432a9b2b6d68e4c50_1.png,PUBLIC_REAL_PHOTOS,5d4252502a3ce82d39ea5d34b613532c36fbbe975c79307c243ba041837ff7ee,1,2
wound_azh_patches_035b9aff921b413432a9b2b6d68e4c50_2,train,azh:035b9aff921b413432a9b2b6d68e4c50,data/datasets/yolo_wound_boxes_v1/images/train/wound_azh_patches_035b9aff921b413432a9b2b6d68e4c50_2.jpg,data/datasets/yolo_wound_boxes_v1/labels/train/wound_azh_patches_035b9aff921b413432a9b2b6d68e4c50_2.txt,azh_patches,data/datasets/external/azh_patches/train/images/035b9aff921b413432a9b2b6d68e4c50_2.png,PUBLIC_REAL_PHOTOS,8fa6495037ea504a6c8fa0147823e152113b0f5f3fee9f802543de6c76199353,1,2
wound_azh_patches_03722f11a500f35511add8b2ecf54e61_0,train,azh:03722f11a500f35511add8b2ecf54e61,data/datasets/yolo_wound_boxes_v1/images/train/wound_azh_patches_03722f11a500f35511add8b2ecf54e61_0.jpg,data/datasets/yolo_wound_boxes_v1/labels/train/wound_azh_patches_03722f11a500f35511add8b2ecf54e61_0.txt,azh_patches,data/datasets/external/azh_patches/train/images/03722f11a500f35511add8b2ecf54e61_0.png,PUBLIC_REAL_PHOTOS,3cb9d33aab576c1110489fea54e9a12fc9ef8b37d41e92623ea2e42b0676fcf8,1,2
wound_azh_patches_03a29338d44c41efd1856034029cb9cb_0,train,azh:03a29338d44c41efd1856034029cb9cb,data/datasets/yolo_wound_boxes_v1/images/train/wound_azh_patches_03a29338d44c41efd1856034029cb9cb_0.jpg,data/datasets/yolo_wound_boxes_v1/labels/train/wound_azh_patches_03a29338d44c41efd1856034029cb9cb_0.txt,azh_patches,data/datasets/external/azh_patches/train/images/03a29338d44c41efd1856034029cb9cb_0.png,PUBLIC_REAL_PHOTOS,4aaf4faed325f8b72361f2c11f72048f772c25309200b76d6a986582441c1959,1,2
wound_azh_patches_03a29338d44c41efd1856034029cb9cb_1,train,azh:03a29338d44c41efd1856034029cb9cb,data/datasets/yolo_wound_boxes_v1/images/train/wound_azh_patches_03a29338d44c41efd1856034029cb9cb_1.jpg,data/datasets/yolo_wound_boxes_v1/labels/train/wound_azh_patches_03a29338d44c41efd1856034029cb9cb_1.txt,azh_patches,data/datasets/external/azh_patches/train/images/03a29338d44c41efd1856034029cb9cb_1.png,PUBLIC_REAL_PHOTOS,1c5aaed987606a37335537c36094311eb837b9c82cc650ade7527dbe710bd1b8,1,2
wound_azh_patches_03a29338d44c41efd1856034029cb9cb_2,train,azh:03a29338d44c41efd1856034029cb9cb,data/datasets/yolo_wound_boxes_v1/images/train/wound_azh_patches_03a29338d44c41efd1856034029cb9cb_2.jpg,data/datasets/yolo_wound_boxes_v1/labels/train/wound_azh_patches_03a29338d44c41efd1856034029cb9cb_2.txt,azh_patches,data/datasets/external/azh_patches/train/images/03a29338d44c41efd1856034029cb9cb_2.png,PUBLIC_REAL_PHOTOS,f8b46e18e644729ad737cd3390ae19d3020fd84f1a5626bb719db1a86f09c7bd,1,2
wound_azh_patches_03b7f4b22ab4357bbf58da1540daf836_0,train,azh:03b7f4b22ab4357bbf58da1540daf836,data/datasets/yolo_wound_boxes_v1/images/train/wound_azh_patches_03b7f4b22ab4357bbf58da1540daf836_0.jpg,data/datasets/yolo_wound_boxes_v1/labels/train/wound_azh_patches_03b7f4b22ab4357bbf58da1540daf836_0.txt,azh_patches,data/datasets/external/azh_patches/train/images/03b7f4b22ab4357bbf58da1540daf836_0.png,PUBLIC_REAL_PHOTOS,1b04de1c50535051a5a4116a063da1b85bbe8ede31b53ffbbbd654bbf119cadb,1,2
wound_azh_patches_04475f8d2c89fbf998cf4713d234ce50_0,val,azh:04475f8d2c89fbf998cf4713d234ce50,data/datasets/yolo_wound_boxes_v1/images/val/wound_azh_patches_04475f8d2c89fbf998cf4713d234ce50_0.jpg,data/datasets/yolo_wound_boxes_v1/labels/val/wound_azh_patches_04475f8d2c89fbf998cf4713d234ce50_0.txt,azh_patches,data/datasets/external/azh_patches/train/images/04475f8d2c89fbf998cf4713d234ce50_0.png,PUBLIC_REAL_PHOTOS,34a7e0e3cf9d53c3d25a7f8bb024bb430a04101631234eda05ed5845d3d9e42e,1,2
wound_azh_patches_045069bee69b9a6b457a69c564589895_0,train,azh:045069bee69b9a6b457a69c564589895,data/datasets/yolo_wound_boxes_v1/images/train/wound_azh_patches_045069bee69b9a6b457a69c564589895_0.jpg,data/datasets/yolo_wound_boxes_v1/labels/train/wound_azh_patches_045069bee69b9a6b457a69c564589895_0.txt,azh_patches,data/datasets/external/azh_patches/train/images/045069bee69b9a6b457a69c564589895_0.png,PUBLIC_REAL_PHOTOS,52eea1c8e18f94f8f3563f86941895316d427315015f287e2c3f1db6d8755537,1,2
wound_azh_patches_045069bee69b9a6b457a69c564589895_1,train,azh:045069bee69b9a6b457a69c564589895,data/datasets/yolo_wound_boxes_v1/images/train/wound_azh_patches_045069bee69b9a6b457a69c564589895_1.jpg,data/datasets/yolo_wound_boxes_v1/labels/train/wound_azh_patches_045069bee69b9a6b457a69c564589895_1.txt,azh_patches,data/datasets/external/azh_patches/train/images/045069bee69b9a6b457a69c564589895_1.png,PUBLIC_REAL_PHOTOS,0b4b3bf1ca2f1db78b6327f010e404d6e4067e5201b9afb124fd2024726e1543,1,2
wound_azh_patches_04f5a57ec361e6c807bb168dadcaa8ab_0,train,azh:04f5a57ec361e6c807bb168dadcaa8ab,data/datasets/yolo_wound_boxes_v1/images/train/wound_azh_patches_04f5a57ec361e6c807bb168dadcaa8ab_0.jpg,data/datasets/yolo_wound_boxes_v1/labels/train/wound_azh_patches_04f5a57ec361e6c807bb168dadcaa8ab_0.txt,azh_patches,data/datasets/external/azh_patches/train/images/04f5a57ec361e6c807bb168dadcaa8ab_0.png,PUBLIC_REAL_PHOTOS,0798c90b5a3787d76704faed928f25c344184849e05dc638ed2afe5c0645203e,1,2
wound_azh_patches_04f64bf046561f6838a4b0edb8a995d4_0,train,azh:04f64bf046561f6838a4b0edb8a995d4,data/datasets/yolo_wound_boxes_v1/images/train/wound_azh_patches_04f64bf046561f6838a4b0edb8a995d4_0.jpg,data/datasets/yolo_wound_boxes_v1/labels/train/wound_azh_patches_04f64bf046561f6838a4b0edb8a995d4_0.txt,azh_patches,data/datasets/external/azh_patches/train/images/04f64bf046561f6838a4b0edb8a995d4_0.png,PUBLIC_REAL_PHOTOS,fc94b04268ba8a6a94b8cfac3b7e32e6dab4f84767b862c80a97a7eaa9dc3b5d,1,2
wound_azh_patches_04ff12bacbf32cde2df83fc1199518d8_1,train,azh:04ff12bacbf32cde2df83fc1199518d8,data/datasets/yolo_wound_boxes_v1/images/train/wound_azh_patches_04ff12bacbf32cde2df83fc1199518d8_1.jpg,data/datasets/yolo_wound_boxes_v1/labels/train/wound_azh_patches_04ff12bacbf32cde2df83fc1199518d8_1.txt,azh_patches,data/datasets/external/azh_patches/train/images/04ff12bacbf32cde2df83fc1199518d8_1.png,PUBLIC_REAL_PHOTOS,ea78e7f21300024ec2b3f77f08dc40553e33bd74ab571f4aaeecfa03bfb6d464,1,2
wound_azh_patches_051d7c68ec44d127707d220a2f8a6c09_0,test,azh:051d7c68ec44d127707d220a2f8a6c09,data/datasets/yolo_wound_boxes_v1/images/test/wound_azh_patches_051d7c68ec44d127707d220a2f8a6c09_0.jpg,data/datasets/yolo_wound_boxes_v1/labels/test/wound_azh_patches_051d7c68ec44d127707d220a2f8a6c09_0.txt,azh_patches,data/datasets/external/azh_patches/train/images/051d7c68ec44d127707d220a2f8a6c09_0.png,PUBLIC_REAL_PHOTOS,05820617b7daa5a16b1d8e965340048aa8cd57d6c36ec7c69a9ce189aa6d4e0a,1,2
wound_azh_patches_05a18470225822d3409639821fb92174_0,val,azh:05a18470225822d3409639821fb92174,data/datasets/yolo_wound_boxes_v1/images/val/wound_azh_patches_05a18470225822d3409639821fb92174_0.jpg,data/datasets/yolo_wound_boxes_v1/labels/val/wound_azh_patches_05a18470225822d3409639821fb92174_0.txt,azh_patches,data/datasets/external/azh_patches/train/images/05a18470225822d3409639821fb92174_0.png,PUBLIC_REAL_PHOTOS,6106e4e82aacbac6861762eeae742c007d3433bffe6534b5f399afc6fe039dc2,1,2
wound_azh_patches_05bf122b0e8bf667fc2aeedd8b70d9f3_0,train,azh:05bf122b0e8bf667fc2aeedd8b70d9f3,data/datasets/yolo_wound_boxes_v1/images/train/wound_azh_patches_05bf122b0e8bf667fc2aeedd8b70d9f3_0.jpg,data/datasets/yolo_wound_boxes_v1/labels/train/wound_azh_patches_05bf122b0e8bf667fc2aeedd8b70d9f3_0.txt,azh_patches,data/datasets/external/azh_patches/train/images/05bf122b0e8bf667fc2aeedd8b70d9f3_0.png,PUBLIC_REAL_PHOTOS,e5bb5debab9ff8fc328b486f20754c47197a827c2525348a54aa10737c71d52d,1,2
wound_azh_patches_06d5643601a23d986ce7a24ca4bb2152_0,train,azh:06d5643601a23d986ce7a24ca4bb2152,data/datasets/yolo_wound_boxes_v1/images/train/wound_azh_patches_06d5643601a23d986ce7a24ca4bb2152_0.jpg,data/datasets/yolo_wound_boxes_v1/labels/train/wound_azh_patches_06d5643601a23d986ce7a24ca4bb2152_0.txt,azh_patches,data/datasets/external/azh_patches/train/images/06d5643601a23d986ce7a24ca4bb2152_0.png,PUBLIC_REAL_PHOTOS,78472052c2d3f580c2371da7a73efce98b67ba6371b9d30e5a7f5f8c014416b8,1,2
wound_azh_patches_07752ea4874089617a42d82cf2ae00fb_0,train,azh:07752ea4874089617a42d82cf2ae00fb,data/datasets/yolo_wound_boxes_v1/images/train/wound_azh_patches_07752ea4874089617a42d82cf2ae00fb_0.jpg,data/datasets/yolo_wound_boxes_v1/labels/train/wound_azh_patches_07752ea4874089617a42d82cf2ae00fb_0.txt,azh_patches,data/datasets/external/azh_patches/train/images/07752ea4874089617a42d82cf2ae00fb_0.png,PUBLIC_REAL_PHOTOS,a907318ec393bd6f3a1c89cd3a1891d5cea0650ffd83e760c398b8684f638717,1,2
wound_azh_patches_07a31c50fc96dcf841177d2c832767b9_0,test,azh:07a31c50fc96dcf841177d2c832767b9,data/datasets/yolo_wound_boxes_v1/images/test/wound_azh_patches_07a31c50fc96dcf841177d2c832767b9_0.jpg,data/datasets/yolo_wound_boxes_v1/labels/test/wound_azh_patches_07a31c50fc96dcf841177d2c832767b9_0.txt,azh_patches,data/datasets/external/azh_patches/train/images/07a31c50fc96dcf841177d2c832767b9_0.png,PUBLIC_REAL_PHOTOS,8b7859e2cbc5346522137eb848cc6b8742e06bbd397292f91369be589c4dc99d,1,2
wound_azh_patches_07a31c50fc96dcf841177d2c832767b9_1,test,azh:07a31c50fc96dcf841177d2c832767b9,data/datasets/yolo_wound_boxes_v1/images/test/wound_azh_patches_07a31c50fc96dcf841177d2c832767b9_1.jpg,data/datasets/yolo_wound_boxes_v1/labels/test/wound_azh_patches_07a31c50fc96dcf841177d2c832767b9_1.txt,azh_patches,data/datasets/external/azh_patches/train/images/07a31c50fc96dcf841177d2c832767b9_1.png,PUBLIC_REAL_PHOTOS,fdebda271202b6168a9ac3e04799bfb7804da5588e1ec8b1b6923c89ad470025,1,2
wound_azh_patches_07cd49d4077e7392d36501f291706ddb_1,train,azh:07cd49d4077e7392d36501f291706ddb,data/datasets/yolo_wound_boxes_v1/images/train/wound_azh_patches_07cd49d4077e7392d36501f291706ddb_1.jpg,data/datasets/yolo_wound_boxes_v1/labels/train/wound_azh_patches_07cd49d4077e7392d36501f291706ddb_1.txt,azh_patches,data/datasets/external/azh_patches/train/images/07cd49d4077e7392d36501f291706ddb_1.png,PUBLIC_REAL_PHOTOS,11cf13c0d5b96255e4fa9ef126a9c754ea191e684404c88e2a6b904bf2553ae3,1,2
wound_azh_patches_08b680ecad190d66a8295c5255550bbf_0,train,azh:08b680ecad190d66a8295c5255550bbf,data/datasets/yolo_wound_boxes_v1/images/train/wound_azh_patches_08b680ecad190d66a8295c5255550bbf_0.jpg,data/datasets/yolo_wound_boxes_v1/labels/train/wound_azh_patches_08b680ecad190d66a8295c5255550bbf_0.txt,azh_patches,data/datasets/external/azh_patches/train/images/08b680ecad190d66a8295c5255550bbf_0.png,PUBLIC_REAL_PHOTOS,a6c490a3ad416d3ad10a388d1ab2cf0fb4944ec2255e29d3cf2db43a3caf1b43,1,2
wound_azh_patches_08e0afdaf1c0ee8199bbab7ccd91dc4b_0,train,azh:08e0afdaf1c0ee8199bbab7ccd91dc4b,data/datasets/yolo_wound_boxes_v1/images/train/wound_azh_patches_08e0afdaf1c0ee8199bbab7ccd91dc4b_0.jpg,data/datasets/yolo_wound_boxes_v1/labels/train/wound_azh_patches_08e0afdaf1c0ee8199bbab7ccd91dc4b_0.txt,azh_patches,data/datasets/external/azh_patches/train/images/08e0afdaf1c0ee8199bbab7ccd91dc4b_0.png,PUBLIC_REAL_PHOTOS,d2d16bfde5e6d704786d7793fce96c137fb58d57fe2e025d7613fe19729d6755,1,2
wound_azh_patches_09174d2f9d9ac1b948ba8fb889081e88_0,train,azh:09174d2f9d9ac1b948ba8fb889081e88,data/datasets/yolo_wound_boxes_v1/images/train/wound_azh_patches_09174d2f9d9ac1b948ba8fb889081e88_0.jpg,data/datasets/yolo_wound_boxes_v1/labels/train/wound_azh_patches_09174d2f9d9ac1b948ba8fb889081e88_0.txt,azh_patches,data/datasets/external/azh_patches/train/images/09174d2f9d9ac1b948ba8fb889081e88_0.png,PUBLIC_REAL_PHOTOS,6579d09217f50efa6ca6984ac473dfbdb74be371451938dea085a4c449ff87bf,1,2
wound_azh_patches_093bb62edcdb3f3c91316300d2278434_0,test,azh:093bb62edcdb3f3c91316300d2278434,data/datasets/yolo_wound_boxes_v1/images/test/wound_azh_patches_093bb62edcdb3f3c91316300d2278434_0.jpg,data/datasets/yolo_wound_boxes_v1/labels/test/wound_azh_patches_093bb62edcdb3f3c91316300d2278434_0.txt,azh_patches,data/datasets/external/azh_patches/train/images/093bb62edcdb3f3c91316300d2278434_0.png,PUBLIC_REAL_PHOTOS,3a261cd4f9474a3b9e25d926bfe23a0ef33fbcf8eb95e139c54cdd314e967c4e,1,2
wound_azh_patches_095919973cde59672f21c88850a4aa09_0,train,azh:095919973cde59672f21c88850a4aa09,data/datasets/yolo_wound_boxes_v1/images/train/wound_azh_patches_095919973cde59672f21c88850a4aa09_0.jpg,data/datasets/yolo_wound_boxes_v1/labels/train/wound_azh_patches_095919973cde59672f21c88850a4aa09_0.txt,azh_patches,data/datasets/external/azh_patches/train/images/095919973cde59672f21c88850a4aa09_0.png,PUBLIC_REAL_PHOTOS,301254b73adb776697d65b4931febd5a9e5a4ac2085a809e0043344c9a09f311,1,2
wound_azh_patches_09bca41d50cde9fb565a929c69ea6459_0,train,azh:09bca41d50cde9fb565a929c69ea6459,data/datasets/yolo_wound_boxes_v1/images/train/wound_azh_patches_09bca41d50cde9fb565a929c69ea6459_0.jpg,data/datasets/yolo_wound_boxes_v1/labels/train/wound_azh_patches_09bca41d50cde9fb565a929c69ea6459_0.txt,azh_patches,data/datasets/external/azh_patches/train/images/09bca41d50cde9fb565a929c69ea6459_0.png,PUBLIC_REAL_PHOTOS,9b5bea4192274cf94a7a2078599ff318c22d53cfc2c622fd5e6561c34e2f7b51,1,2
wound_azh_patches_0a1522cbd777cdcea28293c46f717a6e_0,train,azh:0a1522cbd777cdcea28293c46f717a6e,data/datasets/yolo_wound_boxes_v1/images/train/wound_azh_patches_0a1522cbd777cdcea28293c46f717a6e_0.jpg,data/datasets/yolo_wound_boxes_v1/labels/train/wound_azh_patches_0a1522cbd777cdcea28293c46f717a6e_0.txt,azh_patches,data/datasets/external/azh_patches/train/images/0a1522cbd777cdcea28293c46f717a6e_0.png,PUBLIC_REAL_PHOTOS,737892d1c0cb53ac7f4243e09f321f6a8ce72e81bfff681b0668e8e859f4e5da,1,2
wound_azh_patches_0a5a3ada2bb75c4af2daf8e4726bf099_2,train,azh:0a5a3ada2bb75c4af2daf8e4726bf099,data/datasets/yolo_wound_boxes_v1/images/train/wound_azh_patches_0a5a3ada2bb75c4af2daf8e4726bf099_2.jpg,data/datasets/yolo_wound_boxes_v1/labels/train/wound_azh_patches_0a5a3ada2bb75c4af2daf8e4726bf099_2.txt,azh_patches,data/datasets/external/azh_patches/train/images/0a5a3ada2bb75c4af2daf8e4726bf099_2.png,PUBLIC_REAL_PHOTOS,68c21d20f51627e57273d07ff8a900fdc6cace8ced08d146a089d9b836be8efe,1,2
wound_azh_patches_0abb9eba5adac0db89364735c88860e4_0,val,azh:0abb9eba5adac0db89364735c88860e4,data/datasets/yolo_wound_boxes_v1/images/val/wound_azh_patches_0abb9eba5adac0db89364735c88860e4_0.jpg,data/datasets/yolo_wound_boxes_v1/labels/val/wound_azh_patches_0abb9eba5adac0db89364735c88860e4_0.txt,azh_patches,data/datasets/external/azh_patches/train/images/0abb9eba5adac0db89364735c88860e4_0.png,PUBLIC_REAL_PHOTOS,9d97154871cf1f402a236b370b7bcd4c1ae3cd84a52e6140fecbe49ab185d45b,1,2
wound_azh_patches_0ac40b1b34bdfebeab8fdad265e76554_0,test,azh:0ac40b1b34bdfebeab8fdad265e76554,data/datasets/yolo_wound_boxes_v1/images/test/wound_azh_patches_0ac40b1b34bdfebeab8fdad265e76554_0.jpg,data/datasets/yolo_wound_boxes_v1/labels/test/wound_azh_patches_0ac40b1b34bdfebeab8fdad265e76554_0.txt,azh_patches,data/datasets/external/azh_patches/train/images/0ac40b1b34bdfebeab8fdad265e76554_0.png,PUBLIC_REAL_PHOTOS,3b600991a3fc87ddf4fc5680d0d21e20da846c585031ce4c8ab773df0be1edbb,1,2
wound_azh_patches_0b12ef4301fbef4071bc8a7b0beeff49_0,train,azh:0b12ef4301fbef4071bc8a7b0beeff49,data/datasets/yolo_wound_boxes_v1/images/train/wound_azh_patches_0b12ef4301fbef4071bc8a7b0beeff49_0.jpg,data/datasets/yolo_wound_boxes_v1/labels/train/wound_azh_patches_0b12ef4301fbef4071bc8a7b0beeff49_0.txt,azh_patches,data/datasets/external/azh_patches/train/images/0b12ef4301fbef4071bc8a7b0beeff49_0.png,PUBLIC_REAL_PHOTOS,3cad216e16451b134accfe4af347188afe341f83ae5dae14b552aaadddb1efa0,1,2
wound_azh_patches_0b1e2ebd480a39038df6a4a8b273ded2_0,test,azh:0b1e2ebd480a39038df6a4a8b273ded2,data/datasets/yolo_wound_boxes_v1/images/test/wound_azh_patches_0b1e2ebd480a39038df6a4a8b273ded2_0.jpg,data/datasets/yolo_wound_boxes_v1/labels/test/wound_azh_patches_0b1e2ebd480a39038df6a4a8b273ded2_0.txt,azh_patches,data/datasets/external/azh_patches/train/images/0b1e2ebd480a39038df6a4a8b273ded2_0.png,PUBLIC_REAL_PHOTOS,5827d7da275c0afa280162f5b94bc70fd66f0fd9ab339d4f1bbdc8112092e1f1,1,2
wound_azh_patches_0b46c657b53f0d102b240cde1b02191a_0,train,azh:0b46c657b53f0d102b240cde1b02191a,data/datasets/yolo_wound_boxes_v1/images/train/wound_azh_patches_0b46c657b53f0d102b240cde1b02191a_0.jpg,data/datasets/yolo_wound_boxes_v1/labels/train/wound_azh_patches_0b46c657b53f0d102b240cde1b02191a_0.txt,azh_patches,data/datasets/external/azh_patches/train/images/0b46c657b53f0d102b240cde1b02191a_0.png,PUBLIC_REAL_PHOTOS,a2653e375bab753655457e13f836ea8ff6659593f64828a43e8eafb1ed86267d,1,2
wound_azh_patches_0b53daf814304dd0d74efb2fa052ef23_0,train,azh:0b53daf814304dd0d74efb2fa052ef23,data/datasets/yolo_wound_boxes_v1/images/train/wound_azh_patches_0b53daf814304dd0d74efb2fa052ef23_0.jpg,data/datasets/yolo_wound_boxes_v1/labels/train/wound_azh_patches_0b53daf814304dd0d74efb2fa052ef23_0.txt,azh_patches,data/datasets/external/azh_patches/train/images/0b53daf814304dd0d74efb2fa052ef23_0.png,PUBLIC_REAL_PHOTOS,f34996aaeaa5e349fe3205dfce3e686540f88140ab0119ea24ab0e55ffaa46fd,1,2
wound_azh_patches_0b80c3d310aaab93d2bc5fc535339cc9_0,train,azh:0b80c3d310aaab93d2bc5fc535339cc9,data/datasets/yolo_wound_boxes_v1/images/train/wound_azh_patches_0b80c3d310aaab93d2bc5fc535339cc9_0.jpg,data/datasets/yolo_wound_boxes_v1/labels/train/wound_azh_patches_0b80c3d310aaab93d2bc5fc535339cc9_0.txt,azh_patches,data/datasets/external/azh_patches/train/images/0b80c3d310aaab93d2bc5fc535339cc9_0.png,PUBLIC_REAL_PHOTOS,ab1bf69ef8f04b26185de158ce61c666d098168e8ab187b9de430e504b50d210,1,2
wound_azh_patches_0b80c3d310aaab93d2bc5fc535339cc9_1,train,azh:0b80c3d310aaab93d2bc5fc535339cc9,data/datasets/yolo_wound_boxes_v1/images/train/wound_azh_patches_0b80c3d310aaab93d2bc5fc535339cc9_1.jpg,data/datasets/yolo_wound_boxes_v1/labels/train/wound_azh_patches_0b80c3d310aaab93d2bc5fc535339cc9_1.txt,azh_patches,data/datasets/external/azh_patches/train/images/0b80c3d310aaab93d2bc5fc535339cc9_1.png,PUBLIC_REAL_PHOTOS,f62aa74ce56609b9b18fd4b2aa1511552e25b8aef8dc92f033179682baa86710,1,2
wound_azh_patches_0bc5e8bfd852b40e2a2af5cd933e00bb_0,train,azh:0bc5e8bfd852b40e2a2af5cd933e00bb,data/datasets/yolo_wound_boxes_v1/images/train/wound_azh_patches_0bc5e8bfd852b40e2a2af5cd933e00bb_0.jpg,data/datasets/yolo_wound_boxes_v1/labels/train/wound_azh_patches_0bc5e8bfd852b40e2a2af5cd933e00bb_0.txt,azh_patches,data/datasets/external/azh_patches/train/images/0bc5e8bfd852b40e2a2af5cd933e00bb_0.png,PUBLIC_REAL_PHOTOS,7aaf3966aac1cb230fe7f1be6227c9c80056ac6ed77a10d466fe5cf0c9104d56,1,2
wound_azh_patches_0c2ef774c755a57b93845eed12e8029f_0,train,azh:0c2ef774c755a57b93845eed12e8029f,data/datasets/yolo_wound_boxes_v1/images/train/wound_azh_patches_0c2ef774c755a57b93845eed12e8029f_0.jpg,data/datasets/yolo_wound_boxes_v1/labels/train/wound_azh_patches_0c2ef774c755a57b93845eed12e8029f_0.txt,azh_patches,data/datasets/external/azh_patches/train/images/0c2ef774c755a57b93845eed12e8029f_0.png,PUBLIC_REAL_PHOTOS,3a1c650dca49d08f9d1382b60b97564125101afb2e16675f47dfb193e25c3c70,1,2
wound_azh_patches_0c6e5d2ef9f63c96900619d6e73063b3_0,train,azh:0c6e5d2ef9f63c96900619d6e73063b3,data/datasets/yolo_wound_boxes_v1/images/train/wound_azh_patches_0c6e5d2ef9f63c96900619d6e73063b3_0.jpg,data/datasets/yolo_wound_boxes_v1/labels/train/wound_azh_patches_0c6e5d2ef9f63c96900619d6e73063b3_0.txt,azh_patches,data/datasets/external/azh_patches/train/images/0c6e5d2ef9f63c96900619d6e73063b3_0.png,PUBLIC_REAL_PHOTOS,6c0fca84b9770822f13bec23081c1e876c43be77042feadbf8cfb8ddb26e05d5,1,2
wound_azh_patches_0c79e72868d6bbc3673fd091109ff6ff_0,test,azh:0c79e72868d6bbc3673fd091109ff6ff,data/datasets/yolo_wound_boxes_v1/images/test/wound_azh_patches_0c79e72868d6bbc3673fd091109ff6ff_0.jpg,data/datasets/yolo_wound_boxes_v1/labels/test/wound_azh_patches_0c79e72868d6bbc3673fd091109ff6ff_0.txt,azh_patches,data/datasets/external/azh_patches/train/images/0c79e72868d6bbc3673fd091109ff6ff_0.png,PUBLIC_REAL_PHOTOS,c5c46084fddd0d183c9f0cc06f2778991fc93497dd131c5cc6656d799391ae95,1,2
wound_azh_patches_0c7b3c6b8a4e75f4a2f0bf3c83f0a708_0,train,azh:0c7b3c6b8a4e75f4a2f0bf3c83f0a708,data/datasets/yolo_wound_boxes_v1/images/train/wound_azh_patches_0c7b3c6b8a4e75f4a2f0bf3c83f0a708_0.jpg,data/datasets/yolo_wound_boxes_v1/labels/train/wound_azh_patches_0c7b3c6b8a4e75f4a2f0bf3c83f0a708_0.txt,azh_patches,data/datasets/external/azh_patches/train/images/0c7b3c6b8a4e75f4a2f0bf3c83f0a708_0.png,PUBLIC_REAL_PHOTOS,83278bc78a58b163109d382c8921fcb2dfc658bc4dd7c6c3b2a6db3dfd1bd5b6,1,2
wound_azh_patches_0d5acd2cba68de8ca3aac491d1fed529_0,test,azh:0d5acd2cba68de8ca3aac491d1fed529,data/datasets/yolo_wound_boxes_v1/images/test/wound_azh_patches_0d5acd2cba68de8ca3aac491d1fed529_0.jpg,data/datasets/yolo_wound_boxes_v1/labels/test/wound_azh_patches_0d5acd2cba68de8ca3aac491d1fed529_0.txt,azh_patches,data/datasets/external/azh_patches/train/images/0d5acd2cba68de8ca3aac491d1fed529_0.png,PUBLIC_REAL_PHOTOS,75412f593d849c408101eebfcf6e4dacf91475520337754755ff198a1c0fb1a1,1,2
wound_azh_patches_0daab7087d28c5b067c891d170e302d3_0,train,azh:0daab7087d28c5b067c891d170e302d3,data/datasets/yolo_wound_boxes_v1/images/train/wound_azh_patches_0daab7087d28c5b067c891d170e302d3_0.jpg,data/datasets/yolo_wound_boxes_v1/labels/train/wound_azh_patches_0daab7087d28c5b067c891d170e302d3_0.txt,azh_patches,data/datasets/external/azh_patches/train/images/0daab7087d28c5b067c891d170e302d3_0.png,PUBLIC_REAL_PHOTOS,ced5732279a51c351d79dada167efab4f6d2955cc89a911fb9f27c403f59a93e,1,2
wound_azh_patches_0dac4ad9e961452a81183370848d3ec3_0,train,azh:0dac4ad9e961452a81183370848d3ec3,data/datasets/yolo_wound_boxes_v1/images/train/wound_azh_patches_0dac4ad9e961452a81183370848d3ec3_0.jpg,data/datasets/yolo_wound_boxes_v1/labels/train/wound_azh_patches_0dac4ad9e961452a81183370848d3ec3_0.txt,azh_patches,data/datasets/external/azh_patches/train/images/0dac4ad9e961452a81183370848d3ec3_0.png,PUBLIC_REAL_PHOTOS,d163ba67a4231de04e9dbfb89ba24b65d85c8324a83bec4f9b39615b99840488,1,2
wound_azh_patches_0ddc7e1cf8508f1fcae87bd41106d8c6_0,train,azh:0ddc7e1cf8508f1fcae87bd41106d8c6,data/datasets/yolo_wound_boxes_v1/images/train/wound_azh_patches_0ddc7e1cf8508f1fcae87bd41106d8c6_0.jpg,data/datasets/yolo_wound_boxes_v1/labels/train/wound_azh_patches_0ddc7e1cf8508f1fcae87bd41106d8c6_0.txt,azh_patches,data/datasets/external/azh_patches/train/images/0ddc7e1cf8508f1fcae87bd41106d8c6_0.png,PUBLIC_REAL_PHOTOS,7e7165f9af22662e5d49f86f957fed29d832d218eee3bd5d5436890985583830,1,2
wound_azh_patches_0ddec5730a3d4dc673a14aa59318465e_0,test,azh:0ddec5730a3d4dc673a14aa59318465e,data/datasets/yolo_wound_boxes_v1/images/test/wound_azh_patches_0ddec5730a3d4dc673a14aa59318465e_0.jpg,data/datasets/yolo_wound_boxes_v1/labels/test/wound_azh_patches_0ddec5730a3d4dc673a14aa59318465e_0.txt,azh_patches,data/datasets/external/azh_patches/train/images/0ddec5730a3d4dc673a14aa59318465e_0.png,PUBLIC_REAL_PHOTOS,fa235cd005af34619cc582b1e797ff7b2af6f9f84da3b563d845cbe9ca24e31e,1,2
wound_azh_patches_0e1b8a81a46984625d34e4b075c72fd2_0,train,azh:0e1b8a81a46984625d34e4b075c72fd2,data/datasets/yolo_wound_boxes_v1/images/train/wound_azh_patches_0e1b8a81a46984625d34e4b075c72fd2_0.jpg,data/datasets/yolo_wound_boxes_v1/labels/train/wound_azh_patches_0e1b8a81a46984625d34e4b075c72fd2_0.txt,azh_patches,data/datasets/external/azh_patches/train/images/0e1b8a81a46984625d34e4b075c72fd2_0.png,PUBLIC_REAL_PHOTOS,8e2591b7665a53327b9c2d1817e343c874f37126b9a1b298755097541527f6a6,1,2
wound_azh_patches_0e32f889d3f1b3f205184e4a78ea377e_0,val,azh:0e32f889d3f1b3f205184e4a78ea377e,data/datasets/yolo_wound_boxes_v1/images/val/wound_azh_patches_0e32f889d3f1b3f205184e4a78ea377e_0.jpg,data/datasets/yolo_wound_boxes_v1/labels/val/wound_azh_patches_0e32f889d3f1b3f205184e4a78ea377e_0.txt,azh_patches,data/datasets/external/azh_patches/train/images/0e32f889d3f1b3f205184e4a78ea377e_0.png,PUBLIC_REAL_PHOTOS,398a3b263e7202b30522e24c64be328c9c8dbe105c3ab3ba7b634f75534af86d,1,2
wound_azh_patches_0e3be06fdb87162abcdf4ef6da824b1b_0,train,azh:0e3be06fdb87162abcdf4ef6da824b1b,data/datasets/yolo_wound_boxes_v1/images/train/wound_azh_patches_0e3be06fdb87162abcdf4ef6da824b1b_0.jpg,data/datasets/yolo_wound_boxes_v1/labels/train/wound_azh_patches_0e3be06fdb87162abcdf4ef6da824b1b_0.txt,azh_patches,data/datasets/external/azh_patches/train/images/0e3be06fdb87162abcdf4ef6da824b1b_0.png,PUBLIC_REAL_PHOTOS,9968f9dac4fdd590adf8371cd07b4c2ff30017a7ad2becbd7eec01869f99fe26,1,2
wound_azh_patches_0e3efb99f7529906a52c26558d37af9c_0,val,azh:0e3efb99f7529906a52c26558d37af9c,data/datasets/yolo_wound_boxes_v1/images/val/wound_azh_patches_0e3efb99f7529906a52c26558d37af9c_0.jpg,data/datasets/yolo_wound_boxes_v1/labels/val/wound_azh_patches_0e3efb99f7529906a52c26558d37af9c_0.txt,azh_patches,data/datasets/external/azh_patches/train/images/0e3efb99f7529906a52c26558d37af9c_0.png,PUBLIC_REAL_PHOTOS,43322864a171ac319c6d123aab224b4a7bbc35e1268e56f8eb981d97411e7ea2,1,2
wound_azh_patches_0f06905655751ee938d3c71e516f3084_0,train,azh:0f06905655751ee938d3c71e516f3084,data/datasets/yolo_wound_boxes_v1/images/train/wound_azh_patches_0f06905655751ee938d3c71e516f3084_0.jpg,data/datasets/yolo_wound_boxes_v1/labels/train/wound_azh_patches_0f06905655751ee938d3c71e516f3084_0.txt,azh_patches,data/datasets/external/azh_patches/train/images/0f06905655751ee938d3c71e516f3084_0.png,PUBLIC_REAL_PHOTOS,2a386201afae9e772623aa82f8958b85f48dbb97601676d45b4b47207f1b83e4,1,2
wound_azh_patches_0f42ca66d0a67e868683aab958c70b70_0,train,azh:0f42ca66d0a67e868683aab958c70b70,data/datasets/yolo_wound_boxes_v1/images/train/wound_azh_patches_0f42ca66d0a67e868683aab958c70b70_0.jpg,data/datasets/yolo_wound_boxes_v1/labels/train/wound_azh_patches_0f42ca66d0a67e868683aab958c70b70_0.txt,azh_patches,data/datasets/external/azh_patches/train/images/0f42ca66d0a67e868683aab958c70b70_0.png,PUBLIC_REAL_PHOTOS,6e3957a5fb05476a33b8b6491b4e29311ec8ea418ce8f3c0fe213225520d2bac,1,2
wound_azh_patches_0f9e59822589ead1b752065cf09d4b87_0,train,azh:0f9e59822589ead1b752065cf09d4b87,data/datasets/yolo_wound_boxes_v1/images/train/wound_azh_patches_0f9e59822589ead1b752065cf09d4b87_0.jpg,data/datasets/yolo_wound_boxes_v1/labels/train/wound_azh_patches_0f9e59822589ead1b752065cf09d4b87_0.txt,azh_patches,data/datasets/external/azh_patches/train/images/0f9e59822589ead1b752065cf09d4b87_0.png,PUBLIC_REAL_PHOTOS,a2b045d0ad0a0c30dc0cc793335d96ff4d209560196774c4040014a777f5bbd8,1,2
wound_azh_patches_100e9e226ad344e054a1a36191308da1_0,train,azh:100e9e226ad344e054a1a36191308da1,data/datasets/yolo_wound_boxes_v1/images/train/wound_azh_patches_100e9e226ad344e054a1a36191308da1_0.jpg,data/datasets/yolo_wound_boxes_v1/labels/train/wound_azh_patches_100e9e226ad344e054a1a36191308da1_0.txt,azh_patches,data/datasets/external/azh_patches/train/images/100e9e226ad344e054a1a36191308da1_0.png,PUBLIC_REAL_PHOTOS,e2e37bd2b1fe1a1d195b3244d9d0acced1265d1f5b16d1c1837131b89ba28ec3,1,2
wound_azh_patches_10e7fd129f35e5055a7879e3be244408_0,train,azh:10e7fd129f35e5055a7879e3be244408,data/datasets/yolo_wound_boxes_v1/images/train/wound_azh_patches_10e7fd129f35e5055a7879e3be244408_0.jpg,data/datasets/yolo_wound_boxes_v1/labels/train/wound_azh_patches_10e7fd129f35e5055a7879e3be244408_0.txt,azh_patches,data/datasets/external/azh_patches/train/images/10e7fd129f35e5055a7879e3be244408_0.png,PUBLIC_REAL_PHOTOS,5418de2f8826fb1ecbbd4442b93617214b90053cef42641ec5e147d4514897fd,1,2
wound_azh_patches_1154874ea6703d6d9fd28b81f9184684_0,val,azh:1154874ea6703d6d9fd28b81f9184684,data/datasets/yolo_wound_boxes_v1/images/val/wound_azh_patches_1154874ea6703d6d9fd28b81f9184684_0.jpg,data/datasets/yolo_wound_boxes_v1/labels/val/wound_azh_patches_1154874ea6703d6d9fd28b81f9184684_0.txt,azh_patches,data/datasets/external/azh_patches/train/images/1154874ea6703d6d9fd28b81f9184684_0.png,PUBLIC_REAL_PHOTOS,94554f2f269f6e312afde857ec8a3272a8de8841ea86b939e90a9a72fdde32a5,1,2
wound_azh_patches_11793521cb657471a6609b6a5b0b6af7_0,train,azh:11793521cb657471a6609b6a5b0b6af7,data/datasets/yolo_wound_boxes_v1/images/train/wound_azh_patches_11793521cb657471a6609b6a5b0b6af7_0.jpg,data/datasets/yolo_wound_boxes_v1/labels/train/wound_azh_patches_11793521cb657471a6609b6a5b0b6af7_0.txt,azh_patches,data/datasets/external/azh_patches/train/images/11793521cb657471a6609b6a5b0b6af7_0.png,PUBLIC_REAL_PHOTOS,fab994938d03c17f6bbbc5d8addcf4f468308d1453cadbea5bbd7577ebaa3206,1,2
wound_azh_patches_11c4368cd336af0da7ff5681c6146ccf_0,train,azh:11c4368cd336af0da7ff5681c6146ccf,data/datasets/yolo_wound_boxes_v1/images/train/wound_azh_patches_11c4368cd336af0da7ff5681c6146ccf_0.jpg,data/datasets/yolo_wound_boxes_v1/labels/train/wound_azh_patches_11c4368cd336af0da7ff5681c6146ccf_0.txt,azh_patches,data/datasets/external/azh_patches/train/images/11c4368cd336af0da7ff5681c6146ccf_0.png,PUBLIC_REAL_PHOTOS,5736116768512e7ad09f4e6d26e8ef727541c7bf76f2066b145cb31fc47ec0e2,1,2
wound_azh_patches_11ebfc1753d3ef581684f936c934b55e_0,val,azh:11ebfc1753d3ef581684f936c934b55e,data/datasets/yolo_wound_boxes_v1/images/val/wound_azh_patches_11ebfc1753d3ef581684f936c934b55e_0.jpg,data/datasets/yolo_wound_boxes_v1/labels/val/wound_azh_patches_11ebfc1753d3ef581684f936c934b55e_0.txt,azh_patches,data/datasets/external/azh_patches/train/images/11ebfc1753d3ef581684f936c934b55e_0.png,PUBLIC_REAL_PHOTOS,549446bd528e33d1e7d5ca6791298bc4e1b0cbb5868a03174070043d68153620,1,2
wound_azh_patches_120ad0065480d41edfb123498de494d5_0,train,azh:120ad0065480d41edfb123498de494d5,data/datasets/yolo_wound_boxes_v1/images/train/wound_azh_patches_120ad0065480d41edfb123498de494d5_0.jpg,data/datasets/yolo_wound_boxes_v1/labels/train/wound_azh_patches_120ad0065480d41edfb123498de494d5_0.txt,azh_patches,data/datasets/external/azh_patches/train/images/120ad0065480d41edfb123498de494d5_0.png,PUBLIC_REAL_PHOTOS,6cf146b4aff0b9a82bba35b853b90d509b6f8934d6fb257ec71f42912fb507fc,1,2
wound_azh_patches_12f816e49ae64a52d95a484a559ac2d4_0,test,azh:12f816e49ae64a52d95a484a559ac2d4,data/datasets/yolo_wound_boxes_v1/images/test/wound_azh_patches_12f816e49ae64a52d95a484a559ac2d4_0.jpg,data/datasets/yolo_wound_boxes_v1/labels/test/wound_azh_patches_12f816e49ae64a52d95a484a559ac2d4_0.txt,azh_patches,data/datasets/external/azh_patches/train/images/12f816e49ae64a52d95a484a559ac2d4_0.png,PUBLIC_REAL_PHOTOS,9f7bcedadb1a7c92b9f02044fb3f1962d355194f0f4760779aa852eecafdfe50,1,2
wound_azh_patches_1576e366442683aac204404e081eb938_1,train,azh:1576e366442683aac204404e081eb938,data/datasets/yolo_wound_boxes_v1/images/train/wound_azh_patches_1576e366442683aac204404e081eb938_1.jpg,data/datasets/yolo_wound_boxes_v1/labels/train/wound_azh_patches_1576e366442683aac204404e081eb938_1.txt,azh_patches,data/datasets/external/azh_patches/train/images/1576e366442683aac204404e081eb938_1.png,PUBLIC_REAL_PHOTOS,5b4bc56835556c39c90023ed5770e6f7a13ebb144c25f4e3572f019c9b79926c,1,2
wound_azh_patches_1576e366442683aac204404e081eb938_2,train,azh:1576e366442683aac204404e081eb938,data/datasets/yolo_wound_boxes_v1/images/train/wound_azh_patches_1576e366442683aac204404e081eb938_2.jpg,data/datasets/yolo_wound_boxes_v1/labels/train/wound_azh_patches_1576e366442683aac204404e081eb938_2.txt,azh_patches,data/datasets/external/azh_patches/train/images/1576e366442683aac204404e081eb938_2.png,PUBLIC_REAL_PHOTOS,5d3efea970f81ad6dfd3a412e612bd1ae4142b4576f7f0174720ff56a1395bfd,1,2
wound_azh_patches_15ee4679bf92307b89e2d818e8fbccd7_0,train,azh:15ee4679bf92307b89e2d818e8fbccd7,data/datasets/yolo_wound_boxes_v1/images/train/wound_azh_patches_15ee4679bf92307b89e2d818e8fbccd7_0.jpg,data/datasets/yolo_wound_boxes_v1/labels/train/wound_azh_patches_15ee4679bf92307b89e2d818e8fbccd7_0.txt,azh_patches,data/datasets/external/azh_patches/train/images/15ee4679bf92307b89e2d818e8fbccd7_0.png,PUBLIC_REAL_PHOTOS,ccb9d52d0524d0fdb8bcf12f683389c0842c0a0383709a383a1f75190dc2a528,1,2
wound_azh_patches_160fcc9963c057d0a4754c8a39f87f1c_0,test,azh:160fcc9963c057d0a4754c8a39f87f1c,data/datasets/yolo_wound_boxes_v1/images/test/wound_azh_patches_160fcc9963c057d0a4754c8a39f87f1c_0.jpg,data/datasets/yolo_wound_boxes_v1/labels/test/wound_azh_patches_160fcc9963c057d0a4754c8a39f87f1c_0.txt,azh_patches,data/datasets/external/azh_patches/train/images/160fcc9963c057d0a4754c8a39f87f1c_0.png,PUBLIC_REAL_PHOTOS,867cc7f043629635210c3200b7142545e8f54f6c206e638d3274701c36865112,1,2
wound_azh_patches_160fcc9963c057d0a4754c8a39f87f1c_1,test,azh:160fcc9963c057d0a4754c8a39f87f1c,data/datasets/yolo_wound_boxes_v1/images/test/wound_azh_patches_160fcc9963c057d0a4754c8a39f87f1c_1.jpg,data/datasets/yolo_wound_boxes_v1/labels/test/wound_azh_patches_160fcc9963c057d0a4754c8a39f87f1c_1.txt,azh_patches,data/datasets/external/azh_patches/train/images/160fcc9963c057d0a4754c8a39f87f1c_1.png,PUBLIC_REAL_PHOTOS,286afab80bb18b02052d2bda1e0c7e4d88e779e7f512b7fa9556bea6be9039fb,1,2
wound_azh_patches_160fcc9963c057d0a4754c8a39f87f1c_2,test,azh:160fcc9963c057d0a4754c8a39f87f1c,data/datasets/yolo_wound_boxes_v1/images/test/wound_azh_patches_160fcc9963c057d0a4754c8a39f87f1c_2.jpg,data/datasets/yolo_wound_boxes_v1/labels/test/wound_azh_patches_160fcc9963c057d0a4754c8a39f87f1c_2.txt,azh_patches,data/datasets/external/azh_patches/train/images/160fcc9963c057d0a4754c8a39f87f1c_2.png,PUBLIC_REAL_PHOTOS,9f2fd3e2d9e47d384b388307f067ccbb9cc8ef228b4849c076835775b01d371d,1,2
wound_azh_patches_16180f16e73ffb069b756f56859aec57_0,train,azh:16180f16e73ffb069b756f56859aec57,data/datasets/yolo_wound_boxes_v1/images/train/wound_azh_patches_16180f16e73ffb069b756f56859aec57_0.jpg,data/datasets/yolo_wound_boxes_v1/labels/train/wound_azh_patches_16180f16e73ffb069b756f56859aec57_0.txt,azh_patches,data/datasets/external/azh_patches/train/images/16180f16e73ffb069b756f56859aec57_0.png,PUBLIC_REAL_PHOTOS,db70569c27e04439a0cf64446beca7ae93218962e0758c558a41f88ca42c56fd,1,2
wound_azh_patches_167b854fa564c1b27e1950f82cb551e0_0,train,azh:167b854fa564c1b27e1950f82cb551e0,data/datasets/yolo_wound_boxes_v1/images/train/wound_azh_patches_167b854fa564c1b27e1950f82cb551e0_0.jpg,data/datasets/yolo_wound_boxes_v1/labels/train/wound_azh_patches_167b854fa564c1b27e1950f82cb551e0_0.txt,azh_patches,data/datasets/external/azh_patches/train/images/167b854fa564c1b27e1950f82cb551e0_0.png,PUBLIC_REAL_PHOTOS,8d1526bf27d0d121f09589267a3e593ba8b709992dba07c1001f27156eff18b8,1,2
wound_azh_patches_16bbfa585c420f96ef4cd0812e9c163d_0,train,azh:16bbfa585c420f96ef4cd0812e9c163d,data/datasets/yolo_wound_boxes_v1/images/train/wound_azh_patches_16bbfa585c420f96ef4cd0812e9c163d_0.jpg,data/datasets/yolo_wound_boxes_v1/labels/train/wound_azh_patches_16bbfa585c420f96ef4cd0812e9c163d_0.txt,azh_patches,data/datasets/external/azh_patches/train/images/16bbfa585c420f96ef4cd0812e9c163d_0.png,PUBLIC_REAL_PHOTOS,368ee577c006c24614ea841ef35b200eb6e97569f9746e283f0e6c1b687caf61,1,2
wound_azh_patches_17ac7a71251dd0572d75d074db6e1964_0,train,azh:17ac7a71251dd0572d75d074db6e1964,data/datasets/yolo_wound_boxes_v1/images/train/wound_azh_patches_17ac7a71251dd0572d75d074db6e1964_0.jpg,data/datasets/yolo_wound_boxes_v1/labels/train/wound_azh_patches_17ac7a71251dd0572d75d074db6e1964_0.txt,azh_patches,data/datasets/external/azh_patches/train/images/17ac7a71251dd0572d75d074db6e1964_0.png,PUBLIC_REAL_PHOTOS,416a968e2294c388382b0ebd57e2df7ed342b1d6f8bfab3c3e695c9ed93695d1,1,2
wound_azh_patches_18d60d8c820b5487f59dce1237f31f47_0,train,azh:18d60d8c820b5487f59dce1237f31f47,data/datasets/yolo_wound_boxes_v1/images/train/wound_azh_patches_18d60d8c820b5487f59dce1237f31f47_0.jpg,data/datasets/yolo_wound_boxes_v1/labels/train/wound_azh_patches_18d60d8c820b5487f59dce1237f31f47_0.txt,azh_patches,data/datasets/external/azh_patches/train/images/18d60d8c820b5487f59dce1237f31f47_0.png,PUBLIC_REAL_PHOTOS,9a23c073f9c3133c3387b9cf1f4c92d8bac216d148b7103a6f3a044765c63009,1,2
wound_azh_patches_18d60d8c820b5487f59dce1237f31f47_1,train,azh:18d60d8c820b5487f59dce1237f31f47,data/datasets/yolo_wound_boxes_v1/images/train/wound_azh_patches_18d60d8c820b5487f59dce1237f31f47_1.jpg,data/datasets/yolo_wound_boxes_v1/labels/train/wound_azh_patches_18d60d8c820b5487f59dce1237f31f47_1.txt,azh_patches,data/datasets/external/azh_patches/train/images/18d60d8c820b5487f59dce1237f31f47_1.png,PUBLIC_REAL_PHOTOS,ab159ccfb6f8b850f2486f902b215fb08c80dc0377616d718b17430e3318d03f,1,2
wound_azh_patches_1922b953c4288b20844484cd54e095bb_0,train,azh:1922b953c4288b20844484cd54e095bb,data/datasets/yolo_wound_boxes_v1/images/train/wound_azh_patches_1922b953c4288b20844484cd54e095bb_0.jpg,data/datasets/yolo_wound_boxes_v1/labels/train/wound_azh_patches_1922b953c4288b20844484cd54e095bb_0.txt,azh_patches,data/datasets/external/azh_patches/train/images/1922b953c4288b20844484cd54e095bb_0.png,PUBLIC_REAL_PHOTOS,1bbef368e52fd76a68f3919b58110d1d5d26fb4b0f8d984e3ad48b5875229343,1,2
wound_azh_patches_19d43ee6c12f70035f87d57ff561a41b_1,train,azh:19d43ee6c12f70035f87d57ff561a41b,data/datasets/yolo_wound_boxes_v1/images/train/wound_azh_patches_19d43ee6c12f70035f87d57ff561a41b_1.jpg,data/datasets/yolo_wound_boxes_v1/labels/train/wound_azh_patches_19d43ee6c12f70035f87d57ff561a41b_1.txt,azh_patches,data/datasets/external/azh_patches/train/images/19d43ee6c12f70035f87d57ff561a41b_1.png,PUBLIC_REAL_PHOTOS,4b03eb4a55c49db5c5c4af689af853e0876dc779488d89d0bd28722e87aa5160,1,2
wound_azh_patches_19d82f3902edcabfe3a36c9f4b34e926_0,train,azh:19d82f3902edcabfe3a36c9f4b34e926,data/datasets/yolo_wound_boxes_v1/images/train/wound_azh_patches_19d82f3902edcabfe3a36c9f4b34e926_0.jpg,data/datasets/yolo_wound_boxes_v1/labels/train/wound_azh_patches_19d82f3902edcabfe3a36c9f4b34e926_0.txt,azh_patches,data/datasets/external/azh_patches/train/images/19d82f3902edcabfe3a36c9f4b34e926_0.png,PUBLIC_REAL_PHOTOS,4c33cd3b12ed0e53f495594865538fe6202b6a9992d3c553c80447c9d1ca98f6,1,2
wound_azh_patches_19f4e5a4e1330b6cc307fc35c625f197_0,train,azh:19f4e5a4e1330b6cc307fc35c625f197,data/datasets/yolo_wound_boxes_v1/images/train/wound_azh_patches_19f4e5a4e1330b6cc307fc35c625f197_0.jpg,data/datasets/yolo_wound_boxes_v1/labels/train/wound_azh_patches_19f4e5a4e1330b6cc307fc35c625f197_0.txt,azh_patches,data/datasets/external/azh_patches/train/images/19f4e5a4e1330b6cc307fc35c625f197_0.png,PUBLIC_REAL_PHOTOS,5fd7f4d3adc4ab93229bdd2492ac4620e3eae753f9f6ddbe89ab2acf07f0c931,1,2
wound_azh_patches_19ff49b10de40e6a431a38b19a212ec0_0,val,azh:19ff49b10de40e6a431a38b19a212ec0,data/datasets/yolo_wound_boxes_v1/images/val/wound_azh_patches_19ff49b10de40e6a431a38b19a212ec0_0.jpg,data/datasets/yolo_wound_boxes_v1/labels/val/wound_azh_patches_19ff49b10de40e6a431a38b19a212ec0_0.txt,azh_patches,data/datasets/external/azh_patches/train/images/19ff49b10de40e6a431a38b19a212ec0_0.png,PUBLIC_REAL_PHOTOS,948eb239794db57c4c5e9eac60da2f4bb80703c563102cd22a5ece301196d866,1,2
wound_azh_patches_1a4b3982e17b4f019481ebcba701fc24_0,train,azh:1a4b3982e17b4f019481ebcba701fc24,data/datasets/yolo_wound_boxes_v1/images/train/wound_azh_patches_1a4b3982e17b4f019481ebcba701fc24_0.jpg,data/datasets/yolo_wound_boxes_v1/labels/train/wound_azh_patches_1a4b3982e17b4f019481ebcba701fc24_0.txt,azh_patches,data/datasets/external/azh_patches/train/images/1a4b3982e17b4f019481ebcba701fc24_0.png,PUBLIC_REAL_PHOTOS,a082973f30fb0e9dd6babbd312bd29e2e78f367023f4792fde6c2ea8f252e78a,1,2
wound_azh_patches_1a969119fbcdf79012ff301231d59e95_0,train,azh:1a969119fbcdf79012ff301231d59e95,data/datasets/yolo_wound_boxes_v1/images/train/wound_azh_patches_1a969119fbcdf79012ff301231d59e95_0.jpg,data/datasets/yolo_wound_boxes_v1/labels/train/wound_azh_patches_1a969119fbcdf79012ff301231d59e95_0.txt,azh_patches,data/datasets/external/azh_patches/train/images/1a969119fbcdf79012ff301231d59e95_0.png,PUBLIC_REAL_PHOTOS,939cee96b81ac595ec5e309a61fd432b8b3ddaca5bf265548312a76757c6c93f,1,2
wound_azh_patches_1ad70e82589acbd9638b6e465366a7fe_0,test,azh:1ad70e82589acbd9638b6e465366a7fe,data/datasets/yolo_wound_boxes_v1/images/test/wound_azh_patches_1ad70e82589acbd9638b6e465366a7fe_0.jpg,data/datasets/yolo_wound_boxes_v1/labels/test/wound_azh_patches_1ad70e82589acbd9638b6e465366a7fe_0.txt,azh_patches,data/datasets/external/azh_patches/train/images/1ad70e82589acbd9638b6e465366a7fe_0.png,PUBLIC_REAL_PHOTOS,4a870882f40aef3fe80e4d799bfc8168b15843acb82a46de6d63641ed0a6dee1,1,2
wound_azh_patches_1ad97384d93aa85123fe2173047c3dce_0,test,azh:1ad97384d93aa85123fe2173047c3dce,data/datasets/yolo_wound_boxes_v1/images/test/wound_azh_patches_1ad97384d93aa85123fe2173047c3dce_0.jpg,data/datasets/yolo_wound_boxes_v1/labels/test/wound_azh_patches_1ad97384d93aa85123fe2173047c3dce_0.txt,azh_patches,data/datasets/external/azh_patches/train/images/1ad97384d93aa85123fe2173047c3dce_0.png,PUBLIC_REAL_PHOTOS,bee6c699e3a77425ce2359a6933e2e9287c6529b5813d6e8bb74f61eac7e30d9,1,2
wound_azh_patches_1b1cde50c229be77d0fde7f1655fa1b9_0,train,azh:1b1cde50c229be77d0fde7f1655fa1b9,data/datasets/yolo_wound_boxes_v1/images/train/wound_azh_patches_1b1cde50c229be77d0fde7f1655fa1b9_0.jpg,data/datasets/yolo_wound_boxes_v1/labels/train/wound_azh_patches_1b1cde50c229be77d0fde7f1655fa1b9_0.txt,azh_patches,data/datasets/external/azh_patches/train/images/1b1cde50c229be77d0fde7f1655fa1b9_0.png,PUBLIC_REAL_PHOTOS,34d73be8b23d53ef40d97468de8011869c79bc814a527d6436869c3f1ff931d6,1,2
wound_azh_patches_1b43b69901255b1f2fc7aedcfefa7912_0,train,azh:1b43b69901255b1f2fc7aedcfefa7912,data/datasets/yolo_wound_boxes_v1/images/train/wound_azh_patches_1b43b69901255b1f2fc7aedcfefa7912_0.jpg,data/datasets/yolo_wound_boxes_v1/labels/train/wound_azh_patches_1b43b69901255b1f2fc7aedcfefa7912_0.txt,azh_patches,data/datasets/external/azh_patches/train/images/1b43b69901255b1f2fc7aedcfefa7912_0.png,PUBLIC_REAL_PHOTOS,9ff845c41ca1449c767986fca88a6a10af5523bea6998b9b86a884b817ea80d6,1,2
wound_azh_patches_1b68ab7a408b0c74157999bd480962a6_0,val,azh:1b68ab7a408b0c74157999bd480962a6,data/datasets/yolo_wound_boxes_v1/images/val/wound_azh_patches_1b68ab7a408b0c74157999bd480962a6_0.jpg,data/datasets/yolo_wound_boxes_v1/labels/val/wound_azh_patches_1b68ab7a408b0c74157999bd480962a6_0.txt,azh_patches,data/datasets/external/azh_patches/train/images/1b68ab7a408b0c74157999bd480962a6_0.png,PUBLIC_REAL_PHOTOS,5022a913da4f3822662ec5d73700e62db7f4a95f484cbee788e9dfc1e6d41760,1,2
wound_azh_patches_1bae2d0ed76c241570479a4490f9c2a5_0,train,azh:1bae2d0ed76c241570479a4490f9c2a5,data/datasets/yolo_wound_boxes_v1/images/train/wound_azh_patches_1bae2d0ed76c241570479a4490f9c2a5_0.jpg,data/datasets/yolo_wound_boxes_v1/labels/train/wound_azh_patches_1bae2d0ed76c241570479a4490f9c2a5_0.txt,azh_patches,data/datasets/external/azh_patches/train/images/1bae2d0ed76c241570479a4490f9c2a5_0.png,PUBLIC_REAL_PHOTOS,ed95559363abe76424934d5652c2a816d00152a98d3f653301b8dc1cdeef5edc,1,2
wound_azh_patches_1c1864fe796dc3d59999950a2c697756_1,val,azh:1c1864fe796dc3d59999950a2c697756,data/datasets/yolo_wound_boxes_v1/images/val/wound_azh_patches_1c1864fe796dc3d59999950a2c697756_1.jpg,data/datasets/yolo_wound_boxes_v1/labels/val/wound_azh_patches_1c1864fe796dc3d59999950a2c697756_1.txt,azh_patches,data/datasets/external/azh_patches/train/images/1c1864fe796dc3d59999950a2c697756_1.png,PUBLIC_REAL_PHOTOS,73fd2abf0db918308ebc9c008a45c303573051e5fa6aa1e2944c9c1aa59c4bc2,1,2
wound_azh_patches_1c27d8289cbfa6a1a0da01d7ec757a46_0,train,azh:1c27d8289cbfa6a1a0da01d7ec757a46,data/datasets/yolo_wound_boxes_v1/images/train/wound_azh_patches_1c27d8289cbfa6a1a0da01d7ec757a46_0.jpg,data/datasets/yolo_wound_boxes_v1/labels/train/wound_azh_patches_1c27d8289cbfa6a1a0da01d7ec757a46_0.txt,azh_patches,data/datasets/external/azh_patches/train/images/1c27d8289cbfa6a1a0da01d7ec757a46_0.png,PUBLIC_REAL_PHOTOS,269ba80783d1bbaaa3befa4bc47a55285b504da89dd7b9d87965c13e07d4eeb0,1,2
wound_azh_patches_1c3e2a6b5afe5e83471520837c04360b_0,train,azh:1c3e2a6b5afe5e83471520837c04360b,data/datasets/yolo_wound_boxes_v1/images/train/wound_azh_patches_1c3e2a6b5afe5e83471520837c04360b_0.jpg,data/datasets/yolo_wound_boxes_v1/labels/train/wound_azh_patches_1c3e2a6b5afe5e83471520837c04360b_0.txt,azh_patches,data/datasets/external/azh_patches/train/images/1c3e2a6b5afe5e83471520837c04360b_0.png,PUBLIC_REAL_PHOTOS,ce50e407f3393628842ac86ac94f4a0b9ca90750c60c3afb3288abed26c71d85,1,2
wound_azh_patches_1c58fc115fbca1fff4e83c069493625b_0,val,azh:1c58fc115fbca1fff4e83c069493625b,data/datasets/yolo_wound_boxes_v1/images/val/wound_azh_patches_1c58fc115fbca1fff4e83c069493625b_0.jpg,data/datasets/yolo_wound_boxes_v1/labels/val/wound_azh_patches_1c58fc115fbca1fff4e83c069493625b_0.txt,azh_patches,data/datasets/external/azh_patches/train/images/1c58fc115fbca1fff4e83c069493625b_0.png,PUBLIC_REAL_PHOTOS,acf909534a1e25509984929ed44702db5226d935f6cada83cf32d8d734376619,1,2
wound_azh_patches_1c700b5e74caa409d88eb73957906b05_0,train,azh:1c700b5e74caa409d88eb73957906b05,data/datasets/yolo_wound_boxes_v1/images/train/wound_azh_patches_1c700b5e74caa409d88eb73957906b05_0.jpg,data/datasets/yolo_wound_boxes_v1/labels/train/wound_azh_patches_1c700b5e74caa409d88eb73957906b05_0.txt,azh_patches,data/datasets/external/azh_patches/train/images/1c700b5e74caa409d88eb73957906b05_0.png,PUBLIC_REAL_PHOTOS,09c9ec6ba2e616f3d20c245e79e85cac5f6c257a0ead9b84f0608d779367b0c0,1,2
wound_azh_patches_1c700b5e74caa409d88eb73957906b05_1,train,azh:1c700b5e74caa409d88eb73957906b05,data/datasets/yolo_wound_boxes_v1/images/train/wound_azh_patches_1c700b5e74caa409d88eb73957906b05_1.jpg,data/datasets/yolo_wound_boxes_v1/labels/train/wound_azh_patches_1c700b5e74caa409d88eb73957906b05_1.txt,azh_patches,data/datasets/external/azh_patches/train/images/1c700b5e74caa409d88eb73957906b05_1.png,PUBLIC_REAL_PHOTOS,88ede69104351d8c1aa66d990bb48b252f8ecef57107e28dcf79417f8b07c191,1,2
wound_azh_patches_1c700b5e74caa409d88eb73957906b05_2,train,azh:1c700b5e74caa409d88eb73957906b05,data/datasets/yolo_wound_boxes_v1/images/train/wound_azh_patches_1c700b5e74caa409d88eb73957906b05_2.jpg,data/datasets/yolo_wound_boxes_v1/labels/train/wound_azh_patches_1c700b5e74caa409d88eb73957906b05_2.txt,azh_patches,data/datasets/external/azh_patches/train/images/1c700b5e74caa409d88eb73957906b05_2.png,PUBLIC_REAL_PHOTOS,dc53e98350ebef5395c6de74b9439fc83b3933fee76eef17d6bdf392a59466dd,1,2
wound_azh_patches_1c786cf021515cbe4f7d369a7f2a71b6_0,train,azh:1c786cf021515cbe4f7d369a7f2a71b6,data/datasets/yolo_wound_boxes_v1/images/train/wound_azh_patches_1c786cf021515cbe4f7d369a7f2a71b6_0.jpg,data/datasets/yolo_wound_boxes_v1/labels/train/wound_azh_patches_1c786cf021515cbe4f7d369a7f2a71b6_0.txt,azh_patches,data/datasets/external/azh_patches/train/images/1c786cf021515cbe4f7d369a7f2a71b6_0.png,PUBLIC_REAL_PHOTOS,00781381665da183be7b60f5db7d749a1f17e03ec99a28af915b60b19fc401bc,1,2
wound_azh_patches_1c7f4db5a82e79fd8d94d0b1539e0664_0,train,azh:1c7f4db5a82e79fd8d94d0b1539e0664,data/datasets/yolo_wound_boxes_v1/images/train/wound_azh_patches_1c7f4db5a82e79fd8d94d0b1539e0664_0.jpg,data/datasets/yolo_wound_boxes_v1/labels/train/wound_azh_patches_1c7f4db5a82e79fd8d94d0b1539e0664_0.txt,azh_patches,data/datasets/external/azh_patches/train/images/1c7f4db5a82e79fd8d94d0b1539e0664_0.png,PUBLIC_REAL_PHOTOS,e7d3a8c45da2de00ada464be70d664416047165785fa5ab6ff644e75a520ee9b,1,2
wound_azh_patches_1ca743bfb56654b11fca2b038d1cc682_0,train,azh:1ca743bfb56654b11fca2b038d1cc682,data/datasets/yolo_wound_boxes_v1/images/train/wound_azh_patches_1ca743bfb56654b11fca2b038d1cc682_0.jpg,data/datasets/yolo_wound_boxes_v1/labels/train/wound_azh_patches_1ca743bfb56654b11fca2b038d1cc682_0.txt,azh_patches,data/datasets/external/azh_patches/train/images/1ca743bfb56654b11fca2b038d1cc682_0.png,PUBLIC_REAL_PHOTOS,f183e7a4e02d908df063d21e6de09566afaf034555bb6abd715f74c8e51988c1,1,2
wound_azh_patches_1d557cd47276255d999c71bc49ccf493_0,val,azh:1d557cd47276255d999c71bc49ccf493,data/datasets/yolo_wound_boxes_v1/images/val/wound_azh_patches_1d557cd47276255d999c71bc49ccf493_0.jpg,data/datasets/yolo_wound_boxes_v1/labels/val/wound_azh_patches_1d557cd47276255d999c71bc49ccf493_0.txt,azh_patches,data/datasets/external/azh_patches/train/images/1d557cd47276255d999c71bc49ccf493_0.png,PUBLIC_REAL_PHOTOS,93b326418a2c49b38cab4b19d7bba9fdb11ced3913b9f5ce055f7546e9f0dbd5,1,2
wound_azh_patches_1d557cd47276255d999c71bc49ccf493_1,val,azh:1d557cd47276255d999c71bc49ccf493,data/datasets/yolo_wound_boxes_v1/images/val/wound_azh_patches_1d557cd47276255d999c71bc49ccf493_1.jpg,data/datasets/yolo_wound_boxes_v1/labels/val/wound_azh_patches_1d557cd47276255d999c71bc49ccf493_1.txt,azh_patches,data/datasets/external/azh_patches/train/images/1d557cd47276255d999c71bc49ccf493_1.png,PUBLIC_REAL_PHOTOS,87315ed7714c265f9e38a7e247f236c704dc6e4b072446fc8bf9b4e97a77560a,1,2
wound_azh_patches_1d87e42d6146a984a037cf13a150eec0_0,test,azh:1d87e42d6146a984a037cf13a150eec0,data/datasets/yolo_wound_boxes_v1/images/test/wound_azh_patches_1d87e42d6146a984a037cf13a150eec0_0.jpg,data/datasets/yolo_wound_boxes_v1/labels/test/wound_azh_patches_1d87e42d6146a984a037cf13a150eec0_0.txt,azh_patches,data/datasets/external/azh_patches/train/images/1d87e42d6146a984a037cf13a150eec0_0.png,PUBLIC_REAL_PHOTOS,cb0e5d379dcc4a9484694a94334d1df5d0cffbf133dcf8581c87cfb8712b6473,1,2
wound_azh_patches_1d97ce42081182a66ace139dbcd83273_0,val,azh:1d97ce42081182a66ace139dbcd83273,data/datasets/yolo_wound_boxes_v1/images/val/wound_azh_patches_1d97ce42081182a66ace139dbcd83273_0.jpg,data/datasets/yolo_wound_boxes_v1/labels/val/wound_azh_patches_1d97ce42081182a66ace139dbcd83273_0.txt,azh_patches,data/datasets/external/azh_patches/train/images/1d97ce42081182a66ace139dbcd83273_0.png,PUBLIC_REAL_PHOTOS,1a6778c040700b80d15b50ae696d195060a61782ca9450762eca29bd8d35fb98,1,2
wound_azh_patches_1da3fff6a9495d1caf49bd708fdd7838_0,train,azh:1da3fff6a9495d1caf49bd708fdd7838,data/datasets/yolo_wound_boxes_v1/images/train/wound_azh_patches_1da3fff6a9495d1caf49bd708fdd7838_0.jpg,data/datasets/yolo_wound_boxes_v1/labels/train/wound_azh_patches_1da3fff6a9495d1caf49bd708fdd7838_0.txt,azh_patches,data/datasets/external/azh_patches/train/images/1da3fff6a9495d1caf49bd708fdd7838_0.png,PUBLIC_REAL_PHOTOS,dfa0e195e2b748cc038f72346040e6d8ff7e1274b86e6b3e647aee4a48a89cfd,1,2
wound_azh_patches_1da3fff6a9495d1caf49bd708fdd7838_1,train,azh:1da3fff6a9495d1caf49bd708fdd7838,data/datasets/yolo_wound_boxes_v1/images/train/wound_azh_patches_1da3fff6a9495d1caf49bd708fdd7838_1.jpg,data/datasets/yolo_wound_boxes_v1/labels/train/wound_azh_patches_1da3fff6a9495d1caf49bd708fdd7838_1.txt,azh_patches,data/datasets/external/azh_patches/train/images/1da3fff6a9495d1caf49bd708fdd7838_1.png,PUBLIC_REAL_PHOTOS,98df484acbf1981b63bfec402da7d0f7a4222aa6c8ae9c85dbc6ad34c9ecd721,1,2
wound_azh_patches_1dbb00d92741863fcc6451afd48daf31_0,test,azh:1dbb00d92741863fcc6451afd48daf31,data/datasets/yolo_wound_boxes_v1/images/test/wound_azh_patches_1dbb00d92741863fcc6451afd48daf31_0.jpg,data/datasets/yolo_wound_boxes_v1/labels/test/wound_azh_patches_1dbb00d92741863fcc6451afd48daf31_0.txt,azh_patches,data/datasets/external/azh_patches/train/images/1dbb00d92741863fcc6451afd48daf31_0.png,PUBLIC_REAL_PHOTOS,cd8ca1e4aebfb27575b8a40686e1494f0cf37ea625cf4e80b024dcc6b7722d04,1,2
wound_azh_patches_1de7586df7bc38fc88b8214dffc33420_0,train,azh:1de7586df7bc38fc88b8214dffc33420,data/datasets/yolo_wound_boxes_v1/images/train/wound_azh_patches_1de7586df7bc38fc88b8214dffc33420_0.jpg,data/datasets/yolo_wound_boxes_v1/labels/train/wound_azh_patches_1de7586df7bc38fc88b8214dffc33420_0.txt,azh_patches,data/datasets/external/azh_patches/train/images/1de7586df7bc38fc88b8214dffc33420_0.png,PUBLIC_REAL_PHOTOS,08336c91124579cb5c984d4d07158974b1df56a6e5675fb928be6c9782fc920c,1,2
wound_azh_patches_1df8c0b866f6df4be6e3b35abc5b3bf9_0,train,azh:1df8c0b866f6df4be6e3b35abc5b3bf9,data/datasets/yolo_wound_boxes_v1/images/train/wound_azh_patches_1df8c0b866f6df4be6e3b35abc5b3bf9_0.jpg,data/datasets/yolo_wound_boxes_v1/labels/train/wound_azh_patches_1df8c0b866f6df4be6e3b35abc5b3bf9_0.txt,azh_patches,data/datasets/external/azh_patches/train/images/1df8c0b866f6df4be6e3b35abc5b3bf9_0.png,PUBLIC_REAL_PHOTOS,48aa751cfd5de3e638de92aaf7a9d265b75c19f3a9528caf26102e5ff9596b40,1,2
wound_azh_patches_1e01c88f1716141cb5205a1de7e9fb5f_0,train,azh:1e01c88f1716141cb5205a1de7e9fb5f,data/datasets/yolo_wound_boxes_v1/images/train/wound_azh_patches_1e01c88f1716141cb5205a1de7e9fb5f_0.jpg,data/datasets/yolo_wound_boxes_v1/labels/train/wound_azh_patches_1e01c88f1716141cb5205a1de7e9fb5f_0.txt,azh_patches,data/datasets/external/azh_patches/train/images/1e01c88f1716141cb5205a1de7e9fb5f_0.png,PUBLIC_REAL_PHOTOS,a99ad61865d24c1a1634cb63b75cfb9155b28a65299bca15989105577f937035,1,2
wound_azh_patches_1e172e50acdceb692355ba080e2146cc_0,train,azh:1e172e50acdceb692355ba080e2146cc,data/datasets/yolo_wound_boxes_v1/images/train/wound_azh_patches_1e172e50acdceb692355ba080e2146cc_0.jpg,data/datasets/yolo_wound_boxes_v1/labels/train/wound_azh_patches_1e172e50acdceb692355ba080e2146cc_0.txt,azh_patches,data/datasets/external/azh_patches/train/images/1e172e50acdceb692355ba080e2146cc_0.png,PUBLIC_REAL_PHOTOS,5dbff2575671ab54e3549d54a0ac075197a5d771da0001bbac5943abce8adb94,1,2
wound_azh_patches_1e172e50acdceb692355ba080e2146cc_1,train,azh:1e172e50acdceb692355ba080e2146cc,data/datasets/yolo_wound_boxes_v1/images/train/wound_azh_patches_1e172e50acdceb692355ba080e2146cc_1.jpg,data/datasets/yolo_wound_boxes_v1/labels/train/wound_azh_patches_1e172e50acdceb692355ba080e2146cc_1.txt,azh_patches,data/datasets/external/azh_patches/train/images/1e172e50acdceb692355ba080e2146cc_1.png,PUBLIC_REAL_PHOTOS,94c50fa0d7e5a9b705c3cf588dfc0e80e4cb208437facadcbb8f4b8b1d9cfe23,1,2
wound_azh_patches_1e18260602b2ab55a0aa48a3b452a3f9_0,train,azh:1e18260602b2ab55a0aa48a3b452a3f9,data/datasets/yolo_wound_boxes_v1/images/train/wound_azh_patches_1e18260602b2ab55a0aa48a3b452a3f9_0.jpg,data/datasets/yolo_wound_boxes_v1/labels/train/wound_azh_patches_1e18260602b2ab55a0aa48a3b452a3f9_0.txt,azh_patches,data/datasets/external/azh_patches/train/images/1e18260602b2ab55a0aa48a3b452a3f9_0.png,PUBLIC_REAL_PHOTOS,0eef79f1a9f0355ae01e1c34a7291f1e75866ffbd3ba1b8bd85b0171983344c8,1,2
wound_azh_patches_1e485b15d2b1854066d3362e29577150_0,train,azh:1e485b15d2b1854066d3362e29577150,data/datasets/yolo_wound_boxes_v1/images/train/wound_azh_patches_1e485b15d2b1854066d3362e29577150_0.jpg,data/datasets/yolo_wound_boxes_v1/labels/train/wound_azh_patches_1e485b15d2b1854066d3362e29577150_0.txt,azh_patches,data/datasets/external/azh_patches/train/images/1e485b15d2b1854066d3362e29577150_0.png,PUBLIC_REAL_PHOTOS,20f2ec7c04909977f10f5b1e56e8caeb3ade978d547bc3e35131bb206d97c292,1,2
wound_azh_patches_1e5b8ab0add235d3d0685951241c6dac_0,train,azh:1e5b8ab0add235d3d0685951241c6dac,data/datasets/yolo_wound_boxes_v1/images/train/wound_azh_patches_1e5b8ab0add235d3d0685951241c6dac_0.jpg,data/datasets/yolo_wound_boxes_v1/labels/train/wound_azh_patches_1e5b8ab0add235d3d0685951241c6dac_0.txt,azh_patches,data/datasets/external/azh_patches/train/images/1e5b8ab0add235d3d0685951241c6dac_0.png,PUBLIC_REAL_PHOTOS,5c976801f33d0f151aa294e78808a778123781a0c793372732175ab18eb10895,1,2
wound_azh_patches_1e84681143d967b81d3488590463eb77_0,train,azh:1e84681143d967b81d3488590463eb77,data/datasets/yolo_wound_boxes_v1/images/train/wound_azh_patches_1e84681143d967b81d3488590463eb77_0.jpg,data/datasets/yolo_wound_boxes_v1/labels/train/wound_azh_patches_1e84681143d967b81d3488590463eb77_0.txt,azh_patches,data/datasets/external/azh_patches/train/images/1e84681143d967b81d3488590463eb77_0.png,PUBLIC_REAL_PHOTOS,8b7cfa77e0d9790a17eae1e491aeffcc0b350d4c1d54b948b9f5a8b3829e0463,1,2
wound_azh_patches_1ec8cc951c3bb8fdd532fa847c2f90d9_0,train,azh:1ec8cc951c3bb8fdd532fa847c2f90d9,data/datasets/yolo_wound_boxes_v1/images/train/wound_azh_patches_1ec8cc951c3bb8fdd532fa847c2f90d9_0.jpg,data/datasets/yolo_wound_boxes_v1/labels/train/wound_azh_patches_1ec8cc951c3bb8fdd532fa847c2f90d9_0.txt,azh_patches,data/datasets/external/azh_patches/train/images/1ec8cc951c3bb8fdd532fa847c2f90d9_0.png,PUBLIC_REAL_PHOTOS,0b6ff0f8886bb06956aa881d49aad001f167f03fdef5ec37394c829d9e5f8d56,1,2
wound_azh_patches_1ee14186447cefc1cf16495907b2f152_0,val,azh:1ee14186447cefc1cf16495907b2f152,data/datasets/yolo_wound_boxes_v1/images/val/wound_azh_patches_1ee14186447cefc1cf16495907b2f152_0.jpg,data/datasets/yolo_wound_boxes_v1/labels/val/wound_azh_patches_1ee14186447cefc1cf16495907b2f152_0.txt,azh_patches,data/datasets/external/azh_patches/train/images/1ee14186447cefc1cf16495907b2f152_0.png,PUBLIC_REAL_PHOTOS,014241aa0d381df8d4505125b9f304ae6d69f6de1348ec323bfa51f30de79149,1,2
wound_azh_patches_1f668d77d0a085004fa28e3ea9b03c59_0,train,azh:1f668d77d0a085004fa28e3ea9b03c59,data/datasets/yolo_wound_boxes_v1/images/train/wound_azh_patches_1f668d77d0a085004fa28e3ea9b03c59_0.jpg,data/datasets/yolo_wound_boxes_v1/labels/train/wound_azh_patches_1f668d77d0a085004fa28e3ea9b03c59_0.txt,azh_patches,data/datasets/external/azh_patches/train/images/1f668d77d0a085004fa28e3ea9b03c59_0.png,PUBLIC_REAL_PHOTOS,43c41a7a13b79fc0eb51c96417638439205b1ac85453a066e2ff3a4efcf841dd,1,2
wound_azh_patches_1fdaec142e08b253f991af5f5d08f988_0,train,azh:1fdaec142e08b253f991af5f5d08f988,data/datasets/yolo_wound_boxes_v1/images/train/wound_azh_patches_1fdaec142e08b253f991af5f5d08f988_0.jpg,data/datasets/yolo_wound_boxes_v1/labels/train/wound_azh_patches_1fdaec142e08b253f991af5f5d08f988_0.txt,azh_patches,data/datasets/external/azh_patches/train/images/1fdaec142e08b253f991af5f5d08f988_0.png,PUBLIC_REAL_PHOTOS,92a3716c38c0723c1c830b6f50efb77e95f8edc4a2b5508c4cba8da353d2dfad,1,2
wound_azh_patches_217189be3ad182f170ec0e1b565a1a2a_0,val,azh:217189be3ad182f170ec0e1b565a1a2a,data/datasets/yolo_wound_boxes_v1/images/val/wound_azh_patches_217189be3ad182f170ec0e1b565a1a2a_0.jpg,data/datasets/yolo_wound_boxes_v1/labels/val/wound_azh_patches_217189be3ad182f170ec0e1b565a1a2a_0.txt,azh_patches,data/datasets/external/azh_patches/train/images/217189be3ad182f170ec0e1b565a1a2a_0.png,PUBLIC_REAL_PHOTOS,6cdb13795778a84c6a66aaf443246ac0a368870f3a49501b3537dca8f539294e,1,2
wound_azh_patches_22625ae4786b4bfde48860accb485452_0,train,azh:22625ae4786b4bfde48860accb485452,data/datasets/yolo_wound_boxes_v1/images/train/wound_azh_patches_22625ae4786b4bfde48860accb485452_0.jpg,data/datasets/yolo_wound_boxes_v1/labels/train/wound_azh_patches_22625ae4786b4bfde48860accb485452_0.txt,azh_patches,data/datasets/external/azh_patches/train/images/22625ae4786b4bfde48860accb485452_0.png,PUBLIC_REAL_PHOTOS,660aaafe8a0d29009950264ce381c399acdecf590772714385f4605039821143,1,2
wound_azh_patches_228d94b20ac204b3fa1cfede4b275ad1_0,train,azh:228d94b20ac204b3fa1cfede4b275ad1,data/datasets/yolo_wound_boxes_v1/images/train/wound_azh_patches_228d94b20ac204b3fa1cfede4b275ad1_0.jpg,data/datasets/yolo_wound_boxes_v1/labels/train/wound_azh_patches_228d94b20ac204b3fa1cfede4b275ad1_0.txt,azh_patches,data/datasets/external/azh_patches/train/images/228d94b20ac204b3fa1cfede4b275ad1_0.png,PUBLIC_REAL_PHOTOS,8ddfa902c1d949e7c6e74386c6fdbb3344fdc3fdf637a27d11d0e59125c6341c,1,2
wound_azh_patches_229f9949fc3ca248f91e54b11348e517_0,test,azh:229f9949fc3ca248f91e54b11348e517,data/datasets/yolo_wound_boxes_v1/images/test/wound_azh_patches_229f9949fc3ca248f91e54b11348e517_0.jpg,data/datasets/yolo_wound_boxes_v1/labels/test/wound_azh_patches_229f9949fc3ca248f91e54b11348e517_0.txt,azh_patches,data/datasets/external/azh_patches/train/images/229f9949fc3ca248f91e54b11348e517_0.png,PUBLIC_REAL_PHOTOS,5c3192a0511ed7b9df0dfc8cc6c7fff35a78d1c10ca4251e467207d3583a13b2,1,2
wound_azh_patches_22b9db7fdd1d44ad58d0f9b1bc959171_0,train,azh:22b9db7fdd1d44ad58d0f9b1bc959171,data/datasets/yolo_wound_boxes_v1/images/train/wound_azh_patches_22b9db7fdd1d44ad58d0f9b1bc959171_0.jpg,data/datasets/yolo_wound_boxes_v1/labels/train/wound_azh_patches_22b9db7fdd1d44ad58d0f9b1bc959171_0.txt,azh_patches,data/datasets/external/azh_patches/train/images/22b9db7fdd1d44ad58d0f9b1bc959171_0.png,PUBLIC_REAL_PHOTOS,f55c752f9724b6d90c2c8fdc5f4a9574250deee219ffad336843ac64d431a4b4,1,2
wound_azh_patches_22b9db7fdd1d44ad58d0f9b1bc959171_1,train,azh:22b9db7fdd1d44ad58d0f9b1bc959171,data/datasets/yolo_wound_boxes_v1/images/train/wound_azh_patches_22b9db7fdd1d44ad58d0f9b1bc959171_1.jpg,data/datasets/yolo_wound_boxes_v1/labels/train/wound_azh_patches_22b9db7fdd1d44ad58d0f9b1bc959171_1.txt,azh_patches,data/datasets/external/azh_patches/train/images/22b9db7fdd1d44ad58d0f9b1bc959171_1.png,PUBLIC_REAL_PHOTOS,443a182c69fd391cfe41f68d3ba28dc0e173f3a2ca51b38fd6a83a0785766e36,1,2
wound_azh_patches_22bd10b9edd5c1f2bdfbfd34bf5f0884_0,train,azh:22bd10b9edd5c1f2bdfbfd34bf5f0884,data/datasets/yolo_wound_boxes_v1/images/train/wound_azh_patches_22bd10b9edd5c1f2bdfbfd34bf5f0884_0.jpg,data/datasets/yolo_wound_boxes_v1/labels/train/wound_azh_patches_22bd10b9edd5c1f2bdfbfd34bf5f0884_0.txt,azh_patches,data/datasets/external/azh_patches/train/images/22bd10b9edd5c1f2bdfbfd34bf5f0884_0.png,PUBLIC_REAL_PHOTOS,6e994ede101a2832328616c8f0621bacc68dd9ac7e829cfc300404ff159e534d,1,2
wound_azh_patches_22bd10b9edd5c1f2bdfbfd34bf5f0884_1,train,azh:22bd10b9edd5c1f2bdfbfd34bf5f0884,data/datasets/yolo_wound_boxes_v1/images/train/wound_azh_patches_22bd10b9edd5c1f2bdfbfd34bf5f0884_1.jpg,data/datasets/yolo_wound_boxes_v1/labels/train/wound_azh_patches_22bd10b9edd5c1f2bdfbfd34bf5f0884_1.txt,azh_patches,data/datasets/external/azh_patches/train/images/22bd10b9edd5c1f2bdfbfd34bf5f0884_1.png,PUBLIC_REAL_PHOTOS,f6d43b3b2822bb45bd1c0742f8f4fe87b03ec30d15834444dada8e2bc0cb1fbd,1,2
wound_azh_patches_23789535abbc5f81030070cd45a9cfde_0,train,azh:23789535abbc5f81030070cd45a9cfde,data/datasets/yolo_wound_boxes_v1/images/train/wound_azh_patches_23789535abbc5f81030070cd45a9cfde_0.jpg,data/datasets/yolo_wound_boxes_v1/labels/train/wound_azh_patches_23789535abbc5f81030070cd45a9cfde_0.txt,azh_patches,data/datasets/external/azh_patches/train/images/23789535abbc5f81030070cd45a9cfde_0.png,PUBLIC_REAL_PHOTOS,aa3278e3545eb423a462799d871ee1f47ce4706795720646638cb78bdf5a9f08,1,2
wound_azh_patches_238becefbab364b35769011c43b60fe3_0,train,azh:238becefbab364b35769011c43b60fe3,data/datasets/yolo_wound_boxes_v1/images/train/wound_azh_patches_238becefbab364b35769011c43b60fe3_0.jpg,data/datasets/yolo_wound_boxes_v1/labels/train/wound_azh_patches_238becefbab364b35769011c43b60fe3_0.txt,azh_patches,data/datasets/external/azh_patches/train/images/238becefbab364b35769011c43b60fe3_0.png,PUBLIC_REAL_PHOTOS,cf393aaf1f4588da74e7c0e35100d8df435552e57ef5088e2245e0cb390f6cd5,1,2
wound_azh_patches_239b837160e0a29dd5a89150e1b89178_0,train,azh:239b837160e0a29dd5a89150e1b89178,data/datasets/yolo_wound_boxes_v1/images/train/wound_azh_patches_239b837160e0a29dd5a89150e1b89178_0.jpg,data/datasets/yolo_wound_boxes_v1/labels/train/wound_azh_patches_239b837160e0a29dd5a89150e1b89178_0.txt,azh_patches,data/datasets/external/azh_patches/train/images/239b837160e0a29dd5a89150e1b89178_0.png,PUBLIC_REAL_PHOTOS,4ee71ecbf66862b193ee8d5e5ef84491af294a8500b4984ba78ab3879d7e1b94,1,2
wound_azh_patches_242f626fb9d10f9786ebc5271f53b729_0,train,azh:242f626fb9d10f9786ebc5271f53b729,data/datasets/yolo_wound_boxes_v1/images/train/wound_azh_patches_242f626fb9d10f9786ebc5271f53b729_0.jpg,data/datasets/yolo_wound_boxes_v1/labels/train/wound_azh_patches_242f626fb9d10f9786ebc5271f53b729_0.txt,azh_patches,data/datasets/external/azh_patches/train/images/242f626fb9d10f9786ebc5271f53b729_0.png,PUBLIC_REAL_PHOTOS,9ca160f6872546905037516d6837368bfe09517b2470b7bfc43f61c1cca7facf,1,2
wound_azh_patches_24507eb59b595f2ee951f3ece6ab5212_0,train,azh:24507eb59b595f2ee951f3ece6ab5212,data/datasets/yolo_wound_boxes_v1/images/train/wound_azh_patches_24507eb59b595f2ee951f3ece6ab5212_0.jpg,data/datasets/yolo_wound_boxes_v1/labels/train/wound_azh_patches_24507eb59b595f2ee951f3ece6ab5212_0.txt,azh_patches,data/datasets/external/azh_patches/train/images/24507eb59b595f2ee951f3ece6ab5212_0.png,PUBLIC_REAL_PHOTOS,35f97d888d849a9b5886ba8ecfab26e7c244ecad9f9097e221461adfd1b79dcb,1,2
wound_azh_patches_24597141d24289747225c61527d97cb4_1,train,azh:24597141d24289747225c61527d97cb4,data/datasets/yolo_wound_boxes_v1/images/train/wound_azh_patches_24597141d24289747225c61527d97cb4_1.jpg,data/datasets/yolo_wound_boxes_v1/labels/train/wound_azh_patches_24597141d24289747225c61527d97cb4_1.txt,azh_patches,data/datasets/external/azh_patches/train/images/24597141d24289747225c61527d97cb4_1.png,PUBLIC_REAL_PHOTOS,8f02a303b8d4ab3282f71c9637fa732ec6b79ec91f0456fc77f00dbc606f7239,1,2
wound_azh_patches_24597141d24289747225c61527d97cb4_2,train,azh:24597141d24289747225c61527d97cb4,data/datasets/yolo_wound_boxes_v1/images/train/wound_azh_patches_24597141d24289747225c61527d97cb4_2.jpg,data/datasets/yolo_wound_boxes_v1/labels/train/wound_azh_patches_24597141d24289747225c61527d97cb4_2.txt,azh_patches,data/datasets/external/azh_patches/train/images/24597141d24289747225c61527d97cb4_2.png,PUBLIC_REAL_PHOTOS,e059ef828ed4b134cec843fbab4cd86c0630a0c135e4dc6aa986192728e75db2,1,2
wound_azh_patches_245b0fdf6d0256260126311c81e8b543_0,val,azh:245b0fdf6d0256260126311c81e8b543,data/datasets/yolo_wound_boxes_v1/images/val/wound_azh_patches_245b0fdf6d0256260126311c81e8b543_0.jpg,data/datasets/yolo_wound_boxes_v1/labels/val/wound_azh_patches_245b0fdf6d0256260126311c81e8b543_0.txt,azh_patches,data/datasets/external/azh_patches/train/images/245b0fdf6d0256260126311c81e8b543_0.png,PUBLIC_REAL_PHOTOS,4487ef128bf7550c4857df9e1f4df8cf36dea4a0058d50981dcb384c19494f93,1,2
wound_azh_patches_24d033a91d4fa6e1a8143d03229886fd_1,val,azh:24d033a91d4fa6e1a8143d03229886fd,data/datasets/yolo_wound_boxes_v1/images/val/wound_azh_patches_24d033a91d4fa6e1a8143d03229886fd_1.jpg,data/datasets/yolo_wound_boxes_v1/labels/val/wound_azh_patches_24d033a91d4fa6e1a8143d03229886fd_1.txt,azh_patches,data/datasets/external/azh_patches/train/images/24d033a91d4fa6e1a8143d03229886fd_1.png,PUBLIC_REAL_PHOTOS,588451d3cbdaf155a3876ffcd4a13dbe79f54c13367940ac608ba6a715d333e4,1,2
wound_azh_patches_24d033a91d4fa6e1a8143d03229886fd_2,val,azh:24d033a91d4fa6e1a8143d03229886fd,data/datasets/yolo_wound_boxes_v1/images/val/wound_azh_patches_24d033a91d4fa6e1a8143d03229886fd_2.jpg,data/datasets/yolo_wound_boxes_v1/labels/val/wound_azh_patches_24d033a91d4fa6e1a8143d03229886fd_2.txt,azh_patches,data/datasets/external/azh_patches/train/images/24d033a91d4fa6e1a8143d03229886fd_2.png,PUBLIC_REAL_PHOTOS,15c07cedc9f609d0f5248e5ca7cdab20125e16a4e42e80d4b3d129c5e18378e1,1,2
wound_azh_patches_25c5504d70193d1d8cf21b9863e293d9_0,val,azh:25c5504d70193d1d8cf21b9863e293d9,data/datasets/yolo_wound_boxes_v1/images/val/wound_azh_patches_25c5504d70193d1d8cf21b9863e293d9_0.jpg,data/datasets/yolo_wound_boxes_v1/labels/val/wound_azh_patches_25c5504d70193d1d8cf21b9863e293d9_0.txt,azh_patches,data/datasets/external/azh_patches/train/images/25c5504d70193d1d8cf21b9863e293d9_0.png,PUBLIC_REAL_PHOTOS,eb6efeb55dce0f5fe1bfc9ea1ac7f9d2c6266831ade426857bc63dc40626fa2a,1,2
wound_azh_patches_25c5504d70193d1d8cf21b9863e293d9_1,val,azh:25c5504d70193d1d8cf21b9863e293d9,data/datasets/yolo_wound_boxes_v1/images/val/wound_azh_patches_25c5504d70193d1d8cf21b9863e293d9_1.jpg,data/datasets/yolo_wound_boxes_v1/labels/val/wound_azh_patches_25c5504d70193d1d8cf21b9863e293d9_1.txt,azh_patches,data/datasets/external/azh_patches/train/images/25c5504d70193d1d8cf21b9863e293d9_1.png,PUBLIC_REAL_PHOTOS,454a70b337319ffbe36caf846f91c8a9bb6004f7000d5f2f0d3bd6c57d86c376,1,2
wound_azh_patches_2664472bf2196368e9372077ad0fdbe2_0,test,azh:2664472bf2196368e9372077ad0fdbe2,data/datasets/yolo_wound_boxes_v1/images/test/wound_azh_patches_2664472bf2196368e9372077ad0fdbe2_0.jpg,data/datasets/yolo_wound_boxes_v1/labels/test/wound_azh_patches_2664472bf2196368e9372077ad0fdbe2_0.txt,azh_patches,data/datasets/external/azh_patches/train/images/2664472bf2196368e9372077ad0fdbe2_0.png,PUBLIC_REAL_PHOTOS,74fb0de6cdc595c42d7dc9a1195cfcbf1a80737af5c2d9f5ad4a90098c39ade7,1,2
wound_azh_patches_2675fecd4f7151f4d7d20e708708cc41_0,test,azh:2675fecd4f7151f4d7d20e708708cc41,data/datasets/yolo_wound_boxes_v1/images/test/wound_azh_patches_2675fecd4f7151f4d7d20e708708cc41_0.jpg,data/datasets/yolo_wound_boxes_v1/labels/test/wound_azh_patches_2675fecd4f7151f4d7d20e708708cc41_0.txt,azh_patches,data/datasets/external/azh_patches/train/images/2675fecd4f7151f4d7d20e708708cc41_0.png,PUBLIC_REAL_PHOTOS,15b7d000253a473fec120ab27e351d1b84b6b9e45017a9a1753877cc64a8b73b,1,2
wound_azh_patches_26b0e1c37795cfb1b930a593165149c9_1,test,azh:26b0e1c37795cfb1b930a593165149c9,data/datasets/yolo_wound_boxes_v1/images/test/wound_azh_patches_26b0e1c37795cfb1b930a593165149c9_1.jpg,data/datasets/yolo_wound_boxes_v1/labels/test/wound_azh_patches_26b0e1c37795cfb1b930a593165149c9_1.txt,azh_patches,data/datasets/external/azh_patches/train/images/26b0e1c37795cfb1b930a593165149c9_1.png,PUBLIC_REAL_PHOTOS,1192f8066eccd098314d4bb5c178d90951cb19deef7b048738c2451a2774a6b6,1,2
wound_azh_patches_26b0e1c37795cfb1b930a593165149c9_2,test,azh:26b0e1c37795cfb1b930a593165149c9,data/datasets/yolo_wound_boxes_v1/images/test/wound_azh_patches_26b0e1c37795cfb1b930a593165149c9_2.jpg,data/datasets/yolo_wound_boxes_v1/labels/test/wound_azh_patches_26b0e1c37795cfb1b930a593165149c9_2.txt,azh_patches,data/datasets/external/azh_patches/train/images/26b0e1c37795cfb1b930a593165149c9_2.png,PUBLIC_REAL_PHOTOS,fd42782d44dd52f24e211c09788ffdda5e71e78647f29f8a702ad38891da8e0a,1,2
wound_azh_patches_26b0e1c37795cfb1b930a593165149c9_3,test,azh:26b0e1c37795cfb1b930a593165149c9,data/datasets/yolo_wound_boxes_v1/images/test/wound_azh_patches_26b0e1c37795cfb1b930a593165149c9_3.jpg,data/datasets/yolo_wound_boxes_v1/labels/test/wound_azh_patches_26b0e1c37795cfb1b930a593165149c9_3.txt,azh_patches,data/datasets/external/azh_patches/train/images/26b0e1c37795cfb1b930a593165149c9_3.png,PUBLIC_REAL_PHOTOS,393e9eecaebefc0b5e5220d6c9498faf3575e5dfd7a85be8c6be085a5ced8192,1,2
wound_azh_patches_26ee9b6cfcb3097b1f9c3d6504a3ffe2_0,test,azh:26ee9b6cfcb3097b1f9c3d6504a3ffe2,data/datasets/yolo_wound_boxes_v1/images/test/wound_azh_patches_26ee9b6cfcb3097b1f9c3d6504a3ffe2_0.jpg,data/datasets/yolo_wound_boxes_v1/labels/test/wound_azh_patches_26ee9b6cfcb3097b1f9c3d6504a3ffe2_0.txt,azh_patches,data/datasets/external/azh_patches/train/images/26ee9b6cfcb3097b1f9c3d6504a3ffe2_0.png,PUBLIC_REAL_PHOTOS,ff47310c3dc4d5ae4788ac16e324068283675bb1b11a5ee68e3636a3d1f38cc5,1,2
wound_azh_patches_27679d4dd433f3cbb52b3fac0992ceee_0,test,azh:27679d4dd433f3cbb52b3fac0992ceee,data/datasets/yolo_wound_boxes_v1/images/test/wound_azh_patches_27679d4dd433f3cbb52b3fac0992ceee_0.jpg,data/datasets/yolo_wound_boxes_v1/labels/test/wound_azh_patches_27679d4dd433f3cbb52b3fac0992ceee_0.txt,azh_patches,data/datasets/external/azh_patches/train/images/27679d4dd433f3cbb52b3fac0992ceee_0.png,PUBLIC_REAL_PHOTOS,2fb58fd170cec0d63912bc71923d1c5c80ccc16ede78e20fbd40e953fb33af51,1,2
wound_azh_patches_27af9d6d0c81c569a18f379267cfd5c8_0,train,azh:27af9d6d0c81c569a18f379267cfd5c8,data/datasets/yolo_wound_boxes_v1/images/train/wound_azh_patches_27af9d6d0c81c569a18f379267cfd5c8_0.jpg,data/datasets/yolo_wound_boxes_v1/labels/train/wound_azh_patches_27af9d6d0c81c569a18f379267cfd5c8_0.txt,azh_patches,data/datasets/external/azh_patches/train/images/27af9d6d0c81c569a18f379267cfd5c8_0.png,PUBLIC_REAL_PHOTOS,01a0a9250b7d2651ee1549b0a94834d452f9c3a4c3bee0b44051e2c15214c24f,1,2
wound_azh_patches_28d3f7cdb7d3b68029a480498dfbc279_0,train,azh:28d3f7cdb7d3b68029a480498dfbc279,data/datasets/yolo_wound_boxes_v1/images/train/wound_azh_patches_28d3f7cdb7d3b68029a480498dfbc279_0.jpg,data/datasets/yolo_wound_boxes_v1/labels/train/wound_azh_patches_28d3f7cdb7d3b68029a480498dfbc279_0.txt,azh_patches,data/datasets/external/azh_patches/train/images/28d3f7cdb7d3b68029a480498dfbc279_0.png,PUBLIC_REAL_PHOTOS,9bbc1171fc168bcefb0c13a96ddaa8207670ed2fbe15bdfee041c5d9f708341e,1,2
wound_azh_patches_28d5e21944dc07f365a4627ce1d8e001_1,test,azh:28d5e21944dc07f365a4627ce1d8e001,data/datasets/yolo_wound_boxes_v1/images/test/wound_azh_patches_28d5e21944dc07f365a4627ce1d8e001_1.jpg,data/datasets/yolo_wound_boxes_v1/labels/test/wound_azh_patches_28d5e21944dc07f365a4627ce1d8e001_1.txt,azh_patches,data/datasets/external/azh_patches/train/images/28d5e21944dc07f365a4627ce1d8e001_1.png,PUBLIC_REAL_PHOTOS,aeee0dc8ac4407f75665560791923258c159a1b4b5cd12c35c896fa114ce0faf,1,2
wound_azh_patches_29040e0c4889bd33bc4d18426675c6df_0,test,azh:29040e0c4889bd33bc4d18426675c6df,data/datasets/yolo_wound_boxes_v1/images/test/wound_azh_patches_29040e0c4889bd33bc4d18426675c6df_0.jpg,data/datasets/yolo_wound_boxes_v1/labels/test/wound_azh_patches_29040e0c4889bd33bc4d18426675c6df_0.txt,azh_patches,data/datasets/external/azh_patches/train/images/29040e0c4889bd33bc4d18426675c6df_0.png,PUBLIC_REAL_PHOTOS,d5185903f35e742ee7934f881c0b6777b53930da4f9fff0cbb985bf3f845981c,1,2
wound_azh_patches_29040e0c4889bd33bc4d18426675c6df_1,test,azh:29040e0c4889bd33bc4d18426675c6df,data/datasets/yolo_wound_boxes_v1/images/test/wound_azh_patches_29040e0c4889bd33bc4d18426675c6df_1.jpg,data/datasets/yolo_wound_boxes_v1/labels/test/wound_azh_patches_29040e0c4889bd33bc4d18426675c6df_1.txt,azh_patches,data/datasets/external/azh_patches/train/images/29040e0c4889bd33bc4d18426675c6df_1.png,PUBLIC_REAL_PHOTOS,6e6f1d636938479fb59a8af06e0923eee6e1019300fa7aca7e6d4fa796f6b967,1,2
wound_azh_patches_29040e0c4889bd33bc4d18426675c6df_2,test,azh:29040e0c4889bd33bc4d18426675c6df,data/datasets/yolo_wound_boxes_v1/images/test/wound_azh_patches_29040e0c4889bd33bc4d18426675c6df_2.jpg,data/datasets/yolo_wound_boxes_v1/labels/test/wound_azh_patches_29040e0c4889bd33bc4d18426675c6df_2.txt,azh_patches,data/datasets/external/azh_patches/train/images/29040e0c4889bd33bc4d18426675c6df_2.png,PUBLIC_REAL_PHOTOS,cd5b099083c3064ea99034728742cd515d3b8131f275319a1b3209a1c5847026,1,2
wound_azh_patches_29348067a358165866ca29d177877bc3_0,train,azh:29348067a358165866ca29d177877bc3,data/datasets/yolo_wound_boxes_v1/images/train/wound_azh_patches_29348067a358165866ca29d177877bc3_0.jpg,data/datasets/yolo_wound_boxes_v1/labels/train/wound_azh_patches_29348067a358165866ca29d177877bc3_0.txt,azh_patches,data/datasets/external/azh_patches/train/images/29348067a358165866ca29d177877bc3_0.png,PUBLIC_REAL_PHOTOS,0d795484fb759f39bc0bb3755db1d470f7ccac06bbaf7b15281c114bd10d56d7,1,2
wound_azh_patches_29348067a358165866ca29d177877bc3_1,train,azh:29348067a358165866ca29d177877bc3,data/datasets/yolo_wound_boxes_v1/images/train/wound_azh_patches_29348067a358165866ca29d177877bc3_1.jpg,data/datasets/yolo_wound_boxes_v1/labels/train/wound_azh_patches_29348067a358165866ca29d177877bc3_1.txt,azh_patches,data/datasets/external/azh_patches/train/images/29348067a358165866ca29d177877bc3_1.png,PUBLIC_REAL_PHOTOS,5989ea4b56e4fdb7169e9efe46301c60ae77f1204d345581d22d8d4ab964156a,1,2
wound_azh_patches_29348067a358165866ca29d177877bc3_2,train,azh:29348067a358165866ca29d177877bc3,data/datasets/yolo_wound_boxes_v1/images/train/wound_azh_patches_29348067a358165866ca29d177877bc3_2.jpg,data/datasets/yolo_wound_boxes_v1/labels/train/wound_azh_patches_29348067a358165866ca29d177877bc3_2.txt,azh_patches,data/datasets/external/azh_patches/train/images/29348067a358165866ca29d177877bc3_2.png,PUBLIC_REAL_PHOTOS,5c2f5088a64462d08ca6c9a1bf2d906dc03085fada34d08cc206bd07774c0517,1,2
wound_azh_patches_293539c2baef2423a4f51e2f7cb8da39_0,train,azh:293539c2baef2423a4f51e2f7cb8da39,data/datasets/yolo_wound_boxes_v1/images/train/wound_azh_patches_293539c2baef2423a4f51e2f7cb8da39_0.jpg,data/datasets/yolo_wound_boxes_v1/labels/train/wound_azh_patches_293539c2baef2423a4f51e2f7cb8da39_0.txt,azh_patches,data/datasets/external/azh_patches/train/images/293539c2baef2423a4f51e2f7cb8da39_0.png,PUBLIC_REAL_PHOTOS,4d6632e3ff863a79f45cc58339cffe1ab66c5f6493594fe9b6ed8fc698884160,1,2
wound_azh_patches_2941779e77be521b284a6a9867ea5b56_0,train,azh:2941779e77be521b284a6a9867ea5b56,data/datasets/yolo_wound_boxes_v1/images/train/wound_azh_patches_2941779e77be521b284a6a9867ea5b56_0.jpg,data/datasets/yolo_wound_boxes_v1/labels/train/wound_azh_patches_2941779e77be521b284a6a9867ea5b56_0.txt,azh_patches,data/datasets/external/azh_patches/train/images/2941779e77be521b284a6a9867ea5b56_0.png,PUBLIC_REAL_PHOTOS,c24bd43a0cc77403dd02368d2630c0250ddea649b3102f870cdf58bfec5bf31e,1,2
wound_azh_patches_2941779e77be521b284a6a9867ea5b56_1,train,azh:2941779e77be521b284a6a9867ea5b56,data/datasets/yolo_wound_boxes_v1/images/train/wound_azh_patches_2941779e77be521b284a6a9867ea5b56_1.jpg,data/datasets/yolo_wound_boxes_v1/labels/train/wound_azh_patches_2941779e77be521b284a6a9867ea5b56_1.txt,azh_patches,data/datasets/external/azh_patches/train/images/2941779e77be521b284a6a9867ea5b56_1.png,PUBLIC_REAL_PHOTOS,698884cb1a9d9b3b492da2aaefcf00ed0ef77bdf489d4b5c991c967e9ed416e1,1,2
wound_azh_patches_29544fe3f010cd0ee1965a85d06fee8a_0,val,azh:29544fe3f010cd0ee1965a85d06fee8a,data/datasets/yolo_wound_boxes_v1/images/val/wound_azh_patches_29544fe3f010cd0ee1965a85d06fee8a_0.jpg,data/datasets/yolo_wound_boxes_v1/labels/val/wound_azh_patches_29544fe3f010cd0ee1965a85d06fee8a_0.txt,azh_patches,data/datasets/external/azh_patches/train/images/29544fe3f010cd0ee1965a85d06fee8a_0.png,PUBLIC_REAL_PHOTOS,4d863655c11732637efd42b0e1d612a001b58ffaa886a123099578bdfe342901,1,2
wound_azh_patches_297341efdad1ff8b99a035544636747e_0,train,azh:297341efdad1ff8b99a035544636747e,data/datasets/yolo_wound_boxes_v1/images/train/wound_azh_patches_297341efdad1ff8b99a035544636747e_0.jpg,data/datasets/yolo_wound_boxes_v1/labels/train/wound_azh_patches_297341efdad1ff8b99a035544636747e_0.txt,azh_patches,data/datasets/external/azh_patches/train/images/297341efdad1ff8b99a035544636747e_0.png,PUBLIC_REAL_PHOTOS,eb3007950bdee836c25b9d045751126c77beaac996a39c3c23d02b76655f8981,1,2
wound_azh_patches_297fd021fd06e777f260732eb4c6b6df_0,test,azh:297fd021fd06e777f260732eb4c6b6df,data/datasets/yolo_wound_boxes_v1/images/test/wound_azh_patches_297fd021fd06e777f260732eb4c6b6df_0.jpg,data/datasets/yolo_wound_boxes_v1/labels/test/wound_azh_patches_297fd021fd06e777f260732eb4c6b6df_0.txt,azh_patches,data/datasets/external/azh_patches/train/images/297fd021fd06e777f260732eb4c6b6df_0.png,PUBLIC_REAL_PHOTOS,c01aa1860c9bbac1d6caf73b33c2890dc76c5608419c5c743b97b112af8032dd,1,2
wound_azh_patches_29a0841f35c311894f34a6e1fac1245b_0,test,azh:29a0841f35c311894f34a6e1fac1245b,data/datasets/yolo_wound_boxes_v1/images/test/wound_azh_patches_29a0841f35c311894f34a6e1fac1245b_0.jpg,data/datasets/yolo_wound_boxes_v1/labels/test/wound_azh_patches_29a0841f35c311894f34a6e1fac1245b_0.txt,azh_patches,data/datasets/external/azh_patches/train/images/29a0841f35c311894f34a6e1fac1245b_0.png,PUBLIC_REAL_PHOTOS,e655acea17d4795a71f025a5828330acc9511290aa5e71028ec792047381a2c3,1,2
wound_azh_patches_2a38cd7d0f8e895d827f5cdfc634522b_0,train,azh:2a38cd7d0f8e895d827f5cdfc634522b,data/datasets/yolo_wound_boxes_v1/images/train/wound_azh_patches_2a38cd7d0f8e895d827f5cdfc634522b_0.jpg,data/datasets/yolo_wound_boxes_v1/labels/train/wound_azh_patches_2a38cd7d0f8e895d827f5cdfc634522b_0.txt,azh_patches,data/datasets/external/azh_patches/train/images/2a38cd7d0f8e895d827f5cdfc634522b_0.png,PUBLIC_REAL_PHOTOS,2258a91a7905be87634ace218051fa2ba1114f9b27ec381a7f0e70a2094a0f82,1,2
wound_azh_patches_2a48e7fbb41d02824a79b895f1d2cda8_0,train,azh:2a48e7fbb41d02824a79b895f1d2cda8,data/datasets/yolo_wound_boxes_v1/images/train/wound_azh_patches_2a48e7fbb41d02824a79b895f1d2cda8_0.jpg,data/datasets/yolo_wound_boxes_v1/labels/train/wound_azh_patches_2a48e7fbb41d02824a79b895f1d2cda8_0.txt,azh_patches,data/datasets/external/azh_patches/train/images/2a48e7fbb41d02824a79b895f1d2cda8_0.png,PUBLIC_REAL_PHOTOS,411c208c9b355d5b4c1f2924fd96892ab647249ef964934aec8940964d612564,1,2
wound_azh_patches_2a622fc070d8601c5b5ca71fd86f23c1_0,val,azh:2a622fc070d8601c5b5ca71fd86f23c1,data/datasets/yolo_wound_boxes_v1/images/val/wound_azh_patches_2a622fc070d8601c5b5ca71fd86f23c1_0.jpg,data/datasets/yolo_wound_boxes_v1/labels/val/wound_azh_patches_2a622fc070d8601c5b5ca71fd86f23c1_0.txt,azh_patches,data/datasets/external/azh_patches/train/images/2a622fc070d8601c5b5ca71fd86f23c1_0.png,PUBLIC_REAL_PHOTOS,4aedc186f83f07968c311b5c6139b65908535b29b2a45adeaf97bc1714dde038,1,2
wound_azh_patches_2a622fc070d8601c5b5ca71fd86f23c1_1,val,azh:2a622fc070d8601c5b5ca71fd86f23c1,data/datasets/yolo_wound_boxes_v1/images/val/wound_azh_patches_2a622fc070d8601c5b5ca71fd86f23c1_1.jpg,data/datasets/yolo_wound_boxes_v1/labels/val/wound_azh_patches_2a622fc070d8601c5b5ca71fd86f23c1_1.txt,azh_patches,data/datasets/external/azh_patches/train/images/2a622fc070d8601c5b5ca71fd86f23c1_1.png,PUBLIC_REAL_PHOTOS,8f27e38d62eac538c585bb758ab691161b96341b9c49469a27bdf8bfac52e813,1,2
wound_azh_patches_2aeae5c06f4a8cc786292b1bb598afd9_0,test,azh:2aeae5c06f4a8cc786292b1bb598afd9,data/datasets/yolo_wound_boxes_v1/images/test/wound_azh_patches_2aeae5c06f4a8cc786292b1bb598afd9_0.jpg,data/datasets/yolo_wound_boxes_v1/labels/test/wound_azh_patches_2aeae5c06f4a8cc786292b1bb598afd9_0.txt,azh_patches,data/datasets/external/azh_patches/train/images/2aeae5c06f4a8cc786292b1bb598afd9_0.png,PUBLIC_REAL_PHOTOS,cc27ea0d52411ffa157023728cf898f2ee7be1b8ba8e0d88e705851a7cf4a0c0,1,2
wound_azh_patches_2aeae5c06f4a8cc786292b1bb598afd9_1,test,azh:2aeae5c06f4a8cc786292b1bb598afd9,data/datasets/yolo_wound_boxes_v1/images/test/wound_azh_patches_2aeae5c06f4a8cc786292b1bb598afd9_1.jpg,data/datasets/yolo_wound_boxes_v1/labels/test/wound_azh_patches_2aeae5c06f4a8cc786292b1bb598afd9_1.txt,azh_patches,data/datasets/external/azh_patches/train/images/2aeae5c06f4a8cc786292b1bb598afd9_1.png,PUBLIC_REAL_PHOTOS,2d0ae960cb8504945ac971ac15577bbc628750761e6b7bfe0a462d29f6392835,1,2
wound_azh_patches_2b2c2a53aee16a6befdff3cb24c41634_0,train,azh:2b2c2a53aee16a6befdff3cb24c41634,data/datasets/yolo_wound_boxes_v1/images/train/wound_azh_patches_2b2c2a53aee16a6befdff3cb24c41634_0.jpg,data/datasets/yolo_wound_boxes_v1/labels/train/wound_azh_patches_2b2c2a53aee16a6befdff3cb24c41634_0.txt,azh_patches,data/datasets/external/azh_patches/train/images/2b2c2a53aee16a6befdff3cb24c41634_0.png,PUBLIC_REAL_PHOTOS,883df50bd7d595a2d393dbd75904a09083d3fa760a86da1f8bc0f0f52279cf9f,1,2
wound_azh_patches_2b76f204fc28ebbe6be635e099feb791_0,train,azh:2b76f204fc28ebbe6be635e099feb791,data/datasets/yolo_wound_boxes_v1/images/train/wound_azh_patches_2b76f204fc28ebbe6be635e099feb791_0.jpg,data/datasets/yolo_wound_boxes_v1/labels/train/wound_azh_patches_2b76f204fc28ebbe6be635e099feb791_0.txt,azh_patches,data/datasets/external/azh_patches/train/images/2b76f204fc28ebbe6be635e099feb791_0.png,PUBLIC_REAL_PHOTOS,1aa567a6fad659a34bc523bd4c10b67c8099967bd936e75d58e0bdb62b219e7e,1,2
wound_azh_patches_2bdd37e61f5ea74699afd9d82f2a00b1_0,test,azh:2bdd37e61f5ea74699afd9d82f2a00b1,data/datasets/yolo_wound_boxes_v1/images/test/wound_azh_patches_2bdd37e61f5ea74699afd9d82f2a00b1_0.jpg,data/datasets/yolo_wound_boxes_v1/labels/test/wound_azh_patches_2bdd37e61f5ea74699afd9d82f2a00b1_0.txt,azh_patches,data/datasets/external/azh_patches/train/images/2bdd37e61f5ea74699afd9d82f2a00b1_0.png,PUBLIC_REAL_PHOTOS,35777ad222cbf9fd753883f97bb5cdbcb97b6f0dae29610d50779229ce2dcac0,1,2
wound_azh_patches_2bfab02681774125930dbd7bcef9f486_0,val,azh:2bfab02681774125930dbd7bcef9f486,data/datasets/yolo_wound_boxes_v1/images/val/wound_azh_patches_2bfab02681774125930dbd7bcef9f486_0.jpg,data/datasets/yolo_wound_boxes_v1/labels/val/wound_azh_patches_2bfab02681774125930dbd7bcef9f486_0.txt,azh_patches,data/datasets/external/azh_patches/train/images/2bfab02681774125930dbd7bcef9f486_0.png,PUBLIC_REAL_PHOTOS,c773d598e977a213bb91c9f090aa58c9e13377fdf8c1d997946cca0c1dcdb667,1,2
wound_azh_patches_2bfd96a42dc8f3da4e297a64881f18eb_0,test,azh:2bfd96a42dc8f3da4e297a64881f18eb,data/datasets/yolo_wound_boxes_v1/images/test/wound_azh_patches_2bfd96a42dc8f3da4e297a64881f18eb_0.jpg,data/datasets/yolo_wound_boxes_v1/labels/test/wound_azh_patches_2bfd96a42dc8f3da4e297a64881f18eb_0.txt,azh_patches,data/datasets/external/azh_patches/train/images/2bfd96a42dc8f3da4e297a64881f18eb_0.png,PUBLIC_REAL_PHOTOS,b3a3ba4954e8fa1cc19618e6cb5b7fb3fb736726f610abf7a9408465aa6f9be9,1,2
wound_azh_patches_2c13c4147e8715cf645381ed4e06e55e_0,train,azh:2c13c4147e8715cf645381ed4e06e55e,data/datasets/yolo_wound_boxes_v1/images/train/wound_azh_patches_2c13c4147e8715cf645381ed4e06e55e_0.jpg,data/datasets/yolo_wound_boxes_v1/labels/train/wound_azh_patches_2c13c4147e8715cf645381ed4e06e55e_0.txt,azh_patches,data/datasets/external/azh_patches/train/images/2c13c4147e8715cf645381ed4e06e55e_0.png,PUBLIC_REAL_PHOTOS,1b9d9a8a44b1b11a1f225569f9b34645cfd417186b89b186847accf987da1d2f,1,2
wound_azh_patches_2c6c04e7a70a7a5f46ccbdef1f176cb8_0,train,azh:2c6c04e7a70a7a5f46ccbdef1f176cb8,data/datasets/yolo_wound_boxes_v1/images/train/wound_azh_patches_2c6c04e7a70a7a5f46ccbdef1f176cb8_0.jpg,data/datasets/yolo_wound_boxes_v1/labels/train/wound_azh_patches_2c6c04e7a70a7a5f46ccbdef1f176cb8_0.txt,azh_patches,data/datasets/external/azh_patches/train/images/2c6c04e7a70a7a5f46ccbdef1f176cb8_0.png,PUBLIC_REAL_PHOTOS,d0bd1b0c85a4fa8c8480ead6c3ebed62647dcf7e0b39fcc9a3784d86d66baae1,1,2
wound_azh_patches_2d3b097c8993ae0f7d0d6595238e2f7b_0,train,azh:2d3b097c8993ae0f7d0d6595238e2f7b,data/datasets/yolo_wound_boxes_v1/images/train/wound_azh_patches_2d3b097c8993ae0f7d0d6595238e2f7b_0.jpg,data/datasets/yolo_wound_boxes_v1/labels/train/wound_azh_patches_2d3b097c8993ae0f7d0d6595238e2f7b_0.txt,azh_patches,data/datasets/external/azh_patches/train/images/2d3b097c8993ae0f7d0d6595238e2f7b_0.png,PUBLIC_REAL_PHOTOS,2539da77425e23a8062267f50e360ca8f63fa76f29c36770865bbd4b703a1bad,1,2
wound_azh_patches_2d6f3f8907b092a67c39e3d46ead8c04_0,train,azh:2d6f3f8907b092a67c39e3d46ead8c04,data/datasets/yolo_wound_boxes_v1/images/train/wound_azh_patches_2d6f3f8907b092a67c39e3d46ead8c04_0.jpg,data/datasets/yolo_wound_boxes_v1/labels/train/wound_azh_patches_2d6f3f8907b092a67c39e3d46ead8c04_0.txt,azh_patches,data/datasets/external/azh_patches/train/images/2d6f3f8907b092a67c39e3d46ead8c04_0.png,PUBLIC_REAL_PHOTOS,14aed6e9c86914fd3795573069aacaec2e4e2be3cfa530ec35168a42dc8345e2,1,2
wound_azh_patches_2dc52f9246e9676dc417469a6851caee_0,train,azh:2dc52f9246e9676dc417469a6851caee,data/datasets/yolo_wound_boxes_v1/images/train/wound_azh_patches_2dc52f9246e9676dc417469a6851caee_0.jpg,data/datasets/yolo_wound_boxes_v1/labels/train/wound_azh_patches_2dc52f9246e9676dc417469a6851caee_0.txt,azh_patches,data/datasets/external/azh_patches/train/images/2dc52f9246e9676dc417469a6851caee_0.png,PUBLIC_REAL_PHOTOS,4e0abef78af7ca97cac7590837968094fe064d057346c6e30ebe283377d566ee,1,2
wound_azh_patches_2ddef25c454171474b25f986aec589be_0,train,azh:2ddef25c454171474b25f986aec589be,data/datasets/yolo_wound_boxes_v1/images/train/wound_azh_patches_2ddef25c454171474b25f986aec589be_0.jpg,data/datasets/yolo_wound_boxes_v1/labels/train/wound_azh_patches_2ddef25c454171474b25f986aec589be_0.txt,azh_patches,data/datasets/external/azh_patches/train/images/2ddef25c454171474b25f986aec589be_0.png,PUBLIC_REAL_PHOTOS,22d61d543b49aec170df00d9f3900f3708e682fb067eb76a024eb94476225441,1,2
wound_azh_patches_2e2bc13c6bc904debc7460780a18c886_0,train,azh:2e2bc13c6bc904debc7460780a18c886,data/datasets/yolo_wound_boxes_v1/images/train/wound_azh_patches_2e2bc13c6bc904debc7460780a18c886_0.jpg,data/datasets/yolo_wound_boxes_v1/labels/train/wound_azh_patches_2e2bc13c6bc904debc7460780a18c886_0.txt,azh_patches,data/datasets/external/azh_patches/train/images/2e2bc13c6bc904debc7460780a18c886_0.png,PUBLIC_REAL_PHOTOS,7a5172e4414b8b6794f43e7358f962c20e9bcf628e2a8c8a9c38147277f6785a,1,2
wound_azh_patches_2e5770d4f2ab09831cac9298d4cc2d90_0,train,azh:2e5770d4f2ab09831cac9298d4cc2d90,data/datasets/yolo_wound_boxes_v1/images/train/wound_azh_patches_2e5770d4f2ab09831cac9298d4cc2d90_0.jpg,data/datasets/yolo_wound_boxes_v1/labels/train/wound_azh_patches_2e5770d4f2ab09831cac9298d4cc2d90_0.txt,azh_patches,data/datasets/external/azh_patches/train/images/2e5770d4f2ab09831cac9298d4cc2d90_0.png,PUBLIC_REAL_PHOTOS,50da9b820a50b1145b0da7566a9513986af42ea468026d0d302aa62254ea3d4f,1,2
wound_azh_patches_2e5770d4f2ab09831cac9298d4cc2d90_1,train,azh:2e5770d4f2ab09831cac9298d4cc2d90,data/datasets/yolo_wound_boxes_v1/images/train/wound_azh_patches_2e5770d4f2ab09831cac9298d4cc2d90_1.jpg,data/datasets/yolo_wound_boxes_v1/labels/train/wound_azh_patches_2e5770d4f2ab09831cac9298d4cc2d90_1.txt,azh_patches,data/datasets/external/azh_patches/train/images/2e5770d4f2ab09831cac9298d4cc2d90_1.png,PUBLIC_REAL_PHOTOS,386388e07ec58d0f41cba004e060f56807e7c22b70a919a532bfd18fcd1e75d7,1,2
wound_azh_patches_2eddc2c3a195780f85d90ca456f09423_0,train,azh:2eddc2c3a195780f85d90ca456f09423,data/datasets/yolo_wound_boxes_v1/images/train/wound_azh_patches_2eddc2c3a195780f85d90ca456f09423_0.jpg,data/datasets/yolo_wound_boxes_v1/labels/train/wound_azh_patches_2eddc2c3a195780f85d90ca456f09423_0.txt,azh_patches,data/datasets/external/azh_patches/train/images/2eddc2c3a195780f85d90ca456f09423_0.png,PUBLIC_REAL_PHOTOS,6a84d8c01b03ec681be073472bf867d02053511bfdc4a4399800df0d93740ce8,1,2
wound_azh_patches_2f16c657ecf60b824bf7d64b4081d771_0,train,azh:2f16c657ecf60b824bf7d64b4081d771,data/datasets/yolo_wound_boxes_v1/images/train/wound_azh_patches_2f16c657ecf60b824bf7d64b4081d771_0.jpg,data/datasets/yolo_wound_boxes_v1/labels/train/wound_azh_patches_2f16c657ecf60b824bf7d64b4081d771_0.txt,azh_patches,data/datasets/external/azh_patches/train/images/2f16c657ecf60b824bf7d64b4081d771_0.png,PUBLIC_REAL_PHOTOS,020ff5b9d46ef26a8b8403c7dc00a2e92ce2a02c7dc947dbd73affd8f5e3edea,1,2
wound_azh_patches_2f26f5d792c6d7c18219c434a4978a74_0,train,azh:2f26f5d792c6d7c18219c434a4978a74,data/datasets/yolo_wound_boxes_v1/images/train/wound_azh_patches_2f26f5d792c6d7c18219c434a4978a74_0.jpg,data/datasets/yolo_wound_boxes_v1/labels/train/wound_azh_patches_2f26f5d792c6d7c18219c434a4978a74_0.txt,azh_patches,data/datasets/external/azh_patches/train/images/2f26f5d792c6d7c18219c434a4978a74_0.png,PUBLIC_REAL_PHOTOS,946e947376e17e126d762afe8865cca30d0d3d1e7835d376522f05af3e037b47,1,2
wound_azh_patches_2fc1c6784ef0815924559c43bce24249_0,train,azh:2fc1c6784ef0815924559c43bce24249,data/datasets/yolo_wound_boxes_v1/images/train/wound_azh_patches_2fc1c6784ef0815924559c43bce24249_0.jpg,data/datasets/yolo_wound_boxes_v1/labels/train/wound_azh_patches_2fc1c6784ef0815924559c43bce24249_0.txt,azh_patches,data/datasets/external/azh_patches/train/images/2fc1c6784ef0815924559c43bce24249_0.png,PUBLIC_REAL_PHOTOS,d252d406166bab646bee1d98afcb01fe1b53dd0dfa8385d529281c5abc43d87e,1,2
wound_azh_patches_2ff14644b638ea83cf796b31a68f7a25_0,train,azh:2ff14644b638ea83cf796b31a68f7a25,data/datasets/yolo_wound_boxes_v1/images/train/wound_azh_patches_2ff14644b638ea83cf796b31a68f7a25_0.jpg,data/datasets/yolo_wound_boxes_v1/labels/train/wound_azh_patches_2ff14644b638ea83cf796b31a68f7a25_0.txt,azh_patches,data/datasets/external/azh_patches/train/images/2ff14644b638ea83cf796b31a68f7a25_0.png,PUBLIC_REAL_PHOTOS,aeb1323e2d39f18f5f798a907bbc5f2bfcd478ceaefe6482892ce72ef47b2f13,1,2
wound_azh_patches_30232ee49701e60f0d93f1a142ba941b_0,val,azh:30232ee49701e60f0d93f1a142ba941b,data/datasets/yolo_wound_boxes_v1/images/val/wound_azh_patches_30232ee49701e60f0d93f1a142ba941b_0.jpg,data/datasets/yolo_wound_boxes_v1/labels/val/wound_azh_patches_30232ee49701e60f0d93f1a142ba941b_0.txt,azh_patches,data/datasets/external/azh_patches/train/images/30232ee49701e60f0d93f1a142ba941b_0.png,PUBLIC_REAL_PHOTOS,cfaa53fd033238f1d43128c08cd6980a44b487dcd0f6b43528db89c4cca224f8,1,2
wound_azh_patches_302d6a35b8498b1e57120c3dc277b097_0,train,azh:302d6a35b8498b1e57120c3dc277b097,data/datasets/yolo_wound_boxes_v1/images/train/wound_azh_patches_302d6a35b8498b1e57120c3dc277b097_0.jpg,data/datasets/yolo_wound_boxes_v1/labels/train/wound_azh_patches_302d6a35b8498b1e57120c3dc277b097_0.txt,azh_patches,data/datasets/external/azh_patches/train/images/302d6a35b8498b1e57120c3dc277b097_0.png,PUBLIC_REAL_PHOTOS,5837c9727a07382957f89d1f6bedb593dbd03d38ebf4f202eaa1a8f274a3069c,1,2
wound_azh_patches_30d440472837f5dfd663c2a81175f213_0,train,azh:30d440472837f5dfd663c2a81175f213,data/datasets/yolo_wound_boxes_v1/images/train/wound_azh_patches_30d440472837f5dfd663c2a81175f213_0.jpg,data/datasets/yolo_wound_boxes_v1/labels/train/wound_azh_patches_30d440472837f5dfd663c2a81175f213_0.txt,azh_patches,data/datasets/external/azh_patches/train/images/30d440472837f5dfd663c2a81175f213_0.png,PUBLIC_REAL_PHOTOS,a4a25f93062d38571a4d8ab3abb357bb83fe78bd526e9e7515e48a530ab68e58,1,2
wound_azh_patches_328fd8bc70eea53dd1749c01ce87904c_0,train,azh:328fd8bc70eea53dd1749c01ce87904c,data/datasets/yolo_wound_boxes_v1/images/train/wound_azh_patches_328fd8bc70eea53dd1749c01ce87904c_0.jpg,data/datasets/yolo_wound_boxes_v1/labels/train/wound_azh_patches_328fd8bc70eea53dd1749c01ce87904c_0.txt,azh_patches,data/datasets/external/azh_patches/train/images/328fd8bc70eea53dd1749c01ce87904c_0.png,PUBLIC_REAL_PHOTOS,5510e6ac03a95ebc1faac7a4fd8e6f02cd8f24a4d6c55fcf9126bd2315fd9e13,1,2
wound_azh_patches_32a49d5a9db69d378d35e3f38259730c_0,train,azh:32a49d5a9db69d378d35e3f38259730c,data/datasets/yolo_wound_boxes_v1/images/train/wound_azh_patches_32a49d5a9db69d378d35e3f38259730c_0.jpg,data/datasets/yolo_wound_boxes_v1/labels/train/wound_azh_patches_32a49d5a9db69d378d35e3f38259730c_0.txt,azh_patches,data/datasets/external/azh_patches/train/images/32a49d5a9db69d378d35e3f38259730c_0.png,PUBLIC_REAL_PHOTOS,f70b293f8f8b2dffc264848deb32082b9234f0cf79a2797cdab148a33fd7beba,1,2
wound_azh_patches_32dec6f67cc4f5c8aae39675faa9af26_0,test,azh:32dec6f67cc4f5c8aae39675faa9af26,data/datasets/yolo_wound_boxes_v1/images/test/wound_azh_patches_32dec6f67cc4f5c8aae39675faa9af26_0.jpg,data/datasets/yolo_wound_boxes_v1/labels/test/wound_azh_patches_32dec6f67cc4f5c8aae39675faa9af26_0.txt,azh_patches,data/datasets/external/azh_patches/train/images/32dec6f67cc4f5c8aae39675faa9af26_0.png,PUBLIC_REAL_PHOTOS,ec3113692a7b6dda2b99ce5a117592cbb8939dd81f64be63022431e38dd147d4,1,2
wound_azh_patches_3343f8a08d04c4d7bb96454876e028cc_0,train,azh:3343f8a08d04c4d7bb96454876e028cc,data/datasets/yolo_wound_boxes_v1/images/train/wound_azh_patches_3343f8a08d04c4d7bb96454876e028cc_0.jpg,data/datasets/yolo_wound_boxes_v1/labels/train/wound_azh_patches_3343f8a08d04c4d7bb96454876e028cc_0.txt,azh_patches,data/datasets/external/azh_patches/train/images/3343f8a08d04c4d7bb96454876e028cc_0.png,PUBLIC_REAL_PHOTOS,d76bcc11708220c0e4aa306e4c8c30c35c72b6e18567c6ce17a16e553109db8f,1,2
wound_azh_patches_334699cc2056f538ca47c018753c0faf_0,train,azh:334699cc2056f538ca47c018753c0faf,data/datasets/yolo_wound_boxes_v1/images/train/wound_azh_patches_334699cc2056f538ca47c018753c0faf_0.jpg,data/datasets/yolo_wound_boxes_v1/labels/train/wound_azh_patches_334699cc2056f538ca47c018753c0faf_0.txt,azh_patches,data/datasets/external/azh_patches/train/images/334699cc2056f538ca47c018753c0faf_0.png,PUBLIC_REAL_PHOTOS,b57af7326fea4f7d4c76ee8c1e9c189013a3d6fb398793fc913540ece42c38be,1,2
wound_azh_patches_33689d1fc36fd9021896986b23af9181_0,train,azh:33689d1fc36fd9021896986b23af9181,data/datasets/yolo_wound_boxes_v1/images/train/wound_azh_patches_33689d1fc36fd9021896986b23af9181_0.jpg,data/datasets/yolo_wound_boxes_v1/labels/train/wound_azh_patches_33689d1fc36fd9021896986b23af9181_0.txt,azh_patches,data/datasets/external/azh_patches/train/images/33689d1fc36fd9021896986b23af9181_0.png,PUBLIC_REAL_PHOTOS,08a5f02faae987f333c14af658b0e9087f3af9c4521f0a2c37a7ee4548e5f689,1,2
wound_azh_patches_336e44bfe352195e75636a12fa591d0e_0,train,azh:336e44bfe352195e75636a12fa591d0e,data/datasets/yolo_wound_boxes_v1/images/train/wound_azh_patches_336e44bfe352195e75636a12fa591d0e_0.jpg,data/datasets/yolo_wound_boxes_v1/labels/train/wound_azh_patches_336e44bfe352195e75636a12fa591d0e_0.txt,azh_patches,data/datasets/external/azh_patches/train/images/336e44bfe352195e75636a12fa591d0e_0.png,PUBLIC_REAL_PHOTOS,329bda0f44a57696a2b7314caa293c4265f683a4684d192f23184e6b9246452e,1,2
wound_azh_patches_339bef196c34522163516143a4df5dc4_0,train,azh:339bef196c34522163516143a4df5dc4,data/datasets/yolo_wound_boxes_v1/images/train/wound_azh_patches_339bef196c34522163516143a4df5dc4_0.jpg,data/datasets/yolo_wound_boxes_v1/labels/train/wound_azh_patches_339bef196c34522163516143a4df5dc4_0.txt,azh_patches,data/datasets/external/azh_patches/train/images/339bef196c34522163516143a4df5dc4_0.png,PUBLIC_REAL_PHOTOS,5b8487a2eb1083baf2e71d679d24a751e410e0253419ee777f8dbc21e2a920c1,1,2
wound_azh_patches_343cee3fa538956f45d03223ff137645_0,train,azh:343cee3fa538956f45d03223ff137645,data/datasets/yolo_wound_boxes_v1/images/train/wound_azh_patches_343cee3fa538956f45d03223ff137645_0.jpg,data/datasets/yolo_wound_boxes_v1/labels/train/wound_azh_patches_343cee3fa538956f45d03223ff137645_0.txt,azh_patches,data/datasets/external/azh_patches/train/images/343cee3fa538956f45d03223ff137645_0.png,PUBLIC_REAL_PHOTOS,5bc91acd8d859e59599b6bba4c1a1c0dfbc49c5ba2a73e2e75d2e2c0ce444b82,1,2
wound_azh_patches_34891c5cba00d001b88b5b839a5465a6_0,train,azh:34891c5cba00d001b88b5b839a5465a6,data/datasets/yolo_wound_boxes_v1/images/train/wound_azh_patches_34891c5cba00d001b88b5b839a5465a6_0.jpg,data/datasets/yolo_wound_boxes_v1/labels/train/wound_azh_patches_34891c5cba00d001b88b5b839a5465a6_0.txt,azh_patches,data/datasets/external/azh_patches/train/images/34891c5cba00d001b88b5b839a5465a6_0.png,PUBLIC_REAL_PHOTOS,8c703c3db08463268adda92e4eaccf81cde47354c3609b8539fcffb39df85af0,1,2
wound_azh_patches_34c24b6c9ae20dd0b889f0cc54330c77_0,test,azh:34c24b6c9ae20dd0b889f0cc54330c77,data/datasets/yolo_wound_boxes_v1/images/test/wound_azh_patches_34c24b6c9ae20dd0b889f0cc54330c77_0.jpg,data/datasets/yolo_wound_boxes_v1/labels/test/wound_azh_patches_34c24b6c9ae20dd0b889f0cc54330c77_0.txt,azh_patches,data/datasets/external/azh_patches/train/images/34c24b6c9ae20dd0b889f0cc54330c77_0.png,PUBLIC_REAL_PHOTOS,c20e6eff0ea0ce902f40013ce48e590813812999c43018f3f163a0068ac4ee0c,1,2
wound_azh_patches_357ccd3395c84a1f8b164308b72ef8fa_0,test,azh:357ccd3395c84a1f8b164308b72ef8fa,data/datasets/yolo_wound_boxes_v1/images/test/wound_azh_patches_357ccd3395c84a1f8b164308b72ef8fa_0.jpg,data/datasets/yolo_wound_boxes_v1/labels/test/wound_azh_patches_357ccd3395c84a1f8b164308b72ef8fa_0.txt,azh_patches,data/datasets/external/azh_patches/train/images/357ccd3395c84a1f8b164308b72ef8fa_0.png,PUBLIC_REAL_PHOTOS,988a8d2ff5813f7cf71ffcf87230b88402f2f7f0561151cc5c5de11d84957846,1,2
wound_azh_patches_357ccd3395c84a1f8b164308b72ef8fa_1,test,azh:357ccd3395c84a1f8b164308b72ef8fa,data/datasets/yolo_wound_boxes_v1/images/test/wound_azh_patches_357ccd3395c84a1f8b164308b72ef8fa_1.jpg,data/datasets/yolo_wound_boxes_v1/labels/test/wound_azh_patches_357ccd3395c84a1f8b164308b72ef8fa_1.txt,azh_patches,data/datasets/external/azh_patches/train/images/357ccd3395c84a1f8b164308b72ef8fa_1.png,PUBLIC_REAL_PHOTOS,5305c3e924e831b78481eb13106abffafdb0044562ed0d8ca0ddde9ff26509a8,1,2
wound_azh_patches_3582ff9e0a283e437f9fab59dbf14ea4_0,train,azh:3582ff9e0a283e437f9fab59dbf14ea4,data/datasets/yolo_wound_boxes_v1/images/train/wound_azh_patches_3582ff9e0a283e437f9fab59dbf14ea4_0.jpg,data/datasets/yolo_wound_boxes_v1/labels/train/wound_azh_patches_3582ff9e0a283e437f9fab59dbf14ea4_0.txt,azh_patches,data/datasets/external/azh_patches/train/images/3582ff9e0a283e437f9fab59dbf14ea4_0.png,PUBLIC_REAL_PHOTOS,1a3d375e8e39d5669b0029757d5b485fd7e808e6a5cab09a39a7b47f174a14e2,1,2
wound_azh_patches_3640860b1b2c97e1fe796033735962d1_0,train,azh:3640860b1b2c97e1fe796033735962d1,data/datasets/yolo_wound_boxes_v1/images/train/wound_azh_patches_3640860b1b2c97e1fe796033735962d1_0.jpg,data/datasets/yolo_wound_boxes_v1/labels/train/wound_azh_patches_3640860b1b2c97e1fe796033735962d1_0.txt,azh_patches,data/datasets/external/azh_patches/train/images/3640860b1b2c97e1fe796033735962d1_0.png,PUBLIC_REAL_PHOTOS,3c10dfb57eec74722827df0b9152f957359797f224a4191d21b4bb732efb15b6,1,2
wound_azh_patches_366755dab49d4bec9c564988928822aa_0,train,azh:366755dab49d4bec9c564988928822aa,data/datasets/yolo_wound_boxes_v1/images/train/wound_azh_patches_366755dab49d4bec9c564988928822aa_0.jpg,data/datasets/yolo_wound_boxes_v1/labels/train/wound_azh_patches_366755dab49d4bec9c564988928822aa_0.txt,azh_patches,data/datasets/external/azh_patches/train/images/366755dab49d4bec9c564988928822aa_0.png,PUBLIC_REAL_PHOTOS,4b24dd6e28c5af8bf817de25a2869928e34cbddc7c4110f0fa02fbe54ca5f357,1,2
wound_azh_patches_368bc4c1451004ef3e30a38defb265c7_0,val,azh:368bc4c1451004ef3e30a38defb265c7,data/datasets/yolo_wound_boxes_v1/images/val/wound_azh_patches_368bc4c1451004ef3e30a38defb265c7_0.jpg,data/datasets/yolo_wound_boxes_v1/labels/val/wound_azh_patches_368bc4c1451004ef3e30a38defb265c7_0.txt,azh_patches,data/datasets/external/azh_patches/train/images/368bc4c1451004ef3e30a38defb265c7_0.png,PUBLIC_REAL_PHOTOS,5180637ef71a5999892dd76a533899694e462b904bbc82eeed68aa6f1c14c51a,1,2
wound_azh_patches_375d35f02627909d4d85f10ecaa59fb8_0,test,azh:375d35f02627909d4d85f10ecaa59fb8,data/datasets/yolo_wound_boxes_v1/images/test/wound_azh_patches_375d35f02627909d4d85f10ecaa59fb8_0.jpg,data/datasets/yolo_wound_boxes_v1/labels/test/wound_azh_patches_375d35f02627909d4d85f10ecaa59fb8_0.txt,azh_patches,data/datasets/external/azh_patches/train/images/375d35f02627909d4d85f10ecaa59fb8_0.png,PUBLIC_REAL_PHOTOS,defa7ee885da5cb9666afa531eb27fac91de8a84290b1bf61ed7b362ee21564e,1,2
wound_azh_patches_375d35f02627909d4d85f10ecaa59fb8_1,test,azh:375d35f02627909d4d85f10ecaa59fb8,data/datasets/yolo_wound_boxes_v1/images/test/wound_azh_patches_375d35f02627909d4d85f10ecaa59fb8_1.jpg,data/datasets/yolo_wound_boxes_v1/labels/test/wound_azh_patches_375d35f02627909d4d85f10ecaa59fb8_1.txt,azh_patches,data/datasets/external/azh_patches/train/images/375d35f02627909d4d85f10ecaa59fb8_1.png,PUBLIC_REAL_PHOTOS,ee0d7c04f117f7b4992a256231e15dcd514e5224eb5a52c6d94b49da517268c0,1,2
wound_azh_patches_37a0dba9feaf4c4feab8211961a109d3_0,train,azh:37a0dba9feaf4c4feab8211961a109d3,data/datasets/yolo_wound_boxes_v1/images/train/wound_azh_patches_37a0dba9feaf4c4feab8211961a109d3_0.jpg,data/datasets/yolo_wound_boxes_v1/labels/train/wound_azh_patches_37a0dba9feaf4c4feab8211961a109d3_0.txt,azh_patches,data/datasets/external/azh_patches/train/images/37a0dba9feaf4c4feab8211961a109d3_0.png,PUBLIC_REAL_PHOTOS,e7aac9b9b046ab8132801a28c539725c2b17364e5a5c4613fdc2ef4a000ce980,1,2
wound_azh_patches_37eed8796c67c62cc8d7f23c76218c7f_1,test,azh:37eed8796c67c62cc8d7f23c76218c7f,data/datasets/yolo_wound_boxes_v1/images/test/wound_azh_patches_37eed8796c67c62cc8d7f23c76218c7f_1.jpg,data/datasets/yolo_wound_boxes_v1/labels/test/wound_azh_patches_37eed8796c67c62cc8d7f23c76218c7f_1.txt,azh_patches,data/datasets/external/azh_patches/train/images/37eed8796c67c62cc8d7f23c76218c7f_1.png,PUBLIC_REAL_PHOTOS,5edd0281440fbf46cef1713412137d65abf1f3eec0428e5ebebdc96028588c51,1,2
wound_azh_patches_3840005b5fd6f59bab95a2030c70d6b3_0,train,azh:3840005b5fd6f59bab95a2030c70d6b3,data/datasets/yolo_wound_boxes_v1/images/train/wound_azh_patches_3840005b5fd6f59bab95a2030c70d6b3_0.jpg,data/datasets/yolo_wound_boxes_v1/labels/train/wound_azh_patches_3840005b5fd6f59bab95a2030c70d6b3_0.txt,azh_patches,data/datasets/external/azh_patches/train/images/3840005b5fd6f59bab95a2030c70d6b3_0.png,PUBLIC_REAL_PHOTOS,3529dc27746903cad739b8b85f55ba405743a4d63f16ce455c4578f64e1e810c,1,2
wound_azh_patches_38fb853de6b6046aa102a4a8080d3fc7_0,train,azh:38fb853de6b6046aa102a4a8080d3fc7,data/datasets/yolo_wound_boxes_v1/images/train/wound_azh_patches_38fb853de6b6046aa102a4a8080d3fc7_0.jpg,data/datasets/yolo_wound_boxes_v1/labels/train/wound_azh_patches_38fb853de6b6046aa102a4a8080d3fc7_0.txt,azh_patches,data/datasets/external/azh_patches/train/images/38fb853de6b6046aa102a4a8080d3fc7_0.png,PUBLIC_REAL_PHOTOS,c8eb41c83da59fae08b263a863e7311f3673b04644a748e869eea9a10b7ad6d5,1,2
wound_azh_patches_38fb853de6b6046aa102a4a8080d3fc7_1,train,azh:38fb853de6b6046aa102a4a8080d3fc7,data/datasets/yolo_wound_boxes_v1/images/train/wound_azh_patches_38fb853de6b6046aa102a4a8080d3fc7_1.jpg,data/datasets/yolo_wound_boxes_v1/labels/train/wound_azh_patches_38fb853de6b6046aa102a4a8080d3fc7_1.txt,azh_patches,data/datasets/external/azh_patches/train/images/38fb853de6b6046aa102a4a8080d3fc7_1.png,PUBLIC_REAL_PHOTOS,b750c6bd6b5eece11642e2c7e9374f4ab30ff6db73afe237a02e32e8c308b7a9,1,2
wound_azh_patches_3900ade34a1c3ae5071e61635b15c41e_1,train,azh:3900ade34a1c3ae5071e61635b15c41e,data/datasets/yolo_wound_boxes_v1/images/train/wound_azh_patches_3900ade34a1c3ae5071e61635b15c41e_1.jpg,data/datasets/yolo_wound_boxes_v1/labels/train/wound_azh_patches_3900ade34a1c3ae5071e61635b15c41e_1.txt,azh_patches,data/datasets/external/azh_patches/train/images/3900ade34a1c3ae5071e61635b15c41e_1.png,PUBLIC_REAL_PHOTOS,4bd03f41ad2157265dc085ee5e019ee83c4a8432e4dc253367719afa37d39431,1,2
wound_azh_patches_3900ade34a1c3ae5071e61635b15c41e_2,train,azh:3900ade34a1c3ae5071e61635b15c41e,data/datasets/yolo_wound_boxes_v1/images/train/wound_azh_patches_3900ade34a1c3ae5071e61635b15c41e_2.jpg,data/datasets/yolo_wound_boxes_v1/labels/train/wound_azh_patches_3900ade34a1c3ae5071e61635b15c41e_2.txt,azh_patches,data/datasets/external/azh_patches/train/images/3900ade34a1c3ae5071e61635b15c41e_2.png,PUBLIC_REAL_PHOTOS,eafb28a60275513181384d800a37c438bfd113bb4f98d3471095e0146c851b43,1,2
wound_azh_patches_39098d493cf6c2ac48786ae1eb6073e6_0,train,azh:39098d493cf6c2ac48786ae1eb6073e6,data/datasets/yolo_wound_boxes_v1/images/train/wound_azh_patches_39098d493cf6c2ac48786ae1eb6073e6_0.jpg,data/datasets/yolo_wound_boxes_v1/labels/train/wound_azh_patches_39098d493cf6c2ac48786ae1eb6073e6_0.txt,azh_patches,data/datasets/external/azh_patches/train/images/39098d493cf6c2ac48786ae1eb6073e6_0.png,PUBLIC_REAL_PHOTOS,e1d567213e4cc19ba3045709fd97ead38dec845acc4573b0df817412af14900e,1,2
wound_azh_patches_393ca23ea4bd9b810100a85518c720c9_0,val,azh:393ca23ea4bd9b810100a85518c720c9,data/datasets/yolo_wound_boxes_v1/images/val/wound_azh_patches_393ca23ea4bd9b810100a85518c720c9_0.jpg,data/datasets/yolo_wound_boxes_v1/labels/val/wound_azh_patches_393ca23ea4bd9b810100a85518c720c9_0.txt,azh_patches,data/datasets/external/azh_patches/train/images/393ca23ea4bd9b810100a85518c720c9_0.png,PUBLIC_REAL_PHOTOS,c82d044751a99773480527e4bfc883c35d76cbd8bb7a19e18369c3899b75f7b7,1,2
wound_azh_patches_394254309ec428ce5e39f36e007e9c08_0,val,azh:394254309ec428ce5e39f36e007e9c08,data/datasets/yolo_wound_boxes_v1/images/val/wound_azh_patches_394254309ec428ce5e39f36e007e9c08_0.jpg,data/datasets/yolo_wound_boxes_v1/labels/val/wound_azh_patches_394254309ec428ce5e39f36e007e9c08_0.txt,azh_patches,data/datasets/external/azh_patches/train/images/394254309ec428ce5e39f36e007e9c08_0.png,PUBLIC_REAL_PHOTOS,1b0cefe248b1b649752836c70ff9a4019c6496b8bf3489e64de2c1a839a41a26,1,2
wound_azh_patches_394254309ec428ce5e39f36e007e9c08_1,val,azh:394254309ec428ce5e39f36e007e9c08,data/datasets/yolo_wound_boxes_v1/images/val/wound_azh_patches_394254309ec428ce5e39f36e007e9c08_1.jpg,data/datasets/yolo_wound_boxes_v1/labels/val/wound_azh_patches_394254309ec428ce5e39f36e007e9c08_1.txt,azh_patches,data/datasets/external/azh_patches/train/images/394254309ec428ce5e39f36e007e9c08_1.png,PUBLIC_REAL_PHOTOS,45fba2af35e6b5cf595494b975a38d817e9251fd8294c4ed3471a27259db5acb,1,2
wound_azh_patches_39c3a9ffab05344b8f61460e02b94a1e_0,train,azh:39c3a9ffab05344b8f61460e02b94a1e,data/datasets/yolo_wound_boxes_v1/images/train/wound_azh_patches_39c3a9ffab05344b8f61460e02b94a1e_0.jpg,data/datasets/yolo_wound_boxes_v1/labels/train/wound_azh_patches_39c3a9ffab05344b8f61460e02b94a1e_0.txt,azh_patches,data/datasets/external/azh_patches/train/images/39c3a9ffab05344b8f61460e02b94a1e_0.png,PUBLIC_REAL_PHOTOS,934a0cd70de1115161b547cdbbcc8d24b45d4822698f2b07b82ceddcd3052c64,1,2
wound_azh_patches_3a2ef4d33037afd3d0892cd88d9b359f_0,val,azh:3a2ef4d33037afd3d0892cd88d9b359f,data/datasets/yolo_wound_boxes_v1/images/val/wound_azh_patches_3a2ef4d33037afd3d0892cd88d9b359f_0.jpg,data/datasets/yolo_wound_boxes_v1/labels/val/wound_azh_patches_3a2ef4d33037afd3d0892cd88d9b359f_0.txt,azh_patches,data/datasets/external/azh_patches/train/images/3a2ef4d33037afd3d0892cd88d9b359f_0.png,PUBLIC_REAL_PHOTOS,ec6418f48dcc4698c4d8ad1ece70a020d35268cfaa33354f5d51bf55eb7d42da,1,2
wound_azh_patches_3a2ef4d33037afd3d0892cd88d9b359f_1,val,azh:3a2ef4d33037afd3d0892cd88d9b359f,data/datasets/yolo_wound_boxes_v1/images/val/wound_azh_patches_3a2ef4d33037afd3d0892cd88d9b359f_1.jpg,data/datasets/yolo_wound_boxes_v1/labels/val/wound_azh_patches_3a2ef4d33037afd3d0892cd88d9b359f_1.txt,azh_patches,data/datasets/external/azh_patches/train/images/3a2ef4d33037afd3d0892cd88d9b359f_1.png,PUBLIC_REAL_PHOTOS,af466da09d7b37e298ead790ab41ec87f7ce30503f32b65a1cc863063e36ba82,1,2
wound_azh_patches_3a2ef4d33037afd3d0892cd88d9b359f_2,val,azh:3a2ef4d33037afd3d0892cd88d9b359f,data/datasets/yolo_wound_boxes_v1/images/val/wound_azh_patches_3a2ef4d33037afd3d0892cd88d9b359f_2.jpg,data/datasets/yolo_wound_boxes_v1/labels/val/wound_azh_patches_3a2ef4d33037afd3d0892cd88d9b359f_2.txt,azh_patches,data/datasets/external/azh_patches/train/images/3a2ef4d33037afd3d0892cd88d9b359f_2.png,PUBLIC_REAL_PHOTOS,10e2180d7b09091a7e98040d37ff44ddc1b78cea37cd43998d1bc84eb9e7f149,1,2
wound_azh_patches_3a5b7c21a51347df47e54313b02ebd67_0,train,azh:3a5b7c21a51347df47e54313b02ebd67,data/datasets/yolo_wound_boxes_v1/images/train/wound_azh_patches_3a5b7c21a51347df47e54313b02ebd67_0.jpg,data/datasets/yolo_wound_boxes_v1/labels/train/wound_azh_patches_3a5b7c21a51347df47e54313b02ebd67_0.txt,azh_patches,data/datasets/external/azh_patches/train/images/3a5b7c21a51347df47e54313b02ebd67_0.png,PUBLIC_REAL_PHOTOS,c5db8337a2891f5ffe440234c237fdca0ae4493f0968d3d6a13f2a92a4138fc1,1,2
wound_azh_patches_3a880cf13e68b254e13e8ee8d737f7d9_0,val,azh:3a880cf13e68b254e13e8ee8d737f7d9,data/datasets/yolo_wound_boxes_v1/images/val/wound_azh_patches_3a880cf13e68b254e13e8ee8d737f7d9_0.jpg,data/datasets/yolo_wound_boxes_v1/labels/val/wound_azh_patches_3a880cf13e68b254e13e8ee8d737f7d9_0.txt,azh_patches,data/datasets/external/azh_patches/train/images/3a880cf13e68b254e13e8ee8d737f7d9_0.png,PUBLIC_REAL_PHOTOS,64956f7e917e66bb2aa5fc1dc2c1aa3965f3c1b3f9453eb60479a3f63e46a504,1,2
wound_azh_patches_3a8ca762d9ecaf3ee1f738fd8d822402_0,test,azh:3a8ca762d9ecaf3ee1f738fd8d822402,data/datasets/yolo_wound_boxes_v1/images/test/wound_azh_patches_3a8ca762d9ecaf3ee1f738fd8d822402_0.jpg,data/datasets/yolo_wound_boxes_v1/labels/test/wound_azh_patches_3a8ca762d9ecaf3ee1f738fd8d822402_0.txt,azh_patches,data/datasets/external/azh_patches/train/images/3a8ca762d9ecaf3ee1f738fd8d822402_0.png,PUBLIC_REAL_PHOTOS,dba6f5e51761a986c50dc5e2f2fdf2ab20053d4ef6f2078f2033b24a6f3516dd,1,2
wound_azh_patches_3a9dd15c5e2410f8ef4a0bf7c480c254_0,val,azh:3a9dd15c5e2410f8ef4a0bf7c480c254,data/datasets/yolo_wound_boxes_v1/images/val/wound_azh_patches_3a9dd15c5e2410f8ef4a0bf7c480c254_0.jpg,data/datasets/yolo_wound_boxes_v1/labels/val/wound_azh_patches_3a9dd15c5e2410f8ef4a0bf7c480c254_0.txt,azh_patches,data/datasets/external/azh_patches/train/images/3a9dd15c5e2410f8ef4a0bf7c480c254_0.png,PUBLIC_REAL_PHOTOS,004b53716e6c378025546f3d104a93b6e8f6e41e707ec74cce6ba6c066e03aa2,1,2
wound_azh_patches_3ab0b5f7a8b6ace81df830c4d7968cde_0,train,azh:3ab0b5f7a8b6ace81df830c4d7968cde,data/datasets/yolo_wound_boxes_v1/images/train/wound_azh_patches_3ab0b5f7a8b6ace81df830c4d7968cde_0.jpg,data/datasets/yolo_wound_boxes_v1/labels/train/wound_azh_patches_3ab0b5f7a8b6ace81df830c4d7968cde_0.txt,azh_patches,data/datasets/external/azh_patches/train/images/3ab0b5f7a8b6ace81df830c4d7968cde_0.png,PUBLIC_REAL_PHOTOS,0e0bc7a3ebc096c9b6fa96d81095c4ef97077ca641a15d6600ff442c4251a112,1,2
wound_azh_patches_3b0119839f46bc5148fccec02baf03e2_0,train,azh:3b0119839f46bc5148fccec02baf03e2,data/datasets/yolo_wound_boxes_v1/images/train/wound_azh_patches_3b0119839f46bc5148fccec02baf03e2_0.jpg,data/datasets/yolo_wound_boxes_v1/labels/train/wound_azh_patches_3b0119839f46bc5148fccec02baf03e2_0.txt,azh_patches,data/datasets/external/azh_patches/train/images/3b0119839f46bc5148fccec02baf03e2_0.png,PUBLIC_REAL_PHOTOS,30f4ebca76431eb079324c29b05ba988902da035db50b679363691abc49d4582,1,2
wound_azh_patches_3b579e8d9843f801293962cd9dc5cf66_0,train,azh:3b579e8d9843f801293962cd9dc5cf66,data/datasets/yolo_wound_boxes_v1/images/train/wound_azh_patches_3b579e8d9843f801293962cd9dc5cf66_0.jpg,data/datasets/yolo_wound_boxes_v1/labels/train/wound_azh_patches_3b579e8d9843f801293962cd9dc5cf66_0.txt,azh_patches,data/datasets/external/azh_patches/train/images/3b579e8d9843f801293962cd9dc5cf66_0.png,PUBLIC_REAL_PHOTOS,57fb0f4b280caa57aeac293670176fc92fa98cbe0d564cd1297709eff8ac7020,1,2
wound_azh_patches_3b57b23c01965a5d5c6dd13628c14254_0,test,azh:3b57b23c01965a5d5c6dd13628c14254,data/datasets/yolo_wound_boxes_v1/images/test/wound_azh_patches_3b57b23c01965a5d5c6dd13628c14254_0.jpg,data/datasets/yolo_wound_boxes_v1/labels/test/wound_azh_patches_3b57b23c01965a5d5c6dd13628c14254_0.txt,azh_patches,data/datasets/external/azh_patches/train/images/3b57b23c01965a5d5c6dd13628c14254_0.png,PUBLIC_REAL_PHOTOS,5ef0e7b1c39a17795703e02db733faa7976b2deaec3c7e6ace07e59694c41d46,1,2
wound_azh_patches_3c09e19e35aa4d2b40151efe9ec3b6d9_0,train,azh:3c09e19e35aa4d2b40151efe9ec3b6d9,data/datasets/yolo_wound_boxes_v1/images/train/wound_azh_patches_3c09e19e35aa4d2b40151efe9ec3b6d9_0.jpg,data/datasets/yolo_wound_boxes_v1/labels/train/wound_azh_patches_3c09e19e35aa4d2b40151efe9ec3b6d9_0.txt,azh_patches,data/datasets/external/azh_patches/train/images/3c09e19e35aa4d2b40151efe9ec3b6d9_0.png,PUBLIC_REAL_PHOTOS,9aa3928779837670472ec115f81cac467ece5b33afaf3da3894daef2fde1a9cf,1,2
wound_azh_patches_3c18545523ad4e933f8c5cb4ed0e7bae_0,train,azh:3c18545523ad4e933f8c5cb4ed0e7bae,data/datasets/yolo_wound_boxes_v1/images/train/wound_azh_patches_3c18545523ad4e933f8c5cb4ed0e7bae_0.jpg,data/datasets/yolo_wound_boxes_v1/labels/train/wound_azh_patches_3c18545523ad4e933f8c5cb4ed0e7bae_0.txt,azh_patches,data/datasets/external/azh_patches/train/images/3c18545523ad4e933f8c5cb4ed0e7bae_0.png,PUBLIC_REAL_PHOTOS,057ee984a272dd046c72ae58748e37fc922f227586c05b357971eb6c3cf2a345,1,2
wound_azh_patches_3c3cb96f8cb5c1df425d2640c4884939_0,train,azh:3c3cb96f8cb5c1df425d2640c4884939,data/datasets/yolo_wound_boxes_v1/images/train/wound_azh_patches_3c3cb96f8cb5c1df425d2640c4884939_0.jpg,data/datasets/yolo_wound_boxes_v1/labels/train/wound_azh_patches_3c3cb96f8cb5c1df425d2640c4884939_0.txt,azh_patches,data/datasets/external/azh_patches/train/images/3c3cb96f8cb5c1df425d2640c4884939_0.png,PUBLIC_REAL_PHOTOS,578ba74430873cc7c93b358f376f0dd81a3c63149bf0a1d33d2831d61a346c6d,1,2
wound_azh_patches_3ccb5a2aa0f9c97ae1fc878128fb6263_0,train,azh:3ccb5a2aa0f9c97ae1fc878128fb6263,data/datasets/yolo_wound_boxes_v1/images/train/wound_azh_patches_3ccb5a2aa0f9c97ae1fc878128fb6263_0.jpg,data/datasets/yolo_wound_boxes_v1/labels/train/wound_azh_patches_3ccb5a2aa0f9c97ae1fc878128fb6263_0.txt,azh_patches,data/datasets/external/azh_patches/train/images/3ccb5a2aa0f9c97ae1fc878128fb6263_0.png,PUBLIC_REAL_PHOTOS,a5b09dc48af14c71f97d741434d66c98ee0a0f0f23c872d2f842f2953385e4c6,1,2
wound_azh_patches_3d2c261254b348b3ec24fc0abaf047fa_1,train,azh:3d2c261254b348b3ec24fc0abaf047fa,data/datasets/yolo_wound_boxes_v1/images/train/wound_azh_patches_3d2c261254b348b3ec24fc0abaf047fa_1.jpg,data/datasets/yolo_wound_boxes_v1/labels/train/wound_azh_patches_3d2c261254b348b3ec24fc0abaf047fa_1.txt,azh_patches,data/datasets/external/azh_patches/train/images/3d2c261254b348b3ec24fc0abaf047fa_1.png,PUBLIC_REAL_PHOTOS,c1f0627661c3e6ec56da97da6ffa95229ded20492d2382c2d850702885fb9e64,1,2
wound_azh_patches_3d3b13a17531be10f7c2ab854dbb4073_0,train,azh:3d3b13a17531be10f7c2ab854dbb4073,data/datasets/yolo_wound_boxes_v1/images/train/wound_azh_patches_3d3b13a17531be10f7c2ab854dbb4073_0.jpg,data/datasets/yolo_wound_boxes_v1/labels/train/wound_azh_patches_3d3b13a17531be10f7c2ab854dbb4073_0.txt,azh_patches,data/datasets/external/azh_patches/train/images/3d3b13a17531be10f7c2ab854dbb4073_0.png,PUBLIC_REAL_PHOTOS,fb2912c33dc495c5f9bf5a0fb28469808f4ef1ca819051ddf65246b6b96fbf3b,1,2
wound_azh_patches_3d3cb428d6478844060dcf5cd6d168d1_0,train,azh:3d3cb428d6478844060dcf5cd6d168d1,data/datasets/yolo_wound_boxes_v1/images/train/wound_azh_patches_3d3cb428d6478844060dcf5cd6d168d1_0.jpg,data/datasets/yolo_wound_boxes_v1/labels/train/wound_azh_patches_3d3cb428d6478844060dcf5cd6d168d1_0.txt,azh_patches,data/datasets/external/azh_patches/train/images/3d3cb428d6478844060dcf5cd6d168d1_0.png,PUBLIC_REAL_PHOTOS,210852b316f116d52dd65ecaff05230764d53270f2a040a3f225dfef19533f70,1,2
wound_azh_patches_3d471880a73b751ffb76906fe7191184_0,train,azh:3d471880a73b751ffb76906fe7191184,data/datasets/yolo_wound_boxes_v1/images/train/wound_azh_patches_3d471880a73b751ffb76906fe7191184_0.jpg,data/datasets/yolo_wound_boxes_v1/labels/train/wound_azh_patches_3d471880a73b751ffb76906fe7191184_0.txt,azh_patches,data/datasets/external/azh_patches/train/images/3d471880a73b751ffb76906fe7191184_0.png,PUBLIC_REAL_PHOTOS,55fbdd1a5a244e763470191c16fa0b336a09bf3d17f0ed6bd6cf731f08ca19b8,1,2
wound_azh_patches_3da15725e8a26e1c0f1016ad8046adee_0,train,azh:3da15725e8a26e1c0f1016ad8046adee,data/datasets/yolo_wound_boxes_v1/images/train/wound_azh_patches_3da15725e8a26e1c0f1016ad8046adee_0.jpg,data/datasets/yolo_wound_boxes_v1/labels/train/wound_azh_patches_3da15725e8a26e1c0f1016ad8046adee_0.txt,azh_patches,data/datasets/external/azh_patches/train/images/3da15725e8a26e1c0f1016ad8046adee_0.png,PUBLIC_REAL_PHOTOS,cd880255de2da9898d189d667238948a1dd6e34086180787f22a10d028da003d,1,2
wound_azh_patches_3db1bf879432c585805c9f4ca236a794_0,train,azh:3db1bf879432c585805c9f4ca236a794,data/datasets/yolo_wound_boxes_v1/images/train/wound_azh_patches_3db1bf879432c585805c9f4ca236a794_0.jpg,data/datasets/yolo_wound_boxes_v1/labels/train/wound_azh_patches_3db1bf879432c585805c9f4ca236a794_0.txt,azh_patches,data/datasets/external/azh_patches/train/images/3db1bf879432c585805c9f4ca236a794_0.png,PUBLIC_REAL_PHOTOS,65a9669c6420be0ca62b28cf6ee689778f8cd98f94cf1fbcd048d9bbcc33e8e9,1,2
wound_azh_patches_3ebe58a6e4308ec19e226136af299b1a_0,train,azh:3ebe58a6e4308ec19e226136af299b1a,data/datasets/yolo_wound_boxes_v1/images/train/wound_azh_patches_3ebe58a6e4308ec19e226136af299b1a_0.jpg,data/datasets/yolo_wound_boxes_v1/labels/train/wound_azh_patches_3ebe58a6e4308ec19e226136af299b1a_0.txt,azh_patches,data/datasets/external/azh_patches/train/images/3ebe58a6e4308ec19e226136af299b1a_0.png,PUBLIC_REAL_PHOTOS,ff954492df11f2b3a70fcf70549a01a17ea34e41c7abde45b7787f1fae07d360,1,2
wound_azh_patches_3eef4daad81edeb5e367e1c564221d6e_0,train,azh:3eef4daad81edeb5e367e1c564221d6e,data/datasets/yolo_wound_boxes_v1/images/train/wound_azh_patches_3eef4daad81edeb5e367e1c564221d6e_0.jpg,data/datasets/yolo_wound_boxes_v1/labels/train/wound_azh_patches_3eef4daad81edeb5e367e1c564221d6e_0.txt,azh_patches,data/datasets/external/azh_patches/train/images/3eef4daad81edeb5e367e1c564221d6e_0.png,PUBLIC_REAL_PHOTOS,25953402224d2fa0a866f2b2a1e045572841ab1aab93daf9c1daf99898ba284d,1,2
wound_azh_patches_3f6f6c9b899b18ded1de9ada182264fd_0,train,azh:3f6f6c9b899b18ded1de9ada182264fd,data/datasets/yolo_wound_boxes_v1/images/train/wound_azh_patches_3f6f6c9b899b18ded1de9ada182264fd_0.jpg,data/datasets/yolo_wound_boxes_v1/labels/train/wound_azh_patches_3f6f6c9b899b18ded1de9ada182264fd_0.txt,azh_patches,data/datasets/external/azh_patches/train/images/3f6f6c9b899b18ded1de9ada182264fd_0.png,PUBLIC_REAL_PHOTOS,8fc149c45f54160d0ae662c6ed7389ddeda8bd61d06368d11f624fc6111cbb6e,1,2
wound_azh_patches_3f6f6c9b899b18ded1de9ada182264fd_1,train,azh:3f6f6c9b899b18ded1de9ada182264fd,data/datasets/yolo_wound_boxes_v1/images/train/wound_azh_patches_3f6f6c9b899b18ded1de9ada182264fd_1.jpg,data/datasets/yolo_wound_boxes_v1/labels/train/wound_azh_patches_3f6f6c9b899b18ded1de9ada182264fd_1.txt,azh_patches,data/datasets/external/azh_patches/train/images/3f6f6c9b899b18ded1de9ada182264fd_1.png,PUBLIC_REAL_PHOTOS,7e55c7d6afccdfa06d26546244c0cadce763727c4b48121939ee53f66b75dd9d,1,2
wound_azh_patches_3fa4a23120e1cfd4fb054baba02710f0_0,train,azh:3fa4a23120e1cfd4fb054baba02710f0,data/datasets/yolo_wound_boxes_v1/images/train/wound_azh_patches_3fa4a23120e1cfd4fb054baba02710f0_0.jpg,data/datasets/yolo_wound_boxes_v1/labels/train/wound_azh_patches_3fa4a23120e1cfd4fb054baba02710f0_0.txt,azh_patches,data/datasets/external/azh_patches/train/images/3fa4a23120e1cfd4fb054baba02710f0_0.png,PUBLIC_REAL_PHOTOS,5c2bf23fba9328405124f8037855925efbec03bab6bb3c9264139cab5e7f8071,1,2
wound_azh_patches_405c6fd83be329ebd1f9add6e58def0c_0,test,azh:405c6fd83be329ebd1f9add6e58def0c,data/datasets/yolo_wound_boxes_v1/images/test/wound_azh_patches_405c6fd83be329ebd1f9add6e58def0c_0.jpg,data/datasets/yolo_wound_boxes_v1/labels/test/wound_azh_patches_405c6fd83be329ebd1f9add6e58def0c_0.txt,azh_patches,data/datasets/external/azh_patches/train/images/405c6fd83be329ebd1f9add6e58def0c_0.png,PUBLIC_REAL_PHOTOS,9646c31b46c606cd8a67ec0147b5d26df4ae8bb12c6c119396a860a1ac0ccec4,1,2
wound_azh_patches_40991900d01e82b4bda448147b614027_0,train,azh:40991900d01e82b4bda448147b614027,data/datasets/yolo_wound_boxes_v1/images/train/wound_azh_patches_40991900d01e82b4bda448147b614027_0.jpg,data/datasets/yolo_wound_boxes_v1/labels/train/wound_azh_patches_40991900d01e82b4bda448147b614027_0.txt,azh_patches,data/datasets/external/azh_patches/train/images/40991900d01e82b4bda448147b614027_0.png,PUBLIC_REAL_PHOTOS,4a058cb174a6ba33ed650aac7c24a7e9ad952f65efe0f3c3484e2d69271225c3,1,2
wound_azh_patches_41a345d5417528ecdf4d1a272f3938a9_1,val,azh:41a345d5417528ecdf4d1a272f3938a9,data/datasets/yolo_wound_boxes_v1/images/val/wound_azh_patches_41a345d5417528ecdf4d1a272f3938a9_1.jpg,data/datasets/yolo_wound_boxes_v1/labels/val/wound_azh_patches_41a345d5417528ecdf4d1a272f3938a9_1.txt,azh_patches,data/datasets/external/azh_patches/train/images/41a345d5417528ecdf4d1a272f3938a9_1.png,PUBLIC_REAL_PHOTOS,abcb13ee0fab5aca0aeedce8368f020bec07990712f1ec416fb2c32e1b38f35b,1,2
wound_azh_patches_41a345d5417528ecdf4d1a272f3938a9_2,val,azh:41a345d5417528ecdf4d1a272f3938a9,data/datasets/yolo_wound_boxes_v1/images/val/wound_azh_patches_41a345d5417528ecdf4d1a272f3938a9_2.jpg,data/datasets/yolo_wound_boxes_v1/labels/val/wound_azh_patches_41a345d5417528ecdf4d1a272f3938a9_2.txt,azh_patches,data/datasets/external/azh_patches/train/images/41a345d5417528ecdf4d1a272f3938a9_2.png,PUBLIC_REAL_PHOTOS,919db0cb8d50b3117220238f978c431ce82a37fceef5e0fe7dd25f9db076f5b5,1,2
wound_azh_patches_41a345d5417528ecdf4d1a272f3938a9_3,val,azh:41a345d5417528ecdf4d1a272f3938a9,data/datasets/yolo_wound_boxes_v1/images/val/wound_azh_patches_41a345d5417528ecdf4d1a272f3938a9_3.jpg,data/datasets/yolo_wound_boxes_v1/labels/val/wound_azh_patches_41a345d5417528ecdf4d1a272f3938a9_3.txt,azh_patches,data/datasets/external/azh_patches/train/images/41a345d5417528ecdf4d1a272f3938a9_3.png,PUBLIC_REAL_PHOTOS,805f010a5332e4eefffa9e5262bca25489a90882133f54c1215c9d853e3f203a,1,2
wound_azh_patches_41ee08289fc69cb37694df30a64a8fd0_0,train,azh:41ee08289fc69cb37694df30a64a8fd0,data/datasets/yolo_wound_boxes_v1/images/train/wound_azh_patches_41ee08289fc69cb37694df30a64a8fd0_0.jpg,data/datasets/yolo_wound_boxes_v1/labels/train/wound_azh_patches_41ee08289fc69cb37694df30a64a8fd0_0.txt,azh_patches,data/datasets/external/azh_patches/train/images/41ee08289fc69cb37694df30a64a8fd0_0.png,PUBLIC_REAL_PHOTOS,b199735cf998f240a62b6f66874fa737fc375f9281fedcee476e5fc45f99b8b3,1,2
wound_azh_patches_42784ffe6e9fd4b5b5edabd37bad417b_0,test,azh:42784ffe6e9fd4b5b5edabd37bad417b,data/datasets/yolo_wound_boxes_v1/images/test/wound_azh_patches_42784ffe6e9fd4b5b5edabd37bad417b_0.jpg,data/datasets/yolo_wound_boxes_v1/labels/test/wound_azh_patches_42784ffe6e9fd4b5b5edabd37bad417b_0.txt,azh_patches,data/datasets/external/azh_patches/train/images/42784ffe6e9fd4b5b5edabd37bad417b_0.png,PUBLIC_REAL_PHOTOS,6758889ad5052998f3ce9a9233c0b38eb42b31232103a595da9880b6140df732,1,2
wound_azh_patches_42c0f8ebd22e9e9b84f8286b1879bf41_0,train,azh:42c0f8ebd22e9e9b84f8286b1879bf41,data/datasets/yolo_wound_boxes_v1/images/train/wound_azh_patches_42c0f8ebd22e9e9b84f8286b1879bf41_0.jpg,data/datasets/yolo_wound_boxes_v1/labels/train/wound_azh_patches_42c0f8ebd22e9e9b84f8286b1879bf41_0.txt,azh_patches,data/datasets/external/azh_patches/train/images/42c0f8ebd22e9e9b84f8286b1879bf41_0.png,PUBLIC_REAL_PHOTOS,d52cab5eae85791725e111db47e2cf326ce4ccea3d401eb53eeefea8546938a9,1,2
wound_azh_patches_42c0f8ebd22e9e9b84f8286b1879bf41_1,train,azh:42c0f8ebd22e9e9b84f8286b1879bf41,data/datasets/yolo_wound_boxes_v1/images/train/wound_azh_patches_42c0f8ebd22e9e9b84f8286b1879bf41_1.jpg,data/datasets/yolo_wound_boxes_v1/labels/train/wound_azh_patches_42c0f8ebd22e9e9b84f8286b1879bf41_1.txt,azh_patches,data/datasets/external/azh_patches/train/images/42c0f8ebd22e9e9b84f8286b1879bf41_1.png,PUBLIC_REAL_PHOTOS,033eef2147601f5562554265d7e31a8267f311bdc9db90e976233bd76f037012,1,2
wound_azh_patches_42e9b72e84d7d39d0faa08d9da9d27d1_0,train,azh:42e9b72e84d7d39d0faa08d9da9d27d1,data/datasets/yolo_wound_boxes_v1/images/train/wound_azh_patches_42e9b72e84d7d39d0faa08d9da9d27d1_0.jpg,data/datasets/yolo_wound_boxes_v1/labels/train/wound_azh_patches_42e9b72e84d7d39d0faa08d9da9d27d1_0.txt,azh_patches,data/datasets/external/azh_patches/train/images/42e9b72e84d7d39d0faa08d9da9d27d1_0.png,PUBLIC_REAL_PHOTOS,f6aa5a298b6e35b500a860b66a23dac9e5071492ffe898183f2a184b67079a09,1,2
wound_azh_patches_42f929bf3341f8a1f04690762786ae49_0,train,azh:42f929bf3341f8a1f04690762786ae49,data/datasets/yolo_wound_boxes_v1/images/train/wound_azh_patches_42f929bf3341f8a1f04690762786ae49_0.jpg,data/datasets/yolo_wound_boxes_v1/labels/train/wound_azh_patches_42f929bf3341f8a1f04690762786ae49_0.txt,azh_patches,data/datasets/external/azh_patches/train/images/42f929bf3341f8a1f04690762786ae49_0.png,PUBLIC_REAL_PHOTOS,f8bd0d70d0b23bb2317e2bcb36b3dd78dc029fb1ec6a31b31e3400cea2b20fa1,1,2
wound_azh_patches_434240ed39b9ead49e5538604ac10534_0,train,azh:434240ed39b9ead49e5538604ac10534,data/datasets/yolo_wound_boxes_v1/images/train/wound_azh_patches_434240ed39b9ead49e5538604ac10534_0.jpg,data/datasets/yolo_wound_boxes_v1/labels/train/wound_azh_patches_434240ed39b9ead49e5538604ac10534_0.txt,azh_patches,data/datasets/external/azh_patches/train/images/434240ed39b9ead49e5538604ac10534_0.png,PUBLIC_REAL_PHOTOS,1e43f32ccc1f8c4cec8847193911fe131f60c3b0b2a61c9bb74895bad3750e0b,1,2
wound_azh_patches_434d22be5b5665d0a8a841b70043e49e_0,train,azh:434d22be5b5665d0a8a841b70043e49e,data/datasets/yolo_wound_boxes_v1/images/train/wound_azh_patches_434d22be5b5665d0a8a841b70043e49e_0.jpg,data/datasets/yolo_wound_boxes_v1/labels/train/wound_azh_patches_434d22be5b5665d0a8a841b70043e49e_0.txt,azh_patches,data/datasets/external/azh_patches/train/images/434d22be5b5665d0a8a841b70043e49e_0.png,PUBLIC_REAL_PHOTOS,7cc1bf07632e83bf4ad99925ae68708f3cfc76be1c3046a8220401cff77216c6,1,2
wound_azh_patches_43a9030ae6bdfae4e08049bc3614d18a_0,train,azh:43a9030ae6bdfae4e08049bc3614d18a,data/datasets/yolo_wound_boxes_v1/images/train/wound_azh_patches_43a9030ae6bdfae4e08049bc3614d18a_0.jpg,data/datasets/yolo_wound_boxes_v1/labels/train/wound_azh_patches_43a9030ae6bdfae4e08049bc3614d18a_0.txt,azh_patches,data/datasets/external/azh_patches/train/images/43a9030ae6bdfae4e08049bc3614d18a_0.png,PUBLIC_REAL_PHOTOS,e0a818ddcefb35ab2203e003a609915195e5bd180348dcd2aae27e416465c167,1,2
wound_azh_patches_43a9030ae6bdfae4e08049bc3614d18a_1,train,azh:43a9030ae6bdfae4e08049bc3614d18a,data/datasets/yolo_wound_boxes_v1/images/train/wound_azh_patches_43a9030ae6bdfae4e08049bc3614d18a_1.jpg,data/datasets/yolo_wound_boxes_v1/labels/train/wound_azh_patches_43a9030ae6bdfae4e08049bc3614d18a_1.txt,azh_patches,data/datasets/external/azh_patches/train/images/43a9030ae6bdfae4e08049bc3614d18a_1.png,PUBLIC_REAL_PHOTOS,b847b30e5e0a6015ea1143c4bce40c6b099a7c87a5914bee2f68931fa4ca2666,1,2
wound_azh_patches_440078c6936219a7a496ebc67228d5d5_0,train,azh:440078c6936219a7a496ebc67228d5d5,data/datasets/yolo_wound_boxes_v1/images/train/wound_azh_patches_440078c6936219a7a496ebc67228d5d5_0.jpg,data/datasets/yolo_wound_boxes_v1/labels/train/wound_azh_patches_440078c6936219a7a496ebc67228d5d5_0.txt,azh_patches,data/datasets/external/azh_patches/train/images/440078c6936219a7a496ebc67228d5d5_0.png,PUBLIC_REAL_PHOTOS,9a9462ee0cd3d885f4a11b8240095ef59e3ad6b7035f448990851e01340f8f59,1,2
wound_azh_patches_440078c6936219a7a496ebc67228d5d5_1,train,azh:440078c6936219a7a496ebc67228d5d5,data/datasets/yolo_wound_boxes_v1/images/train/wound_azh_patches_440078c6936219a7a496ebc67228d5d5_1.jpg,data/datasets/yolo_wound_boxes_v1/labels/train/wound_azh_patches_440078c6936219a7a496ebc67228d5d5_1.txt,azh_patches,data/datasets/external/azh_patches/train/images/440078c6936219a7a496ebc67228d5d5_1.png,PUBLIC_REAL_PHOTOS,f8ac08a13e515eef57fd89023f2ee11a708324252f014816dfe8a9cb902969c5,1,2
wound_azh_patches_4488b78d0fa37b21f756857339ed7e9e_0,val,azh:4488b78d0fa37b21f756857339ed7e9e,data/datasets/yolo_wound_boxes_v1/images/val/wound_azh_patches_4488b78d0fa37b21f756857339ed7e9e_0.jpg,data/datasets/yolo_wound_boxes_v1/labels/val/wound_azh_patches_4488b78d0fa37b21f756857339ed7e9e_0.txt,azh_patches,data/datasets/external/azh_patches/train/images/4488b78d0fa37b21f756857339ed7e9e_0.png,PUBLIC_REAL_PHOTOS,87a5f5c15d26f7be150192850d7fad654f90a72bfddd4ca5c04a6332a273d507,1,2
wound_azh_patches_44f58b3c8507e9c2f5d2d3909fcfff48_0,train,azh:44f58b3c8507e9c2f5d2d3909fcfff48,data/datasets/yolo_wound_boxes_v1/images/train/wound_azh_patches_44f58b3c8507e9c2f5d2d3909fcfff48_0.jpg,data/datasets/yolo_wound_boxes_v1/labels/train/wound_azh_patches_44f58b3c8507e9c2f5d2d3909fcfff48_0.txt,azh_patches,data/datasets/external/azh_patches/train/images/44f58b3c8507e9c2f5d2d3909fcfff48_0.png,PUBLIC_REAL_PHOTOS,076fcf8a12b52f97334703cb5c6d89c2cf7bf6d3bcdc380b0ede12906f99f332,1,2
wound_azh_patches_45fb5f2db8202432f78f9862336cdf14_0,test,azh:45fb5f2db8202432f78f9862336cdf14,data/datasets/yolo_wound_boxes_v1/images/test/wound_azh_patches_45fb5f2db8202432f78f9862336cdf14_0.jpg,data/datasets/yolo_wound_boxes_v1/labels/test/wound_azh_patches_45fb5f2db8202432f78f9862336cdf14_0.txt,azh_patches,data/datasets/external/azh_patches/train/images/45fb5f2db8202432f78f9862336cdf14_0.png,PUBLIC_REAL_PHOTOS,a975bb49a2a6f71713313532aea349dd47190e55584679ddcd67c954d87d9589,1,2
wound_azh_patches_45fb5f2db8202432f78f9862336cdf14_1,test,azh:45fb5f2db8202432f78f9862336cdf14,data/datasets/yolo_wound_boxes_v1/images/test/wound_azh_patches_45fb5f2db8202432f78f9862336cdf14_1.jpg,data/datasets/yolo_wound_boxes_v1/labels/test/wound_azh_patches_45fb5f2db8202432f78f9862336cdf14_1.txt,azh_patches,data/datasets/external/azh_patches/train/images/45fb5f2db8202432f78f9862336cdf14_1.png,PUBLIC_REAL_PHOTOS,f25a35757c7897b1882b843cf7708cc4d7bb1281fb33d19821a390c504400d35,1,2
wound_azh_patches_45fb5f2db8202432f78f9862336cdf14_2,test,azh:45fb5f2db8202432f78f9862336cdf14,data/datasets/yolo_wound_boxes_v1/images/test/wound_azh_patches_45fb5f2db8202432f78f9862336cdf14_2.jpg,data/datasets/yolo_wound_boxes_v1/labels/test/wound_azh_patches_45fb5f2db8202432f78f9862336cdf14_2.txt,azh_patches,data/datasets/external/azh_patches/train/images/45fb5f2db8202432f78f9862336cdf14_2.png,PUBLIC_REAL_PHOTOS,b25183ad0497a07442785199794133cc3a1809a4bac0c3461b18be009c4aaf86,1,2
wound_azh_patches_4652960a0fe00c064a36d4b8072020b8_0,train,azh:4652960a0fe00c064a36d4b8072020b8,data/datasets/yolo_wound_boxes_v1/images/train/wound_azh_patches_4652960a0fe00c064a36d4b8072020b8_0.jpg,data/datasets/yolo_wound_boxes_v1/labels/train/wound_azh_patches_4652960a0fe00c064a36d4b8072020b8_0.txt,azh_patches,data/datasets/external/azh_patches/train/images/4652960a0fe00c064a36d4b8072020b8_0.png,PUBLIC_REAL_PHOTOS,d178e00c8c89f5c91ef9d7b86167d7be85ac2edf97b674001ee0bab7c13c708a,1,2
wound_azh_patches_46d539e01ef169fb7eeacdfc8bd30ecf_0,val,azh:46d539e01ef169fb7eeacdfc8bd30ecf,data/datasets/yolo_wound_boxes_v1/images/val/wound_azh_patches_46d539e01ef169fb7eeacdfc8bd30ecf_0.jpg,data/datasets/yolo_wound_boxes_v1/labels/val/wound_azh_patches_46d539e01ef169fb7eeacdfc8bd30ecf_0.txt,azh_patches,data/datasets/external/azh_patches/train/images/46d539e01ef169fb7eeacdfc8bd30ecf_0.png,PUBLIC_REAL_PHOTOS,785ae8fae7107ea7f14bd85f24b8ef73be139ae3675e3e08069df6286c038618,1,2
wound_azh_patches_4734aec96756d02ac3bb3f5d440c01cf_0,train,azh:4734aec96756d02ac3bb3f5d440c01cf,data/datasets/yolo_wound_boxes_v1/images/train/wound_azh_patches_4734aec96756d02ac3bb3f5d440c01cf_0.jpg,data/datasets/yolo_wound_boxes_v1/labels/train/wound_azh_patches_4734aec96756d02ac3bb3f5d440c01cf_0.txt,azh_patches,data/datasets/external/azh_patches/train/images/4734aec96756d02ac3bb3f5d440c01cf_0.png,PUBLIC_REAL_PHOTOS,f129632bf99b3b7a3f2eb0d01fbadef073574207ef84eaa6062195f854b24dc0,1,2
wound_azh_patches_47713ebf42e1606ebb9167b04fc9c937_0,test,azh:47713ebf42e1606ebb9167b04fc9c937,data/datasets/yolo_wound_boxes_v1/images/test/wound_azh_patches_47713ebf42e1606ebb9167b04fc9c937_0.jpg,data/datasets/yolo_wound_boxes_v1/labels/test/wound_azh_patches_47713ebf42e1606ebb9167b04fc9c937_0.txt,azh_patches,data/datasets/external/azh_patches/train/images/47713ebf42e1606ebb9167b04fc9c937_0.png,PUBLIC_REAL_PHOTOS,dae143daf839db93ad0279e31eff019e867bd9466c70c80126ddd913bceb689a,1,2
wound_azh_patches_47b044c07a81011c406cfa995b9f82ad_0,test,azh:47b044c07a81011c406cfa995b9f82ad,data/datasets/yolo_wound_boxes_v1/images/test/wound_azh_patches_47b044c07a81011c406cfa995b9f82ad_0.jpg,data/datasets/yolo_wound_boxes_v1/labels/test/wound_azh_patches_47b044c07a81011c406cfa995b9f82ad_0.txt,azh_patches,data/datasets/external/azh_patches/train/images/47b044c07a81011c406cfa995b9f82ad_0.png,PUBLIC_REAL_PHOTOS,6a4a267ec688f589529f87e16d8197d1c4bbedccb01f4d1f55694a6ec654e416,1,2
wound_azh_patches_47bfb50bd5f3c67d0bfcb95d592e3f43_0,test,azh:47bfb50bd5f3c67d0bfcb95d592e3f43,data/datasets/yolo_wound_boxes_v1/images/test/wound_azh_patches_47bfb50bd5f3c67d0bfcb95d592e3f43_0.jpg,data/datasets/yolo_wound_boxes_v1/labels/test/wound_azh_patches_47bfb50bd5f3c67d0bfcb95d592e3f43_0.txt,azh_patches,data/datasets/external/azh_patches/train/images/47bfb50bd5f3c67d0bfcb95d592e3f43_0.png,PUBLIC_REAL_PHOTOS,eb1c6afb946c4d15d0e4bb7b89bfdc58168f5db8509567d4efb2efe85e93f93e,1,2
wound_azh_patches_47ced82914de2c34aef08c552cc3db10_0,val,azh:47ced82914de2c34aef08c552cc3db10,data/datasets/yolo_wound_boxes_v1/images/val/wound_azh_patches_47ced82914de2c34aef08c552cc3db10_0.jpg,data/datasets/yolo_wound_boxes_v1/labels/val/wound_azh_patches_47ced82914de2c34aef08c552cc3db10_0.txt,azh_patches,data/datasets/external/azh_patches/train/images/47ced82914de2c34aef08c552cc3db10_0.png,PUBLIC_REAL_PHOTOS,400117f16e121f985a3015f9ea7731bf82e3434e15ea0072b99ae94ffc933aab,1,2
wound_azh_patches_47db35f74ef55e48fc9655c0e610b1df_0,train,azh:47db35f74ef55e48fc9655c0e610b1df,data/datasets/yolo_wound_boxes_v1/images/train/wound_azh_patches_47db35f74ef55e48fc9655c0e610b1df_0.jpg,data/datasets/yolo_wound_boxes_v1/labels/train/wound_azh_patches_47db35f74ef55e48fc9655c0e610b1df_0.txt,azh_patches,data/datasets/external/azh_patches/train/images/47db35f74ef55e48fc9655c0e610b1df_0.png,PUBLIC_REAL_PHOTOS,e3a90e2f501062d363157850af3ba7490fcdbd53466ef12d75304d1184286818,1,2
wound_azh_patches_481213086b8ad2a1c15cfbffec5eea98_0,train,azh:481213086b8ad2a1c15cfbffec5eea98,data/datasets/yolo_wound_boxes_v1/images/train/wound_azh_patches_481213086b8ad2a1c15cfbffec5eea98_0.jpg,data/datasets/yolo_wound_boxes_v1/labels/train/wound_azh_patches_481213086b8ad2a1c15cfbffec5eea98_0.txt,azh_patches,data/datasets/external/azh_patches/train/images/481213086b8ad2a1c15cfbffec5eea98_0.png,PUBLIC_REAL_PHOTOS,942d63fba3a36fc1cbf3d2e115456d34fc3b3babeb90c2e435b5035eb2bb0022,1,2
wound_azh_patches_484aa6be0ea024aadc8f154b7c637a6f_0,train,azh:484aa6be0ea024aadc8f154b7c637a6f,data/datasets/yolo_wound_boxes_v1/images/train/wound_azh_patches_484aa6be0ea024aadc8f154b7c637a6f_0.jpg,data/datasets/yolo_wound_boxes_v1/labels/train/wound_azh_patches_484aa6be0ea024aadc8f154b7c637a6f_0.txt,azh_patches,data/datasets/external/azh_patches/train/images/484aa6be0ea024aadc8f154b7c637a6f_0.png,PUBLIC_REAL_PHOTOS,12ed1be64d0f41f05d90b2471dc876eb498a7213a336f50daf5e14dd1ad4b4dc,1,2
wound_azh_patches_48e538b20ef8caac49e3941d6b20fe56_0,test,azh:48e538b20ef8caac49e3941d6b20fe56,data/datasets/yolo_wound_boxes_v1/images/test/wound_azh_patches_48e538b20ef8caac49e3941d6b20fe56_0.jpg,data/datasets/yolo_wound_boxes_v1/labels/test/wound_azh_patches_48e538b20ef8caac49e3941d6b20fe56_0.txt,azh_patches,data/datasets/external/azh_patches/train/images/48e538b20ef8caac49e3941d6b20fe56_0.png,PUBLIC_REAL_PHOTOS,cc6314a2bd73870f0a1de28eadc7efbd4f997e73d8b09384ba14a878e962b184,1,2
wound_azh_patches_492510095082bca73e33e82bc577a287_0,train,azh:492510095082bca73e33e82bc577a287,data/datasets/yolo_wound_boxes_v1/images/train/wound_azh_patches_492510095082bca73e33e82bc577a287_0.jpg,data/datasets/yolo_wound_boxes_v1/labels/train/wound_azh_patches_492510095082bca73e33e82bc577a287_0.txt,azh_patches,data/datasets/external/azh_patches/train/images/492510095082bca73e33e82bc577a287_0.png,PUBLIC_REAL_PHOTOS,9331c6fa8947fadbb67f0ceba839987ee1a4010bf8bce61c39428300f0bebc2a,1,2
wound_azh_patches_492e076e2b1bba7e8773bfce280a4b96_0,val,azh:492e076e2b1bba7e8773bfce280a4b96,data/datasets/yolo_wound_boxes_v1/images/val/wound_azh_patches_492e076e2b1bba7e8773bfce280a4b96_0.jpg,data/datasets/yolo_wound_boxes_v1/labels/val/wound_azh_patches_492e076e2b1bba7e8773bfce280a4b96_0.txt,azh_patches,data/datasets/external/azh_patches/train/images/492e076e2b1bba7e8773bfce280a4b96_0.png,PUBLIC_REAL_PHOTOS,3ba3c6f66069043a58a0d9128060d715265020876c93b47294f059b837a5ba92,1,2
wound_azh_patches_4a496c06454e33d149a79aa6c559fc09_0,train,azh:4a496c06454e33d149a79aa6c559fc09,data/datasets/yolo_wound_boxes_v1/images/train/wound_azh_patches_4a496c06454e33d149a79aa6c559fc09_0.jpg,data/datasets/yolo_wound_boxes_v1/labels/train/wound_azh_patches_4a496c06454e33d149a79aa6c559fc09_0.txt,azh_patches,data/datasets/external/azh_patches/train/images/4a496c06454e33d149a79aa6c559fc09_0.png,PUBLIC_REAL_PHOTOS,186be7a210fa99fc59890733f02b6d3122fe188f74f50053a82afb7f4de470e0,1,2
wound_azh_patches_4aa798a6549d1255dcc6ce15600eed10_0,train,azh:4aa798a6549d1255dcc6ce15600eed10,data/datasets/yolo_wound_boxes_v1/images/train/wound_azh_patches_4aa798a6549d1255dcc6ce15600eed10_0.jpg,data/datasets/yolo_wound_boxes_v1/labels/train/wound_azh_patches_4aa798a6549d1255dcc6ce15600eed10_0.txt,azh_patches,data/datasets/external/azh_patches/train/images/4aa798a6549d1255dcc6ce15600eed10_0.png,PUBLIC_REAL_PHOTOS,38bcaa0db15f2a1095dbc4d6f9a600634b71eabccdea726f78e99b0601cf04fe,1,2
wound_azh_patches_4aba015fe18465451bd74c5a9b30a853_0,val,azh:4aba015fe18465451bd74c5a9b30a853,data/datasets/yolo_wound_boxes_v1/images/val/wound_azh_patches_4aba015fe18465451bd74c5a9b30a853_0.jpg,data/datasets/yolo_wound_boxes_v1/labels/val/wound_azh_patches_4aba015fe18465451bd74c5a9b30a853_0.txt,azh_patches,data/datasets/external/azh_patches/train/images/4aba015fe18465451bd74c5a9b30a853_0.png,PUBLIC_REAL_PHOTOS,dbb75427f4ad3320704aae88cc21a7ce1a947c1df3c25253fff963ee8dd93154,1,2
wound_azh_patches_4aba7d3760fc14cf1963e09fe2a591bb_0,train,azh:4aba7d3760fc14cf1963e09fe2a591bb,data/datasets/yolo_wound_boxes_v1/images/train/wound_azh_patches_4aba7d3760fc14cf1963e09fe2a591bb_0.jpg,data/datasets/yolo_wound_boxes_v1/labels/train/wound_azh_patches_4aba7d3760fc14cf1963e09fe2a591bb_0.txt,azh_patches,data/datasets/external/azh_patches/train/images/4aba7d3760fc14cf1963e09fe2a591bb_0.png,PUBLIC_REAL_PHOTOS,dfe5f1824588ee23df4e0f311696a782402ef18fda6ab1c42546c5f299131ee1,1,2
wound_azh_patches_4ac0262d24c7d2942622f93202b82008_0,train,azh:4ac0262d24c7d2942622f93202b82008,data/datasets/yolo_wound_boxes_v1/images/train/wound_azh_patches_4ac0262d24c7d2942622f93202b82008_0.jpg,data/datasets/yolo_wound_boxes_v1/labels/train/wound_azh_patches_4ac0262d24c7d2942622f93202b82008_0.txt,azh_patches,data/datasets/external/azh_patches/train/images/4ac0262d24c7d2942622f93202b82008_0.png,PUBLIC_REAL_PHOTOS,72757b8742aa4d6102df10e6837f6abb967a4fac9de88a7e1626a300877ede77,1,2
wound_azh_patches_4b0e2a11f3e46ca1a4e8ef72f84da334_0,train,azh:4b0e2a11f3e46ca1a4e8ef72f84da334,data/datasets/yolo_wound_boxes_v1/images/train/wound_azh_patches_4b0e2a11f3e46ca1a4e8ef72f84da334_0.jpg,data/datasets/yolo_wound_boxes_v1/labels/train/wound_azh_patches_4b0e2a11f3e46ca1a4e8ef72f84da334_0.txt,azh_patches,data/datasets/external/azh_patches/train/images/4b0e2a11f3e46ca1a4e8ef72f84da334_0.png,PUBLIC_REAL_PHOTOS,fa265f6eb67a719fd08261e80f62313f8710ee1f2bc5646fdff3853587ea9b45,1,2
wound_azh_patches_4c188ad2db9f8935d319b2ad6007f3a1_0,test,azh:4c188ad2db9f8935d319b2ad6007f3a1,data/datasets/yolo_wound_boxes_v1/images/test/wound_azh_patches_4c188ad2db9f8935d319b2ad6007f3a1_0.jpg,data/datasets/yolo_wound_boxes_v1/labels/test/wound_azh_patches_4c188ad2db9f8935d319b2ad6007f3a1_0.txt,azh_patches,data/datasets/external/azh_patches/train/images/4c188ad2db9f8935d319b2ad6007f3a1_0.png,PUBLIC_REAL_PHOTOS,8ff91b5aebca314ffcfd4d2ef0bcb72ff444a031fa8f63fffe14ed4e201d8bc2,1,2
wound_azh_patches_4c188ad2db9f8935d319b2ad6007f3a1_1,test,azh:4c188ad2db9f8935d319b2ad6007f3a1,data/datasets/yolo_wound_boxes_v1/images/test/wound_azh_patches_4c188ad2db9f8935d319b2ad6007f3a1_1.jpg,data/datasets/yolo_wound_boxes_v1/labels/test/wound_azh_patches_4c188ad2db9f8935d319b2ad6007f3a1_1.txt,azh_patches,data/datasets/external/azh_patches/train/images/4c188ad2db9f8935d319b2ad6007f3a1_1.png,PUBLIC_REAL_PHOTOS,e87280c24571240070b3182a1d01b3c9140aedc476db34426dd352af15124c2d,1,2
wound_azh_patches_4c90a6e2979a76aef7f2eaaad7b4aedb_0,test,azh:4c90a6e2979a76aef7f2eaaad7b4aedb,data/datasets/yolo_wound_boxes_v1/images/test/wound_azh_patches_4c90a6e2979a76aef7f2eaaad7b4aedb_0.jpg,data/datasets/yolo_wound_boxes_v1/labels/test/wound_azh_patches_4c90a6e2979a76aef7f2eaaad7b4aedb_0.txt,azh_patches,data/datasets/external/azh_patches/train/images/4c90a6e2979a76aef7f2eaaad7b4aedb_0.png,PUBLIC_REAL_PHOTOS,7c188a375b0716bf9ac88d136cd103db3e1812970e1092fc62ca37c97065cd8d,1,2
wound_azh_patches_4d0ae09266e45178c65b2c217d2ccd43_0,train,azh:4d0ae09266e45178c65b2c217d2ccd43,data/datasets/yolo_wound_boxes_v1/images/train/wound_azh_patches_4d0ae09266e45178c65b2c217d2ccd43_0.jpg,data/datasets/yolo_wound_boxes_v1/labels/train/wound_azh_patches_4d0ae09266e45178c65b2c217d2ccd43_0.txt,azh_patches,data/datasets/external/azh_patches/train/images/4d0ae09266e45178c65b2c217d2ccd43_0.png,PUBLIC_REAL_PHOTOS,0cafe56c6a32c07a815d1b5140b1b9fb1e6697e0582525011dd0c32efc8f4104,1,2
wound_azh_patches_4d0ae09266e45178c65b2c217d2ccd43_1,train,azh:4d0ae09266e45178c65b2c217d2ccd43,data/datasets/yolo_wound_boxes_v1/images/train/wound_azh_patches_4d0ae09266e45178c65b2c217d2ccd43_1.jpg,data/datasets/yolo_wound_boxes_v1/labels/train/wound_azh_patches_4d0ae09266e45178c65b2c217d2ccd43_1.txt,azh_patches,data/datasets/external/azh_patches/train/images/4d0ae09266e45178c65b2c217d2ccd43_1.png,PUBLIC_REAL_PHOTOS,210d3e205a22a5d262058c03712175c64905c42f11aff17461fc93ff7cf8deec,1,2
wound_azh_patches_4ec3e802c98a70cf04f0f23b0869c1b9_0,train,azh:4ec3e802c98a70cf04f0f23b0869c1b9,data/datasets/yolo_wound_boxes_v1/images/train/wound_azh_patches_4ec3e802c98a70cf04f0f23b0869c1b9_0.jpg,data/datasets/yolo_wound_boxes_v1/labels/train/wound_azh_patches_4ec3e802c98a70cf04f0f23b0869c1b9_0.txt,azh_patches,data/datasets/external/azh_patches/train/images/4ec3e802c98a70cf04f0f23b0869c1b9_0.png,PUBLIC_REAL_PHOTOS,96ffe2dc843267cd8ca3547196832798bdb191cd4146b4cc9310ffe6bd1e4698,1,2
wound_azh_patches_4ed0412508164104bc694a0ce0f5bffd_0,train,azh:4ed0412508164104bc694a0ce0f5bffd,data/datasets/yolo_wound_boxes_v1/images/train/wound_azh_patches_4ed0412508164104bc694a0ce0f5bffd_0.jpg,data/datasets/yolo_wound_boxes_v1/labels/train/wound_azh_patches_4ed0412508164104bc694a0ce0f5bffd_0.txt,azh_patches,data/datasets/external/azh_patches/train/images/4ed0412508164104bc694a0ce0f5bffd_0.png,PUBLIC_REAL_PHOTOS,d058de184ff494de763841a0007e98c8bdaceb69bcec14c27fc42af7809cee1d,1,2
wound_azh_patches_4ed0412508164104bc694a0ce0f5bffd_1,train,azh:4ed0412508164104bc694a0ce0f5bffd,data/datasets/yolo_wound_boxes_v1/images/train/wound_azh_patches_4ed0412508164104bc694a0ce0f5bffd_1.jpg,data/datasets/yolo_wound_boxes_v1/labels/train/wound_azh_patches_4ed0412508164104bc694a0ce0f5bffd_1.txt,azh_patches,data/datasets/external/azh_patches/train/images/4ed0412508164104bc694a0ce0f5bffd_1.png,PUBLIC_REAL_PHOTOS,a1047272d6a2e4e62032df9c82f122f9956030fc5302a92857d14d6b9a579f8d,1,2
wound_azh_patches_4ed0412508164104bc694a0ce0f5bffd_2,train,azh:4ed0412508164104bc694a0ce0f5bffd,data/datasets/yolo_wound_boxes_v1/images/train/wound_azh_patches_4ed0412508164104bc694a0ce0f5bffd_2.jpg,data/datasets/yolo_wound_boxes_v1/labels/train/wound_azh_patches_4ed0412508164104bc694a0ce0f5bffd_2.txt,azh_patches,data/datasets/external/azh_patches/train/images/4ed0412508164104bc694a0ce0f5bffd_2.png,PUBLIC_REAL_PHOTOS,24d5a208f35ae1624c5278a793591e01b444f534bf96c7576b1dc40598761dda,1,2
wound_azh_patches_4f06b2592454c9230771d81fe2d8b036_0,train,azh:4f06b2592454c9230771d81fe2d8b036,data/datasets/yolo_wound_boxes_v1/images/train/wound_azh_patches_4f06b2592454c9230771d81fe2d8b036_0.jpg,data/datasets/yolo_wound_boxes_v1/labels/train/wound_azh_patches_4f06b2592454c9230771d81fe2d8b036_0.txt,azh_patches,data/datasets/external/azh_patches/train/images/4f06b2592454c9230771d81fe2d8b036_0.png,PUBLIC_REAL_PHOTOS,aa96689ee9fb46bd089c7f96086d8d3b01942c13e448dae81a6e41221078fcb2,1,2
wound_azh_patches_4fff394b855d2d3c86469e487132e55c_0,train,azh:4fff394b855d2d3c86469e487132e55c,data/datasets/yolo_wound_boxes_v1/images/train/wound_azh_patches_4fff394b855d2d3c86469e487132e55c_0.jpg,data/datasets/yolo_wound_boxes_v1/labels/train/wound_azh_patches_4fff394b855d2d3c86469e487132e55c_0.txt,azh_patches,data/datasets/external/azh_patches/train/images/4fff394b855d2d3c86469e487132e55c_0.png,PUBLIC_REAL_PHOTOS,67b94f03780bf675700d616c87a9b001bb7e1de596b92ca4cad9ded06423a166,1,2
wound_azh_patches_511ddc4352078963ea80d407a3cc75a8_0,train,azh:511ddc4352078963ea80d407a3cc75a8,data/datasets/yolo_wound_boxes_v1/images/train/wound_azh_patches_511ddc4352078963ea80d407a3cc75a8_0.jpg,data/datasets/yolo_wound_boxes_v1/labels/train/wound_azh_patches_511ddc4352078963ea80d407a3cc75a8_0.txt,azh_patches,data/datasets/external/azh_patches/train/images/511ddc4352078963ea80d407a3cc75a8_0.png,PUBLIC_REAL_PHOTOS,bd0d9a4c9b9c0f17dcd8dce0db27891a162253d6ca4dd4305770050aa86e6482,1,2
wound_azh_patches_5294c38e326232e9dade1f117ebdb669_0,val,azh:5294c38e326232e9dade1f117ebdb669,data/datasets/yolo_wound_boxes_v1/images/val/wound_azh_patches_5294c38e326232e9dade1f117ebdb669_0.jpg,data/datasets/yolo_wound_boxes_v1/labels/val/wound_azh_patches_5294c38e326232e9dade1f117ebdb669_0.txt,azh_patches,data/datasets/external/azh_patches/train/images/5294c38e326232e9dade1f117ebdb669_0.png,PUBLIC_REAL_PHOTOS,735cfe3406806ef3460fd3664799a70c88f50c44a1be75038b48f98472a9fc41,1,2
wound_azh_patches_52e182aa8e0bca1e7032c2a74e8b9fa3_0,train,azh:52e182aa8e0bca1e7032c2a74e8b9fa3,data/datasets/yolo_wound_boxes_v1/images/train/wound_azh_patches_52e182aa8e0bca1e7032c2a74e8b9fa3_0.jpg,data/datasets/yolo_wound_boxes_v1/labels/train/wound_azh_patches_52e182aa8e0bca1e7032c2a74e8b9fa3_0.txt,azh_patches,data/datasets/external/azh_patches/train/images/52e182aa8e0bca1e7032c2a74e8b9fa3_0.png,PUBLIC_REAL_PHOTOS,9d093b02f10845f6e8be601c00d2a7de9c5765c7c9ec5353be77d988abbdeb13,1,2
wound_azh_patches_52e182aa8e0bca1e7032c2a74e8b9fa3_1,train,azh:52e182aa8e0bca1e7032c2a74e8b9fa3,data/datasets/yolo_wound_boxes_v1/images/train/wound_azh_patches_52e182aa8e0bca1e7032c2a74e8b9fa3_1.jpg,data/datasets/yolo_wound_boxes_v1/labels/train/wound_azh_patches_52e182aa8e0bca1e7032c2a74e8b9fa3_1.txt,azh_patches,data/datasets/external/azh_patches/train/images/52e182aa8e0bca1e7032c2a74e8b9fa3_1.png,PUBLIC_REAL_PHOTOS,717762fc495222937569d13ba68df48a30b9d6c7a13ac4272c86da28cba88a1a,1,2
wound_azh_patches_52ef1e670e4b103c7fd06e24ba0a07ec_0,train,azh:52ef1e670e4b103c7fd06e24ba0a07ec,data/datasets/yolo_wound_boxes_v1/images/train/wound_azh_patches_52ef1e670e4b103c7fd06e24ba0a07ec_0.jpg,data/datasets/yolo_wound_boxes_v1/labels/train/wound_azh_patches_52ef1e670e4b103c7fd06e24ba0a07ec_0.txt,azh_patches,data/datasets/external/azh_patches/train/images/52ef1e670e4b103c7fd06e24ba0a07ec_0.png,PUBLIC_REAL_PHOTOS,2fcbf034ba38912c2b38bf6ac9289c05bcef748b2a614668d938a299903fcdc6,1,2
wound_azh_patches_53179510fe106a3768a6789418fc2dcb_0,train,azh:53179510fe106a3768a6789418fc2dcb,data/datasets/yolo_wound_boxes_v1/images/train/wound_azh_patches_53179510fe106a3768a6789418fc2dcb_0.jpg,data/datasets/yolo_wound_boxes_v1/labels/train/wound_azh_patches_53179510fe106a3768a6789418fc2dcb_0.txt,azh_patches,data/datasets/external/azh_patches/train/images/53179510fe106a3768a6789418fc2dcb_0.png,PUBLIC_REAL_PHOTOS,b2d32e4d5fba18b776a4318efdee5f120fa2a2760a7ce911476bcc64779a17db,1,2
wound_azh_patches_534d5feeb6a595b6d145314d954fb85e_0,train,azh:534d5feeb6a595b6d145314d954fb85e,data/datasets/yolo_wound_boxes_v1/images/train/wound_azh_patches_534d5feeb6a595b6d145314d954fb85e_0.jpg,data/datasets/yolo_wound_boxes_v1/labels/train/wound_azh_patches_534d5feeb6a595b6d145314d954fb85e_0.txt,azh_patches,data/datasets/external/azh_patches/train/images/534d5feeb6a595b6d145314d954fb85e_0.png,PUBLIC_REAL_PHOTOS,81e9c4dc02cb43e4b6bdb37cae757a35df1eb1f3feef3d2ba5a22a0a492a56fe,1,2
wound_azh_patches_53b50f36a529702794331e1014345ae1_0,train,azh:53b50f36a529702794331e1014345ae1,data/datasets/yolo_wound_boxes_v1/images/train/wound_azh_patches_53b50f36a529702794331e1014345ae1_0.jpg,data/datasets/yolo_wound_boxes_v1/labels/train/wound_azh_patches_53b50f36a529702794331e1014345ae1_0.txt,azh_patches,data/datasets/external/azh_patches/train/images/53b50f36a529702794331e1014345ae1_0.png,PUBLIC_REAL_PHOTOS,6cae90e1f71d778c56773f706be177203613c9c06445b1b84f10e1e826a0da81,1,2
wound_azh_patches_547594089d93c157d47a612f982bbcd8_0,train,azh:547594089d93c157d47a612f982bbcd8,data/datasets/yolo_wound_boxes_v1/images/train/wound_azh_patches_547594089d93c157d47a612f982bbcd8_0.jpg,data/datasets/yolo_wound_boxes_v1/labels/train/wound_azh_patches_547594089d93c157d47a612f982bbcd8_0.txt,azh_patches,data/datasets/external/azh_patches/train/images/547594089d93c157d47a612f982bbcd8_0.png,PUBLIC_REAL_PHOTOS,d64fb5a8c86569150892f7b68c964899ecf4c2c10a424b53c00497954d65acc2,1,2
wound_azh_patches_5492fe099502ce4c418e8d6686fac07d_0,train,azh:5492fe099502ce4c418e8d6686fac07d,data/datasets/yolo_wound_boxes_v1/images/train/wound_azh_patches_5492fe099502ce4c418e8d6686fac07d_0.jpg,data/datasets/yolo_wound_boxes_v1/labels/train/wound_azh_patches_5492fe099502ce4c418e8d6686fac07d_0.txt,azh_patches,data/datasets/external/azh_patches/train/images/5492fe099502ce4c418e8d6686fac07d_0.png,PUBLIC_REAL_PHOTOS,8f6dcea00fcf1d9f448037103627efb2665bfe0a2fbc448fb8d4bf91c813b24f,1,2
wound_azh_patches_5492fe099502ce4c418e8d6686fac07d_1,train,azh:5492fe099502ce4c418e8d6686fac07d,data/datasets/yolo_wound_boxes_v1/images/train/wound_azh_patches_5492fe099502ce4c418e8d6686fac07d_1.jpg,data/datasets/yolo_wound_boxes_v1/labels/train/wound_azh_patches_5492fe099502ce4c418e8d6686fac07d_1.txt,azh_patches,data/datasets/external/azh_patches/train/images/5492fe099502ce4c418e8d6686fac07d_1.png,PUBLIC_REAL_PHOTOS,c773ac6247b3213311f586d9247130607c252df2f4a086aca3b99c7f515bb94e,1,2
wound_azh_patches_5492fe099502ce4c418e8d6686fac07d_2,train,azh:5492fe099502ce4c418e8d6686fac07d,data/datasets/yolo_wound_boxes_v1/images/train/wound_azh_patches_5492fe099502ce4c418e8d6686fac07d_2.jpg,data/datasets/yolo_wound_boxes_v1/labels/train/wound_azh_patches_5492fe099502ce4c418e8d6686fac07d_2.txt,azh_patches,data/datasets/external/azh_patches/train/images/5492fe099502ce4c418e8d6686fac07d_2.png,PUBLIC_REAL_PHOTOS,c342bb16272ab46232192c48a1bef0ee26bb34e7d488f81f712dfb80a885deb4,1,2
wound_azh_patches_5492fe099502ce4c418e8d6686fac07d_3,train,azh:5492fe099502ce4c418e8d6686fac07d,data/datasets/yolo_wound_boxes_v1/images/train/wound_azh_patches_5492fe099502ce4c418e8d6686fac07d_3.jpg,data/datasets/yolo_wound_boxes_v1/labels/train/wound_azh_patches_5492fe099502ce4c418e8d6686fac07d_3.txt,azh_patches,data/datasets/external/azh_patches/train/images/5492fe099502ce4c418e8d6686fac07d_3.png,PUBLIC_REAL_PHOTOS,9354dacf82c0123dd63bf941a2a92aa7246f04cc9a144806dea4ad1c930ef027,1,2
wound_azh_patches_5492fe099502ce4c418e8d6686fac07d_4,train,azh:5492fe099502ce4c418e8d6686fac07d,data/datasets/yolo_wound_boxes_v1/images/train/wound_azh_patches_5492fe099502ce4c418e8d6686fac07d_4.jpg,data/datasets/yolo_wound_boxes_v1/labels/train/wound_azh_patches_5492fe099502ce4c418e8d6686fac07d_4.txt,azh_patches,data/datasets/external/azh_patches/train/images/5492fe099502ce4c418e8d6686fac07d_4.png,PUBLIC_REAL_PHOTOS,313b1c71b43167a99d1d2881706c07ba5970a4501ed58fbb2c13e527c5975ea8,1,2
wound_azh_patches_54d67064d4e326c7508a57080d93a354_0,test,azh:54d67064d4e326c7508a57080d93a354,data/datasets/yolo_wound_boxes_v1/images/test/wound_azh_patches_54d67064d4e326c7508a57080d93a354_0.jpg,data/datasets/yolo_wound_boxes_v1/labels/test/wound_azh_patches_54d67064d4e326c7508a57080d93a354_0.txt,azh_patches,data/datasets/external/azh_patches/train/images/54d67064d4e326c7508a57080d93a354_0.png,PUBLIC_REAL_PHOTOS,3a33015cecc11186b8f700f7d45831472d0f7bf6754af3b757daff6c5826a2a4,1,2
wound_azh_patches_5636e9466f61ac6d2f0ad22f626e55c7_0,train,azh:5636e9466f61ac6d2f0ad22f626e55c7,data/datasets/yolo_wound_boxes_v1/images/train/wound_azh_patches_5636e9466f61ac6d2f0ad22f626e55c7_0.jpg,data/datasets/yolo_wound_boxes_v1/labels/train/wound_azh_patches_5636e9466f61ac6d2f0ad22f626e55c7_0.txt,azh_patches,data/datasets/external/azh_patches/train/images/5636e9466f61ac6d2f0ad22f626e55c7_0.png,PUBLIC_REAL_PHOTOS,b80f42619effc3d9b005df328668a08554ee2ed565dde441eac4f604b401114d,1,2
wound_azh_patches_566e9d027535d82373ba0a08c1c17292_0,train,azh:566e9d027535d82373ba0a08c1c17292,data/datasets/yolo_wound_boxes_v1/images/train/wound_azh_patches_566e9d027535d82373ba0a08c1c17292_0.jpg,data/datasets/yolo_wound_boxes_v1/labels/train/wound_azh_patches_566e9d027535d82373ba0a08c1c17292_0.txt,azh_patches,data/datasets/external/azh_patches/train/images/566e9d027535d82373ba0a08c1c17292_0.png,PUBLIC_REAL_PHOTOS,6b58a308629fc05844e4ffa7cd5dbb8a2b5c7b5e3b3e5ff642991f5f310077f0,1,2
wound_azh_patches_5677aaefcaa811a2bb8d2da493332849_0,train,azh:5677aaefcaa811a2bb8d2da493332849,data/datasets/yolo_wound_boxes_v1/images/train/wound_azh_patches_5677aaefcaa811a2bb8d2da493332849_0.jpg,data/datasets/yolo_wound_boxes_v1/labels/train/wound_azh_patches_5677aaefcaa811a2bb8d2da493332849_0.txt,azh_patches,data/datasets/external/azh_patches/train/images/5677aaefcaa811a2bb8d2da493332849_0.png,PUBLIC_REAL_PHOTOS,f36bd83f16477a6cb2e02996c1ad110bffe267d492988074853e7a93f72a2ce5,1,2
wound_azh_patches_567f83196d5e0fc57c9bd34204e8fc1d_0,train,azh:567f83196d5e0fc57c9bd34204e8fc1d,data/datasets/yolo_wound_boxes_v1/images/train/wound_azh_patches_567f83196d5e0fc57c9bd34204e8fc1d_0.jpg,data/datasets/yolo_wound_boxes_v1/labels/train/wound_azh_patches_567f83196d5e0fc57c9bd34204e8fc1d_0.txt,azh_patches,data/datasets/external/azh_patches/train/images/567f83196d5e0fc57c9bd34204e8fc1d_0.png,PUBLIC_REAL_PHOTOS,ce3d60e2ea76d74fe217e42db4ec0a7dfa2d483366a303edda26898390ae4e4d,1,2
wound_azh_patches_56b0a7e026d3bac21b54842497b27292_0,test,azh:56b0a7e026d3bac21b54842497b27292,data/datasets/yolo_wound_boxes_v1/images/test/wound_azh_patches_56b0a7e026d3bac21b54842497b27292_0.jpg,data/datasets/yolo_wound_boxes_v1/labels/test/wound_azh_patches_56b0a7e026d3bac21b54842497b27292_0.txt,azh_patches,data/datasets/external/azh_patches/train/images/56b0a7e026d3bac21b54842497b27292_0.png,PUBLIC_REAL_PHOTOS,ebb895d7f6cb5f41b50b5a8d88f07d835a3645392273a7485ffc292e7e98f512,1,2
wound_azh_patches_56bafc3eafc552f2f0c4568baa31cc83_0,train,azh:56bafc3eafc552f2f0c4568baa31cc83,data/datasets/yolo_wound_boxes_v1/images/train/wound_azh_patches_56bafc3eafc552f2f0c4568baa31cc83_0.jpg,data/datasets/yolo_wound_boxes_v1/labels/train/wound_azh_patches_56bafc3eafc552f2f0c4568baa31cc83_0.txt,azh_patches,data/datasets/external/azh_patches/train/images/56bafc3eafc552f2f0c4568baa31cc83_0.png,PUBLIC_REAL_PHOTOS,958c89404fe436c1a26308616db6c8921d4deed56a173a88a16c5a44a4dd20a7,1,2
wound_azh_patches_56c170ce91161d741c7861dc99a6c907_0,train,azh:56c170ce91161d741c7861dc99a6c907,data/datasets/yolo_wound_boxes_v1/images/train/wound_azh_patches_56c170ce91161d741c7861dc99a6c907_0.jpg,data/datasets/yolo_wound_boxes_v1/labels/train/wound_azh_patches_56c170ce91161d741c7861dc99a6c907_0.txt,azh_patches,data/datasets/external/azh_patches/train/images/56c170ce91161d741c7861dc99a6c907_0.png,PUBLIC_REAL_PHOTOS,ccb1d2a719bc345d2e9149a5d25334c7c602b96a46bd46cbb0e7ec089ac86efa,1,2
wound_azh_patches_56e556ca0c2a124838d68fbaf75e8c45_0,val,azh:56e556ca0c2a124838d68fbaf75e8c45,data/datasets/yolo_wound_boxes_v1/images/val/wound_azh_patches_56e556ca0c2a124838d68fbaf75e8c45_0.jpg,data/datasets/yolo_wound_boxes_v1/labels/val/wound_azh_patches_56e556ca0c2a124838d68fbaf75e8c45_0.txt,azh_patches,data/datasets/external/azh_patches/train/images/56e556ca0c2a124838d68fbaf75e8c45_0.png,PUBLIC_REAL_PHOTOS,2ee1b6c07e5c9ecb81173ce20797dff0f8863c8393e66b926180a229d0d53940,1,2
wound_azh_patches_56eeddbb9ac27bb03d4ae4b234f8d9c6_0,train,azh:56eeddbb9ac27bb03d4ae4b234f8d9c6,data/datasets/yolo_wound_boxes_v1/images/train/wound_azh_patches_56eeddbb9ac27bb03d4ae4b234f8d9c6_0.jpg,data/datasets/yolo_wound_boxes_v1/labels/train/wound_azh_patches_56eeddbb9ac27bb03d4ae4b234f8d9c6_0.txt,azh_patches,data/datasets/external/azh_patches/train/images/56eeddbb9ac27bb03d4ae4b234f8d9c6_0.png,PUBLIC_REAL_PHOTOS,976049e59e561a1eead8d6eb2c37eaf27f5455ef6d5371ca332441e890a664fd,1,2
wound_azh_patches_56fde0f77df0329cd7838037b4375af4_0,val,azh:56fde0f77df0329cd7838037b4375af4,data/datasets/yolo_wound_boxes_v1/images/val/wound_azh_patches_56fde0f77df0329cd7838037b4375af4_0.jpg,data/datasets/yolo_wound_boxes_v1/labels/val/wound_azh_patches_56fde0f77df0329cd7838037b4375af4_0.txt,azh_patches,data/datasets/external/azh_patches/train/images/56fde0f77df0329cd7838037b4375af4_0.png,PUBLIC_REAL_PHOTOS,b8736b3319f6453b62ada0421bf7c8d460566defe9e05a4ce1ae222d342adf52,1,2
wound_azh_patches_570a4fd65570badcf863addb1c465e9e_0,train,azh:570a4fd65570badcf863addb1c465e9e,data/datasets/yolo_wound_boxes_v1/images/train/wound_azh_patches_570a4fd65570badcf863addb1c465e9e_0.jpg,data/datasets/yolo_wound_boxes_v1/labels/train/wound_azh_patches_570a4fd65570badcf863addb1c465e9e_0.txt,azh_patches,data/datasets/external/azh_patches/train/images/570a4fd65570badcf863addb1c465e9e_0.png,PUBLIC_REAL_PHOTOS,6fd59bf7bb77fe0bdd333655b8a0227023fb123337e3f2d31c8a4e8f33c45728,1,2
wound_azh_patches_5734324b4b1b0bd490a824d7ad2691af_0,train,azh:5734324b4b1b0bd490a824d7ad2691af,data/datasets/yolo_wound_boxes_v1/images/train/wound_azh_patches_5734324b4b1b0bd490a824d7ad2691af_0.jpg,data/datasets/yolo_wound_boxes_v1/labels/train/wound_azh_patches_5734324b4b1b0bd490a824d7ad2691af_0.txt,azh_patches,data/datasets/external/azh_patches/train/images/5734324b4b1b0bd490a824d7ad2691af_0.png,PUBLIC_REAL_PHOTOS,4484039b6f9000d1d49fd251b13d854fed6166715191e946ae60d7dacb256a90,1,2
wound_azh_patches_577e0d90e4184b17ffbcff8fe3d494d7_0,test,azh:577e0d90e4184b17ffbcff8fe3d494d7,data/datasets/yolo_wound_boxes_v1/images/test/wound_azh_patches_577e0d90e4184b17ffbcff8fe3d494d7_0.jpg,data/datasets/yolo_wound_boxes_v1/labels/test/wound_azh_patches_577e0d90e4184b17ffbcff8fe3d494d7_0.txt,azh_patches,data/datasets/external/azh_patches/train/images/577e0d90e4184b17ffbcff8fe3d494d7_0.png,PUBLIC_REAL_PHOTOS,f353f62d161f1206567421c204faee1f1bece1878ce7b959637ad8f1832f4574,1,2
wound_azh_patches_578116d30a5c8c4f9f9637e95475cff8_0,train,azh:578116d30a5c8c4f9f9637e95475cff8,data/datasets/yolo_wound_boxes_v1/images/train/wound_azh_patches_578116d30a5c8c4f9f9637e95475cff8_0.jpg,data/datasets/yolo_wound_boxes_v1/labels/train/wound_azh_patches_578116d30a5c8c4f9f9637e95475cff8_0.txt,azh_patches,data/datasets/external/azh_patches/train/images/578116d30a5c8c4f9f9637e95475cff8_0.png,PUBLIC_REAL_PHOTOS,86e9858f0753b078e28ebf2b77e4b0bb9dd56a7cef4fe4b475e57a2830d42c83,1,2
wound_azh_patches_57c68b56a3d58d69f4d5f2260b186847_0,train,azh:57c68b56a3d58d69f4d5f2260b186847,data/datasets/yolo_wound_boxes_v1/images/train/wound_azh_patches_57c68b56a3d58d69f4d5f2260b186847_0.jpg,data/datasets/yolo_wound_boxes_v1/labels/train/wound_azh_patches_57c68b56a3d58d69f4d5f2260b186847_0.txt,azh_patches,data/datasets/external/azh_patches/train/images/57c68b56a3d58d69f4d5f2260b186847_0.png,PUBLIC_REAL_PHOTOS,635a25ce7b047d691914cebc94da3b3e81aca5610847d451330acb563542c0d7,1,2
wound_azh_patches_57cb332cf7723fa2b843bc413c44d328_0,train,azh:57cb332cf7723fa2b843bc413c44d328,data/datasets/yolo_wound_boxes_v1/images/train/wound_azh_patches_57cb332cf7723fa2b843bc413c44d328_0.jpg,data/datasets/yolo_wound_boxes_v1/labels/train/wound_azh_patches_57cb332cf7723fa2b843bc413c44d328_0.txt,azh_patches,data/datasets/external/azh_patches/train/images/57cb332cf7723fa2b843bc413c44d328_0.png,PUBLIC_REAL_PHOTOS,9812d7c0d3dbca7b7874230007bc61400505f203c4089b6f8d4fcf699792293e,1,2
wound_azh_patches_58f747566c680c141820af36fc9d0d4f_0,val,azh:58f747566c680c141820af36fc9d0d4f,data/datasets/yolo_wound_boxes_v1/images/val/wound_azh_patches_58f747566c680c141820af36fc9d0d4f_0.jpg,data/datasets/yolo_wound_boxes_v1/labels/val/wound_azh_patches_58f747566c680c141820af36fc9d0d4f_0.txt,azh_patches,data/datasets/external/azh_patches/train/images/58f747566c680c141820af36fc9d0d4f_0.png,PUBLIC_REAL_PHOTOS,58b234db1bceccb5fd4f759d9d5409cc3f6e13363f26f7313f63482588f86a58,1,2
wound_azh_patches_595332a890e442b8f02265bd3c905491_0,train,azh:595332a890e442b8f02265bd3c905491,data/datasets/yolo_wound_boxes_v1/images/train/wound_azh_patches_595332a890e442b8f02265bd3c905491_0.jpg,data/datasets/yolo_wound_boxes_v1/labels/train/wound_azh_patches_595332a890e442b8f02265bd3c905491_0.txt,azh_patches,data/datasets/external/azh_patches/train/images/595332a890e442b8f02265bd3c905491_0.png,PUBLIC_REAL_PHOTOS,d9d10add40148a603f6142dd4f570a44c3b7110594a4b0816f0c9c45fa41db1b,1,2
wound_azh_patches_59832f153f630e465c4e8515c03a280b_0,train,azh:59832f153f630e465c4e8515c03a280b,data/datasets/yolo_wound_boxes_v1/images/train/wound_azh_patches_59832f153f630e465c4e8515c03a280b_0.jpg,data/datasets/yolo_wound_boxes_v1/labels/train/wound_azh_patches_59832f153f630e465c4e8515c03a280b_0.txt,azh_patches,data/datasets/external/azh_patches/train/images/59832f153f630e465c4e8515c03a280b_0.png,PUBLIC_REAL_PHOTOS,1c97442c04a8be768dfaa42257d427cd8fbe6fdd1666cbcdf3d130bf4b14b784,1,2
wound_azh_patches_59832f153f630e465c4e8515c03a280b_1,train,azh:59832f153f630e465c4e8515c03a280b,data/datasets/yolo_wound_boxes_v1/images/train/wound_azh_patches_59832f153f630e465c4e8515c03a280b_1.jpg,data/datasets/yolo_wound_boxes_v1/labels/train/wound_azh_patches_59832f153f630e465c4e8515c03a280b_1.txt,azh_patches,data/datasets/external/azh_patches/train/images/59832f153f630e465c4e8515c03a280b_1.png,PUBLIC_REAL_PHOTOS,ec2dfa56b24c6ff4cfeae2422b2fa0747e61b4ea5f8de5132f76918aa85eedff,1,2
wound_azh_patches_59a8a7f008ee641169fb318aac9e2c50_0,train,azh:59a8a7f008ee641169fb318aac9e2c50,data/datasets/yolo_wound_boxes_v1/images/train/wound_azh_patches_59a8a7f008ee641169fb318aac9e2c50_0.jpg,data/datasets/yolo_wound_boxes_v1/labels/train/wound_azh_patches_59a8a7f008ee641169fb318aac9e2c50_0.txt,azh_patches,data/datasets/external/azh_patches/train/images/59a8a7f008ee641169fb318aac9e2c50_0.png,PUBLIC_REAL_PHOTOS,86e1c8334b07008502e57a403e87ecb1c9545ca38993f45c998b26a0ab20736e,1,2
wound_azh_patches_59d85a06bbfbfa3ee0b7913c87a52546_0,train,azh:59d85a06bbfbfa3ee0b7913c87a52546,data/datasets/yolo_wound_boxes_v1/images/train/wound_azh_patches_59d85a06bbfbfa3ee0b7913c87a52546_0.jpg,data/datasets/yolo_wound_boxes_v1/labels/train/wound_azh_patches_59d85a06bbfbfa3ee0b7913c87a52546_0.txt,azh_patches,data/datasets/external/azh_patches/train/images/59d85a06bbfbfa3ee0b7913c87a52546_0.png,PUBLIC_REAL_PHOTOS,6b9630d78bb77659b9629701f8adfb492d85fb45cc9ef5649566b2ede0e04d8e,1,2
wound_azh_patches_5ba3ae56f8359fe0858e7c377c0f851c_0,train,azh:5ba3ae56f8359fe0858e7c377c0f851c,data/datasets/yolo_wound_boxes_v1/images/train/wound_azh_patches_5ba3ae56f8359fe0858e7c377c0f851c_0.jpg,data/datasets/yolo_wound_boxes_v1/labels/train/wound_azh_patches_5ba3ae56f8359fe0858e7c377c0f851c_0.txt,azh_patches,data/datasets/external/azh_patches/train/images/5ba3ae56f8359fe0858e7c377c0f851c_0.png,PUBLIC_REAL_PHOTOS,f5cf5d7bf41c17a6c1d815130172d77c08b921c765e24b4ed2cf0e1eeb9adb23,1,2
wound_azh_patches_5bba8620466469e01bd9ab5ae9f06448_0,train,azh:5bba8620466469e01bd9ab5ae9f06448,data/datasets/yolo_wound_boxes_v1/images/train/wound_azh_patches_5bba8620466469e01bd9ab5ae9f06448_0.jpg,data/datasets/yolo_wound_boxes_v1/labels/train/wound_azh_patches_5bba8620466469e01bd9ab5ae9f06448_0.txt,azh_patches,data/datasets/external/azh_patches/train/images/5bba8620466469e01bd9ab5ae9f06448_0.png,PUBLIC_REAL_PHOTOS,37c28b7817aadb00090f90ed4e96766a7bc7eba5931ffff95c7caf29152535eb,1,2
wound_azh_patches_5bba8620466469e01bd9ab5ae9f06448_1,train,azh:5bba8620466469e01bd9ab5ae9f06448,data/datasets/yolo_wound_boxes_v1/images/train/wound_azh_patches_5bba8620466469e01bd9ab5ae9f06448_1.jpg,data/datasets/yolo_wound_boxes_v1/labels/train/wound_azh_patches_5bba8620466469e01bd9ab5ae9f06448_1.txt,azh_patches,data/datasets/external/azh_patches/train/images/5bba8620466469e01bd9ab5ae9f06448_1.png,PUBLIC_REAL_PHOTOS,15f263407589fdd82a45d4fd5079d579111b00edc23b6215c3533e207e06f019,1,2
wound_azh_patches_5be92f4ce89771e9322a20063624483d_1,train,azh:5be92f4ce89771e9322a20063624483d,data/datasets/yolo_wound_boxes_v1/images/train/wound_azh_patches_5be92f4ce89771e9322a20063624483d_1.jpg,data/datasets/yolo_wound_boxes_v1/labels/train/wound_azh_patches_5be92f4ce89771e9322a20063624483d_1.txt,azh_patches,data/datasets/external/azh_patches/train/images/5be92f4ce89771e9322a20063624483d_1.png,PUBLIC_REAL_PHOTOS,fa1dac6b5fc2862c47b4e2e71e378c49a9934d789d73861504c021b9bb6a4947,1,2
wound_azh_patches_5c110aa03c68726fcd94a8b3704d8a1f_0,train,azh:5c110aa03c68726fcd94a8b3704d8a1f,data/datasets/yolo_wound_boxes_v1/images/train/wound_azh_patches_5c110aa03c68726fcd94a8b3704d8a1f_0.jpg,data/datasets/yolo_wound_boxes_v1/labels/train/wound_azh_patches_5c110aa03c68726fcd94a8b3704d8a1f_0.txt,azh_patches,data/datasets/external/azh_patches/train/images/5c110aa03c68726fcd94a8b3704d8a1f_0.png,PUBLIC_REAL_PHOTOS,64ea58706d7b9a7c7e61ff346688b76f4cd8ffd57f7e0bf80a170f8e1fc0c977,1,2
wound_azh_patches_5c6cbbbd21476ddcd9e65d9af64d3ca0_0,train,azh:5c6cbbbd21476ddcd9e65d9af64d3ca0,data/datasets/yolo_wound_boxes_v1/images/train/wound_azh_patches_5c6cbbbd21476ddcd9e65d9af64d3ca0_0.jpg,data/datasets/yolo_wound_boxes_v1/labels/train/wound_azh_patches_5c6cbbbd21476ddcd9e65d9af64d3ca0_0.txt,azh_patches,data/datasets/external/azh_patches/train/images/5c6cbbbd21476ddcd9e65d9af64d3ca0_0.png,PUBLIC_REAL_PHOTOS,e6d046fdeeab76fe889452f5b9276cc72ae64db29af8f83aae0d2a4ab942ff14,1,2
wound_azh_patches_5c73b842f2fe0c289cb2a6d4326ba406_0,train,azh:5c73b842f2fe0c289cb2a6d4326ba406,data/datasets/yolo_wound_boxes_v1/images/train/wound_azh_patches_5c73b842f2fe0c289cb2a6d4326ba406_0.jpg,data/datasets/yolo_wound_boxes_v1/labels/train/wound_azh_patches_5c73b842f2fe0c289cb2a6d4326ba406_0.txt,azh_patches,data/datasets/external/azh_patches/train/images/5c73b842f2fe0c289cb2a6d4326ba406_0.png,PUBLIC_REAL_PHOTOS,7b4eafe2e613e5c8c0e9e85c518bfbc5ba2c5d19ecb000159354d3e06cceb67a,1,2
wound_azh_patches_5c9c9b9e3f1d124c504365cda09afb24_0,train,azh:5c9c9b9e3f1d124c504365cda09afb24,data/datasets/yolo_wound_boxes_v1/images/train/wound_azh_patches_5c9c9b9e3f1d124c504365cda09afb24_0.jpg,data/datasets/yolo_wound_boxes_v1/labels/train/wound_azh_patches_5c9c9b9e3f1d124c504365cda09afb24_0.txt,azh_patches,data/datasets/external/azh_patches/train/images/5c9c9b9e3f1d124c504365cda09afb24_0.png,PUBLIC_REAL_PHOTOS,f0fa21fbf9f5290591cc7d127bbf0e990fad548b74b4444e61f0db87b1c67497,1,2
wound_azh_patches_5d095d8d9da705f383582f9b9fc4dcfe_0,val,azh:5d095d8d9da705f383582f9b9fc4dcfe,data/datasets/yolo_wound_boxes_v1/images/val/wound_azh_patches_5d095d8d9da705f383582f9b9fc4dcfe_0.jpg,data/datasets/yolo_wound_boxes_v1/labels/val/wound_azh_patches_5d095d8d9da705f383582f9b9fc4dcfe_0.txt,azh_patches,data/datasets/external/azh_patches/train/images/5d095d8d9da705f383582f9b9fc4dcfe_0.png,PUBLIC_REAL_PHOTOS,a630af837d598030f46704bdd8681f687950c7f3faa9883dd2dca02f3d0ad994,1,2
wound_azh_patches_5db20f5af988d46bac432db183d2b2ad_0,train,azh:5db20f5af988d46bac432db183d2b2ad,data/datasets/yolo_wound_boxes_v1/images/train/wound_azh_patches_5db20f5af988d46bac432db183d2b2ad_0.jpg,data/datasets/yolo_wound_boxes_v1/labels/train/wound_azh_patches_5db20f5af988d46bac432db183d2b2ad_0.txt,azh_patches,data/datasets/external/azh_patches/train/images/5db20f5af988d46bac432db183d2b2ad_0.png,PUBLIC_REAL_PHOTOS,433fc4105cf6fe613841f16fffb8067c65fa2ab27e8045e489915412c6935389,1,2
wound_azh_patches_5dcdf3aeb0f1eb0bed843dc8e87db7f2_0,train,azh:5dcdf3aeb0f1eb0bed843dc8e87db7f2,data/datasets/yolo_wound_boxes_v1/images/train/wound_azh_patches_5dcdf3aeb0f1eb0bed843dc8e87db7f2_0.jpg,data/datasets/yolo_wound_boxes_v1/labels/train/wound_azh_patches_5dcdf3aeb0f1eb0bed843dc8e87db7f2_0.txt,azh_patches,data/datasets/external/azh_patches/train/images/5dcdf3aeb0f1eb0bed843dc8e87db7f2_0.png,PUBLIC_REAL_PHOTOS,3c225cc5616b39fa69e0e22ecf6bd2c3920599bfa8807f1c75b8573294144c64,1,2
wound_azh_patches_5dfd465cc53b71458398e795c058172f_0,train,azh:5dfd465cc53b71458398e795c058172f,data/datasets/yolo_wound_boxes_v1/images/train/wound_azh_patches_5dfd465cc53b71458398e795c058172f_0.jpg,data/datasets/yolo_wound_boxes_v1/labels/train/wound_azh_patches_5dfd465cc53b71458398e795c058172f_0.txt,azh_patches,data/datasets/external/azh_patches/train/images/5dfd465cc53b71458398e795c058172f_0.png,PUBLIC_REAL_PHOTOS,44a72a1aeacdaf1eaca8a080868c77dc7ab2519cecc535879d97a87a03824c94,1,2
wound_azh_patches_5e20328f3e246c507a14001960d8c136_0,train,azh:5e20328f3e246c507a14001960d8c136,data/datasets/yolo_wound_boxes_v1/images/train/wound_azh_patches_5e20328f3e246c507a14001960d8c136_0.jpg,data/datasets/yolo_wound_boxes_v1/labels/train/wound_azh_patches_5e20328f3e246c507a14001960d8c136_0.txt,azh_patches,data/datasets/external/azh_patches/train/images/5e20328f3e246c507a14001960d8c136_0.png,PUBLIC_REAL_PHOTOS,4fe4f7aa085e06f3be2a533b0e3f5c4690291a24e046a0743e1ed75256d711fd,1,2
wound_azh_patches_5e205dcfcc2f82ba93d6056f3c7c9534_0,train,azh:5e205dcfcc2f82ba93d6056f3c7c9534,data/datasets/yolo_wound_boxes_v1/images/train/wound_azh_patches_5e205dcfcc2f82ba93d6056f3c7c9534_0.jpg,data/datasets/yolo_wound_boxes_v1/labels/train/wound_azh_patches_5e205dcfcc2f82ba93d6056f3c7c9534_0.txt,azh_patches,data/datasets/external/azh_patches/train/images/5e205dcfcc2f82ba93d6056f3c7c9534_0.png,PUBLIC_REAL_PHOTOS,df419cf9a3c238788521b0a3c5b7c63687e41b6408b792757f8c4f54f721b4d0,1,2
wound_azh_patches_5e5942e7ea78db4e9f0a6bdf8304421b_0,train,azh:5e5942e7ea78db4e9f0a6bdf8304421b,data/datasets/yolo_wound_boxes_v1/images/train/wound_azh_patches_5e5942e7ea78db4e9f0a6bdf8304421b_0.jpg,data/datasets/yolo_wound_boxes_v1/labels/train/wound_azh_patches_5e5942e7ea78db4e9f0a6bdf8304421b_0.txt,azh_patches,data/datasets/external/azh_patches/train/images/5e5942e7ea78db4e9f0a6bdf8304421b_0.png,PUBLIC_REAL_PHOTOS,85d283b2c1536641ebf64227bdf18a77466d9505d4e5e54d0816d81bb5575628,1,2
wound_azh_patches_5e8cc2b5bb44e1bddd4b9afc43b6252f_0,val,azh:5e8cc2b5bb44e1bddd4b9afc43b6252f,data/datasets/yolo_wound_boxes_v1/images/val/wound_azh_patches_5e8cc2b5bb44e1bddd4b9afc43b6252f_0.jpg,data/datasets/yolo_wound_boxes_v1/labels/val/wound_azh_patches_5e8cc2b5bb44e1bddd4b9afc43b6252f_0.txt,azh_patches,data/datasets/external/azh_patches/train/images/5e8cc2b5bb44e1bddd4b9afc43b6252f_0.png,PUBLIC_REAL_PHOTOS,1d749b698854b6a8a60eb6c64a6502b9ff1bf0deecfbaffe10669fba4c68d3c5,1,2
wound_azh_patches_5ea609f26006ac443d9c1ba35cd76033_0,train,azh:5ea609f26006ac443d9c1ba35cd76033,data/datasets/yolo_wound_boxes_v1/images/train/wound_azh_patches_5ea609f26006ac443d9c1ba35cd76033_0.jpg,data/datasets/yolo_wound_boxes_v1/labels/train/wound_azh_patches_5ea609f26006ac443d9c1ba35cd76033_0.txt,azh_patches,data/datasets/external/azh_patches/train/images/5ea609f26006ac443d9c1ba35cd76033_0.png,PUBLIC_REAL_PHOTOS,88579e6f8aa61c1c4ea45ebdc975aeafdcf8e80f412c500cb4b82ef214b12943,1,2
wound_azh_patches_5eaa2cf3f82c9fd693ca0a67e9bfd3eb_0,val,azh:5eaa2cf3f82c9fd693ca0a67e9bfd3eb,data/datasets/yolo_wound_boxes_v1/images/val/wound_azh_patches_5eaa2cf3f82c9fd693ca0a67e9bfd3eb_0.jpg,data/datasets/yolo_wound_boxes_v1/labels/val/wound_azh_patches_5eaa2cf3f82c9fd693ca0a67e9bfd3eb_0.txt,azh_patches,data/datasets/external/azh_patches/train/images/5eaa2cf3f82c9fd693ca0a67e9bfd3eb_0.png,PUBLIC_REAL_PHOTOS,fb94f0f0b6a9902025ec35d23a3d92a4e17d12825b23ea0b447d166834df8e91,1,2
wound_azh_patches_5eaa2cf3f82c9fd693ca0a67e9bfd3eb_1,val,azh:5eaa2cf3f82c9fd693ca0a67e9bfd3eb,data/datasets/yolo_wound_boxes_v1/images/val/wound_azh_patches_5eaa2cf3f82c9fd693ca0a67e9bfd3eb_1.jpg,data/datasets/yolo_wound_boxes_v1/labels/val/wound_azh_patches_5eaa2cf3f82c9fd693ca0a67e9bfd3eb_1.txt,azh_patches,data/datasets/external/azh_patches/train/images/5eaa2cf3f82c9fd693ca0a67e9bfd3eb_1.png,PUBLIC_REAL_PHOTOS,fd288c92364ee78f41c687b0fd36e9ff3f28ace44fb3b44fa7e07b19a0ae0cfb,1,2
wound_azh_patches_5ef13b806c0d5da68c9ba3b3d6ba9021_0,test,azh:5ef13b806c0d5da68c9ba3b3d6ba9021,data/datasets/yolo_wound_boxes_v1/images/test/wound_azh_patches_5ef13b806c0d5da68c9ba3b3d6ba9021_0.jpg,data/datasets/yolo_wound_boxes_v1/labels/test/wound_azh_patches_5ef13b806c0d5da68c9ba3b3d6ba9021_0.txt,azh_patches,data/datasets/external/azh_patches/train/images/5ef13b806c0d5da68c9ba3b3d6ba9021_0.png,PUBLIC_REAL_PHOTOS,7f17b20b8bf97e40987eba09c7ac360c042e0ffec6f552dca937b53410b90754,1,2
wound_azh_patches_5f01e2ce93600bc3f829a742dd85f453_0,train,azh:5f01e2ce93600bc3f829a742dd85f453,data/datasets/yolo_wound_boxes_v1/images/train/wound_azh_patches_5f01e2ce93600bc3f829a742dd85f453_0.jpg,data/datasets/yolo_wound_boxes_v1/labels/train/wound_azh_patches_5f01e2ce93600bc3f829a742dd85f453_0.txt,azh_patches,data/datasets/external/azh_patches/train/images/5f01e2ce93600bc3f829a742dd85f453_0.png,PUBLIC_REAL_PHOTOS,75a949b53159c31e9f42bc0ee12d8a5e849b1959bd771ea1edc3137343fc365a,1,2
wound_azh_patches_5f01e2ce93600bc3f829a742dd85f453_1,train,azh:5f01e2ce93600bc3f829a742dd85f453,data/datasets/yolo_wound_boxes_v1/images/train/wound_azh_patches_5f01e2ce93600bc3f829a742dd85f453_1.jpg,data/datasets/yolo_wound_boxes_v1/labels/train/wound_azh_patches_5f01e2ce93600bc3f829a742dd85f453_1.txt,azh_patches,data/datasets/external/azh_patches/train/images/5f01e2ce93600bc3f829a742dd85f453_1.png,PUBLIC_REAL_PHOTOS,1236f575020a9426cdae387fa2f2333f7ce02bdf339d41da7a14d5d963c5e55a,1,2
wound_azh_patches_5f01e2ce93600bc3f829a742dd85f453_2,train,azh:5f01e2ce93600bc3f829a742dd85f453,data/datasets/yolo_wound_boxes_v1/images/train/wound_azh_patches_5f01e2ce93600bc3f829a742dd85f453_2.jpg,data/datasets/yolo_wound_boxes_v1/labels/train/wound_azh_patches_5f01e2ce93600bc3f829a742dd85f453_2.txt,azh_patches,data/datasets/external/azh_patches/train/images/5f01e2ce93600bc3f829a742dd85f453_2.png,PUBLIC_REAL_PHOTOS,06c1765ff796b616c10f7502485b96e43fd4d24e00e7af778492385aad07cba1,1,2
wound_azh_patches_5f48b9f2e78eba692c1de5c8bfb95231_1,val,azh:5f48b9f2e78eba692c1de5c8bfb95231,data/datasets/yolo_wound_boxes_v1/images/val/wound_azh_patches_5f48b9f2e78eba692c1de5c8bfb95231_1.jpg,data/datasets/yolo_wound_boxes_v1/labels/val/wound_azh_patches_5f48b9f2e78eba692c1de5c8bfb95231_1.txt,azh_patches,data/datasets/external/azh_patches/train/images/5f48b9f2e78eba692c1de5c8bfb95231_1.png,PUBLIC_REAL_PHOTOS,192453414dac72451ee2775b5b86f889bb2fe38f9486639412269e98581a4550,1,2
wound_azh_patches_5fda1a9b96d7be43ad8e3b9e8bdc6215_0,train,azh:5fda1a9b96d7be43ad8e3b9e8bdc6215,data/datasets/yolo_wound_boxes_v1/images/train/wound_azh_patches_5fda1a9b96d7be43ad8e3b9e8bdc6215_0.jpg,data/datasets/yolo_wound_boxes_v1/labels/train/wound_azh_patches_5fda1a9b96d7be43ad8e3b9e8bdc6215_0.txt,azh_patches,data/datasets/external/azh_patches/train/images/5fda1a9b96d7be43ad8e3b9e8bdc6215_0.png,PUBLIC_REAL_PHOTOS,00d8a03571c10a1eb1ff72f748f2177c683cef08a1e49271db77a082a9b707e7,1,2
wound_azh_patches_6033416ddc1c66b45f8f6974fb1220c4_0,train,azh:6033416ddc1c66b45f8f6974fb1220c4,data/datasets/yolo_wound_boxes_v1/images/train/wound_azh_patches_6033416ddc1c66b45f8f6974fb1220c4_0.jpg,data/datasets/yolo_wound_boxes_v1/labels/train/wound_azh_patches_6033416ddc1c66b45f8f6974fb1220c4_0.txt,azh_patches,data/datasets/external/azh_patches/train/images/6033416ddc1c66b45f8f6974fb1220c4_0.png,PUBLIC_REAL_PHOTOS,8dd76256af662a1ec30383e1de4ed89da2c86f4d262730633b597c1074a5ce97,1,2
wound_azh_patches_60740bef4f762d71f81682eb0cb5a411_0,train,azh:60740bef4f762d71f81682eb0cb5a411,data/datasets/yolo_wound_boxes_v1/images/train/wound_azh_patches_60740bef4f762d71f81682eb0cb5a411_0.jpg,data/datasets/yolo_wound_boxes_v1/labels/train/wound_azh_patches_60740bef4f762d71f81682eb0cb5a411_0.txt,azh_patches,data/datasets/external/azh_patches/train/images/60740bef4f762d71f81682eb0cb5a411_0.png,PUBLIC_REAL_PHOTOS,9886efdab041571708c99a00fe098b67eea87fdcfbc029e85abc83d01685c607,1,2
wound_azh_patches_60740bef4f762d71f81682eb0cb5a411_1,train,azh:60740bef4f762d71f81682eb0cb5a411,data/datasets/yolo_wound_boxes_v1/images/train/wound_azh_patches_60740bef4f762d71f81682eb0cb5a411_1.jpg,data/datasets/yolo_wound_boxes_v1/labels/train/wound_azh_patches_60740bef4f762d71f81682eb0cb5a411_1.txt,azh_patches,data/datasets/external/azh_patches/train/images/60740bef4f762d71f81682eb0cb5a411_1.png,PUBLIC_REAL_PHOTOS,f2f30e7c85769f8f0c11d377c6100f4deec36e3f5ffbade44fe99889abbf588f,1,2
wound_azh_patches_6083797b961a5fc82b84d609faebbb0b_0,train,azh:6083797b961a5fc82b84d609faebbb0b,data/datasets/yolo_wound_boxes_v1/images/train/wound_azh_patches_6083797b961a5fc82b84d609faebbb0b_0.jpg,data/datasets/yolo_wound_boxes_v1/labels/train/wound_azh_patches_6083797b961a5fc82b84d609faebbb0b_0.txt,azh_patches,data/datasets/external/azh_patches/train/images/6083797b961a5fc82b84d609faebbb0b_0.png,PUBLIC_REAL_PHOTOS,f1007d1db6db8df0e77b71bfd22d6b1a950954d5188532d7c0398e8fd2cd1e09,1,2
wound_azh_patches_60bb83cb076bd12b205ee26516e8e070_0,train,azh:60bb83cb076bd12b205ee26516e8e070,data/datasets/yolo_wound_boxes_v1/images/train/wound_azh_patches_60bb83cb076bd12b205ee26516e8e070_0.jpg,data/datasets/yolo_wound_boxes_v1/labels/train/wound_azh_patches_60bb83cb076bd12b205ee26516e8e070_0.txt,azh_patches,data/datasets/external/azh_patches/train/images/60bb83cb076bd12b205ee26516e8e070_0.png,PUBLIC_REAL_PHOTOS,89b54366f1d6ee67d19353a368bf7e1702593e7cddc54b11f716161e1746a0bf,1,2
wound_azh_patches_613f31cd8460cc4a46ef740cf8dd0c43_0,test,azh:613f31cd8460cc4a46ef740cf8dd0c43,data/datasets/yolo_wound_boxes_v1/images/test/wound_azh_patches_613f31cd8460cc4a46ef740cf8dd0c43_0.jpg,data/datasets/yolo_wound_boxes_v1/labels/test/wound_azh_patches_613f31cd8460cc4a46ef740cf8dd0c43_0.txt,azh_patches,data/datasets/external/azh_patches/train/images/613f31cd8460cc4a46ef740cf8dd0c43_0.png,PUBLIC_REAL_PHOTOS,6b44992856f31e4b9a893be59bbfb4abb231883ffdfb73aebe48e68b5cd5a24a,1,2
wound_azh_patches_6166651a6da51e586f355b9981ed2caa_0,train,azh:6166651a6da51e586f355b9981ed2caa,data/datasets/yolo_wound_boxes_v1/images/train/wound_azh_patches_6166651a6da51e586f355b9981ed2caa_0.jpg,data/datasets/yolo_wound_boxes_v1/labels/train/wound_azh_patches_6166651a6da51e586f355b9981ed2caa_0.txt,azh_patches,data/datasets/external/azh_patches/train/images/6166651a6da51e586f355b9981ed2caa_0.png,PUBLIC_REAL_PHOTOS,f3a5298f8e8fe0ffb1fe677ea76b1a7f075895b1fecdd07e884741dfc27143e8,1,2
wound_azh_patches_6188d90292bc07a97be430b59e9f97ff_0,train,azh:6188d90292bc07a97be430b59e9f97ff,data/datasets/yolo_wound_boxes_v1/images/train/wound_azh_patches_6188d90292bc07a97be430b59e9f97ff_0.jpg,data/datasets/yolo_wound_boxes_v1/labels/train/wound_azh_patches_6188d90292bc07a97be430b59e9f97ff_0.txt,azh_patches,data/datasets/external/azh_patches/train/images/6188d90292bc07a97be430b59e9f97ff_0.png,PUBLIC_REAL_PHOTOS,38de46094416547c92d673b8d9908bcfb8b17e09b5a88f2c250b462575aff6b1,1,2
wound_azh_patches_61dfd31019c941d34b7661056af0a125_0,train,azh:61dfd31019c941d34b7661056af0a125,data/datasets/yolo_wound_boxes_v1/images/train/wound_azh_patches_61dfd31019c941d34b7661056af0a125_0.jpg,data/datasets/yolo_wound_boxes_v1/labels/train/wound_azh_patches_61dfd31019c941d34b7661056af0a125_0.txt,azh_patches,data/datasets/external/azh_patches/train/images/61dfd31019c941d34b7661056af0a125_0.png,PUBLIC_REAL_PHOTOS,eb0f5477529a3724f99e16446bfc6eaabbde962e4c3a19751e090aa961b4476f,1,2
wound_azh_patches_61dfd31019c941d34b7661056af0a125_1,train,azh:61dfd31019c941d34b7661056af0a125,data/datasets/yolo_wound_boxes_v1/images/train/wound_azh_patches_61dfd31019c941d34b7661056af0a125_1.jpg,data/datasets/yolo_wound_boxes_v1/labels/train/wound_azh_patches_61dfd31019c941d34b7661056af0a125_1.txt,azh_patches,data/datasets/external/azh_patches/train/images/61dfd31019c941d34b7661056af0a125_1.png,PUBLIC_REAL_PHOTOS,df3ffb9fefd44ac9cfb42ad208f035fb15418c044bfbf8911d87b061fb3bc698,1,2
wound_azh_patches_61dfd31019c941d34b7661056af0a125_2,train,azh:61dfd31019c941d34b7661056af0a125,data/datasets/yolo_wound_boxes_v1/images/train/wound_azh_patches_61dfd31019c941d34b7661056af0a125_2.jpg,data/datasets/yolo_wound_boxes_v1/labels/train/wound_azh_patches_61dfd31019c941d34b7661056af0a125_2.txt,azh_patches,data/datasets/external/azh_patches/train/images/61dfd31019c941d34b7661056af0a125_2.png,PUBLIC_REAL_PHOTOS,3ac237a768aecbd5956e8a558ea4f18d5d8b2b309cc548cda59a2ee3c96727cd,1,2
wound_azh_patches_61dfd31019c941d34b7661056af0a125_3,train,azh:61dfd31019c941d34b7661056af0a125,data/datasets/yolo_wound_boxes_v1/images/train/wound_azh_patches_61dfd31019c941d34b7661056af0a125_3.jpg,data/datasets/yolo_wound_boxes_v1/labels/train/wound_azh_patches_61dfd31019c941d34b7661056af0a125_3.txt,azh_patches,data/datasets/external/azh_patches/train/images/61dfd31019c941d34b7661056af0a125_3.png,PUBLIC_REAL_PHOTOS,22127a7c5867ce71ca6009d3e2e51dc584f94a7ee50a32f0bebde8fe4bdf005a,1,2
wound_azh_patches_6203bb4b7a25593fdcf86b142263ab81_0,train,azh:6203bb4b7a25593fdcf86b142263ab81,data/datasets/yolo_wound_boxes_v1/images/train/wound_azh_patches_6203bb4b7a25593fdcf86b142263ab81_0.jpg,data/datasets/yolo_wound_boxes_v1/labels/train/wound_azh_patches_6203bb4b7a25593fdcf86b142263ab81_0.txt,azh_patches,data/datasets/external/azh_patches/train/images/6203bb4b7a25593fdcf86b142263ab81_0.png,PUBLIC_REAL_PHOTOS,659826495868e3d3fafa6c0b99c4261fcc8118da61655213af9bc64cb6c34aec,1,2
wound_azh_patches_62a5926e5ed687aa3d4de06ae2ab1ec9_0,train,azh:62a5926e5ed687aa3d4de06ae2ab1ec9,data/datasets/yolo_wound_boxes_v1/images/train/wound_azh_patches_62a5926e5ed687aa3d4de06ae2ab1ec9_0.jpg,data/datasets/yolo_wound_boxes_v1/labels/train/wound_azh_patches_62a5926e5ed687aa3d4de06ae2ab1ec9_0.txt,azh_patches,data/datasets/external/azh_patches/train/images/62a5926e5ed687aa3d4de06ae2ab1ec9_0.png,PUBLIC_REAL_PHOTOS,510fb0343982ca45b4cf63fad7ca7a541cb74e5530620cbd39600eab0d420516,1,2
wound_azh_patches_63b3fee11f7189b90a5b282f95fab3d4_0,val,azh:63b3fee11f7189b90a5b282f95fab3d4,data/datasets/yolo_wound_boxes_v1/images/val/wound_azh_patches_63b3fee11f7189b90a5b282f95fab3d4_0.jpg,data/datasets/yolo_wound_boxes_v1/labels/val/wound_azh_patches_63b3fee11f7189b90a5b282f95fab3d4_0.txt,azh_patches,data/datasets/external/azh_patches/train/images/63b3fee11f7189b90a5b282f95fab3d4_0.png,PUBLIC_REAL_PHOTOS,c8ad420815a678f3af0abf40575b61c6f7cf86a81c44b885921816227fd6c389,1,2
wound_azh_patches_6421b19d29b0cc55df9c6c7c6db481db_0,train,azh:6421b19d29b0cc55df9c6c7c6db481db,data/datasets/yolo_wound_boxes_v1/images/train/wound_azh_patches_6421b19d29b0cc55df9c6c7c6db481db_0.jpg,data/datasets/yolo_wound_boxes_v1/labels/train/wound_azh_patches_6421b19d29b0cc55df9c6c7c6db481db_0.txt,azh_patches,data/datasets/external/azh_patches/train/images/6421b19d29b0cc55df9c6c7c6db481db_0.png,PUBLIC_REAL_PHOTOS,1d0fe2baa2ee687774dda5b287d51d869cff0dcd6d1b54a28479a63843e11a8f,1,2
wound_azh_patches_64cf577fd46fc2479e1e455892cbde1d_0,train,azh:64cf577fd46fc2479e1e455892cbde1d,data/datasets/yolo_wound_boxes_v1/images/train/wound_azh_patches_64cf577fd46fc2479e1e455892cbde1d_0.jpg,data/datasets/yolo_wound_boxes_v1/labels/train/wound_azh_patches_64cf577fd46fc2479e1e455892cbde1d_0.txt,azh_patches,data/datasets/external/azh_patches/train/images/64cf577fd46fc2479e1e455892cbde1d_0.png,PUBLIC_REAL_PHOTOS,65a6da88c5ea1ebd7ccf9aa79d8e81e4d6e5f77f9c9fda0ebffbce70faca39cf,1,2
wound_azh_patches_64e6a3aa1698c158801cf38599ffe365_0,val,azh:64e6a3aa1698c158801cf38599ffe365,data/datasets/yolo_wound_boxes_v1/images/val/wound_azh_patches_64e6a3aa1698c158801cf38599ffe365_0.jpg,data/datasets/yolo_wound_boxes_v1/labels/val/wound_azh_patches_64e6a3aa1698c158801cf38599ffe365_0.txt,azh_patches,data/datasets/external/azh_patches/train/images/64e6a3aa1698c158801cf38599ffe365_0.png,PUBLIC_REAL_PHOTOS,2f7bad0fd21d41bc044bf8436b8e9d214044317993075b74de7dd71f5a1591e0,1,2
wound_azh_patches_6525910e4e101ca0d804423b635844fc_0,train,azh:6525910e4e101ca0d804423b635844fc,data/datasets/yolo_wound_boxes_v1/images/train/wound_azh_patches_6525910e4e101ca0d804423b635844fc_0.jpg,data/datasets/yolo_wound_boxes_v1/labels/train/wound_azh_patches_6525910e4e101ca0d804423b635844fc_0.txt,azh_patches,data/datasets/external/azh_patches/train/images/6525910e4e101ca0d804423b635844fc_0.png,PUBLIC_REAL_PHOTOS,4fa5e91761ad98dcd3d12e5d5d1d5574a3638cc303f429f0a8934c1241d10fdf,1,2
wound_azh_patches_65992c4c7772aee7761be2a5c24c774b_0,train,azh:65992c4c7772aee7761be2a5c24c774b,data/datasets/yolo_wound_boxes_v1/images/train/wound_azh_patches_65992c4c7772aee7761be2a5c24c774b_0.jpg,data/datasets/yolo_wound_boxes_v1/labels/train/wound_azh_patches_65992c4c7772aee7761be2a5c24c774b_0.txt,azh_patches,data/datasets/external/azh_patches/train/images/65992c4c7772aee7761be2a5c24c774b_0.png,PUBLIC_REAL_PHOTOS,80719a7eafbe0d43d88dca1ceefe5c015203f4c7cf2a07942e81ec4ba9baf84a,1,2
wound_azh_patches_659feb857be9ce90388f43125594e660_0,train,azh:659feb857be9ce90388f43125594e660,data/datasets/yolo_wound_boxes_v1/images/train/wound_azh_patches_659feb857be9ce90388f43125594e660_0.jpg,data/datasets/yolo_wound_boxes_v1/labels/train/wound_azh_patches_659feb857be9ce90388f43125594e660_0.txt,azh_patches,data/datasets/external/azh_patches/train/images/659feb857be9ce90388f43125594e660_0.png,PUBLIC_REAL_PHOTOS,d26a8855ca5b864bc442dcf40dfc55091667825c0a57338a6d9c0f9bc76deb50,1,2
wound_azh_patches_65e1bf0f816af7aaa03576b0975b6a83_1,test,azh:65e1bf0f816af7aaa03576b0975b6a83,data/datasets/yolo_wound_boxes_v1/images/test/wound_azh_patches_65e1bf0f816af7aaa03576b0975b6a83_1.jpg,data/datasets/yolo_wound_boxes_v1/labels/test/wound_azh_patches_65e1bf0f816af7aaa03576b0975b6a83_1.txt,azh_patches,data/datasets/external/azh_patches/train/images/65e1bf0f816af7aaa03576b0975b6a83_1.png,PUBLIC_REAL_PHOTOS,e4ca4b28334b77b1add66c05d442892f7083e29ecb206ebb83f8d169c5d7f093,1,2
wound_azh_patches_6676a3130478cdd611feeff96af877a8_0,train,azh:6676a3130478cdd611feeff96af877a8,data/datasets/yolo_wound_boxes_v1/images/train/wound_azh_patches_6676a3130478cdd611feeff96af877a8_0.jpg,data/datasets/yolo_wound_boxes_v1/labels/train/wound_azh_patches_6676a3130478cdd611feeff96af877a8_0.txt,azh_patches,data/datasets/external/azh_patches/train/images/6676a3130478cdd611feeff96af877a8_0.png,PUBLIC_REAL_PHOTOS,89ae1f9041cec63595dfb3e80a011cd335a314836bad3014d7c0a88fa4ecf980,1,2
wound_azh_patches_667a4eea3933cbb713a966e4bfeda385_0,train,azh:667a4eea3933cbb713a966e4bfeda385,data/datasets/yolo_wound_boxes_v1/images/train/wound_azh_patches_667a4eea3933cbb713a966e4bfeda385_0.jpg,data/datasets/yolo_wound_boxes_v1/labels/train/wound_azh_patches_667a4eea3933cbb713a966e4bfeda385_0.txt,azh_patches,data/datasets/external/azh_patches/train/images/667a4eea3933cbb713a966e4bfeda385_0.png,PUBLIC_REAL_PHOTOS,faeee48e3d40aa5e2332b0c21a590921ab30e7d483d5cdf180b036b86fccdc98,1,2
wound_azh_patches_66cf43c81c8ff6979027706db5aca769_0,val,azh:66cf43c81c8ff6979027706db5aca769,data/datasets/yolo_wound_boxes_v1/images/val/wound_azh_patches_66cf43c81c8ff6979027706db5aca769_0.jpg,data/datasets/yolo_wound_boxes_v1/labels/val/wound_azh_patches_66cf43c81c8ff6979027706db5aca769_0.txt,azh_patches,data/datasets/external/azh_patches/train/images/66cf43c81c8ff6979027706db5aca769_0.png,PUBLIC_REAL_PHOTOS,a8ad8c6c605a15bb3b355e5aa741c855f50c943a5b8d86cb46913dcce71d0ce0,1,2
wound_azh_patches_66d84ec7340b9a573f4dbac6deb380af_0,train,azh:66d84ec7340b9a573f4dbac6deb380af,data/datasets/yolo_wound_boxes_v1/images/train/wound_azh_patches_66d84ec7340b9a573f4dbac6deb380af_0.jpg,data/datasets/yolo_wound_boxes_v1/labels/train/wound_azh_patches_66d84ec7340b9a573f4dbac6deb380af_0.txt,azh_patches,data/datasets/external/azh_patches/train/images/66d84ec7340b9a573f4dbac6deb380af_0.png,PUBLIC_REAL_PHOTOS,8cd05e4be41eaf6dec995dcf83f4f12f5aa7cba6a5dc8503c03439a3f0569010,1,2
wound_azh_patches_675f840779662b86eec3f556d46ac9e4_0,train,azh:675f840779662b86eec3f556d46ac9e4,data/datasets/yolo_wound_boxes_v1/images/train/wound_azh_patches_675f840779662b86eec3f556d46ac9e4_0.jpg,data/datasets/yolo_wound_boxes_v1/labels/train/wound_azh_patches_675f840779662b86eec3f556d46ac9e4_0.txt,azh_patches,data/datasets/external/azh_patches/train/images/675f840779662b86eec3f556d46ac9e4_0.png,PUBLIC_REAL_PHOTOS,4125735e970d45c825f2bc353f3654d9e0570335b9cd3b97b089c5b68b13060f,1,2
wound_azh_patches_67843a3f8e1a47e5f3da85ec25b6d603_0,train,azh:67843a3f8e1a47e5f3da85ec25b6d603,data/datasets/yolo_wound_boxes_v1/images/train/wound_azh_patches_67843a3f8e1a47e5f3da85ec25b6d603_0.jpg,data/datasets/yolo_wound_boxes_v1/labels/train/wound_azh_patches_67843a3f8e1a47e5f3da85ec25b6d603_0.txt,azh_patches,data/datasets/external/azh_patches/train/images/67843a3f8e1a47e5f3da85ec25b6d603_0.png,PUBLIC_REAL_PHOTOS,140f26ef11d47a723205e0e8dd303d1ec7a713889ae8653c44784d1b2faec479,1,2
wound_azh_patches_68bdd8588ed850b641eb874d3abc5d01_0,train,azh:68bdd8588ed850b641eb874d3abc5d01,data/datasets/yolo_wound_boxes_v1/images/train/wound_azh_patches_68bdd8588ed850b641eb874d3abc5d01_0.jpg,data/datasets/yolo_wound_boxes_v1/labels/train/wound_azh_patches_68bdd8588ed850b641eb874d3abc5d01_0.txt,azh_patches,data/datasets/external/azh_patches/train/images/68bdd8588ed850b641eb874d3abc5d01_0.png,PUBLIC_REAL_PHOTOS,39fc175c0ddd26a71dddbac61edd6fd4baf1ade226eaa31335665a5d15e5b538,1,2
wound_azh_patches_6912c91da7b5dfb67abff920a08a246a_0,val,azh:6912c91da7b5dfb67abff920a08a246a,data/datasets/yolo_wound_boxes_v1/images/val/wound_azh_patches_6912c91da7b5dfb67abff920a08a246a_0.jpg,data/datasets/yolo_wound_boxes_v1/labels/val/wound_azh_patches_6912c91da7b5dfb67abff920a08a246a_0.txt,azh_patches,data/datasets/external/azh_patches/train/images/6912c91da7b5dfb67abff920a08a246a_0.png,PUBLIC_REAL_PHOTOS,2413cfa9a3507e52c28169d35dfcfde394a837d5b7a7dc1d249578e34708a1a8,1,2
wound_azh_patches_6916d871eb54b7aa72a50e9fd746acb2_1,train,azh:6916d871eb54b7aa72a50e9fd746acb2,data/datasets/yolo_wound_boxes_v1/images/train/wound_azh_patches_6916d871eb54b7aa72a50e9fd746acb2_1.jpg,data/datasets/yolo_wound_boxes_v1/labels/train/wound_azh_patches_6916d871eb54b7aa72a50e9fd746acb2_1.txt,azh_patches,data/datasets/external/azh_patches/train/images/6916d871eb54b7aa72a50e9fd746acb2_1.png,PUBLIC_REAL_PHOTOS,d0a63a42d987f3fe2cc2ffbbc0730663f6e8c67bfa6c7e02d1907a47e11dcb09,1,2
wound_azh_patches_69d6c5c7c679d8775b5efaac8be99a1f_0,train,azh:69d6c5c7c679d8775b5efaac8be99a1f,data/datasets/yolo_wound_boxes_v1/images/train/wound_azh_patches_69d6c5c7c679d8775b5efaac8be99a1f_0.jpg,data/datasets/yolo_wound_boxes_v1/labels/train/wound_azh_patches_69d6c5c7c679d8775b5efaac8be99a1f_0.txt,azh_patches,data/datasets/external/azh_patches/train/images/69d6c5c7c679d8775b5efaac8be99a1f_0.png,PUBLIC_REAL_PHOTOS,70c91bd9577e912e3febc9280758aec0b8f23618f783d0ed6c5b20858efa5d7f,1,2
wound_azh_patches_69fcf456381561c8dacb1f27223661bf_0,train,azh:69fcf456381561c8dacb1f27223661bf,data/datasets/yolo_wound_boxes_v1/images/train/wound_azh_patches_69fcf456381561c8dacb1f27223661bf_0.jpg,data/datasets/yolo_wound_boxes_v1/labels/train/wound_azh_patches_69fcf456381561c8dacb1f27223661bf_0.txt,azh_patches,data/datasets/external/azh_patches/train/images/69fcf456381561c8dacb1f27223661bf_0.png,PUBLIC_REAL_PHOTOS,196e11243951fa8defc48e5321086732a81628d78b744f2d424b6f7399e318f0,1,2
wound_azh_patches_6a03aee791e036db57285fbc677cd463_0,val,azh:6a03aee791e036db57285fbc677cd463,data/datasets/yolo_wound_boxes_v1/images/val/wound_azh_patches_6a03aee791e036db57285fbc677cd463_0.jpg,data/datasets/yolo_wound_boxes_v1/labels/val/wound_azh_patches_6a03aee791e036db57285fbc677cd463_0.txt,azh_patches,data/datasets/external/azh_patches/train/images/6a03aee791e036db57285fbc677cd463_0.png,PUBLIC_REAL_PHOTOS,f476399b4a3a73998bfb4506d87db8c9e52a6633ddd7b13ba19a5b541197b60d,1,2
wound_azh_patches_6a09d7950126072829762d18e4303b1a_0,train,azh:6a09d7950126072829762d18e4303b1a,data/datasets/yolo_wound_boxes_v1/images/train/wound_azh_patches_6a09d7950126072829762d18e4303b1a_0.jpg,data/datasets/yolo_wound_boxes_v1/labels/train/wound_azh_patches_6a09d7950126072829762d18e4303b1a_0.txt,azh_patches,data/datasets/external/azh_patches/train/images/6a09d7950126072829762d18e4303b1a_0.png,PUBLIC_REAL_PHOTOS,540f6684ab65e22897c8cddaaf8172a4271a56e61d1ebf09cd782161fb4fd2b1,1,2
wound_azh_patches_6ae0729fa22bba50c7b8aff237cf502b_0,train,azh:6ae0729fa22bba50c7b8aff237cf502b,data/datasets/yolo_wound_boxes_v1/images/train/wound_azh_patches_6ae0729fa22bba50c7b8aff237cf502b_0.jpg,data/datasets/yolo_wound_boxes_v1/labels/train/wound_azh_patches_6ae0729fa22bba50c7b8aff237cf502b_0.txt,azh_patches,data/datasets/external/azh_patches/train/images/6ae0729fa22bba50c7b8aff237cf502b_0.png,PUBLIC_REAL_PHOTOS,a24cdebd280cf074644c4959ace48599147d9b5075306e2fef57e32fe64bc3b0,1,2
wound_azh_patches_6ae0729fa22bba50c7b8aff237cf502b_1,train,azh:6ae0729fa22bba50c7b8aff237cf502b,data/datasets/yolo_wound_boxes_v1/images/train/wound_azh_patches_6ae0729fa22bba50c7b8aff237cf502b_1.jpg,data/datasets/yolo_wound_boxes_v1/labels/train/wound_azh_patches_6ae0729fa22bba50c7b8aff237cf502b_1.txt,azh_patches,data/datasets/external/azh_patches/train/images/6ae0729fa22bba50c7b8aff237cf502b_1.png,PUBLIC_REAL_PHOTOS,b546c2d488398560fed6faa56750313ac33c48956f2b49f972b414731ac76bd9,1,2
wound_azh_patches_6ae0729fa22bba50c7b8aff237cf502b_2,train,azh:6ae0729fa22bba50c7b8aff237cf502b,data/datasets/yolo_wound_boxes_v1/images/train/wound_azh_patches_6ae0729fa22bba50c7b8aff237cf502b_2.jpg,data/datasets/yolo_wound_boxes_v1/labels/train/wound_azh_patches_6ae0729fa22bba50c7b8aff237cf502b_2.txt,azh_patches,data/datasets/external/azh_patches/train/images/6ae0729fa22bba50c7b8aff237cf502b_2.png,PUBLIC_REAL_PHOTOS,25d4ad20312cc113f68914a926eefd40558291a423da38c94ecaee3f86f8e0a6,1,2
wound_azh_patches_6b72954deb36e78885d007796f7a4900_0,val,azh:6b72954deb36e78885d007796f7a4900,data/datasets/yolo_wound_boxes_v1/images/val/wound_azh_patches_6b72954deb36e78885d007796f7a4900_0.jpg,data/datasets/yolo_wound_boxes_v1/labels/val/wound_azh_patches_6b72954deb36e78885d007796f7a4900_0.txt,azh_patches,data/datasets/external/azh_patches/train/images/6b72954deb36e78885d007796f7a4900_0.png,PUBLIC_REAL_PHOTOS,f290ccc4b947a6b6d5ca6c4d159df9f43b5f569a7db6a3e1354c1c9a33a0b3ea,1,2
wound_azh_patches_6b82bdcf1c4e9dd4f39dbf9ceb92be13_0,val,azh:6b82bdcf1c4e9dd4f39dbf9ceb92be13,data/datasets/yolo_wound_boxes_v1/images/val/wound_azh_patches_6b82bdcf1c4e9dd4f39dbf9ceb92be13_0.jpg,data/datasets/yolo_wound_boxes_v1/labels/val/wound_azh_patches_6b82bdcf1c4e9dd4f39dbf9ceb92be13_0.txt,azh_patches,data/datasets/external/azh_patches/train/images/6b82bdcf1c4e9dd4f39dbf9ceb92be13_0.png,PUBLIC_REAL_PHOTOS,24560837e1eb30c814594e008696374dfce682680c58aa7f48b0836148fea444,1,2
wound_azh_patches_6b82bdcf1c4e9dd4f39dbf9ceb92be13_1,val,azh:6b82bdcf1c4e9dd4f39dbf9ceb92be13,data/datasets/yolo_wound_boxes_v1/images/val/wound_azh_patches_6b82bdcf1c4e9dd4f39dbf9ceb92be13_1.jpg,data/datasets/yolo_wound_boxes_v1/labels/val/wound_azh_patches_6b82bdcf1c4e9dd4f39dbf9ceb92be13_1.txt,azh_patches,data/datasets/external/azh_patches/train/images/6b82bdcf1c4e9dd4f39dbf9ceb92be13_1.png,PUBLIC_REAL_PHOTOS,e90ffda79602ae81e94ded6edeaf4223624f5e530f8b305544c4bd1479e178ab,1,2
wound_azh_patches_6bcc1caf975bc9701b5610df670cb11f_0,train,azh:6bcc1caf975bc9701b5610df670cb11f,data/datasets/yolo_wound_boxes_v1/images/train/wound_azh_patches_6bcc1caf975bc9701b5610df670cb11f_0.jpg,data/datasets/yolo_wound_boxes_v1/labels/train/wound_azh_patches_6bcc1caf975bc9701b5610df670cb11f_0.txt,azh_patches,data/datasets/external/azh_patches/train/images/6bcc1caf975bc9701b5610df670cb11f_0.png,PUBLIC_REAL_PHOTOS,7c6c80b98d67e0f127fd60e6ac1c1e184f6c17fa810705c4ea08918479f83d37,1,2
wound_azh_patches_6c195aabce296c2bca841d49b8502639_0,val,azh:6c195aabce296c2bca841d49b8502639,data/datasets/yolo_wound_boxes_v1/images/val/wound_azh_patches_6c195aabce296c2bca841d49b8502639_0.jpg,data/datasets/yolo_wound_boxes_v1/labels/val/wound_azh_patches_6c195aabce296c2bca841d49b8502639_0.txt,azh_patches,data/datasets/external/azh_patches/train/images/6c195aabce296c2bca841d49b8502639_0.png,PUBLIC_REAL_PHOTOS,382803de40de1fcb5202e55416007c4ba080633d94ef4cdbe9116afcfaaea795,1,2
wound_azh_patches_6c29a0da167f46202e2a21e605e14331_1,train,azh:6c29a0da167f46202e2a21e605e14331,data/datasets/yolo_wound_boxes_v1/images/train/wound_azh_patches_6c29a0da167f46202e2a21e605e14331_1.jpg,data/datasets/yolo_wound_boxes_v1/labels/train/wound_azh_patches_6c29a0da167f46202e2a21e605e14331_1.txt,azh_patches,data/datasets/external/azh_patches/train/images/6c29a0da167f46202e2a21e605e14331_1.png,PUBLIC_REAL_PHOTOS,5ad80e22dcd65b2e228dab55ba0ac48cb27cfc39148e1adeec48ef12d7e66b60,1,2
wound_azh_patches_6c3f5aee99450c45cf814cf66888445f_0,train,azh:6c3f5aee99450c45cf814cf66888445f,data/datasets/yolo_wound_boxes_v1/images/train/wound_azh_patches_6c3f5aee99450c45cf814cf66888445f_0.jpg,data/datasets/yolo_wound_boxes_v1/labels/train/wound_azh_patches_6c3f5aee99450c45cf814cf66888445f_0.txt,azh_patches,data/datasets/external/azh_patches/train/images/6c3f5aee99450c45cf814cf66888445f_0.png,PUBLIC_REAL_PHOTOS,51f397be09d47d6093c9adc67d0432eb828f5cf9271f3244047d336260173e22,1,2
wound_azh_patches_6c51124dbb1a0a3e91368d83fc89a38e_1,train,azh:6c51124dbb1a0a3e91368d83fc89a38e,data/datasets/yolo_wound_boxes_v1/images/train/wound_azh_patches_6c51124dbb1a0a3e91368d83fc89a38e_1.jpg,data/datasets/yolo_wound_boxes_v1/labels/train/wound_azh_patches_6c51124dbb1a0a3e91368d83fc89a38e_1.txt,azh_patches,data/datasets/external/azh_patches/train/images/6c51124dbb1a0a3e91368d83fc89a38e_1.png,PUBLIC_REAL_PHOTOS,63b8d6d763df77f298427614aa47b7b8a0d8586b781a8f9a826dd3bd48ac78f7,1,2
wound_azh_patches_6c58d20b99df1c5eed126bf5e5686696_0,val,azh:6c58d20b99df1c5eed126bf5e5686696,data/datasets/yolo_wound_boxes_v1/images/val/wound_azh_patches_6c58d20b99df1c5eed126bf5e5686696_0.jpg,data/datasets/yolo_wound_boxes_v1/labels/val/wound_azh_patches_6c58d20b99df1c5eed126bf5e5686696_0.txt,azh_patches,data/datasets/external/azh_patches/train/images/6c58d20b99df1c5eed126bf5e5686696_0.png,PUBLIC_REAL_PHOTOS,7b63e98a37b0290b37755b34f35a60534c86aa28c00d025a4f98affe36db1f6b,1,2
wound_azh_patches_6c814e96b2f2aff9af0a2aa6a9dde6b7_0,train,azh:6c814e96b2f2aff9af0a2aa6a9dde6b7,data/datasets/yolo_wound_boxes_v1/images/train/wound_azh_patches_6c814e96b2f2aff9af0a2aa6a9dde6b7_0.jpg,data/datasets/yolo_wound_boxes_v1/labels/train/wound_azh_patches_6c814e96b2f2aff9af0a2aa6a9dde6b7_0.txt,azh_patches,data/datasets/external/azh_patches/train/images/6c814e96b2f2aff9af0a2aa6a9dde6b7_0.png,PUBLIC_REAL_PHOTOS,7ac360fa4c5f23f323e05a33296557314078f6b7cb328ce84b21c13817749dfb,1,2
wound_azh_patches_6c814e96b2f2aff9af0a2aa6a9dde6b7_1,train,azh:6c814e96b2f2aff9af0a2aa6a9dde6b7,data/datasets/yolo_wound_boxes_v1/images/train/wound_azh_patches_6c814e96b2f2aff9af0a2aa6a9dde6b7_1.jpg,data/datasets/yolo_wound_boxes_v1/labels/train/wound_azh_patches_6c814e96b2f2aff9af0a2aa6a9dde6b7_1.txt,azh_patches,data/datasets/external/azh_patches/train/images/6c814e96b2f2aff9af0a2aa6a9dde6b7_1.png,PUBLIC_REAL_PHOTOS,41beded116e0dd595fc630ee41ea3e5c85ea207bbd01debfff601962acec2847,1,2
wound_azh_patches_6ce0133e84d48b6b6be5b202645cac83_0,val,azh:6ce0133e84d48b6b6be5b202645cac83,data/datasets/yolo_wound_boxes_v1/images/val/wound_azh_patches_6ce0133e84d48b6b6be5b202645cac83_0.jpg,data/datasets/yolo_wound_boxes_v1/labels/val/wound_azh_patches_6ce0133e84d48b6b6be5b202645cac83_0.txt,azh_patches,data/datasets/external/azh_patches/train/images/6ce0133e84d48b6b6be5b202645cac83_0.png,PUBLIC_REAL_PHOTOS,dccc5ba47a9a68ce383866546cb8b8a649c67f1f833cda973114f1c71819779b,1,2
wound_azh_patches_6cfc932ec6394e4f6f47559f983981a4_0,train,azh:6cfc932ec6394e4f6f47559f983981a4,data/datasets/yolo_wound_boxes_v1/images/train/wound_azh_patches_6cfc932ec6394e4f6f47559f983981a4_0.jpg,data/datasets/yolo_wound_boxes_v1/labels/train/wound_azh_patches_6cfc932ec6394e4f6f47559f983981a4_0.txt,azh_patches,data/datasets/external/azh_patches/train/images/6cfc932ec6394e4f6f47559f983981a4_0.png,PUBLIC_REAL_PHOTOS,b554460b04c9c1dc46e86597f1de184fe94793c377fc419af6172f36065670c4,1,2
wound_azh_patches_6d19f77c47cc9606c7b8a5de35ee432a_1,test,azh:6d19f77c47cc9606c7b8a5de35ee432a,data/datasets/yolo_wound_boxes_v1/images/test/wound_azh_patches_6d19f77c47cc9606c7b8a5de35ee432a_1.jpg,data/datasets/yolo_wound_boxes_v1/labels/test/wound_azh_patches_6d19f77c47cc9606c7b8a5de35ee432a_1.txt,azh_patches,data/datasets/external/azh_patches/train/images/6d19f77c47cc9606c7b8a5de35ee432a_1.png,PUBLIC_REAL_PHOTOS,f17c4f37674b9f5c3485959573c3ca51f3dc3fce6caa20d27c09d64b5b3fd90f,1,2
wound_azh_patches_6e1e53f7f408cd13696af6c3e8d0248c_0,train,azh:6e1e53f7f408cd13696af6c3e8d0248c,data/datasets/yolo_wound_boxes_v1/images/train/wound_azh_patches_6e1e53f7f408cd13696af6c3e8d0248c_0.jpg,data/datasets/yolo_wound_boxes_v1/labels/train/wound_azh_patches_6e1e53f7f408cd13696af6c3e8d0248c_0.txt,azh_patches,data/datasets/external/azh_patches/train/images/6e1e53f7f408cd13696af6c3e8d0248c_0.png,PUBLIC_REAL_PHOTOS,1cb5cb7a7d8ec06acf162495a1b6da35b26959437a5fe4e8212aefbb7dc715ef,1,2
wound_azh_patches_6ed6df09c891b32f5e374aefed329dc5_0,test,azh:6ed6df09c891b32f5e374aefed329dc5,data/datasets/yolo_wound_boxes_v1/images/test/wound_azh_patches_6ed6df09c891b32f5e374aefed329dc5_0.jpg,data/datasets/yolo_wound_boxes_v1/labels/test/wound_azh_patches_6ed6df09c891b32f5e374aefed329dc5_0.txt,azh_patches,data/datasets/external/azh_patches/train/images/6ed6df09c891b32f5e374aefed329dc5_0.png,PUBLIC_REAL_PHOTOS,b512ebb71edb5746eb39aa3f158e91565d8ea6f547d85d31e3e1b9133c12bc8d,1,2
wound_azh_patches_6eda78d485feff32896cd2e66c2acce2_0,train,azh:6eda78d485feff32896cd2e66c2acce2,data/datasets/yolo_wound_boxes_v1/images/train/wound_azh_patches_6eda78d485feff32896cd2e66c2acce2_0.jpg,data/datasets/yolo_wound_boxes_v1/labels/train/wound_azh_patches_6eda78d485feff32896cd2e66c2acce2_0.txt,azh_patches,data/datasets/external/azh_patches/train/images/6eda78d485feff32896cd2e66c2acce2_0.png,PUBLIC_REAL_PHOTOS,237fcf83a7877850197a41475a9a792023a84936e2a46764cce642646afb7ab7,1,2
wound_azh_patches_6ee9006e981a0fdbd3af39335617fde0_0,train,azh:6ee9006e981a0fdbd3af39335617fde0,data/datasets/yolo_wound_boxes_v1/images/train/wound_azh_patches_6ee9006e981a0fdbd3af39335617fde0_0.jpg,data/datasets/yolo_wound_boxes_v1/labels/train/wound_azh_patches_6ee9006e981a0fdbd3af39335617fde0_0.txt,azh_patches,data/datasets/external/azh_patches/train/images/6ee9006e981a0fdbd3af39335617fde0_0.png,PUBLIC_REAL_PHOTOS,ed33bf255f731aebea3ba8a319483abf3f2bdde8695c054a79aaf5a951d3e2dc,1,2
wound_azh_patches_6ef396db61ba2d8503426f01bedfb01e_0,train,azh:6ef396db61ba2d8503426f01bedfb01e,data/datasets/yolo_wound_boxes_v1/images/train/wound_azh_patches_6ef396db61ba2d8503426f01bedfb01e_0.jpg,data/datasets/yolo_wound_boxes_v1/labels/train/wound_azh_patches_6ef396db61ba2d8503426f01bedfb01e_0.txt,azh_patches,data/datasets/external/azh_patches/train/images/6ef396db61ba2d8503426f01bedfb01e_0.png,PUBLIC_REAL_PHOTOS,806f99a86afd7b45a2f7a99b68ff8562e9804ba17f182c7c6cb331fa56676de1,1,2
wound_azh_patches_6f81eaaea83ff09649d5842dd2ab48fc_0,test,azh:6f81eaaea83ff09649d5842dd2ab48fc,data/datasets/yolo_wound_boxes_v1/images/test/wound_azh_patches_6f81eaaea83ff09649d5842dd2ab48fc_0.jpg,data/datasets/yolo_wound_boxes_v1/labels/test/wound_azh_patches_6f81eaaea83ff09649d5842dd2ab48fc_0.txt,azh_patches,data/datasets/external/azh_patches/train/images/6f81eaaea83ff09649d5842dd2ab48fc_0.png,PUBLIC_REAL_PHOTOS,fee45fa13723f280771085040c918ad1b77a7ff5dfef238909613b12a5d62f48,1,2
wound_azh_patches_6fed027b91cec55f75de19f29b9a972f_0,test,azh:6fed027b91cec55f75de19f29b9a972f,data/datasets/yolo_wound_boxes_v1/images/test/wound_azh_patches_6fed027b91cec55f75de19f29b9a972f_0.jpg,data/datasets/yolo_wound_boxes_v1/labels/test/wound_azh_patches_6fed027b91cec55f75de19f29b9a972f_0.txt,azh_patches,data/datasets/external/azh_patches/train/images/6fed027b91cec55f75de19f29b9a972f_0.png,PUBLIC_REAL_PHOTOS,1301591e7e86ade347d62b5fe49a1897d2493bcf16a3569641e3e0d4005b6ade,1,2
wound_azh_patches_70317a1886459a44c1a96983aca30157_0,train,azh:70317a1886459a44c1a96983aca30157,data/datasets/yolo_wound_boxes_v1/images/train/wound_azh_patches_70317a1886459a44c1a96983aca30157_0.jpg,data/datasets/yolo_wound_boxes_v1/labels/train/wound_azh_patches_70317a1886459a44c1a96983aca30157_0.txt,azh_patches,data/datasets/external/azh_patches/train/images/70317a1886459a44c1a96983aca30157_0.png,PUBLIC_REAL_PHOTOS,519c6f2c1e426cf2038abed63db01ea0c514804a2e5bc2fecd34a1b075ad6d34,1,2
wound_azh_patches_70a364cdbff361ee4a7885ceb1792e5d_0,test,azh:70a364cdbff361ee4a7885ceb1792e5d,data/datasets/yolo_wound_boxes_v1/images/test/wound_azh_patches_70a364cdbff361ee4a7885ceb1792e5d_0.jpg,data/datasets/yolo_wound_boxes_v1/labels/test/wound_azh_patches_70a364cdbff361ee4a7885ceb1792e5d_0.txt,azh_patches,data/datasets/external/azh_patches/train/images/70a364cdbff361ee4a7885ceb1792e5d_0.png,PUBLIC_REAL_PHOTOS,ac5ad6fbbafe9374ead7d1542e36f8a5c1a9dbf32ee322b5a8bd0503558bd4d3,1,2
wound_azh_patches_71111745329c7b6029c48edf964dbed5_0,train,azh:71111745329c7b6029c48edf964dbed5,data/datasets/yolo_wound_boxes_v1/images/train/wound_azh_patches_71111745329c7b6029c48edf964dbed5_0.jpg,data/datasets/yolo_wound_boxes_v1/labels/train/wound_azh_patches_71111745329c7b6029c48edf964dbed5_0.txt,azh_patches,data/datasets/external/azh_patches/train/images/71111745329c7b6029c48edf964dbed5_0.png,PUBLIC_REAL_PHOTOS,a14b96457d51bcc8c618167e0c1095441a1e59332e481639a925efe3b4d04fb6,1,2
wound_azh_patches_711c45c96ba87b3c3f14efce60ef705b_0,val,azh:711c45c96ba87b3c3f14efce60ef705b,data/datasets/yolo_wound_boxes_v1/images/val/wound_azh_patches_711c45c96ba87b3c3f14efce60ef705b_0.jpg,data/datasets/yolo_wound_boxes_v1/labels/val/wound_azh_patches_711c45c96ba87b3c3f14efce60ef705b_0.txt,azh_patches,data/datasets/external/azh_patches/train/images/711c45c96ba87b3c3f14efce60ef705b_0.png,PUBLIC_REAL_PHOTOS,f53da7ef3caee9db62fb89e16c4df1055205b110021ff129d41476df8c54601c,1,2
wound_azh_patches_71372bc5f51c34fb545723b9fbd7bb66_0,train,azh:71372bc5f51c34fb545723b9fbd7bb66,data/datasets/yolo_wound_boxes_v1/images/train/wound_azh_patches_71372bc5f51c34fb545723b9fbd7bb66_0.jpg,data/datasets/yolo_wound_boxes_v1/labels/train/wound_azh_patches_71372bc5f51c34fb545723b9fbd7bb66_0.txt,azh_patches,data/datasets/external/azh_patches/train/images/71372bc5f51c34fb545723b9fbd7bb66_0.png,PUBLIC_REAL_PHOTOS,2fb9eaa56cba9c3d1cb325d878f7e6bababbcdcae765ae414c0b4d8a046fc13b,1,2
wound_azh_patches_7166f10b6e373784bb85dd8d12dab99c_0,val,azh:7166f10b6e373784bb85dd8d12dab99c,data/datasets/yolo_wound_boxes_v1/images/val/wound_azh_patches_7166f10b6e373784bb85dd8d12dab99c_0.jpg,data/datasets/yolo_wound_boxes_v1/labels/val/wound_azh_patches_7166f10b6e373784bb85dd8d12dab99c_0.txt,azh_patches,data/datasets/external/azh_patches/train/images/7166f10b6e373784bb85dd8d12dab99c_0.png,PUBLIC_REAL_PHOTOS,32d08b422519f6c33b536aeb6ad1a8afa773a168e6dde369b88cf8ec69fec752,1,2
wound_azh_patches_721f045a58f30c133f65a2baab901491_0,test,azh:721f045a58f30c133f65a2baab901491,data/datasets/yolo_wound_boxes_v1/images/test/wound_azh_patches_721f045a58f30c133f65a2baab901491_0.jpg,data/datasets/yolo_wound_boxes_v1/labels/test/wound_azh_patches_721f045a58f30c133f65a2baab901491_0.txt,azh_patches,data/datasets/external/azh_patches/train/images/721f045a58f30c133f65a2baab901491_0.png,PUBLIC_REAL_PHOTOS,109edbd091725417548765af7f8ae37af1b700739ee7d37051becfefc0ba9a81,1,2
wound_azh_patches_72394b61bd797878f4abdcde4c78847d_1,train,azh:72394b61bd797878f4abdcde4c78847d,data/datasets/yolo_wound_boxes_v1/images/train/wound_azh_patches_72394b61bd797878f4abdcde4c78847d_1.jpg,data/datasets/yolo_wound_boxes_v1/labels/train/wound_azh_patches_72394b61bd797878f4abdcde4c78847d_1.txt,azh_patches,data/datasets/external/azh_patches/train/images/72394b61bd797878f4abdcde4c78847d_1.png,PUBLIC_REAL_PHOTOS,7b7722649a0b4d35f4c552b7be61f8d27c183b0686e5f04fe78621f7098b2192,1,2
wound_azh_patches_73af96e685b80cbe5c8bfaf40c60f804_0,train,azh:73af96e685b80cbe5c8bfaf40c60f804,data/datasets/yolo_wound_boxes_v1/images/train/wound_azh_patches_73af96e685b80cbe5c8bfaf40c60f804_0.jpg,data/datasets/yolo_wound_boxes_v1/labels/train/wound_azh_patches_73af96e685b80cbe5c8bfaf40c60f804_0.txt,azh_patches,data/datasets/external/azh_patches/train/images/73af96e685b80cbe5c8bfaf40c60f804_0.png,PUBLIC_REAL_PHOTOS,fd31ad641adb639a3c915d2d9091c32b788c3eee907d658526fe166819dce89a,1,2
wound_azh_patches_73af96e685b80cbe5c8bfaf40c60f804_1,train,azh:73af96e685b80cbe5c8bfaf40c60f804,data/datasets/yolo_wound_boxes_v1/images/train/wound_azh_patches_73af96e685b80cbe5c8bfaf40c60f804_1.jpg,data/datasets/yolo_wound_boxes_v1/labels/train/wound_azh_patches_73af96e685b80cbe5c8bfaf40c60f804_1.txt,azh_patches,data/datasets/external/azh_patches/train/images/73af96e685b80cbe5c8bfaf40c60f804_1.png,PUBLIC_REAL_PHOTOS,07571419eba8c71af69cb23ccd940c7c1d4fece10bd9cb0514c87638b6f84492,1,2
wound_azh_patches_73af96e685b80cbe5c8bfaf40c60f804_2,train,azh:73af96e685b80cbe5c8bfaf40c60f804,data/datasets/yolo_wound_boxes_v1/images/train/wound_azh_patches_73af96e685b80cbe5c8bfaf40c60f804_2.jpg,data/datasets/yolo_wound_boxes_v1/labels/train/wound_azh_patches_73af96e685b80cbe5c8bfaf40c60f804_2.txt,azh_patches,data/datasets/external/azh_patches/train/images/73af96e685b80cbe5c8bfaf40c60f804_2.png,PUBLIC_REAL_PHOTOS,0a9161fde154dc9e4c65b81a28a088af50c22c77bfd889c2d512ef0679d6663e,1,2
wound_azh_patches_73ca74fd4878a32f647035c9d8009b32_0,train,azh:73ca74fd4878a32f647035c9d8009b32,data/datasets/yolo_wound_boxes_v1/images/train/wound_azh_patches_73ca74fd4878a32f647035c9d8009b32_0.jpg,data/datasets/yolo_wound_boxes_v1/labels/train/wound_azh_patches_73ca74fd4878a32f647035c9d8009b32_0.txt,azh_patches,data/datasets/external/azh_patches/train/images/73ca74fd4878a32f647035c9d8009b32_0.png,PUBLIC_REAL_PHOTOS,8817ee6e0b8fc636fb17405ffa60193de2369037d67daf057b010de9f93cb2b4,1,2
wound_azh_patches_73fdc8c4a92cdb0dfa9cd23d317df01e_0,train,azh:73fdc8c4a92cdb0dfa9cd23d317df01e,data/datasets/yolo_wound_boxes_v1/images/train/wound_azh_patches_73fdc8c4a92cdb0dfa9cd23d317df01e_0.jpg,data/datasets/yolo_wound_boxes_v1/labels/train/wound_azh_patches_73fdc8c4a92cdb0dfa9cd23d317df01e_0.txt,azh_patches,data/datasets/external/azh_patches/train/images/73fdc8c4a92cdb0dfa9cd23d317df01e_0.png,PUBLIC_REAL_PHOTOS,d97abb2e5493b14b78459620c63cce1d795b838e96ce6465e361ffb1e03e21ba,1,2
wound_azh_patches_7407fe5dc1e4fbe40b0611edadd497d3_0,train,azh:7407fe5dc1e4fbe40b0611edadd497d3,data/datasets/yolo_wound_boxes_v1/images/train/wound_azh_patches_7407fe5dc1e4fbe40b0611edadd497d3_0.jpg,data/datasets/yolo_wound_boxes_v1/labels/train/wound_azh_patches_7407fe5dc1e4fbe40b0611edadd497d3_0.txt,azh_patches,data/datasets/external/azh_patches/train/images/7407fe5dc1e4fbe40b0611edadd497d3_0.png,PUBLIC_REAL_PHOTOS,3e603d07aabe69f9edea81b20bb34bbb9dc7d4cd7548139fbeff6dd0d2667022,1,2
wound_azh_patches_745fcf7273ca7b2ae41f3134f68ee4c7_0,val,azh:745fcf7273ca7b2ae41f3134f68ee4c7,data/datasets/yolo_wound_boxes_v1/images/val/wound_azh_patches_745fcf7273ca7b2ae41f3134f68ee4c7_0.jpg,data/datasets/yolo_wound_boxes_v1/labels/val/wound_azh_patches_745fcf7273ca7b2ae41f3134f68ee4c7_0.txt,azh_patches,data/datasets/external/azh_patches/train/images/745fcf7273ca7b2ae41f3134f68ee4c7_0.png,PUBLIC_REAL_PHOTOS,968464b961053f06d8a45bbbbdc76ec0b1dd0bdfd295a6302086cea7838dc301,1,2
wound_azh_patches_74d0794161306fec7e1fd9f69299e35b_0,train,azh:74d0794161306fec7e1fd9f69299e35b,data/datasets/yolo_wound_boxes_v1/images/train/wound_azh_patches_74d0794161306fec7e1fd9f69299e35b_0.jpg,data/datasets/yolo_wound_boxes_v1/labels/train/wound_azh_patches_74d0794161306fec7e1fd9f69299e35b_0.txt,azh_patches,data/datasets/external/azh_patches/train/images/74d0794161306fec7e1fd9f69299e35b_0.png,PUBLIC_REAL_PHOTOS,a1eb554a4551751ab479b845f637f4724376cdfb7fa6fcb5f23b7d717d4e85f6,1,2
wound_azh_patches_74ec1ea5ef38de4666d5031d0b9f4c26_0,train,azh:74ec1ea5ef38de4666d5031d0b9f4c26,data/datasets/yolo_wound_boxes_v1/images/train/wound_azh_patches_74ec1ea5ef38de4666d5031d0b9f4c26_0.jpg,data/datasets/yolo_wound_boxes_v1/labels/train/wound_azh_patches_74ec1ea5ef38de4666d5031d0b9f4c26_0.txt,azh_patches,data/datasets/external/azh_patches/train/images/74ec1ea5ef38de4666d5031d0b9f4c26_0.png,PUBLIC_REAL_PHOTOS,399f83942f0b4e2dc5842421d2db3c8f6f2fecb573b4ae533ade2cef461f6f7b,1,2
wound_azh_patches_7504bb84108062fa8c4d6220f55f171d_0,val,azh:7504bb84108062fa8c4d6220f55f171d,data/datasets/yolo_wound_boxes_v1/images/val/wound_azh_patches_7504bb84108062fa8c4d6220f55f171d_0.jpg,data/datasets/yolo_wound_boxes_v1/labels/val/wound_azh_patches_7504bb84108062fa8c4d6220f55f171d_0.txt,azh_patches,data/datasets/external/azh_patches/train/images/7504bb84108062fa8c4d6220f55f171d_0.png,PUBLIC_REAL_PHOTOS,babe01ba4eb9976cb5e2b3d76518b1cc3cee4b90fce2f7cb8ac0a58909eeb969,1,2
wound_azh_patches_754479624f175e6635dd8bf1a4ee50d7_0,train,azh:754479624f175e6635dd8bf1a4ee50d7,data/datasets/yolo_wound_boxes_v1/images/train/wound_azh_patches_754479624f175e6635dd8bf1a4ee50d7_0.jpg,data/datasets/yolo_wound_boxes_v1/labels/train/wound_azh_patches_754479624f175e6635dd8bf1a4ee50d7_0.txt,azh_patches,data/datasets/external/azh_patches/train/images/754479624f175e6635dd8bf1a4ee50d7_0.png,PUBLIC_REAL_PHOTOS,e31be496eb7ce3a28f01bee6010e11f09f7b4ff0ad09409bba50712d41a54a2c,1,2
wound_azh_patches_754479624f175e6635dd8bf1a4ee50d7_1,train,azh:754479624f175e6635dd8bf1a4ee50d7,data/datasets/yolo_wound_boxes_v1/images/train/wound_azh_patches_754479624f175e6635dd8bf1a4ee50d7_1.jpg,data/datasets/yolo_wound_boxes_v1/labels/train/wound_azh_patches_754479624f175e6635dd8bf1a4ee50d7_1.txt,azh_patches,data/datasets/external/azh_patches/train/images/754479624f175e6635dd8bf1a4ee50d7_1.png,PUBLIC_REAL_PHOTOS,b83cd4168739317edab26a8ed0758b44008ac83654cb7fa9e54173fe53313bba,1,2
wound_azh_patches_754479624f175e6635dd8bf1a4ee50d7_2,train,azh:754479624f175e6635dd8bf1a4ee50d7,data/datasets/yolo_wound_boxes_v1/images/train/wound_azh_patches_754479624f175e6635dd8bf1a4ee50d7_2.jpg,data/datasets/yolo_wound_boxes_v1/labels/train/wound_azh_patches_754479624f175e6635dd8bf1a4ee50d7_2.txt,azh_patches,data/datasets/external/azh_patches/train/images/754479624f175e6635dd8bf1a4ee50d7_2.png,PUBLIC_REAL_PHOTOS,6d2530b29dfb9f40bacde42ca6ef434f0a273cf9b7a029febcef13c396558eff,1,2
wound_azh_patches_75b8ceec475d152ad19086771cd0d8d9_0,test,azh:75b8ceec475d152ad19086771cd0d8d9,data/datasets/yolo_wound_boxes_v1/images/test/wound_azh_patches_75b8ceec475d152ad19086771cd0d8d9_0.jpg,data/datasets/yolo_wound_boxes_v1/labels/test/wound_azh_patches_75b8ceec475d152ad19086771cd0d8d9_0.txt,azh_patches,data/datasets/external/azh_patches/train/images/75b8ceec475d152ad19086771cd0d8d9_0.png,PUBLIC_REAL_PHOTOS,471b1baff5a00ce9a7d9dbc1563ee32819967d98e364a353db16b393dbfdead5,1,2
wound_azh_patches_75bf12b779263ac07eb74fe3baa755bf_0,test,azh:75bf12b779263ac07eb74fe3baa755bf,data/datasets/yolo_wound_boxes_v1/images/test/wound_azh_patches_75bf12b779263ac07eb74fe3baa755bf_0.jpg,data/datasets/yolo_wound_boxes_v1/labels/test/wound_azh_patches_75bf12b779263ac07eb74fe3baa755bf_0.txt,azh_patches,data/datasets/external/azh_patches/train/images/75bf12b779263ac07eb74fe3baa755bf_0.png,PUBLIC_REAL_PHOTOS,c1cac3ab58902ee889f9dfef675bff423835ac3f57d486d7d7113f33af9c7124,1,2
wound_azh_patches_75bf12b779263ac07eb74fe3baa755bf_1,test,azh:75bf12b779263ac07eb74fe3baa755bf,data/datasets/yolo_wound_boxes_v1/images/test/wound_azh_patches_75bf12b779263ac07eb74fe3baa755bf_1.jpg,data/datasets/yolo_wound_boxes_v1/labels/test/wound_azh_patches_75bf12b779263ac07eb74fe3baa755bf_1.txt,azh_patches,data/datasets/external/azh_patches/train/images/75bf12b779263ac07eb74fe3baa755bf_1.png,PUBLIC_REAL_PHOTOS,49c9c10f7e90af10359896f2417e1623499bf498d7db4fe2354668ff677f6efc,1,2
wound_azh_patches_75bf12b779263ac07eb74fe3baa755bf_2,test,azh:75bf12b779263ac07eb74fe3baa755bf,data/datasets/yolo_wound_boxes_v1/images/test/wound_azh_patches_75bf12b779263ac07eb74fe3baa755bf_2.jpg,data/datasets/yolo_wound_boxes_v1/labels/test/wound_azh_patches_75bf12b779263ac07eb74fe3baa755bf_2.txt,azh_patches,data/datasets/external/azh_patches/train/images/75bf12b779263ac07eb74fe3baa755bf_2.png,PUBLIC_REAL_PHOTOS,fc6c30983f54fae7fb69e37e065e74c0c84c9a3f0ec89977516f86c071054f76,1,2
wound_azh_patches_75bf12b779263ac07eb74fe3baa755bf_3,test,azh:75bf12b779263ac07eb74fe3baa755bf,data/datasets/yolo_wound_boxes_v1/images/test/wound_azh_patches_75bf12b779263ac07eb74fe3baa755bf_3.jpg,data/datasets/yolo_wound_boxes_v1/labels/test/wound_azh_patches_75bf12b779263ac07eb74fe3baa755bf_3.txt,azh_patches,data/datasets/external/azh_patches/train/images/75bf12b779263ac07eb74fe3baa755bf_3.png,PUBLIC_REAL_PHOTOS,ea10feb76c293a7cb322a67daf278c12dd8b78ebfb9e756ae3e9b7472da371b2,1,2
wound_azh_patches_75c8025c225798470245520582b90391_0,train,azh:75c8025c225798470245520582b90391,data/datasets/yolo_wound_boxes_v1/images/train/wound_azh_patches_75c8025c225798470245520582b90391_0.jpg,data/datasets/yolo_wound_boxes_v1/labels/train/wound_azh_patches_75c8025c225798470245520582b90391_0.txt,azh_patches,data/datasets/external/azh_patches/train/images/75c8025c225798470245520582b90391_0.png,PUBLIC_REAL_PHOTOS,0fd356e8ed21e0e43b0d40655d23835bd147a05c5b8fdadeb1b2c783b0215f72,1,2
wound_azh_patches_75c868da5052f29262ec09d248b51e09_1,train,azh:75c868da5052f29262ec09d248b51e09,data/datasets/yolo_wound_boxes_v1/images/train/wound_azh_patches_75c868da5052f29262ec09d248b51e09_1.jpg,data/datasets/yolo_wound_boxes_v1/labels/train/wound_azh_patches_75c868da5052f29262ec09d248b51e09_1.txt,azh_patches,data/datasets/external/azh_patches/train/images/75c868da5052f29262ec09d248b51e09_1.png,PUBLIC_REAL_PHOTOS,b236cda99df9f7e5b1e5e9e280d7bd73b31f0a2faaaedfe70e8ada435c5b264a,1,2
wound_azh_patches_763d33f6f63870f599ac42e25b0b3cb2_0,train,azh:763d33f6f63870f599ac42e25b0b3cb2,data/datasets/yolo_wound_boxes_v1/images/train/wound_azh_patches_763d33f6f63870f599ac42e25b0b3cb2_0.jpg,data/datasets/yolo_wound_boxes_v1/labels/train/wound_azh_patches_763d33f6f63870f599ac42e25b0b3cb2_0.txt,azh_patches,data/datasets/external/azh_patches/train/images/763d33f6f63870f599ac42e25b0b3cb2_0.png,PUBLIC_REAL_PHOTOS,3dec1deee62d1d57076331b052813ba5272c153570d23626a504d7020603268c,1,2
wound_azh_patches_769421654c88e404b750d5ee4fcc79e9_0,train,azh:769421654c88e404b750d5ee4fcc79e9,data/datasets/yolo_wound_boxes_v1/images/train/wound_azh_patches_769421654c88e404b750d5ee4fcc79e9_0.jpg,data/datasets/yolo_wound_boxes_v1/labels/train/wound_azh_patches_769421654c88e404b750d5ee4fcc79e9_0.txt,azh_patches,data/datasets/external/azh_patches/train/images/769421654c88e404b750d5ee4fcc79e9_0.png,PUBLIC_REAL_PHOTOS,5f2a1fbf51db2d9ba87097210bb08ec39e1747620395f391d393be1f10be3725,1,2
wound_azh_patches_769701bddfae87e276736e4a3048fab6_0,train,azh:769701bddfae87e276736e4a3048fab6,data/datasets/yolo_wound_boxes_v1/images/train/wound_azh_patches_769701bddfae87e276736e4a3048fab6_0.jpg,data/datasets/yolo_wound_boxes_v1/labels/train/wound_azh_patches_769701bddfae87e276736e4a3048fab6_0.txt,azh_patches,data/datasets/external/azh_patches/train/images/769701bddfae87e276736e4a3048fab6_0.png,PUBLIC_REAL_PHOTOS,6910d716baf268c29d3edbd20bf28b4aa8223c5089bee7843444398b3f8cc398,1,2
wound_azh_patches_76a8e19f10101807b5246293fd346c7d_0,train,azh:76a8e19f10101807b5246293fd346c7d,data/datasets/yolo_wound_boxes_v1/images/train/wound_azh_patches_76a8e19f10101807b5246293fd346c7d_0.jpg,data/datasets/yolo_wound_boxes_v1/labels/train/wound_azh_patches_76a8e19f10101807b5246293fd346c7d_0.txt,azh_patches,data/datasets/external/azh_patches/train/images/76a8e19f10101807b5246293fd346c7d_0.png,PUBLIC_REAL_PHOTOS,363f870953257970ec8e9f3ee7725e30b6b467c7274f42825ab25aa7010485c1,1,2
wound_azh_patches_76d766b440bf3385a7786564955be0a1_0,val,azh:76d766b440bf3385a7786564955be0a1,data/datasets/yolo_wound_boxes_v1/images/val/wound_azh_patches_76d766b440bf3385a7786564955be0a1_0.jpg,data/datasets/yolo_wound_boxes_v1/labels/val/wound_azh_patches_76d766b440bf3385a7786564955be0a1_0.txt,azh_patches,data/datasets/external/azh_patches/train/images/76d766b440bf3385a7786564955be0a1_0.png,PUBLIC_REAL_PHOTOS,7a369dfbab00315279599e77e6918411de747fc2da5476b6b4e500bd78a6366b,1,2
wound_azh_patches_76d766b440bf3385a7786564955be0a1_1,val,azh:76d766b440bf3385a7786564955be0a1,data/datasets/yolo_wound_boxes_v1/images/val/wound_azh_patches_76d766b440bf3385a7786564955be0a1_1.jpg,data/datasets/yolo_wound_boxes_v1/labels/val/wound_azh_patches_76d766b440bf3385a7786564955be0a1_1.txt,azh_patches,data/datasets/external/azh_patches/train/images/76d766b440bf3385a7786564955be0a1_1.png,PUBLIC_REAL_PHOTOS,0feb54cb13b29be2b076ec5076835d3a1b63a9c11867216acd293cb885ab9f7c,1,2
wound_azh_patches_77bf2951ff40d63129ce9e3dbd96e711_0,test,azh:77bf2951ff40d63129ce9e3dbd96e711,data/datasets/yolo_wound_boxes_v1/images/test/wound_azh_patches_77bf2951ff40d63129ce9e3dbd96e711_0.jpg,data/datasets/yolo_wound_boxes_v1/labels/test/wound_azh_patches_77bf2951ff40d63129ce9e3dbd96e711_0.txt,azh_patches,data/datasets/external/azh_patches/train/images/77bf2951ff40d63129ce9e3dbd96e711_0.png,PUBLIC_REAL_PHOTOS,2db854dd603137e185f4a55267306bffe83dc061f906034237d3dd6ab2b3bd4c,1,2
wound_azh_patches_77bf2951ff40d63129ce9e3dbd96e711_1,test,azh:77bf2951ff40d63129ce9e3dbd96e711,data/datasets/yolo_wound_boxes_v1/images/test/wound_azh_patches_77bf2951ff40d63129ce9e3dbd96e711_1.jpg,data/datasets/yolo_wound_boxes_v1/labels/test/wound_azh_patches_77bf2951ff40d63129ce9e3dbd96e711_1.txt,azh_patches,data/datasets/external/azh_patches/train/images/77bf2951ff40d63129ce9e3dbd96e711_1.png,PUBLIC_REAL_PHOTOS,891747c8157870cb9c5f8cac40c82139aafb1bb71995d9065ef082c9c9e35aa0,1,2
wound_azh_patches_78c5be8a07ce437c3df17acfc16d567e_0,train,azh:78c5be8a07ce437c3df17acfc16d567e,data/datasets/yolo_wound_boxes_v1/images/train/wound_azh_patches_78c5be8a07ce437c3df17acfc16d567e_0.jpg,data/datasets/yolo_wound_boxes_v1/labels/train/wound_azh_patches_78c5be8a07ce437c3df17acfc16d567e_0.txt,azh_patches,data/datasets/external/azh_patches/train/images/78c5be8a07ce437c3df17acfc16d567e_0.png,PUBLIC_REAL_PHOTOS,1a0c2eba0b76c7f990c74a6c87425be124ab61d51779a5e88921955a04f7b5dd,1,2
wound_azh_patches_78c5be8a07ce437c3df17acfc16d567e_1,train,azh:78c5be8a07ce437c3df17acfc16d567e,data/datasets/yolo_wound_boxes_v1/images/train/wound_azh_patches_78c5be8a07ce437c3df17acfc16d567e_1.jpg,data/datasets/yolo_wound_boxes_v1/labels/train/wound_azh_patches_78c5be8a07ce437c3df17acfc16d567e_1.txt,azh_patches,data/datasets/external/azh_patches/train/images/78c5be8a07ce437c3df17acfc16d567e_1.png,PUBLIC_REAL_PHOTOS,71371632521d8ac85976dbb961a6bf520750696b21f5312d92a5322bd22b0f4b,1,2
wound_azh_patches_78c5be8a07ce437c3df17acfc16d567e_2,train,azh:78c5be8a07ce437c3df17acfc16d567e,data/datasets/yolo_wound_boxes_v1/images/train/wound_azh_patches_78c5be8a07ce437c3df17acfc16d567e_2.jpg,data/datasets/yolo_wound_boxes_v1/labels/train/wound_azh_patches_78c5be8a07ce437c3df17acfc16d567e_2.txt,azh_patches,data/datasets/external/azh_patches/train/images/78c5be8a07ce437c3df17acfc16d567e_2.png,PUBLIC_REAL_PHOTOS,1a16208a93415bd06359e607be2cff27f14b0a93c77efd3a65af3222a46b5dc9,1,2
wound_azh_patches_78c5be8a07ce437c3df17acfc16d567e_3,train,azh:78c5be8a07ce437c3df17acfc16d567e,data/datasets/yolo_wound_boxes_v1/images/train/wound_azh_patches_78c5be8a07ce437c3df17acfc16d567e_3.jpg,data/datasets/yolo_wound_boxes_v1/labels/train/wound_azh_patches_78c5be8a07ce437c3df17acfc16d567e_3.txt,azh_patches,data/datasets/external/azh_patches/train/images/78c5be8a07ce437c3df17acfc16d567e_3.png,PUBLIC_REAL_PHOTOS,d99c4ac61605f68c08b77df51619cce5169db25da9940425d0d851546ba17129,1,2
wound_azh_patches_78e8b3949c218a48ca5668fbdb75475f_0,val,azh:78e8b3949c218a48ca5668fbdb75475f,data/datasets/yolo_wound_boxes_v1/images/val/wound_azh_patches_78e8b3949c218a48ca5668fbdb75475f_0.jpg,data/datasets/yolo_wound_boxes_v1/labels/val/wound_azh_patches_78e8b3949c218a48ca5668fbdb75475f_0.txt,azh_patches,data/datasets/external/azh_patches/train/images/78e8b3949c218a48ca5668fbdb75475f_0.png,PUBLIC_REAL_PHOTOS,e9debf468133ff4e8188f3e2ae40f79164b46294950272eb41e05e9b24531323,1,2
wound_azh_patches_7a66638547495b66262715828c8afcd0_0,train,azh:7a66638547495b66262715828c8afcd0,data/datasets/yolo_wound_boxes_v1/images/train/wound_azh_patches_7a66638547495b66262715828c8afcd0_0.jpg,data/datasets/yolo_wound_boxes_v1/labels/train/wound_azh_patches_7a66638547495b66262715828c8afcd0_0.txt,azh_patches,data/datasets/external/azh_patches/train/images/7a66638547495b66262715828c8afcd0_0.png,PUBLIC_REAL_PHOTOS,43609fa66764eeaca2903c648e3926884258a7918e4e56c6d2675ef9eee5d712,1,2
wound_azh_patches_7a720e6c1c028fc092cfaeae1f468e87_0,train,azh:7a720e6c1c028fc092cfaeae1f468e87,data/datasets/yolo_wound_boxes_v1/images/train/wound_azh_patches_7a720e6c1c028fc092cfaeae1f468e87_0.jpg,data/datasets/yolo_wound_boxes_v1/labels/train/wound_azh_patches_7a720e6c1c028fc092cfaeae1f468e87_0.txt,azh_patches,data/datasets/external/azh_patches/train/images/7a720e6c1c028fc092cfaeae1f468e87_0.png,PUBLIC_REAL_PHOTOS,2ea914571bfbbd36edabc5ec47e09109cb75efc2a6702fb67a511acedf703b1f,1,2
wound_azh_patches_7a78e18def0d8e8562a4d11f53af1eb8_0,train,azh:7a78e18def0d8e8562a4d11f53af1eb8,data/datasets/yolo_wound_boxes_v1/images/train/wound_azh_patches_7a78e18def0d8e8562a4d11f53af1eb8_0.jpg,data/datasets/yolo_wound_boxes_v1/labels/train/wound_azh_patches_7a78e18def0d8e8562a4d11f53af1eb8_0.txt,azh_patches,data/datasets/external/azh_patches/train/images/7a78e18def0d8e8562a4d11f53af1eb8_0.png,PUBLIC_REAL_PHOTOS,437d2b7d47b082c56431ed356ad683ea8e99c3400074dd162440d9148a9d3094,1,2
wound_azh_patches_7aa82ff82beff9be793f71a25f2e17e2_0,test,azh:7aa82ff82beff9be793f71a25f2e17e2,data/datasets/yolo_wound_boxes_v1/images/test/wound_azh_patches_7aa82ff82beff9be793f71a25f2e17e2_0.jpg,data/datasets/yolo_wound_boxes_v1/labels/test/wound_azh_patches_7aa82ff82beff9be793f71a25f2e17e2_0.txt,azh_patches,data/datasets/external/azh_patches/train/images/7aa82ff82beff9be793f71a25f2e17e2_0.png,PUBLIC_REAL_PHOTOS,b2222a4d6e4c197e6a7f2543f39b235127e279ee288104f6114638c26114e457,1,2
wound_azh_patches_7bfd2cbc6371189ff2992016d17767f0_0,test,azh:7bfd2cbc6371189ff2992016d17767f0,data/datasets/yolo_wound_boxes_v1/images/test/wound_azh_patches_7bfd2cbc6371189ff2992016d17767f0_0.jpg,data/datasets/yolo_wound_boxes_v1/labels/test/wound_azh_patches_7bfd2cbc6371189ff2992016d17767f0_0.txt,azh_patches,data/datasets/external/azh_patches/train/images/7bfd2cbc6371189ff2992016d17767f0_0.png,PUBLIC_REAL_PHOTOS,a6ca3a863148c81f8b1f8d40fd91018150851b82178e5bb84229714b8dd4fe62,1,2
wound_azh_patches_7c2b933bc1a51ded68a617a410335e25_1,train,azh:7c2b933bc1a51ded68a617a410335e25,data/datasets/yolo_wound_boxes_v1/images/train/wound_azh_patches_7c2b933bc1a51ded68a617a410335e25_1.jpg,data/datasets/yolo_wound_boxes_v1/labels/train/wound_azh_patches_7c2b933bc1a51ded68a617a410335e25_1.txt,azh_patches,data/datasets/external/azh_patches/train/images/7c2b933bc1a51ded68a617a410335e25_1.png,PUBLIC_REAL_PHOTOS,eb988becaa32a7a635643f4a6b9b113b2cb649c5cdb2628033809281f9b94e72,1,2
wound_azh_patches_7cb460a773bf404f7441cef8090592a2_0,train,azh:7cb460a773bf404f7441cef8090592a2,data/datasets/yolo_wound_boxes_v1/images/train/wound_azh_patches_7cb460a773bf404f7441cef8090592a2_0.jpg,data/datasets/yolo_wound_boxes_v1/labels/train/wound_azh_patches_7cb460a773bf404f7441cef8090592a2_0.txt,azh_patches,data/datasets/external/azh_patches/train/images/7cb460a773bf404f7441cef8090592a2_0.png,PUBLIC_REAL_PHOTOS,1ccef58624a11d2f5cc1c3bf36bf2896575261ebacae1417f9811dc4a9546017,1,2
wound_azh_patches_7cfe36aa0005e72da7025dbc0a9f891b_0,train,azh:7cfe36aa0005e72da7025dbc0a9f891b,data/datasets/yolo_wound_boxes_v1/images/train/wound_azh_patches_7cfe36aa0005e72da7025dbc0a9f891b_0.jpg,data/datasets/yolo_wound_boxes_v1/labels/train/wound_azh_patches_7cfe36aa0005e72da7025dbc0a9f891b_0.txt,azh_patches,data/datasets/external/azh_patches/train/images/7cfe36aa0005e72da7025dbc0a9f891b_0.png,PUBLIC_REAL_PHOTOS,63a9c665243691a3f56f5308aec338d9cfdb2cc8b584dce4db97ec7db49c4f82,1,2
wound_azh_patches_7d2c0b2e71f8641a53815e928581b0fc_0,train,azh:7d2c0b2e71f8641a53815e928581b0fc,data/datasets/yolo_wound_boxes_v1/images/train/wound_azh_patches_7d2c0b2e71f8641a53815e928581b0fc_0.jpg,data/datasets/yolo_wound_boxes_v1/labels/train/wound_azh_patches_7d2c0b2e71f8641a53815e928581b0fc_0.txt,azh_patches,data/datasets/external/azh_patches/train/images/7d2c0b2e71f8641a53815e928581b0fc_0.png,PUBLIC_REAL_PHOTOS,329e585b0b414018d4df779e6be79197e5d29c82edbf27df7400841ad04a55bb,1,2
wound_azh_patches_7deae8ddc14bbb15929861c5d957a638_0,train,azh:7deae8ddc14bbb15929861c5d957a638,data/datasets/yolo_wound_boxes_v1/images/train/wound_azh_patches_7deae8ddc14bbb15929861c5d957a638_0.jpg,data/datasets/yolo_wound_boxes_v1/labels/train/wound_azh_patches_7deae8ddc14bbb15929861c5d957a638_0.txt,azh_patches,data/datasets/external/azh_patches/train/images/7deae8ddc14bbb15929861c5d957a638_0.png,PUBLIC_REAL_PHOTOS,cfdb0889460f6c5d9846057a1cdc55e8caf0253b5efde0876717100817137918,1,2
wound_azh_patches_7e306a1fb449a2631edc1850facefb82_0,train,azh:7e306a1fb449a2631edc1850facefb82,data/datasets/yolo_wound_boxes_v1/images/train/wound_azh_patches_7e306a1fb449a2631edc1850facefb82_0.jpg,data/datasets/yolo_wound_boxes_v1/labels/train/wound_azh_patches_7e306a1fb449a2631edc1850facefb82_0.txt,azh_patches,data/datasets/external/azh_patches/train/images/7e306a1fb449a2631edc1850facefb82_0.png,PUBLIC_REAL_PHOTOS,f6c1521533955290b5e23a6f5f0a115094e6f23a5052c4a30a37bfd38a243533,1,2
wound_azh_patches_7eabaf580818c84180f30b1304bc3ad9_0,train,azh:7eabaf580818c84180f30b1304bc3ad9,data/datasets/yolo_wound_boxes_v1/images/train/wound_azh_patches_7eabaf580818c84180f30b1304bc3ad9_0.jpg,data/datasets/yolo_wound_boxes_v1/labels/train/wound_azh_patches_7eabaf580818c84180f30b1304bc3ad9_0.txt,azh_patches,data/datasets/external/azh_patches/train/images/7eabaf580818c84180f30b1304bc3ad9_0.png,PUBLIC_REAL_PHOTOS,c1e51b60ae8560bce9e75038d10aa1810be06328e4dfa1c0550fea911fdd21ce,1,2
wound_azh_patches_7ee61914de5a42fd8e234da03e72e505_1,train,azh:7ee61914de5a42fd8e234da03e72e505,data/datasets/yolo_wound_boxes_v1/images/train/wound_azh_patches_7ee61914de5a42fd8e234da03e72e505_1.jpg,data/datasets/yolo_wound_boxes_v1/labels/train/wound_azh_patches_7ee61914de5a42fd8e234da03e72e505_1.txt,azh_patches,data/datasets/external/azh_patches/train/images/7ee61914de5a42fd8e234da03e72e505_1.png,PUBLIC_REAL_PHOTOS,7a6f894087cea51d5e16df6a521907a31a4b1a74a1e3d13240b016c58e3cceff,1,2
wound_azh_patches_7ee61914de5a42fd8e234da03e72e505_2,train,azh:7ee61914de5a42fd8e234da03e72e505,data/datasets/yolo_wound_boxes_v1/images/train/wound_azh_patches_7ee61914de5a42fd8e234da03e72e505_2.jpg,data/datasets/yolo_wound_boxes_v1/labels/train/wound_azh_patches_7ee61914de5a42fd8e234da03e72e505_2.txt,azh_patches,data/datasets/external/azh_patches/train/images/7ee61914de5a42fd8e234da03e72e505_2.png,PUBLIC_REAL_PHOTOS,a0d8f7c3514a48ce31a3fe7c4bc116e27bece70a3e92b5c7d0a8309f4eb3f5b4,1,2
wound_azh_patches_8042d0a73f2955a366f5f65ce2a4eb29_0,train,azh:8042d0a73f2955a366f5f65ce2a4eb29,data/datasets/yolo_wound_boxes_v1/images/train/wound_azh_patches_8042d0a73f2955a366f5f65ce2a4eb29_0.jpg,data/datasets/yolo_wound_boxes_v1/labels/train/wound_azh_patches_8042d0a73f2955a366f5f65ce2a4eb29_0.txt,azh_patches,data/datasets/external/azh_patches/train/images/8042d0a73f2955a366f5f65ce2a4eb29_0.png,PUBLIC_REAL_PHOTOS,1292be8a3c56196b88d575757a4fa6e9d83d1e92af22f2ca5b4e3b8d3fb8ae74,1,2
wound_azh_patches_8044c4db4e766825d0b10fbdc724b297_0,train,azh:8044c4db4e766825d0b10fbdc724b297,data/datasets/yolo_wound_boxes_v1/images/train/wound_azh_patches_8044c4db4e766825d0b10fbdc724b297_0.jpg,data/datasets/yolo_wound_boxes_v1/labels/train/wound_azh_patches_8044c4db4e766825d0b10fbdc724b297_0.txt,azh_patches,data/datasets/external/azh_patches/train/images/8044c4db4e766825d0b10fbdc724b297_0.png,PUBLIC_REAL_PHOTOS,2a6b0f964543a42f209a152cd0dc81ae77f099d80219fb91030f2ce84b2d6724,1,2
wound_azh_patches_806cc3a42fa1d28c56cbcd3781b05966_0,train,azh:806cc3a42fa1d28c56cbcd3781b05966,data/datasets/yolo_wound_boxes_v1/images/train/wound_azh_patches_806cc3a42fa1d28c56cbcd3781b05966_0.jpg,data/datasets/yolo_wound_boxes_v1/labels/train/wound_azh_patches_806cc3a42fa1d28c56cbcd3781b05966_0.txt,azh_patches,data/datasets/external/azh_patches/train/images/806cc3a42fa1d28c56cbcd3781b05966_0.png,PUBLIC_REAL_PHOTOS,6b3f2c04efd37646406663e664a4ee59ca1a07fbf131f37cdfdb958cc629c47a,1,2
wound_azh_patches_80b4d29fc5144fbdb795754ef671b03e_0,train,azh:80b4d29fc5144fbdb795754ef671b03e,data/datasets/yolo_wound_boxes_v1/images/train/wound_azh_patches_80b4d29fc5144fbdb795754ef671b03e_0.jpg,data/datasets/yolo_wound_boxes_v1/labels/train/wound_azh_patches_80b4d29fc5144fbdb795754ef671b03e_0.txt,azh_patches,data/datasets/external/azh_patches/train/images/80b4d29fc5144fbdb795754ef671b03e_0.png,PUBLIC_REAL_PHOTOS,0924bc2b6f084efb1ab4e39be95ca5e105d8490647e4608269e99d4c15fc569a,1,2
wound_azh_patches_80b4d29fc5144fbdb795754ef671b03e_1,train,azh:80b4d29fc5144fbdb795754ef671b03e,data/datasets/yolo_wound_boxes_v1/images/train/wound_azh_patches_80b4d29fc5144fbdb795754ef671b03e_1.jpg,data/datasets/yolo_wound_boxes_v1/labels/train/wound_azh_patches_80b4d29fc5144fbdb795754ef671b03e_1.txt,azh_patches,data/datasets/external/azh_patches/train/images/80b4d29fc5144fbdb795754ef671b03e_1.png,PUBLIC_REAL_PHOTOS,1f14b4de14d5e81040a68ddde4ea144681484b7d25a7f62a59c3f80151c10721,1,2
wound_azh_patches_81681f5db9e06b481495d7c53f25c960_0,val,azh:81681f5db9e06b481495d7c53f25c960,data/datasets/yolo_wound_boxes_v1/images/val/wound_azh_patches_81681f5db9e06b481495d7c53f25c960_0.jpg,data/datasets/yolo_wound_boxes_v1/labels/val/wound_azh_patches_81681f5db9e06b481495d7c53f25c960_0.txt,azh_patches,data/datasets/external/azh_patches/train/images/81681f5db9e06b481495d7c53f25c960_0.png,PUBLIC_REAL_PHOTOS,241189965b1f6f126841bcf37a530a6d77263518ccc61e10f3b0b6223a70a8af,1,2
wound_azh_patches_816b2c8cbdaa48026c25f79587082816_0,train,azh:816b2c8cbdaa48026c25f79587082816,data/datasets/yolo_wound_boxes_v1/images/train/wound_azh_patches_816b2c8cbdaa48026c25f79587082816_0.jpg,data/datasets/yolo_wound_boxes_v1/labels/train/wound_azh_patches_816b2c8cbdaa48026c25f79587082816_0.txt,azh_patches,data/datasets/external/azh_patches/train/images/816b2c8cbdaa48026c25f79587082816_0.png,PUBLIC_REAL_PHOTOS,14481a8f6b3a5be1981c6fe2da949831676397486c5f38bc03a01d261bb86e68,1,2
wound_azh_patches_81a87161323b4e9275623b551fa51659_0,train,azh:81a87161323b4e9275623b551fa51659,data/datasets/yolo_wound_boxes_v1/images/train/wound_azh_patches_81a87161323b4e9275623b551fa51659_0.jpg,data/datasets/yolo_wound_boxes_v1/labels/train/wound_azh_patches_81a87161323b4e9275623b551fa51659_0.txt,azh_patches,data/datasets/external/azh_patches/train/images/81a87161323b4e9275623b551fa51659_0.png,PUBLIC_REAL_PHOTOS,3d5ef62b083c1c05dfe4a6d7c44d1c53f4e2267cfd09fa1a19d563a47f2f80c3,1,2
wound_azh_patches_81c1637977f900ef575750af27a90d50_0,train,azh:81c1637977f900ef575750af27a90d50,data/datasets/yolo_wound_boxes_v1/images/train/wound_azh_patches_81c1637977f900ef575750af27a90d50_0.jpg,data/datasets/yolo_wound_boxes_v1/labels/train/wound_azh_patches_81c1637977f900ef575750af27a90d50_0.txt,azh_patches,data/datasets/external/azh_patches/train/images/81c1637977f900ef575750af27a90d50_0.png,PUBLIC_REAL_PHOTOS,f9518c44c4a1be2ef78aeeee5a0e16b719ab3322e7b89d95bdb51fa0bec76b5c,1,2
wound_azh_patches_81df32c19f357191e7c9f29b94adcc11_0,train,azh:81df32c19f357191e7c9f29b94adcc11,data/datasets/yolo_wound_boxes_v1/images/train/wound_azh_patches_81df32c19f357191e7c9f29b94adcc11_0.jpg,data/datasets/yolo_wound_boxes_v1/labels/train/wound_azh_patches_81df32c19f357191e7c9f29b94adcc11_0.txt,azh_patches,data/datasets/external/azh_patches/train/images/81df32c19f357191e7c9f29b94adcc11_0.png,PUBLIC_REAL_PHOTOS,a8822533ec707a83508444f28822ebb3f8bb33190d83f14238db458d33d6f1f3,1,2
wound_azh_patches_820e78beb09fdc1d5a2774d3717d0853_0,val,azh:820e78beb09fdc1d5a2774d3717d0853,data/datasets/yolo_wound_boxes_v1/images/val/wound_azh_patches_820e78beb09fdc1d5a2774d3717d0853_0.jpg,data/datasets/yolo_wound_boxes_v1/labels/val/wound_azh_patches_820e78beb09fdc1d5a2774d3717d0853_0.txt,azh_patches,data/datasets/external/azh_patches/train/images/820e78beb09fdc1d5a2774d3717d0853_0.png,PUBLIC_REAL_PHOTOS,48798a6deee912d6133b590bc53fc87139a093a9d975f1f0b05c3e7112ad8e67,1,2
wound_azh_patches_822cbb86d197f0a99536c8f74a4d6ce2_0,train,azh:822cbb86d197f0a99536c8f74a4d6ce2,data/datasets/yolo_wound_boxes_v1/images/train/wound_azh_patches_822cbb86d197f0a99536c8f74a4d6ce2_0.jpg,data/datasets/yolo_wound_boxes_v1/labels/train/wound_azh_patches_822cbb86d197f0a99536c8f74a4d6ce2_0.txt,azh_patches,data/datasets/external/azh_patches/train/images/822cbb86d197f0a99536c8f74a4d6ce2_0.png,PUBLIC_REAL_PHOTOS,7e29bf281055349e3ed4e0d7a7db71404e6d90f5642025845b96a76d9fa5f4da,1,2
wound_azh_patches_824364666e108356df90c70a3444ec61_0,train,azh:824364666e108356df90c70a3444ec61,data/datasets/yolo_wound_boxes_v1/images/train/wound_azh_patches_824364666e108356df90c70a3444ec61_0.jpg,data/datasets/yolo_wound_boxes_v1/labels/train/wound_azh_patches_824364666e108356df90c70a3444ec61_0.txt,azh_patches,data/datasets/external/azh_patches/train/images/824364666e108356df90c70a3444ec61_0.png,PUBLIC_REAL_PHOTOS,8c5e86c42a442ae8fedb0c5d65f65f62904c91e6c83e54aac6866355ad386fef,1,2
wound_azh_patches_828ac51cdc7255a4f32f4fb2f04d285e_0,train,azh:828ac51cdc7255a4f32f4fb2f04d285e,data/datasets/yolo_wound_boxes_v1/images/train/wound_azh_patches_828ac51cdc7255a4f32f4fb2f04d285e_0.jpg,data/datasets/yolo_wound_boxes_v1/labels/train/wound_azh_patches_828ac51cdc7255a4f32f4fb2f04d285e_0.txt,azh_patches,data/datasets/external/azh_patches/train/images/828ac51cdc7255a4f32f4fb2f04d285e_0.png,PUBLIC_REAL_PHOTOS,930425911788b764e5f0454a0a83b63219150c65de59ec1d8a2a413fbb3405d3,1,2
wound_azh_patches_83c692875905017286925d4396676196_0,train,azh:83c692875905017286925d4396676196,data/datasets/yolo_wound_boxes_v1/images/train/wound_azh_patches_83c692875905017286925d4396676196_0.jpg,data/datasets/yolo_wound_boxes_v1/labels/train/wound_azh_patches_83c692875905017286925d4396676196_0.txt,azh_patches,data/datasets/external/azh_patches/train/images/83c692875905017286925d4396676196_0.png,PUBLIC_REAL_PHOTOS,02da65167962f5e826b11cf865a9c2ca1efac25d713f51580580700995ff9eea,1,2
wound_azh_patches_83d9bb4ccfd4f8c55b34f96dad8b71da_0,train,azh:83d9bb4ccfd4f8c55b34f96dad8b71da,data/datasets/yolo_wound_boxes_v1/images/train/wound_azh_patches_83d9bb4ccfd4f8c55b34f96dad8b71da_0.jpg,data/datasets/yolo_wound_boxes_v1/labels/train/wound_azh_patches_83d9bb4ccfd4f8c55b34f96dad8b71da_0.txt,azh_patches,data/datasets/external/azh_patches/train/images/83d9bb4ccfd4f8c55b34f96dad8b71da_0.png,PUBLIC_REAL_PHOTOS,c7a091e49e38c49a3b6b24d9d28ce78218c588fe166eca05062d00c1040c4b7d,1,2
wound_azh_patches_8452f3abc9d20898ef6de9edf95c3963_0,train,azh:8452f3abc9d20898ef6de9edf95c3963,data/datasets/yolo_wound_boxes_v1/images/train/wound_azh_patches_8452f3abc9d20898ef6de9edf95c3963_0.jpg,data/datasets/yolo_wound_boxes_v1/labels/train/wound_azh_patches_8452f3abc9d20898ef6de9edf95c3963_0.txt,azh_patches,data/datasets/external/azh_patches/train/images/8452f3abc9d20898ef6de9edf95c3963_0.png,PUBLIC_REAL_PHOTOS,90c1ac9ddaddaa86cfa15a3f5c18f80db029962d35d859b38f7e1b0410dc5e80,1,2
wound_azh_patches_84a133a536f44c56c8bb4b005a4d82c4_0,train,azh:84a133a536f44c56c8bb4b005a4d82c4,data/datasets/yolo_wound_boxes_v1/images/train/wound_azh_patches_84a133a536f44c56c8bb4b005a4d82c4_0.jpg,data/datasets/yolo_wound_boxes_v1/labels/train/wound_azh_patches_84a133a536f44c56c8bb4b005a4d82c4_0.txt,azh_patches,data/datasets/external/azh_patches/train/images/84a133a536f44c56c8bb4b005a4d82c4_0.png,PUBLIC_REAL_PHOTOS,0ff9dd807f2c068b0beecfe4697a2a4e47dd9fa050fedb04d6b5cdb166f1c17a,1,2
wound_azh_patches_84bbfd94916171db7ba7b9e847c138c4_0,test,azh:84bbfd94916171db7ba7b9e847c138c4,data/datasets/yolo_wound_boxes_v1/images/test/wound_azh_patches_84bbfd94916171db7ba7b9e847c138c4_0.jpg,data/datasets/yolo_wound_boxes_v1/labels/test/wound_azh_patches_84bbfd94916171db7ba7b9e847c138c4_0.txt,azh_patches,data/datasets/external/azh_patches/train/images/84bbfd94916171db7ba7b9e847c138c4_0.png,PUBLIC_REAL_PHOTOS,92499aee958d0363a601c8440ca61c9a681c69aa9d01fab5191dd9b790e6ad9b,1,2
wound_azh_patches_84bd1ab33e0c857bdefb3acd23a8e70f_0,train,azh:84bd1ab33e0c857bdefb3acd23a8e70f,data/datasets/yolo_wound_boxes_v1/images/train/wound_azh_patches_84bd1ab33e0c857bdefb3acd23a8e70f_0.jpg,data/datasets/yolo_wound_boxes_v1/labels/train/wound_azh_patches_84bd1ab33e0c857bdefb3acd23a8e70f_0.txt,azh_patches,data/datasets/external/azh_patches/train/images/84bd1ab33e0c857bdefb3acd23a8e70f_0.png,PUBLIC_REAL_PHOTOS,57e61a6b6a518d96fdd6e1c9f86f1abd859b70a2e4fc02887b9e0b13ec4438f1,1,2
wound_azh_patches_84cce3a412ffaf31f9b3144b9ad40b16_0,train,azh:84cce3a412ffaf31f9b3144b9ad40b16,data/datasets/yolo_wound_boxes_v1/images/train/wound_azh_patches_84cce3a412ffaf31f9b3144b9ad40b16_0.jpg,data/datasets/yolo_wound_boxes_v1/labels/train/wound_azh_patches_84cce3a412ffaf31f9b3144b9ad40b16_0.txt,azh_patches,data/datasets/external/azh_patches/train/images/84cce3a412ffaf31f9b3144b9ad40b16_0.png,PUBLIC_REAL_PHOTOS,520b5fc076d5a72de3e663d5a5809da8b53f514f2dd41084a3b50944aabbe6f7,1,2
wound_azh_patches_855067521b74ba3f3affc8ef4e61323f_0,train,azh:855067521b74ba3f3affc8ef4e61323f,data/datasets/yolo_wound_boxes_v1/images/train/wound_azh_patches_855067521b74ba3f3affc8ef4e61323f_0.jpg,data/datasets/yolo_wound_boxes_v1/labels/train/wound_azh_patches_855067521b74ba3f3affc8ef4e61323f_0.txt,azh_patches,data/datasets/external/azh_patches/train/images/855067521b74ba3f3affc8ef4e61323f_0.png,PUBLIC_REAL_PHOTOS,9fdbed40b2d628260a572fab5689dcd818c8ec5eb1f44126fe648c324a57d8d8,1,2
wound_azh_patches_85b414fbd98b029cb61e47139ce0435f_0,test,azh:85b414fbd98b029cb61e47139ce0435f,data/datasets/yolo_wound_boxes_v1/images/test/wound_azh_patches_85b414fbd98b029cb61e47139ce0435f_0.jpg,data/datasets/yolo_wound_boxes_v1/labels/test/wound_azh_patches_85b414fbd98b029cb61e47139ce0435f_0.txt,azh_patches,data/datasets/external/azh_patches/train/images/85b414fbd98b029cb61e47139ce0435f_0.png,PUBLIC_REAL_PHOTOS,1598ab1f255ba0f2513c3f6e55cec04c342509133feba7cccfcaa38dadb80fc7,1,2
wound_azh_patches_85ca25138509f9a67a9ebb58bd90b215_0,test,azh:85ca25138509f9a67a9ebb58bd90b215,data/datasets/yolo_wound_boxes_v1/images/test/wound_azh_patches_85ca25138509f9a67a9ebb58bd90b215_0.jpg,data/datasets/yolo_wound_boxes_v1/labels/test/wound_azh_patches_85ca25138509f9a67a9ebb58bd90b215_0.txt,azh_patches,data/datasets/external/azh_patches/train/images/85ca25138509f9a67a9ebb58bd90b215_0.png,PUBLIC_REAL_PHOTOS,20f9c3673ee75bff1661b2582cfbe5082f9e86d4d8eba997d9f3b25bb224ea0a,1,2
wound_azh_patches_85dc163cc7f87af306322b1776906af6_0,test,azh:85dc163cc7f87af306322b1776906af6,data/datasets/yolo_wound_boxes_v1/images/test/wound_azh_patches_85dc163cc7f87af306322b1776906af6_0.jpg,data/datasets/yolo_wound_boxes_v1/labels/test/wound_azh_patches_85dc163cc7f87af306322b1776906af6_0.txt,azh_patches,data/datasets/external/azh_patches/train/images/85dc163cc7f87af306322b1776906af6_0.png,PUBLIC_REAL_PHOTOS,9ba0338a18029a9f6b895bdd1a9df2269a2563fd07944a498b5c45a03f133152,1,2
wound_azh_patches_870b7ea6239da9887f77682c5eb2ad51_0,train,azh:870b7ea6239da9887f77682c5eb2ad51,data/datasets/yolo_wound_boxes_v1/images/train/wound_azh_patches_870b7ea6239da9887f77682c5eb2ad51_0.jpg,data/datasets/yolo_wound_boxes_v1/labels/train/wound_azh_patches_870b7ea6239da9887f77682c5eb2ad51_0.txt,azh_patches,data/datasets/external/azh_patches/train/images/870b7ea6239da9887f77682c5eb2ad51_0.png,PUBLIC_REAL_PHOTOS,1b8172b7e09852ebd7489f825297da58fb745f777fee3d86b199d3b4cb84cbc8,1,2
wound_azh_patches_870b7ea6239da9887f77682c5eb2ad51_1,train,azh:870b7ea6239da9887f77682c5eb2ad51,data/datasets/yolo_wound_boxes_v1/images/train/wound_azh_patches_870b7ea6239da9887f77682c5eb2ad51_1.jpg,data/datasets/yolo_wound_boxes_v1/labels/train/wound_azh_patches_870b7ea6239da9887f77682c5eb2ad51_1.txt,azh_patches,data/datasets/external/azh_patches/train/images/870b7ea6239da9887f77682c5eb2ad51_1.png,PUBLIC_REAL_PHOTOS,bf48c256b5a1b4160aa1ef754e56a4b4a21e8a1e83c00edb113761195369b9f5,1,2
wound_azh_patches_870b7ea6239da9887f77682c5eb2ad51_2,train,azh:870b7ea6239da9887f77682c5eb2ad51,data/datasets/yolo_wound_boxes_v1/images/train/wound_azh_patches_870b7ea6239da9887f77682c5eb2ad51_2.jpg,data/datasets/yolo_wound_boxes_v1/labels/train/wound_azh_patches_870b7ea6239da9887f77682c5eb2ad51_2.txt,azh_patches,data/datasets/external/azh_patches/train/images/870b7ea6239da9887f77682c5eb2ad51_2.png,PUBLIC_REAL_PHOTOS,52ccbd86fae467c6e36e232c827c50cf00cef3f4fd2d97e06fee39fb850681dc,1,2
wound_azh_patches_874da824cf21b556c6a61dd2ab7fbae8_0,train,azh:874da824cf21b556c6a61dd2ab7fbae8,data/datasets/yolo_wound_boxes_v1/images/train/wound_azh_patches_874da824cf21b556c6a61dd2ab7fbae8_0.jpg,data/datasets/yolo_wound_boxes_v1/labels/train/wound_azh_patches_874da824cf21b556c6a61dd2ab7fbae8_0.txt,azh_patches,data/datasets/external/azh_patches/train/images/874da824cf21b556c6a61dd2ab7fbae8_0.png,PUBLIC_REAL_PHOTOS,ca9e418746d1cf8738349416690a9b4705f562a277d7f69e0508f6d62f6832e1,1,2
wound_azh_patches_87832ce91343423b474ffbcc7c3e7cf5_0,train,azh:87832ce91343423b474ffbcc7c3e7cf5,data/datasets/yolo_wound_boxes_v1/images/train/wound_azh_patches_87832ce91343423b474ffbcc7c3e7cf5_0.jpg,data/datasets/yolo_wound_boxes_v1/labels/train/wound_azh_patches_87832ce91343423b474ffbcc7c3e7cf5_0.txt,azh_patches,data/datasets/external/azh_patches/train/images/87832ce91343423b474ffbcc7c3e7cf5_0.png,PUBLIC_REAL_PHOTOS,3875f3da7e22f792a2664fb047a245d862731de1f747af949620e3cdb8e461f5,1,2
wound_azh_patches_87832ce91343423b474ffbcc7c3e7cf5_1,train,azh:87832ce91343423b474ffbcc7c3e7cf5,data/datasets/yolo_wound_boxes_v1/images/train/wound_azh_patches_87832ce91343423b474ffbcc7c3e7cf5_1.jpg,data/datasets/yolo_wound_boxes_v1/labels/train/wound_azh_patches_87832ce91343423b474ffbcc7c3e7cf5_1.txt,azh_patches,data/datasets/external/azh_patches/train/images/87832ce91343423b474ffbcc7c3e7cf5_1.png,PUBLIC_REAL_PHOTOS,1f658b60b1302d1e3ba8e53729a992ff134aa25ec5d8a7c7b1870d0b8e18ba2f,1,2
wound_azh_patches_87c73026a0a864fdcddb7e323441fc3b_0,train,azh:87c73026a0a864fdcddb7e323441fc3b,data/datasets/yolo_wound_boxes_v1/images/train/wound_azh_patches_87c73026a0a864fdcddb7e323441fc3b_0.jpg,data/datasets/yolo_wound_boxes_v1/labels/train/wound_azh_patches_87c73026a0a864fdcddb7e323441fc3b_0.txt,azh_patches,data/datasets/external/azh_patches/train/images/87c73026a0a864fdcddb7e323441fc3b_0.png,PUBLIC_REAL_PHOTOS,fc613bf05ca3655d477d264a1a7390de6f892ba3bfc6547221f655ef2bf5b0a8,1,2
wound_azh_patches_87f9643ecf1e1dcc23293137f4623a4f_0,train,azh:87f9643ecf1e1dcc23293137f4623a4f,data/datasets/yolo_wound_boxes_v1/images/train/wound_azh_patches_87f9643ecf1e1dcc23293137f4623a4f_0.jpg,data/datasets/yolo_wound_boxes_v1/labels/train/wound_azh_patches_87f9643ecf1e1dcc23293137f4623a4f_0.txt,azh_patches,data/datasets/external/azh_patches/train/images/87f9643ecf1e1dcc23293137f4623a4f_0.png,PUBLIC_REAL_PHOTOS,7998e17e225cdaf1233cdd7bd2800aa7ce1b667a0f5e4b395d51b47a73e88956,1,2
wound_azh_patches_87f9643ecf1e1dcc23293137f4623a4f_1,train,azh:87f9643ecf1e1dcc23293137f4623a4f,data/datasets/yolo_wound_boxes_v1/images/train/wound_azh_patches_87f9643ecf1e1dcc23293137f4623a4f_1.jpg,data/datasets/yolo_wound_boxes_v1/labels/train/wound_azh_patches_87f9643ecf1e1dcc23293137f4623a4f_1.txt,azh_patches,data/datasets/external/azh_patches/train/images/87f9643ecf1e1dcc23293137f4623a4f_1.png,PUBLIC_REAL_PHOTOS,34feb1b2b215a586ff124f53fd84f2770dd027a8b31f26814afa95605f033513,1,2
wound_azh_patches_87f9643ecf1e1dcc23293137f4623a4f_2,train,azh:87f9643ecf1e1dcc23293137f4623a4f,data/datasets/yolo_wound_boxes_v1/images/train/wound_azh_patches_87f9643ecf1e1dcc23293137f4623a4f_2.jpg,data/datasets/yolo_wound_boxes_v1/labels/train/wound_azh_patches_87f9643ecf1e1dcc23293137f4623a4f_2.txt,azh_patches,data/datasets/external/azh_patches/train/images/87f9643ecf1e1dcc23293137f4623a4f_2.png,PUBLIC_REAL_PHOTOS,6cf21835779714358b4fdb02e7b940f2befbae472bf63f12a151bb9ab10beac3,1,2
wound_azh_patches_87f9e86cea732d8f1b80099160501de2_0,test,azh:87f9e86cea732d8f1b80099160501de2,data/datasets/yolo_wound_boxes_v1/images/test/wound_azh_patches_87f9e86cea732d8f1b80099160501de2_0.jpg,data/datasets/yolo_wound_boxes_v1/labels/test/wound_azh_patches_87f9e86cea732d8f1b80099160501de2_0.txt,azh_patches,data/datasets/external/azh_patches/train/images/87f9e86cea732d8f1b80099160501de2_0.png,PUBLIC_REAL_PHOTOS,e79bf20e21ae1c9dafafff88bea044a3bc36da0a024dc0a9d3917a80a8a746e1,1,2
wound_azh_patches_8865af9de740a04a4eb52e63d5be0837_0,train,azh:8865af9de740a04a4eb52e63d5be0837,data/datasets/yolo_wound_boxes_v1/images/train/wound_azh_patches_8865af9de740a04a4eb52e63d5be0837_0.jpg,data/datasets/yolo_wound_boxes_v1/labels/train/wound_azh_patches_8865af9de740a04a4eb52e63d5be0837_0.txt,azh_patches,data/datasets/external/azh_patches/train/images/8865af9de740a04a4eb52e63d5be0837_0.png,PUBLIC_REAL_PHOTOS,4736dd0b2c94612fd241444092977bd6659f68b4bdc29f6d6e79f31e31970b6e,1,2
wound_azh_patches_88bb525a48fa4b2b4d20e147378e2e5d_0,val,azh:88bb525a48fa4b2b4d20e147378e2e5d,data/datasets/yolo_wound_boxes_v1/images/val/wound_azh_patches_88bb525a48fa4b2b4d20e147378e2e5d_0.jpg,data/datasets/yolo_wound_boxes_v1/labels/val/wound_azh_patches_88bb525a48fa4b2b4d20e147378e2e5d_0.txt,azh_patches,data/datasets/external/azh_patches/train/images/88bb525a48fa4b2b4d20e147378e2e5d_0.png,PUBLIC_REAL_PHOTOS,3bf3192f52742dc8c216520eaef08e9ca2078556f1d6950c7cadec7ba0a56036,1,2
wound_azh_patches_88bd59691ff1d4f4294090344b73a32e_0,train,azh:88bd59691ff1d4f4294090344b73a32e,data/datasets/yolo_wound_boxes_v1/images/train/wound_azh_patches_88bd59691ff1d4f4294090344b73a32e_0.jpg,data/datasets/yolo_wound_boxes_v1/labels/train/wound_azh_patches_88bd59691ff1d4f4294090344b73a32e_0.txt,azh_patches,data/datasets/external/azh_patches/train/images/88bd59691ff1d4f4294090344b73a32e_0.png,PUBLIC_REAL_PHOTOS,a4bdb10018f5dc4a01311dec78a3623167c10f1163140e8c3ec468ba160302b4,1,2
wound_azh_patches_88c8b5c16aecd4a78d2ac5869e6fedd8_0,train,azh:88c8b5c16aecd4a78d2ac5869e6fedd8,data/datasets/yolo_wound_boxes_v1/images/train/wound_azh_patches_88c8b5c16aecd4a78d2ac5869e6fedd8_0.jpg,data/datasets/yolo_wound_boxes_v1/labels/train/wound_azh_patches_88c8b5c16aecd4a78d2ac5869e6fedd8_0.txt,azh_patches,data/datasets/external/azh_patches/train/images/88c8b5c16aecd4a78d2ac5869e6fedd8_0.png,PUBLIC_REAL_PHOTOS,9963f5bd4c7b2888ff833bf4316c0b0bad448fa2f95518d09f71355275b97acc,1,2
wound_azh_patches_890dd764dfeec34a1eb71f7c928e9ebe_0,train,azh:890dd764dfeec34a1eb71f7c928e9ebe,data/datasets/yolo_wound_boxes_v1/images/train/wound_azh_patches_890dd764dfeec34a1eb71f7c928e9ebe_0.jpg,data/datasets/yolo_wound_boxes_v1/labels/train/wound_azh_patches_890dd764dfeec34a1eb71f7c928e9ebe_0.txt,azh_patches,data/datasets/external/azh_patches/train/images/890dd764dfeec34a1eb71f7c928e9ebe_0.png,PUBLIC_REAL_PHOTOS,7d3e2ee89acaa9d57a2b8db94c02227bee7a8b2ac1d80161575f4ad1f6bce709,1,2
wound_azh_patches_891d237001ce6b42ca116da62335535d_0,train,azh:891d237001ce6b42ca116da62335535d,data/datasets/yolo_wound_boxes_v1/images/train/wound_azh_patches_891d237001ce6b42ca116da62335535d_0.jpg,data/datasets/yolo_wound_boxes_v1/labels/train/wound_azh_patches_891d237001ce6b42ca116da62335535d_0.txt,azh_patches,data/datasets/external/azh_patches/train/images/891d237001ce6b42ca116da62335535d_0.png,PUBLIC_REAL_PHOTOS,e0462cbbf47826e54c6fcf01e28341f09e181d80d657ff729a7cda1fa74378d8,1,2
wound_azh_patches_891d237001ce6b42ca116da62335535d_1,train,azh:891d237001ce6b42ca116da62335535d,data/datasets/yolo_wound_boxes_v1/images/train/wound_azh_patches_891d237001ce6b42ca116da62335535d_1.jpg,data/datasets/yolo_wound_boxes_v1/labels/train/wound_azh_patches_891d237001ce6b42ca116da62335535d_1.txt,azh_patches,data/datasets/external/azh_patches/train/images/891d237001ce6b42ca116da62335535d_1.png,PUBLIC_REAL_PHOTOS,96432103e5e2401b7ebf57123143df0e37e48357daed5936d089043ed13419e2,1,2
wound_azh_patches_8934505da06ec4abfdf59a81a2f831f4_0,train,azh:8934505da06ec4abfdf59a81a2f831f4,data/datasets/yolo_wound_boxes_v1/images/train/wound_azh_patches_8934505da06ec4abfdf59a81a2f831f4_0.jpg,data/datasets/yolo_wound_boxes_v1/labels/train/wound_azh_patches_8934505da06ec4abfdf59a81a2f831f4_0.txt,azh_patches,data/datasets/external/azh_patches/train/images/8934505da06ec4abfdf59a81a2f831f4_0.png,PUBLIC_REAL_PHOTOS,bf0757c394f17c8b310f43f83b57df736c4a84071471c7647e9f87d36be2ecdb,1,2
wound_azh_patches_89fc2a56f9d64474e96b46f3f8723329_0,train,azh:89fc2a56f9d64474e96b46f3f8723329,data/datasets/yolo_wound_boxes_v1/images/train/wound_azh_patches_89fc2a56f9d64474e96b46f3f8723329_0.jpg,data/datasets/yolo_wound_boxes_v1/labels/train/wound_azh_patches_89fc2a56f9d64474e96b46f3f8723329_0.txt,azh_patches,data/datasets/external/azh_patches/train/images/89fc2a56f9d64474e96b46f3f8723329_0.png,PUBLIC_REAL_PHOTOS,a59da2892fd3696c97ba65537e0b701f7565905e6bace08eec48012066aeb19d,1,2
wound_azh_patches_8a18f8e219f8e92bdcb2dd2be4a11b16_0,train,azh:8a18f8e219f8e92bdcb2dd2be4a11b16,data/datasets/yolo_wound_boxes_v1/images/train/wound_azh_patches_8a18f8e219f8e92bdcb2dd2be4a11b16_0.jpg,data/datasets/yolo_wound_boxes_v1/labels/train/wound_azh_patches_8a18f8e219f8e92bdcb2dd2be4a11b16_0.txt,azh_patches,data/datasets/external/azh_patches/train/images/8a18f8e219f8e92bdcb2dd2be4a11b16_0.png,PUBLIC_REAL_PHOTOS,8de9d7b7462ef433adb4a46e48be1ba3b61efef7d750b93f8c01b7b6c0955176,1,2
wound_azh_patches_8ac79cecafc3a0a99896e8c36f6bac3e_0,train,azh:8ac79cecafc3a0a99896e8c36f6bac3e,data/datasets/yolo_wound_boxes_v1/images/train/wound_azh_patches_8ac79cecafc3a0a99896e8c36f6bac3e_0.jpg,data/datasets/yolo_wound_boxes_v1/labels/train/wound_azh_patches_8ac79cecafc3a0a99896e8c36f6bac3e_0.txt,azh_patches,data/datasets/external/azh_patches/train/images/8ac79cecafc3a0a99896e8c36f6bac3e_0.png,PUBLIC_REAL_PHOTOS,50c732412fab79732721aa551072003a54c6153fd67bfdd5fe14d39cd9e61bac,1,2
wound_azh_patches_8ac79cecafc3a0a99896e8c36f6bac3e_1,train,azh:8ac79cecafc3a0a99896e8c36f6bac3e,data/datasets/yolo_wound_boxes_v1/images/train/wound_azh_patches_8ac79cecafc3a0a99896e8c36f6bac3e_1.jpg,data/datasets/yolo_wound_boxes_v1/labels/train/wound_azh_patches_8ac79cecafc3a0a99896e8c36f6bac3e_1.txt,azh_patches,data/datasets/external/azh_patches/train/images/8ac79cecafc3a0a99896e8c36f6bac3e_1.png,PUBLIC_REAL_PHOTOS,78c1415d82bcd803239fdf59198bf90252f89b4215af1d4a6b38a45ba3a94e84,1,2
wound_azh_patches_8ae8d72c95eac83858981869ae4b8ef5_0,val,azh:8ae8d72c95eac83858981869ae4b8ef5,data/datasets/yolo_wound_boxes_v1/images/val/wound_azh_patches_8ae8d72c95eac83858981869ae4b8ef5_0.jpg,data/datasets/yolo_wound_boxes_v1/labels/val/wound_azh_patches_8ae8d72c95eac83858981869ae4b8ef5_0.txt,azh_patches,data/datasets/external/azh_patches/train/images/8ae8d72c95eac83858981869ae4b8ef5_0.png,PUBLIC_REAL_PHOTOS,a06803f7e6d173dea38063c97d3e271805e892eb874fa32c86d3f346bc5b4b91,1,2
wound_azh_patches_8b7f46cb2a88003694abd21260f3ff02_0,test,azh:8b7f46cb2a88003694abd21260f3ff02,data/datasets/yolo_wound_boxes_v1/images/test/wound_azh_patches_8b7f46cb2a88003694abd21260f3ff02_0.jpg,data/datasets/yolo_wound_boxes_v1/labels/test/wound_azh_patches_8b7f46cb2a88003694abd21260f3ff02_0.txt,azh_patches,data/datasets/external/azh_patches/train/images/8b7f46cb2a88003694abd21260f3ff02_0.png,PUBLIC_REAL_PHOTOS,6f69b1e63190e6245407b3c363cc5440ea12d76ac4dffe09b7d76a22fcaad37c,1,2
wound_azh_patches_8c1914f73a44d17a6cd0e5c8be270a6e_0,train,azh:8c1914f73a44d17a6cd0e5c8be270a6e,data/datasets/yolo_wound_boxes_v1/images/train/wound_azh_patches_8c1914f73a44d17a6cd0e5c8be270a6e_0.jpg,data/datasets/yolo_wound_boxes_v1/labels/train/wound_azh_patches_8c1914f73a44d17a6cd0e5c8be270a6e_0.txt,azh_patches,data/datasets/external/azh_patches/train/images/8c1914f73a44d17a6cd0e5c8be270a6e_0.png,PUBLIC_REAL_PHOTOS,8a90054fb3dde59c39f1cbb3321971bf90d6718c5ac2ebc474cbad4420cd454b,1,2
wound_azh_patches_8c5e4a98e125b704f2392e27b02175e7_1,train,azh:8c5e4a98e125b704f2392e27b02175e7,data/datasets/yolo_wound_boxes_v1/images/train/wound_azh_patches_8c5e4a98e125b704f2392e27b02175e7_1.jpg,data/datasets/yolo_wound_boxes_v1/labels/train/wound_azh_patches_8c5e4a98e125b704f2392e27b02175e7_1.txt,azh_patches,data/datasets/external/azh_patches/train/images/8c5e4a98e125b704f2392e27b02175e7_1.png,PUBLIC_REAL_PHOTOS,61b050c00e3afc88a7a800d0e16cbcf258d658f7ea7f26667a2d6a8bfdbebc79,1,2
wound_azh_patches_8c621970fe7ed9d5b563e4097d31d609_0,val,azh:8c621970fe7ed9d5b563e4097d31d609,data/datasets/yolo_wound_boxes_v1/images/val/wound_azh_patches_8c621970fe7ed9d5b563e4097d31d609_0.jpg,data/datasets/yolo_wound_boxes_v1/labels/val/wound_azh_patches_8c621970fe7ed9d5b563e4097d31d609_0.txt,azh_patches,data/datasets/external/azh_patches/train/images/8c621970fe7ed9d5b563e4097d31d609_0.png,PUBLIC_REAL_PHOTOS,89e90ad626d5d895729e6fe8d7d00b40a5ece18ed0b12e7abd161d30cb80a2b4,1,2
wound_azh_patches_8c9c46fac2d68c6c2bec8ac45acbb3a3_0,train,azh:8c9c46fac2d68c6c2bec8ac45acbb3a3,data/datasets/yolo_wound_boxes_v1/images/train/wound_azh_patches_8c9c46fac2d68c6c2bec8ac45acbb3a3_0.jpg,data/datasets/yolo_wound_boxes_v1/labels/train/wound_azh_patches_8c9c46fac2d68c6c2bec8ac45acbb3a3_0.txt,azh_patches,data/datasets/external/azh_patches/train/images/8c9c46fac2d68c6c2bec8ac45acbb3a3_0.png,PUBLIC_REAL_PHOTOS,26e0521f11fe6fd390f31335c13a7a6ebb5ee655a56a8538d9a22cea688ffe23,1,2
wound_azh_patches_8d03b509c861b4c8af3a2e889e187f72_0,train,azh:8d03b509c861b4c8af3a2e889e187f72,data/datasets/yolo_wound_boxes_v1/images/train/wound_azh_patches_8d03b509c861b4c8af3a2e889e187f72_0.jpg,data/datasets/yolo_wound_boxes_v1/labels/train/wound_azh_patches_8d03b509c861b4c8af3a2e889e187f72_0.txt,azh_patches,data/datasets/external/azh_patches/train/images/8d03b509c861b4c8af3a2e889e187f72_0.png,PUBLIC_REAL_PHOTOS,4018574abf3f640ffda94d92d960a43cf51f7b325906264d9bd26cbc47d12ee2,1,2
wound_azh_patches_8d78da46e681d5ac7ed6101b511acfc0_0,train,azh:8d78da46e681d5ac7ed6101b511acfc0,data/datasets/yolo_wound_boxes_v1/images/train/wound_azh_patches_8d78da46e681d5ac7ed6101b511acfc0_0.jpg,data/datasets/yolo_wound_boxes_v1/labels/train/wound_azh_patches_8d78da46e681d5ac7ed6101b511acfc0_0.txt,azh_patches,data/datasets/external/azh_patches/train/images/8d78da46e681d5ac7ed6101b511acfc0_0.png,PUBLIC_REAL_PHOTOS,376c4077834e548c950c6c03d08d16c2220a0d407d28f0b92f586691d664829a,1,2
wound_azh_patches_8e3c87493da30f92bf75fb7ea9c04786_0,train,azh:8e3c87493da30f92bf75fb7ea9c04786,data/datasets/yolo_wound_boxes_v1/images/train/wound_azh_patches_8e3c87493da30f92bf75fb7ea9c04786_0.jpg,data/datasets/yolo_wound_boxes_v1/labels/train/wound_azh_patches_8e3c87493da30f92bf75fb7ea9c04786_0.txt,azh_patches,data/datasets/external/azh_patches/train/images/8e3c87493da30f92bf75fb7ea9c04786_0.png,PUBLIC_REAL_PHOTOS,94ad3e6363763d01c8166dc1dc8236d402edc30fe25899a15c0fce6b0f199d68,1,2
wound_azh_patches_8e3c87493da30f92bf75fb7ea9c04786_1,train,azh:8e3c87493da30f92bf75fb7ea9c04786,data/datasets/yolo_wound_boxes_v1/images/train/wound_azh_patches_8e3c87493da30f92bf75fb7ea9c04786_1.jpg,data/datasets/yolo_wound_boxes_v1/labels/train/wound_azh_patches_8e3c87493da30f92bf75fb7ea9c04786_1.txt,azh_patches,data/datasets/external/azh_patches/train/images/8e3c87493da30f92bf75fb7ea9c04786_1.png,PUBLIC_REAL_PHOTOS,25be1888df1b97e0c79ac370ccce5ec60eb3ae623342dabac702ca2f89475e32,1,2
wound_azh_patches_8ebf747b135493791f1c9564c0e2b210_0,train,azh:8ebf747b135493791f1c9564c0e2b210,data/datasets/yolo_wound_boxes_v1/images/train/wound_azh_patches_8ebf747b135493791f1c9564c0e2b210_0.jpg,data/datasets/yolo_wound_boxes_v1/labels/train/wound_azh_patches_8ebf747b135493791f1c9564c0e2b210_0.txt,azh_patches,data/datasets/external/azh_patches/train/images/8ebf747b135493791f1c9564c0e2b210_0.png,PUBLIC_REAL_PHOTOS,cf27da4827189029814b35bd1f1ad857a98a999a575e31c5f4f97b9e7601ddac,1,2
wound_azh_patches_8ee0d690e13b71793d999275b9530556_0,val,azh:8ee0d690e13b71793d999275b9530556,data/datasets/yolo_wound_boxes_v1/images/val/wound_azh_patches_8ee0d690e13b71793d999275b9530556_0.jpg,data/datasets/yolo_wound_boxes_v1/labels/val/wound_azh_patches_8ee0d690e13b71793d999275b9530556_0.txt,azh_patches,data/datasets/external/azh_patches/train/images/8ee0d690e13b71793d999275b9530556_0.png,PUBLIC_REAL_PHOTOS,3c8fcbf027789c45e6bfdf932b1a98dcb89ec19852d1a62fbf90726f08e952c6,1,2
wound_azh_patches_8f34d3bc96d612f3fc9a2d550814258b_0,val,azh:8f34d3bc96d612f3fc9a2d550814258b,data/datasets/yolo_wound_boxes_v1/images/val/wound_azh_patches_8f34d3bc96d612f3fc9a2d550814258b_0.jpg,data/datasets/yolo_wound_boxes_v1/labels/val/wound_azh_patches_8f34d3bc96d612f3fc9a2d550814258b_0.txt,azh_patches,data/datasets/external/azh_patches/train/images/8f34d3bc96d612f3fc9a2d550814258b_0.png,PUBLIC_REAL_PHOTOS,10d89a9a8bc5211b0af2acab6c87854bd5a2630c38e7fd13d64d4cd86b24007e,1,2
wound_azh_patches_8f941aa493291b5dc76fec6f6caf898b_0,train,azh:8f941aa493291b5dc76fec6f6caf898b,data/datasets/yolo_wound_boxes_v1/images/train/wound_azh_patches_8f941aa493291b5dc76fec6f6caf898b_0.jpg,data/datasets/yolo_wound_boxes_v1/labels/train/wound_azh_patches_8f941aa493291b5dc76fec6f6caf898b_0.txt,azh_patches,data/datasets/external/azh_patches/train/images/8f941aa493291b5dc76fec6f6caf898b_0.png,PUBLIC_REAL_PHOTOS,25722e22ba1156b6942525e36b6b7b1e6051d63b764862ace808e82a2aa6694e,1,2
wound_azh_patches_909dd7f82c7e3be9e34e3a97f5694eaa_0,val,azh:909dd7f82c7e3be9e34e3a97f5694eaa,data/datasets/yolo_wound_boxes_v1/images/val/wound_azh_patches_909dd7f82c7e3be9e34e3a97f5694eaa_0.jpg,data/datasets/yolo_wound_boxes_v1/labels/val/wound_azh_patches_909dd7f82c7e3be9e34e3a97f5694eaa_0.txt,azh_patches,data/datasets/external/azh_patches/train/images/909dd7f82c7e3be9e34e3a97f5694eaa_0.png,PUBLIC_REAL_PHOTOS,60059c72ff46ca4d0892914b59bcd0d43d5457aaaaf0446c1edbb84d4a7cb080,1,2
wound_azh_patches_90ecf9a6a008195a59d2cc03f34ab3bd_0,train,azh:90ecf9a6a008195a59d2cc03f34ab3bd,data/datasets/yolo_wound_boxes_v1/images/train/wound_azh_patches_90ecf9a6a008195a59d2cc03f34ab3bd_0.jpg,data/datasets/yolo_wound_boxes_v1/labels/train/wound_azh_patches_90ecf9a6a008195a59d2cc03f34ab3bd_0.txt,azh_patches,data/datasets/external/azh_patches/train/images/90ecf9a6a008195a59d2cc03f34ab3bd_0.png,PUBLIC_REAL_PHOTOS,e9cc83a941ca2fefe50ef895407f2fcd9fb2db7fb801e2e4d718a71c2b72a45e,1,2
wound_azh_patches_911de1a195b1054b8a0df9b2fe05c59a_0,train,azh:911de1a195b1054b8a0df9b2fe05c59a,data/datasets/yolo_wound_boxes_v1/images/train/wound_azh_patches_911de1a195b1054b8a0df9b2fe05c59a_0.jpg,data/datasets/yolo_wound_boxes_v1/labels/train/wound_azh_patches_911de1a195b1054b8a0df9b2fe05c59a_0.txt,azh_patches,data/datasets/external/azh_patches/train/images/911de1a195b1054b8a0df9b2fe05c59a_0.png,PUBLIC_REAL_PHOTOS,9f3fc1cb7364d5b4749942ad53c49ffc71cd9ad5dcafc9a9405dbf73f402695e,1,2
wound_azh_patches_914e2841960079c511504fe5a5c01ca8_0,train,azh:914e2841960079c511504fe5a5c01ca8,data/datasets/yolo_wound_boxes_v1/images/train/wound_azh_patches_914e2841960079c511504fe5a5c01ca8_0.jpg,data/datasets/yolo_wound_boxes_v1/labels/train/wound_azh_patches_914e2841960079c511504fe5a5c01ca8_0.txt,azh_patches,data/datasets/external/azh_patches/train/images/914e2841960079c511504fe5a5c01ca8_0.png,PUBLIC_REAL_PHOTOS,d5d0208ce3c77b7ba079a11c778e99e5c4070e78a44dbc7ee4735f084edf5cca,1,2
wound_azh_patches_917bc443be555adfdf9d0be213118859_0,train,azh:917bc443be555adfdf9d0be213118859,data/datasets/yolo_wound_boxes_v1/images/train/wound_azh_patches_917bc443be555adfdf9d0be213118859_0.jpg,data/datasets/yolo_wound_boxes_v1/labels/train/wound_azh_patches_917bc443be555adfdf9d0be213118859_0.txt,azh_patches,data/datasets/external/azh_patches/train/images/917bc443be555adfdf9d0be213118859_0.png,PUBLIC_REAL_PHOTOS,da51a9bdfc02260364a98075e53a239dd1690726a42b77d17d759fb2f9bcc03a,1,2
wound_azh_patches_917bc443be555adfdf9d0be213118859_1,train,azh:917bc443be555adfdf9d0be213118859,data/datasets/yolo_wound_boxes_v1/images/train/wound_azh_patches_917bc443be555adfdf9d0be213118859_1.jpg,data/datasets/yolo_wound_boxes_v1/labels/train/wound_azh_patches_917bc443be555adfdf9d0be213118859_1.txt,azh_patches,data/datasets/external/azh_patches/train/images/917bc443be555adfdf9d0be213118859_1.png,PUBLIC_REAL_PHOTOS,c1b666474d1753dbecb44d5c3c7e9dc8eecbc50f5ec3713d96a94b14492e4aa4,1,2
wound_azh_patches_917bc443be555adfdf9d0be213118859_2,train,azh:917bc443be555adfdf9d0be213118859,data/datasets/yolo_wound_boxes_v1/images/train/wound_azh_patches_917bc443be555adfdf9d0be213118859_2.jpg,data/datasets/yolo_wound_boxes_v1/labels/train/wound_azh_patches_917bc443be555adfdf9d0be213118859_2.txt,azh_patches,data/datasets/external/azh_patches/train/images/917bc443be555adfdf9d0be213118859_2.png,PUBLIC_REAL_PHOTOS,d3c7a43fe58a6091f2338897aa6eafb2e71301283d5147949e0942785ddae14e,1,2
wound_azh_patches_91db991310f27629d91d793bc6d81fd3_0,train,azh:91db991310f27629d91d793bc6d81fd3,data/datasets/yolo_wound_boxes_v1/images/train/wound_azh_patches_91db991310f27629d91d793bc6d81fd3_0.jpg,data/datasets/yolo_wound_boxes_v1/labels/train/wound_azh_patches_91db991310f27629d91d793bc6d81fd3_0.txt,azh_patches,data/datasets/external/azh_patches/train/images/91db991310f27629d91d793bc6d81fd3_0.png,PUBLIC_REAL_PHOTOS,700167ccd0e1205e343c8dede332c205b85fe2015fd28047d8e3a94c238037d5,1,2
wound_azh_patches_92d95396a8ca72d19cbdf1e8366740c8_1,test,azh:92d95396a8ca72d19cbdf1e8366740c8,data/datasets/yolo_wound_boxes_v1/images/test/wound_azh_patches_92d95396a8ca72d19cbdf1e8366740c8_1.jpg,data/datasets/yolo_wound_boxes_v1/labels/test/wound_azh_patches_92d95396a8ca72d19cbdf1e8366740c8_1.txt,azh_patches,data/datasets/external/azh_patches/train/images/92d95396a8ca72d19cbdf1e8366740c8_1.png,PUBLIC_REAL_PHOTOS,41f2cd111c3a8a370761f388c9e6b82c29d4f72b7effaf620b7be628fadcbe4f,1,2
wound_azh_patches_935dde95ba399c0e257dc23b5258a7fa_0,train,azh:935dde95ba399c0e257dc23b5258a7fa,data/datasets/yolo_wound_boxes_v1/images/train/wound_azh_patches_935dde95ba399c0e257dc23b5258a7fa_0.jpg,data/datasets/yolo_wound_boxes_v1/labels/train/wound_azh_patches_935dde95ba399c0e257dc23b5258a7fa_0.txt,azh_patches,data/datasets/external/azh_patches/train/images/935dde95ba399c0e257dc23b5258a7fa_0.png,PUBLIC_REAL_PHOTOS,7c9a0b07e27effcb78a307b1f7286ae40a64182d48ad506e5ca50a8a4060f868,1,2
wound_azh_patches_93b5c81b291bbcba6e0ce5c60516aafd_1,train,azh:93b5c81b291bbcba6e0ce5c60516aafd,data/datasets/yolo_wound_boxes_v1/images/train/wound_azh_patches_93b5c81b291bbcba6e0ce5c60516aafd_1.jpg,data/datasets/yolo_wound_boxes_v1/labels/train/wound_azh_patches_93b5c81b291bbcba6e0ce5c60516aafd_1.txt,azh_patches,data/datasets/external/azh_patches/train/images/93b5c81b291bbcba6e0ce5c60516aafd_1.png,PUBLIC_REAL_PHOTOS,0c2695f5e31359dd319ed2ddf500a06ab74eb213cec81410f84a8df3a3aa11bd,1,2
wound_azh_patches_9448d85caa0130c2119e93c749c363cc_0,train,azh:9448d85caa0130c2119e93c749c363cc,data/datasets/yolo_wound_boxes_v1/images/train/wound_azh_patches_9448d85caa0130c2119e93c749c363cc_0.jpg,data/datasets/yolo_wound_boxes_v1/labels/train/wound_azh_patches_9448d85caa0130c2119e93c749c363cc_0.txt,azh_patches,data/datasets/external/azh_patches/train/images/9448d85caa0130c2119e93c749c363cc_0.png,PUBLIC_REAL_PHOTOS,408e0f22ca6f6f6e8be5a2a219f571aeb422cf969f869b42ca3d20cfa0c4b044,1,2
wound_azh_patches_9448d85caa0130c2119e93c749c363cc_1,train,azh:9448d85caa0130c2119e93c749c363cc,data/datasets/yolo_wound_boxes_v1/images/train/wound_azh_patches_9448d85caa0130c2119e93c749c363cc_1.jpg,data/datasets/yolo_wound_boxes_v1/labels/train/wound_azh_patches_9448d85caa0130c2119e93c749c363cc_1.txt,azh_patches,data/datasets/external/azh_patches/train/images/9448d85caa0130c2119e93c749c363cc_1.png,PUBLIC_REAL_PHOTOS,657720e901f1a6a8375f8d6942eafd711a7af3c163c684b2f2e520c79c666897,1,2
wound_azh_patches_947a9663ea59a185aa30093699e48d2d_0,train,azh:947a9663ea59a185aa30093699e48d2d,data/datasets/yolo_wound_boxes_v1/images/train/wound_azh_patches_947a9663ea59a185aa30093699e48d2d_0.jpg,data/datasets/yolo_wound_boxes_v1/labels/train/wound_azh_patches_947a9663ea59a185aa30093699e48d2d_0.txt,azh_patches,data/datasets/external/azh_patches/train/images/947a9663ea59a185aa30093699e48d2d_0.png,PUBLIC_REAL_PHOTOS,80574e129651ad0faacc46f281e9d7a41997d0e0ced8cf3aabcc920439564687,1,2
wound_azh_patches_949e9a64356e7f66cb3cb83ed6048a71_0,train,azh:949e9a64356e7f66cb3cb83ed6048a71,data/datasets/yolo_wound_boxes_v1/images/train/wound_azh_patches_949e9a64356e7f66cb3cb83ed6048a71_0.jpg,data/datasets/yolo_wound_boxes_v1/labels/train/wound_azh_patches_949e9a64356e7f66cb3cb83ed6048a71_0.txt,azh_patches,data/datasets/external/azh_patches/train/images/949e9a64356e7f66cb3cb83ed6048a71_0.png,PUBLIC_REAL_PHOTOS,ec10dca946e57e1ee8de1c1c887e3e7ced9fcb90e0ba198f5fcad18fbc9ace90,1,2
wound_azh_patches_95a9bbc0d49d5a81a827f10bcae67e84_0,train,azh:95a9bbc0d49d5a81a827f10bcae67e84,data/datasets/yolo_wound_boxes_v1/images/train/wound_azh_patches_95a9bbc0d49d5a81a827f10bcae67e84_0.jpg,data/datasets/yolo_wound_boxes_v1/labels/train/wound_azh_patches_95a9bbc0d49d5a81a827f10bcae67e84_0.txt,azh_patches,data/datasets/external/azh_patches/train/images/95a9bbc0d49d5a81a827f10bcae67e84_0.png,PUBLIC_REAL_PHOTOS,7f2c3da78d3410d6fd040b3e38472bae9051c6b6cc62d6e46fee80930296734f,1,2
wound_azh_patches_9677a0ef4ea3f826bc6d35bb0644c7cb_0,test,azh:9677a0ef4ea3f826bc6d35bb0644c7cb,data/datasets/yolo_wound_boxes_v1/images/test/wound_azh_patches_9677a0ef4ea3f826bc6d35bb0644c7cb_0.jpg,data/datasets/yolo_wound_boxes_v1/labels/test/wound_azh_patches_9677a0ef4ea3f826bc6d35bb0644c7cb_0.txt,azh_patches,data/datasets/external/azh_patches/train/images/9677a0ef4ea3f826bc6d35bb0644c7cb_0.png,PUBLIC_REAL_PHOTOS,3ec665f34baaddb9056d1b9943e02ba21ce040bb2a875f19b1f042e0c2f1db25,1,2
wound_azh_patches_96a7113f16a0c887d9d8aeea4778b505_0,test,azh:96a7113f16a0c887d9d8aeea4778b505,data/datasets/yolo_wound_boxes_v1/images/test/wound_azh_patches_96a7113f16a0c887d9d8aeea4778b505_0.jpg,data/datasets/yolo_wound_boxes_v1/labels/test/wound_azh_patches_96a7113f16a0c887d9d8aeea4778b505_0.txt,azh_patches,data/datasets/external/azh_patches/train/images/96a7113f16a0c887d9d8aeea4778b505_0.png,PUBLIC_REAL_PHOTOS,bf358ff6b7daed15424a6800a0f6813b4d3421b4684aba00c19ed9822a2d0cd6,1,2
wound_azh_patches_96be4e2d41bac087ab77696d07e77c58_0,test,azh:96be4e2d41bac087ab77696d07e77c58,data/datasets/yolo_wound_boxes_v1/images/test/wound_azh_patches_96be4e2d41bac087ab77696d07e77c58_0.jpg,data/datasets/yolo_wound_boxes_v1/labels/test/wound_azh_patches_96be4e2d41bac087ab77696d07e77c58_0.txt,azh_patches,data/datasets/external/azh_patches/train/images/96be4e2d41bac087ab77696d07e77c58_0.png,PUBLIC_REAL_PHOTOS,b3c8f6573f784c65d75d1fd76c442e3b6858d19b8ea4d1f3ca166091faf7cf1b,1,2
wound_azh_patches_97027cd137688fe406f7def977e7e518_0,train,azh:97027cd137688fe406f7def977e7e518,data/datasets/yolo_wound_boxes_v1/images/train/wound_azh_patches_97027cd137688fe406f7def977e7e518_0.jpg,data/datasets/yolo_wound_boxes_v1/labels/train/wound_azh_patches_97027cd137688fe406f7def977e7e518_0.txt,azh_patches,data/datasets/external/azh_patches/train/images/97027cd137688fe406f7def977e7e518_0.png,PUBLIC_REAL_PHOTOS,2c644ad40ad902730e17a070f8b692950e8a0481493e59cdc68cadb2b047d026,1,2
wound_azh_patches_9840cd3fcc2c2e48a53f9fbcfb115cf9_0,train,azh:9840cd3fcc2c2e48a53f9fbcfb115cf9,data/datasets/yolo_wound_boxes_v1/images/train/wound_azh_patches_9840cd3fcc2c2e48a53f9fbcfb115cf9_0.jpg,data/datasets/yolo_wound_boxes_v1/labels/train/wound_azh_patches_9840cd3fcc2c2e48a53f9fbcfb115cf9_0.txt,azh_patches,data/datasets/external/azh_patches/train/images/9840cd3fcc2c2e48a53f9fbcfb115cf9_0.png,PUBLIC_REAL_PHOTOS,4c329bf9e5eba507ce2da79afad0193902b41269f7334185dd47435d626d76e7,1,2
wound_azh_patches_9840cd6042029d132089673c56f403c7_0,train,azh:9840cd6042029d132089673c56f403c7,data/datasets/yolo_wound_boxes_v1/images/train/wound_azh_patches_9840cd6042029d132089673c56f403c7_0.jpg,data/datasets/yolo_wound_boxes_v1/labels/train/wound_azh_patches_9840cd6042029d132089673c56f403c7_0.txt,azh_patches,data/datasets/external/azh_patches/train/images/9840cd6042029d132089673c56f403c7_0.png,PUBLIC_REAL_PHOTOS,0cdf97285165322a5b60c4237659868b7539ceb98a495f43a0a4ffe98572a2d0,1,2
wound_azh_patches_985ac877be3a89ec03060f304c67c651_0,val,azh:985ac877be3a89ec03060f304c67c651,data/datasets/yolo_wound_boxes_v1/images/val/wound_azh_patches_985ac877be3a89ec03060f304c67c651_0.jpg,data/datasets/yolo_wound_boxes_v1/labels/val/wound_azh_patches_985ac877be3a89ec03060f304c67c651_0.txt,azh_patches,data/datasets/external/azh_patches/train/images/985ac877be3a89ec03060f304c67c651_0.png,PUBLIC_REAL_PHOTOS,9acb0e452fb784971b7eacc939bf7bff515a54abe03efc7e5d1160eee0cc5e28,1,2
wound_azh_patches_98c43c94d6a028f2fdfd796c28c693a8_0,train,azh:98c43c94d6a028f2fdfd796c28c693a8,data/datasets/yolo_wound_boxes_v1/images/train/wound_azh_patches_98c43c94d6a028f2fdfd796c28c693a8_0.jpg,data/datasets/yolo_wound_boxes_v1/labels/train/wound_azh_patches_98c43c94d6a028f2fdfd796c28c693a8_0.txt,azh_patches,data/datasets/external/azh_patches/train/images/98c43c94d6a028f2fdfd796c28c693a8_0.png,PUBLIC_REAL_PHOTOS,26efe929e3e6a4aacdbbfaf66682d0ae5d8c6469a4b90e66ca0d2d177b3c75bf,1,2
wound_azh_patches_9925404b06cae3cfd54b664dce4e2fd6_0,train,azh:9925404b06cae3cfd54b664dce4e2fd6,data/datasets/yolo_wound_boxes_v1/images/train/wound_azh_patches_9925404b06cae3cfd54b664dce4e2fd6_0.jpg,data/datasets/yolo_wound_boxes_v1/labels/train/wound_azh_patches_9925404b06cae3cfd54b664dce4e2fd6_0.txt,azh_patches,data/datasets/external/azh_patches/train/images/9925404b06cae3cfd54b664dce4e2fd6_0.png,PUBLIC_REAL_PHOTOS,4477a599ad87ffffd89a4af5249ebaffd10c450d91cc22f17362ef1bcf2f87e3,1,2
wound_azh_patches_9a08b61ddc72c997a6b5723a6ecd68fc_0,train,azh:9a08b61ddc72c997a6b5723a6ecd68fc,data/datasets/yolo_wound_boxes_v1/images/train/wound_azh_patches_9a08b61ddc72c997a6b5723a6ecd68fc_0.jpg,data/datasets/yolo_wound_boxes_v1/labels/train/wound_azh_patches_9a08b61ddc72c997a6b5723a6ecd68fc_0.txt,azh_patches,data/datasets/external/azh_patches/train/images/9a08b61ddc72c997a6b5723a6ecd68fc_0.png,PUBLIC_REAL_PHOTOS,8c356fffe93a6cc7646e90d67ca1ab15624ce66bb68e0268b5c00cdddda37ed6,1,2
wound_azh_patches_9aaa52b5835bc762020f202cdd2f0124_0,train,azh:9aaa52b5835bc762020f202cdd2f0124,data/datasets/yolo_wound_boxes_v1/images/train/wound_azh_patches_9aaa52b5835bc762020f202cdd2f0124_0.jpg,data/datasets/yolo_wound_boxes_v1/labels/train/wound_azh_patches_9aaa52b5835bc762020f202cdd2f0124_0.txt,azh_patches,data/datasets/external/azh_patches/train/images/9aaa52b5835bc762020f202cdd2f0124_0.png,PUBLIC_REAL_PHOTOS,5385e3fe53c69a8a12e4251efba95871774b9e90c69a9c0965902d357f22b289,1,2
wound_azh_patches_9ab7473179c763af6827d63d9778fa3b_0,train,azh:9ab7473179c763af6827d63d9778fa3b,data/datasets/yolo_wound_boxes_v1/images/train/wound_azh_patches_9ab7473179c763af6827d63d9778fa3b_0.jpg,data/datasets/yolo_wound_boxes_v1/labels/train/wound_azh_patches_9ab7473179c763af6827d63d9778fa3b_0.txt,azh_patches,data/datasets/external/azh_patches/train/images/9ab7473179c763af6827d63d9778fa3b_0.png,PUBLIC_REAL_PHOTOS,9584fa91bb450d6bfbd1a45534a1eb7216f79f6925e8676aa71bb2ec1ce5d37d,1,2
wound_azh_patches_9ad1690c57ec153a1980f3038acfe2b4_0,train,azh:9ad1690c57ec153a1980f3038acfe2b4,data/datasets/yolo_wound_boxes_v1/images/train/wound_azh_patches_9ad1690c57ec153a1980f3038acfe2b4_0.jpg,data/datasets/yolo_wound_boxes_v1/labels/train/wound_azh_patches_9ad1690c57ec153a1980f3038acfe2b4_0.txt,azh_patches,data/datasets/external/azh_patches/train/images/9ad1690c57ec153a1980f3038acfe2b4_0.png,PUBLIC_REAL_PHOTOS,5522ca0569e603aafe6384fcd1fc88ed3805a78de16de921db0530921cfbe228,1,2
wound_azh_patches_9b14ad9532d53a6b5fe53517f9953620_0,train,azh:9b14ad9532d53a6b5fe53517f9953620,data/datasets/yolo_wound_boxes_v1/images/train/wound_azh_patches_9b14ad9532d53a6b5fe53517f9953620_0.jpg,data/datasets/yolo_wound_boxes_v1/labels/train/wound_azh_patches_9b14ad9532d53a6b5fe53517f9953620_0.txt,azh_patches,data/datasets/external/azh_patches/train/images/9b14ad9532d53a6b5fe53517f9953620_0.png,PUBLIC_REAL_PHOTOS,c9ff7b19069e6b8e108f95c71a07e9bab539e10ec17373a9e9cb7614c3f4a774,1,2
wound_azh_patches_9b82303d1b0f90c08b6feabf89366ff4_0,train,azh:9b82303d1b0f90c08b6feabf89366ff4,data/datasets/yolo_wound_boxes_v1/images/train/wound_azh_patches_9b82303d1b0f90c08b6feabf89366ff4_0.jpg,data/datasets/yolo_wound_boxes_v1/labels/train/wound_azh_patches_9b82303d1b0f90c08b6feabf89366ff4_0.txt,azh_patches,data/datasets/external/azh_patches/train/images/9b82303d1b0f90c08b6feabf89366ff4_0.png,PUBLIC_REAL_PHOTOS,80c2b553ccdea7fc92f76b40347c0330f210968cf2438d3081456cbd762c3bfa,1,2
wound_azh_patches_9c53151d5b81f24e23043907203a0d43_0,train,azh:9c53151d5b81f24e23043907203a0d43,data/datasets/yolo_wound_boxes_v1/images/train/wound_azh_patches_9c53151d5b81f24e23043907203a0d43_0.jpg,data/datasets/yolo_wound_boxes_v1/labels/train/wound_azh_patches_9c53151d5b81f24e23043907203a0d43_0.txt,azh_patches,data/datasets/external/azh_patches/train/images/9c53151d5b81f24e23043907203a0d43_0.png,PUBLIC_REAL_PHOTOS,4b234287e08a7e64963824781844fc566f09601be0c9fc2400c17bd422992484,1,2
wound_azh_patches_9c55686c53e1867c99a2b797d552f98c_0,train,azh:9c55686c53e1867c99a2b797d552f98c,data/datasets/yolo_wound_boxes_v1/images/train/wound_azh_patches_9c55686c53e1867c99a2b797d552f98c_0.jpg,data/datasets/yolo_wound_boxes_v1/labels/train/wound_azh_patches_9c55686c53e1867c99a2b797d552f98c_0.txt,azh_patches,data/datasets/external/azh_patches/train/images/9c55686c53e1867c99a2b797d552f98c_0.png,PUBLIC_REAL_PHOTOS,d76bdb1e2a4666948124adf0ee64fae717f42f3261b33ce91c2198bcbe84e01a,1,2
wound_azh_patches_9cb281178383db8d50ca7e5b6af4743b_0,train,azh:9cb281178383db8d50ca7e5b6af4743b,data/datasets/yolo_wound_boxes_v1/images/train/wound_azh_patches_9cb281178383db8d50ca7e5b6af4743b_0.jpg,data/datasets/yolo_wound_boxes_v1/labels/train/wound_azh_patches_9cb281178383db8d50ca7e5b6af4743b_0.txt,azh_patches,data/datasets/external/azh_patches/train/images/9cb281178383db8d50ca7e5b6af4743b_0.png,PUBLIC_REAL_PHOTOS,ce18e95421c2f685234035ecb6e234bdf5b2dee74aa91b201e19ab546d0f8cdd,1,2
wound_azh_patches_9d44b00a3b0f7af67bbef87230c8f174_0,train,azh:9d44b00a3b0f7af67bbef87230c8f174,data/datasets/yolo_wound_boxes_v1/images/train/wound_azh_patches_9d44b00a3b0f7af67bbef87230c8f174_0.jpg,data/datasets/yolo_wound_boxes_v1/labels/train/wound_azh_patches_9d44b00a3b0f7af67bbef87230c8f174_0.txt,azh_patches,data/datasets/external/azh_patches/train/images/9d44b00a3b0f7af67bbef87230c8f174_0.png,PUBLIC_REAL_PHOTOS,e63f8ccb04ff6325e5b3ba7c4ebc63921c4749dfe5997161be4c2499127846ba,1,2
wound_azh_patches_9d594f0ddf5118a35ef0a3af08353cbe_0,train,azh:9d594f0ddf5118a35ef0a3af08353cbe,data/datasets/yolo_wound_boxes_v1/images/train/wound_azh_patches_9d594f0ddf5118a35ef0a3af08353cbe_0.jpg,data/datasets/yolo_wound_boxes_v1/labels/train/wound_azh_patches_9d594f0ddf5118a35ef0a3af08353cbe_0.txt,azh_patches,data/datasets/external/azh_patches/train/images/9d594f0ddf5118a35ef0a3af08353cbe_0.png,PUBLIC_REAL_PHOTOS,462942fb9a9b76284ce5d8e9f2f20c49d2a0cbca697c86e2c0280e2fb597cb84,1,2
wound_azh_patches_9de367378901a65e663fd696aa3eacf3_0,train,azh:9de367378901a65e663fd696aa3eacf3,data/datasets/yolo_wound_boxes_v1/images/train/wound_azh_patches_9de367378901a65e663fd696aa3eacf3_0.jpg,data/datasets/yolo_wound_boxes_v1/labels/train/wound_azh_patches_9de367378901a65e663fd696aa3eacf3_0.txt,azh_patches,data/datasets/external/azh_patches/train/images/9de367378901a65e663fd696aa3eacf3_0.png,PUBLIC_REAL_PHOTOS,574b195f0ee00f693fcf29020e045238a624034ff7ca50ce000016634a687591,1,2
wound_azh_patches_9fdd1f50d3e7a1ce25cac69e426d2488_0,train,azh:9fdd1f50d3e7a1ce25cac69e426d2488,data/datasets/yolo_wound_boxes_v1/images/train/wound_azh_patches_9fdd1f50d3e7a1ce25cac69e426d2488_0.jpg,data/datasets/yolo_wound_boxes_v1/labels/train/wound_azh_patches_9fdd1f50d3e7a1ce25cac69e426d2488_0.txt,azh_patches,data/datasets/external/azh_patches/train/images/9fdd1f50d3e7a1ce25cac69e426d2488_0.png,PUBLIC_REAL_PHOTOS,c6acc6ea443e4b0cef23a646a765cfac0dad0e8fb79e30d35f403c61b307ee2f,1,2
wound_azh_patches_a0d972e99bdd94d151011305bc2bd92c_0,train,azh:a0d972e99bdd94d151011305bc2bd92c,data/datasets/yolo_wound_boxes_v1/images/train/wound_azh_patches_a0d972e99bdd94d151011305bc2bd92c_0.jpg,data/datasets/yolo_wound_boxes_v1/labels/train/wound_azh_patches_a0d972e99bdd94d151011305bc2bd92c_0.txt,azh_patches,data/datasets/external/azh_patches/train/images/a0d972e99bdd94d151011305bc2bd92c_0.png,PUBLIC_REAL_PHOTOS,0305564402ff70cc1a81f22f18c86319eee55114558aadd2bdfa5b639732b330,1,2
wound_azh_patches_a0e95454d864462189e0e6810dbd041d_0,train,azh:a0e95454d864462189e0e6810dbd041d,data/datasets/yolo_wound_boxes_v1/images/train/wound_azh_patches_a0e95454d864462189e0e6810dbd041d_0.jpg,data/datasets/yolo_wound_boxes_v1/labels/train/wound_azh_patches_a0e95454d864462189e0e6810dbd041d_0.txt,azh_patches,data/datasets/external/azh_patches/train/images/a0e95454d864462189e0e6810dbd041d_0.png,PUBLIC_REAL_PHOTOS,52eadb3b7aaa982f6ef796905edc3e3aaa9a69980448bfc7d2a4f8da0434bd4b,1,2
wound_azh_patches_a0e95454d864462189e0e6810dbd041d_1,train,azh:a0e95454d864462189e0e6810dbd041d,data/datasets/yolo_wound_boxes_v1/images/train/wound_azh_patches_a0e95454d864462189e0e6810dbd041d_1.jpg,data/datasets/yolo_wound_boxes_v1/labels/train/wound_azh_patches_a0e95454d864462189e0e6810dbd041d_1.txt,azh_patches,data/datasets/external/azh_patches/train/images/a0e95454d864462189e0e6810dbd041d_1.png,PUBLIC_REAL_PHOTOS,3578224a5663d72f041198ba2e12f9e5233f0b45a1d1384373e866c37149162b,1,2
wound_azh_patches_a173d05e704354de7b89157507286c7e_0,train,azh:a173d05e704354de7b89157507286c7e,data/datasets/yolo_wound_boxes_v1/images/train/wound_azh_patches_a173d05e704354de7b89157507286c7e_0.jpg,data/datasets/yolo_wound_boxes_v1/labels/train/wound_azh_patches_a173d05e704354de7b89157507286c7e_0.txt,azh_patches,data/datasets/external/azh_patches/train/images/a173d05e704354de7b89157507286c7e_0.png,PUBLIC_REAL_PHOTOS,fd5b67fdea8e808d08b2bedb74c6e7d45ea9c2def42efa08cf71352e8c56db63,1,2
wound_azh_patches_a1b5a42de7bd6eaedb86479520262687_2,train,azh:a1b5a42de7bd6eaedb86479520262687,data/datasets/yolo_wound_boxes_v1/images/train/wound_azh_patches_a1b5a42de7bd6eaedb86479520262687_2.jpg,data/datasets/yolo_wound_boxes_v1/labels/train/wound_azh_patches_a1b5a42de7bd6eaedb86479520262687_2.txt,azh_patches,data/datasets/external/azh_patches/train/images/a1b5a42de7bd6eaedb86479520262687_2.png,PUBLIC_REAL_PHOTOS,ef020a3c8770d0f64d7a09a92512fdc394436b110ca697f10f43bc43da3513c5,1,2
wound_azh_patches_a2115f293957c066f16ccd18556ccc52_0,train,azh:a2115f293957c066f16ccd18556ccc52,data/datasets/yolo_wound_boxes_v1/images/train/wound_azh_patches_a2115f293957c066f16ccd18556ccc52_0.jpg,data/datasets/yolo_wound_boxes_v1/labels/train/wound_azh_patches_a2115f293957c066f16ccd18556ccc52_0.txt,azh_patches,data/datasets/external/azh_patches/train/images/a2115f293957c066f16ccd18556ccc52_0.png,PUBLIC_REAL_PHOTOS,d5fb8fd8766f1a1dfd9d9c0e1b6e2e918e2b1601b6d71522de6166325b2b783c,1,2
wound_azh_patches_a23fa00a3aae6b6f3da31c6157aeb670_0,train,azh:a23fa00a3aae6b6f3da31c6157aeb670,data/datasets/yolo_wound_boxes_v1/images/train/wound_azh_patches_a23fa00a3aae6b6f3da31c6157aeb670_0.jpg,data/datasets/yolo_wound_boxes_v1/labels/train/wound_azh_patches_a23fa00a3aae6b6f3da31c6157aeb670_0.txt,azh_patches,data/datasets/external/azh_patches/train/images/a23fa00a3aae6b6f3da31c6157aeb670_0.png,PUBLIC_REAL_PHOTOS,510ead0a498c5d9ebe12f3cb9657f04886082aedf3b2f0becb2dc76b28776633,1,2
wound_azh_patches_a23fa00a3aae6b6f3da31c6157aeb670_1,train,azh:a23fa00a3aae6b6f3da31c6157aeb670,data/datasets/yolo_wound_boxes_v1/images/train/wound_azh_patches_a23fa00a3aae6b6f3da31c6157aeb670_1.jpg,data/datasets/yolo_wound_boxes_v1/labels/train/wound_azh_patches_a23fa00a3aae6b6f3da31c6157aeb670_1.txt,azh_patches,data/datasets/external/azh_patches/train/images/a23fa00a3aae6b6f3da31c6157aeb670_1.png,PUBLIC_REAL_PHOTOS,ff765f513660d8b1e1e5201f94e0b711e91574da6a64c5ae6f25bea30536554f,1,2
wound_azh_patches_a23fa00a3aae6b6f3da31c6157aeb670_2,train,azh:a23fa00a3aae6b6f3da31c6157aeb670,data/datasets/yolo_wound_boxes_v1/images/train/wound_azh_patches_a23fa00a3aae6b6f3da31c6157aeb670_2.jpg,data/datasets/yolo_wound_boxes_v1/labels/train/wound_azh_patches_a23fa00a3aae6b6f3da31c6157aeb670_2.txt,azh_patches,data/datasets/external/azh_patches/train/images/a23fa00a3aae6b6f3da31c6157aeb670_2.png,PUBLIC_REAL_PHOTOS,c30e3feca59b147519246d024ca8c2ab129ac2e01a7005c2a16abd84be2fe2f0,1,2
wound_azh_patches_a23fa00a3aae6b6f3da31c6157aeb670_3,train,azh:a23fa00a3aae6b6f3da31c6157aeb670,data/datasets/yolo_wound_boxes_v1/images/train/wound_azh_patches_a23fa00a3aae6b6f3da31c6157aeb670_3.jpg,data/datasets/yolo_wound_boxes_v1/labels/train/wound_azh_patches_a23fa00a3aae6b6f3da31c6157aeb670_3.txt,azh_patches,data/datasets/external/azh_patches/train/images/a23fa00a3aae6b6f3da31c6157aeb670_3.png,PUBLIC_REAL_PHOTOS,c60d3a9ccc8c2ff959947f24ed4960f9ab038182a7488ca20eebd956fe7be718,1,2
wound_azh_patches_a26286efa7050fc388b768ca2bd1a8c2_0,test,azh:a26286efa7050fc388b768ca2bd1a8c2,data/datasets/yolo_wound_boxes_v1/images/test/wound_azh_patches_a26286efa7050fc388b768ca2bd1a8c2_0.jpg,data/datasets/yolo_wound_boxes_v1/labels/test/wound_azh_patches_a26286efa7050fc388b768ca2bd1a8c2_0.txt,azh_patches,data/datasets/external/azh_patches/train/images/a26286efa7050fc388b768ca2bd1a8c2_0.png,PUBLIC_REAL_PHOTOS,fad47fcd89ba3254e130c42ed671d63ead74530a21c9b1c19fb0c68b40b9370e,1,2
wound_azh_patches_a26832ffa01a344df2748e848c95a7fb_0,train,azh:a26832ffa01a344df2748e848c95a7fb,data/datasets/yolo_wound_boxes_v1/images/train/wound_azh_patches_a26832ffa01a344df2748e848c95a7fb_0.jpg,data/datasets/yolo_wound_boxes_v1/labels/train/wound_azh_patches_a26832ffa01a344df2748e848c95a7fb_0.txt,azh_patches,data/datasets/external/azh_patches/train/images/a26832ffa01a344df2748e848c95a7fb_0.png,PUBLIC_REAL_PHOTOS,04bcdaa7f5dbe2c9dba4032b7aaab7ff5e87048d5c105c20cee0e9d01f102d2f,1,2
wound_azh_patches_a2d559378d488958158e360a98fed2dd_0,train,azh:a2d559378d488958158e360a98fed2dd,data/datasets/yolo_wound_boxes_v1/images/train/wound_azh_patches_a2d559378d488958158e360a98fed2dd_0.jpg,data/datasets/yolo_wound_boxes_v1/labels/train/wound_azh_patches_a2d559378d488958158e360a98fed2dd_0.txt,azh_patches,data/datasets/external/azh_patches/train/images/a2d559378d488958158e360a98fed2dd_0.png,PUBLIC_REAL_PHOTOS,0c7e47af6abe1feb37e146f3ba4a89bff94796c5e6fe330c1fea6ec5bd675ed4,1,2
wound_azh_patches_a2de360b4a138ad94a17ba6bce918792_0,train,azh:a2de360b4a138ad94a17ba6bce918792,data/datasets/yolo_wound_boxes_v1/images/train/wound_azh_patches_a2de360b4a138ad94a17ba6bce918792_0.jpg,data/datasets/yolo_wound_boxes_v1/labels/train/wound_azh_patches_a2de360b4a138ad94a17ba6bce918792_0.txt,azh_patches,data/datasets/external/azh_patches/train/images/a2de360b4a138ad94a17ba6bce918792_0.png,PUBLIC_REAL_PHOTOS,17e7c4d3c76bb81257016025c5789d940ad0502ff1a3d7bdb0b73bf6955accd2,1,2
wound_azh_patches_a35853832ecc9a6b25154b9bd5cf6cf3_0,val,azh:a35853832ecc9a6b25154b9bd5cf6cf3,data/datasets/yolo_wound_boxes_v1/images/val/wound_azh_patches_a35853832ecc9a6b25154b9bd5cf6cf3_0.jpg,data/datasets/yolo_wound_boxes_v1/labels/val/wound_azh_patches_a35853832ecc9a6b25154b9bd5cf6cf3_0.txt,azh_patches,data/datasets/external/azh_patches/train/images/a35853832ecc9a6b25154b9bd5cf6cf3_0.png,PUBLIC_REAL_PHOTOS,b3232869e00027a58b22c98a767e80f56b44149842bbbfaf9aa31ec04c12867b,1,2
wound_azh_patches_a3931d8f7a9284ba31af7056eaa8837e_1,train,azh:a3931d8f7a9284ba31af7056eaa8837e,data/datasets/yolo_wound_boxes_v1/images/train/wound_azh_patches_a3931d8f7a9284ba31af7056eaa8837e_1.jpg,data/datasets/yolo_wound_boxes_v1/labels/train/wound_azh_patches_a3931d8f7a9284ba31af7056eaa8837e_1.txt,azh_patches,data/datasets/external/azh_patches/train/images/a3931d8f7a9284ba31af7056eaa8837e_1.png,PUBLIC_REAL_PHOTOS,4003831d9df579ba23a9c67d3015a690d4f567b49dc4c28dec0b93cf7b7e101b,1,2
wound_azh_patches_a3931d8f7a9284ba31af7056eaa8837e_2,train,azh:a3931d8f7a9284ba31af7056eaa8837e,data/datasets/yolo_wound_boxes_v1/images/train/wound_azh_patches_a3931d8f7a9284ba31af7056eaa8837e_2.jpg,data/datasets/yolo_wound_boxes_v1/labels/train/wound_azh_patches_a3931d8f7a9284ba31af7056eaa8837e_2.txt,azh_patches,data/datasets/external/azh_patches/train/images/a3931d8f7a9284ba31af7056eaa8837e_2.png,PUBLIC_REAL_PHOTOS,989bf342f61660a1103abb9e22801a98ca6f6b8153e79ecc61ad243c2101e189,1,2
wound_azh_patches_a3a4299a70056310e028e1d46233ff44_0,train,azh:a3a4299a70056310e028e1d46233ff44,data/datasets/yolo_wound_boxes_v1/images/train/wound_azh_patches_a3a4299a70056310e028e1d46233ff44_0.jpg,data/datasets/yolo_wound_boxes_v1/labels/train/wound_azh_patches_a3a4299a70056310e028e1d46233ff44_0.txt,azh_patches,data/datasets/external/azh_patches/train/images/a3a4299a70056310e028e1d46233ff44_0.png,PUBLIC_REAL_PHOTOS,dd09f7939c03ced44a5cea4ed161ade046d79505150a3573f67752149aecb0aa,1,2
wound_azh_patches_a3cb46f154a3e5c032405492a1f6369f_0,train,azh:a3cb46f154a3e5c032405492a1f6369f,data/datasets/yolo_wound_boxes_v1/images/train/wound_azh_patches_a3cb46f154a3e5c032405492a1f6369f_0.jpg,data/datasets/yolo_wound_boxes_v1/labels/train/wound_azh_patches_a3cb46f154a3e5c032405492a1f6369f_0.txt,azh_patches,data/datasets/external/azh_patches/train/images/a3cb46f154a3e5c032405492a1f6369f_0.png,PUBLIC_REAL_PHOTOS,d3fa3d4a3ef9cdd2c5cafa9615f01ecec7fc1ed7fd95ed625f3c42c35758110d,1,2
wound_azh_patches_a3d3f84e67a77cbdf0ac4c234cf136f8_0,train,azh:a3d3f84e67a77cbdf0ac4c234cf136f8,data/datasets/yolo_wound_boxes_v1/images/train/wound_azh_patches_a3d3f84e67a77cbdf0ac4c234cf136f8_0.jpg,data/datasets/yolo_wound_boxes_v1/labels/train/wound_azh_patches_a3d3f84e67a77cbdf0ac4c234cf136f8_0.txt,azh_patches,data/datasets/external/azh_patches/train/images/a3d3f84e67a77cbdf0ac4c234cf136f8_0.png,PUBLIC_REAL_PHOTOS,88eb5464b6df9646e6e4b4eb34875db80b8d81cf916bc440368e2755476379bf,1,2
wound_azh_patches_a4afc509288172c3da6fc4805e4a13ae_0,train,azh:a4afc509288172c3da6fc4805e4a13ae,data/datasets/yolo_wound_boxes_v1/images/train/wound_azh_patches_a4afc509288172c3da6fc4805e4a13ae_0.jpg,data/datasets/yolo_wound_boxes_v1/labels/train/wound_azh_patches_a4afc509288172c3da6fc4805e4a13ae_0.txt,azh_patches,data/datasets/external/azh_patches/train/images/a4afc509288172c3da6fc4805e4a13ae_0.png,PUBLIC_REAL_PHOTOS,3c95213a36650df11cd63ce5be96ce47af56b8ee3a9d7deb5a020168e9e4e212,1,2
wound_azh_patches_a4c303c2635ecb8b2c9e6c9968c4f5ec_0,train,azh:a4c303c2635ecb8b2c9e6c9968c4f5ec,data/datasets/yolo_wound_boxes_v1/images/train/wound_azh_patches_a4c303c2635ecb8b2c9e6c9968c4f5ec_0.jpg,data/datasets/yolo_wound_boxes_v1/labels/train/wound_azh_patches_a4c303c2635ecb8b2c9e6c9968c4f5ec_0.txt,azh_patches,data/datasets/external/azh_patches/train/images/a4c303c2635ecb8b2c9e6c9968c4f5ec_0.png,PUBLIC_REAL_PHOTOS,11277a08a953b91a5998fe4cdd1faefaabdb76990f9e2d7f0ad0701ab8ba5ad0,1,2
wound_azh_patches_a4d2dc260c443317ba9517905cbf3803_0,test,azh:a4d2dc260c443317ba9517905cbf3803,data/datasets/yolo_wound_boxes_v1/images/test/wound_azh_patches_a4d2dc260c443317ba9517905cbf3803_0.jpg,data/datasets/yolo_wound_boxes_v1/labels/test/wound_azh_patches_a4d2dc260c443317ba9517905cbf3803_0.txt,azh_patches,data/datasets/external/azh_patches/train/images/a4d2dc260c443317ba9517905cbf3803_0.png,PUBLIC_REAL_PHOTOS,ac16ab1c2eecef62e18440ed7283cb2774d437c90b8b31a0faf8b196dbe51094,1,2
wound_azh_patches_a4d2dc260c443317ba9517905cbf3803_1,test,azh:a4d2dc260c443317ba9517905cbf3803,data/datasets/yolo_wound_boxes_v1/images/test/wound_azh_patches_a4d2dc260c443317ba9517905cbf3803_1.jpg,data/datasets/yolo_wound_boxes_v1/labels/test/wound_azh_patches_a4d2dc260c443317ba9517905cbf3803_1.txt,azh_patches,data/datasets/external/azh_patches/train/images/a4d2dc260c443317ba9517905cbf3803_1.png,PUBLIC_REAL_PHOTOS,6c009bb5ffb9eb9d5e2bd0d580f2842c31a70789504970c6897221d554a9a833,1,2
wound_azh_patches_a4d2dc260c443317ba9517905cbf3803_2,test,azh:a4d2dc260c443317ba9517905cbf3803,data/datasets/yolo_wound_boxes_v1/images/test/wound_azh_patches_a4d2dc260c443317ba9517905cbf3803_2.jpg,data/datasets/yolo_wound_boxes_v1/labels/test/wound_azh_patches_a4d2dc260c443317ba9517905cbf3803_2.txt,azh_patches,data/datasets/external/azh_patches/train/images/a4d2dc260c443317ba9517905cbf3803_2.png,PUBLIC_REAL_PHOTOS,d0b673ad1e41d707e72650485732a376820382be39682a8ab6ff38c8cdb372f3,1,2
wound_azh_patches_a4f431fa163445125bc8dc3fc3cd3f1f_0,train,azh:a4f431fa163445125bc8dc3fc3cd3f1f,data/datasets/yolo_wound_boxes_v1/images/train/wound_azh_patches_a4f431fa163445125bc8dc3fc3cd3f1f_0.jpg,data/datasets/yolo_wound_boxes_v1/labels/train/wound_azh_patches_a4f431fa163445125bc8dc3fc3cd3f1f_0.txt,azh_patches,data/datasets/external/azh_patches/train/images/a4f431fa163445125bc8dc3fc3cd3f1f_0.png,PUBLIC_REAL_PHOTOS,eb9280668d694841f252d307e6164fa87d61a6f29dcff9a3f37ea8f58552ff4b,1,2
wound_azh_patches_a51611ccb74793a6a1ce997c1011b68b_0,test,azh:a51611ccb74793a6a1ce997c1011b68b,data/datasets/yolo_wound_boxes_v1/images/test/wound_azh_patches_a51611ccb74793a6a1ce997c1011b68b_0.jpg,data/datasets/yolo_wound_boxes_v1/labels/test/wound_azh_patches_a51611ccb74793a6a1ce997c1011b68b_0.txt,azh_patches,data/datasets/external/azh_patches/train/images/a51611ccb74793a6a1ce997c1011b68b_0.png,PUBLIC_REAL_PHOTOS,b02383326963713acdc29079ad7790350995c328f15b7b5180d459a7caa7ea60,1,2
wound_azh_patches_a51bb17b140b4ff5b03da4bc4538a986_0,train,azh:a51bb17b140b4ff5b03da4bc4538a986,data/datasets/yolo_wound_boxes_v1/images/train/wound_azh_patches_a51bb17b140b4ff5b03da4bc4538a986_0.jpg,data/datasets/yolo_wound_boxes_v1/labels/train/wound_azh_patches_a51bb17b140b4ff5b03da4bc4538a986_0.txt,azh_patches,data/datasets/external/azh_patches/train/images/a51bb17b140b4ff5b03da4bc4538a986_0.png,PUBLIC_REAL_PHOTOS,323a48fba01b201b4d47b81bb120645361663c05b1f8dacb48420a8bedcba240,1,2
wound_azh_patches_a543071e0306613a31f331a95d2fb66e_0,val,azh:a543071e0306613a31f331a95d2fb66e,data/datasets/yolo_wound_boxes_v1/images/val/wound_azh_patches_a543071e0306613a31f331a95d2fb66e_0.jpg,data/datasets/yolo_wound_boxes_v1/labels/val/wound_azh_patches_a543071e0306613a31f331a95d2fb66e_0.txt,azh_patches,data/datasets/external/azh_patches/train/images/a543071e0306613a31f331a95d2fb66e_0.png,PUBLIC_REAL_PHOTOS,2f025105859ecce133f0ab589df0a18b7a225ca8eb75d7a9b9f4bbb703fc6a12,1,2
wound_azh_patches_a5bf0d775b46c628e6b969c17e273f99_0,train,azh:a5bf0d775b46c628e6b969c17e273f99,data/datasets/yolo_wound_boxes_v1/images/train/wound_azh_patches_a5bf0d775b46c628e6b969c17e273f99_0.jpg,data/datasets/yolo_wound_boxes_v1/labels/train/wound_azh_patches_a5bf0d775b46c628e6b969c17e273f99_0.txt,azh_patches,data/datasets/external/azh_patches/train/images/a5bf0d775b46c628e6b969c17e273f99_0.png,PUBLIC_REAL_PHOTOS,7667393c34f9ef92240604cc6a36f6f1ea9ab649badc5d13d1a1f8170cfc6fc1,1,2
wound_azh_patches_a63bb932fece9695681b2e6f1ee0bd05_0,train,azh:a63bb932fece9695681b2e6f1ee0bd05,data/datasets/yolo_wound_boxes_v1/images/train/wound_azh_patches_a63bb932fece9695681b2e6f1ee0bd05_0.jpg,data/datasets/yolo_wound_boxes_v1/labels/train/wound_azh_patches_a63bb932fece9695681b2e6f1ee0bd05_0.txt,azh_patches,data/datasets/external/azh_patches/train/images/a63bb932fece9695681b2e6f1ee0bd05_0.png,PUBLIC_REAL_PHOTOS,fa88c423dcba2023187bc9c4901ba0b222e825a8e84f56503c03f3540d64e0d6,1,2
wound_azh_patches_a6a0074fe11ba4cb4129ad0cd8c8039c_0,train,azh:a6a0074fe11ba4cb4129ad0cd8c8039c,data/datasets/yolo_wound_boxes_v1/images/train/wound_azh_patches_a6a0074fe11ba4cb4129ad0cd8c8039c_0.jpg,data/datasets/yolo_wound_boxes_v1/labels/train/wound_azh_patches_a6a0074fe11ba4cb4129ad0cd8c8039c_0.txt,azh_patches,data/datasets/external/azh_patches/train/images/a6a0074fe11ba4cb4129ad0cd8c8039c_0.png,PUBLIC_REAL_PHOTOS,c35e721ca2c042f917f9323b0723d8594613c2f46ebf5ca720372397e30cb512,1,2
wound_azh_patches_a6b1cdaffb86a40b03c1abf87078576b_0,train,azh:a6b1cdaffb86a40b03c1abf87078576b,data/datasets/yolo_wound_boxes_v1/images/train/wound_azh_patches_a6b1cdaffb86a40b03c1abf87078576b_0.jpg,data/datasets/yolo_wound_boxes_v1/labels/train/wound_azh_patches_a6b1cdaffb86a40b03c1abf87078576b_0.txt,azh_patches,data/datasets/external/azh_patches/train/images/a6b1cdaffb86a40b03c1abf87078576b_0.png,PUBLIC_REAL_PHOTOS,3cddf12814c68884425730d18b5e60ceb113912cdbd6f69e3bb403999beaa6e9,1,2
wound_azh_patches_a6e5c0ce5098696593665baff9078e24_0,test,azh:a6e5c0ce5098696593665baff9078e24,data/datasets/yolo_wound_boxes_v1/images/test/wound_azh_patches_a6e5c0ce5098696593665baff9078e24_0.jpg,data/datasets/yolo_wound_boxes_v1/labels/test/wound_azh_patches_a6e5c0ce5098696593665baff9078e24_0.txt,azh_patches,data/datasets/external/azh_patches/train/images/a6e5c0ce5098696593665baff9078e24_0.png,PUBLIC_REAL_PHOTOS,e190b79c9b7bcd80bf22f5085bf75a63d1ca119e48245d7d16b6679310565596,1,2
wound_azh_patches_a6e5c0ce5098696593665baff9078e24_1,test,azh:a6e5c0ce5098696593665baff9078e24,data/datasets/yolo_wound_boxes_v1/images/test/wound_azh_patches_a6e5c0ce5098696593665baff9078e24_1.jpg,data/datasets/yolo_wound_boxes_v1/labels/test/wound_azh_patches_a6e5c0ce5098696593665baff9078e24_1.txt,azh_patches,data/datasets/external/azh_patches/train/images/a6e5c0ce5098696593665baff9078e24_1.png,PUBLIC_REAL_PHOTOS,0c76c0746f2206b53284cc1b42cd3663debb70cf179b43b053015185dada3648,1,2
wound_azh_patches_a77c969895b566672fccaad9ed45037f_0,train,azh:a77c969895b566672fccaad9ed45037f,data/datasets/yolo_wound_boxes_v1/images/train/wound_azh_patches_a77c969895b566672fccaad9ed45037f_0.jpg,data/datasets/yolo_wound_boxes_v1/labels/train/wound_azh_patches_a77c969895b566672fccaad9ed45037f_0.txt,azh_patches,data/datasets/external/azh_patches/train/images/a77c969895b566672fccaad9ed45037f_0.png,PUBLIC_REAL_PHOTOS,d6d1edec34b443dea2a12fae2c948ce9806e98e20444bba380ff47f96e92552a,1,2
wound_azh_patches_a7e38283944192cb3c85a628a9222962_0,train,azh:a7e38283944192cb3c85a628a9222962,data/datasets/yolo_wound_boxes_v1/images/train/wound_azh_patches_a7e38283944192cb3c85a628a9222962_0.jpg,data/datasets/yolo_wound_boxes_v1/labels/train/wound_azh_patches_a7e38283944192cb3c85a628a9222962_0.txt,azh_patches,data/datasets/external/azh_patches/train/images/a7e38283944192cb3c85a628a9222962_0.png,PUBLIC_REAL_PHOTOS,df8e1ac06544de40d2519f4176b87dcf7c23ef00defba6160de9870224805024,1,2
wound_azh_patches_a82a5d09b8ae787414295a2109688304_0,train,azh:a82a5d09b8ae787414295a2109688304,data/datasets/yolo_wound_boxes_v1/images/train/wound_azh_patches_a82a5d09b8ae787414295a2109688304_0.jpg,data/datasets/yolo_wound_boxes_v1/labels/train/wound_azh_patches_a82a5d09b8ae787414295a2109688304_0.txt,azh_patches,data/datasets/external/azh_patches/train/images/a82a5d09b8ae787414295a2109688304_0.png,PUBLIC_REAL_PHOTOS,6dfc3566ba402b1e786f6d7a1fcf07656b902ba7395b1b5f840fd0608736bf1a,1,2
wound_azh_patches_a87e022359340a7a46b849c473fe12ef_0,train,azh:a87e022359340a7a46b849c473fe12ef,data/datasets/yolo_wound_boxes_v1/images/train/wound_azh_patches_a87e022359340a7a46b849c473fe12ef_0.jpg,data/datasets/yolo_wound_boxes_v1/labels/train/wound_azh_patches_a87e022359340a7a46b849c473fe12ef_0.txt,azh_patches,data/datasets/external/azh_patches/train/images/a87e022359340a7a46b849c473fe12ef_0.png,PUBLIC_REAL_PHOTOS,4591ab237d5e9385931d404bfdbc416377551c778d45bbd58088d174c36764e2,1,2
wound_azh_patches_a87e022359340a7a46b849c473fe12ef_1,train,azh:a87e022359340a7a46b849c473fe12ef,data/datasets/yolo_wound_boxes_v1/images/train/wound_azh_patches_a87e022359340a7a46b849c473fe12ef_1.jpg,data/datasets/yolo_wound_boxes_v1/labels/train/wound_azh_patches_a87e022359340a7a46b849c473fe12ef_1.txt,azh_patches,data/datasets/external/azh_patches/train/images/a87e022359340a7a46b849c473fe12ef_1.png,PUBLIC_REAL_PHOTOS,d7d9a376d01e75c28a882864e8fa1115ed27f5ead4faf258e0fdf79c73de5c9a,1,2
wound_azh_patches_a87e022359340a7a46b849c473fe12ef_2,train,azh:a87e022359340a7a46b849c473fe12ef,data/datasets/yolo_wound_boxes_v1/images/train/wound_azh_patches_a87e022359340a7a46b849c473fe12ef_2.jpg,data/datasets/yolo_wound_boxes_v1/labels/train/wound_azh_patches_a87e022359340a7a46b849c473fe12ef_2.txt,azh_patches,data/datasets/external/azh_patches/train/images/a87e022359340a7a46b849c473fe12ef_2.png,PUBLIC_REAL_PHOTOS,4fa3782ce556ebe8a59cfb54b58c63a218fed335ece8f7f06f31e5e3fba8fafc,1,2
wound_azh_patches_a8c4b8d932aadca9656d64981167e13a_0,train,azh:a8c4b8d932aadca9656d64981167e13a,data/datasets/yolo_wound_boxes_v1/images/train/wound_azh_patches_a8c4b8d932aadca9656d64981167e13a_0.jpg,data/datasets/yolo_wound_boxes_v1/labels/train/wound_azh_patches_a8c4b8d932aadca9656d64981167e13a_0.txt,azh_patches,data/datasets/external/azh_patches/train/images/a8c4b8d932aadca9656d64981167e13a_0.png,PUBLIC_REAL_PHOTOS,c96e2119b75084598522a07ec47ed11111cc6d6e21e88b538281b646dc22ef4a,1,2
wound_azh_patches_a9359659e9c8cb5a59429e057979b52f_0,train,azh:a9359659e9c8cb5a59429e057979b52f,data/datasets/yolo_wound_boxes_v1/images/train/wound_azh_patches_a9359659e9c8cb5a59429e057979b52f_0.jpg,data/datasets/yolo_wound_boxes_v1/labels/train/wound_azh_patches_a9359659e9c8cb5a59429e057979b52f_0.txt,azh_patches,data/datasets/external/azh_patches/train/images/a9359659e9c8cb5a59429e057979b52f_0.png,PUBLIC_REAL_PHOTOS,931ef7ffa60a729778736845386f9e95f727d700fdba6b36659dd56852a6237d,1,2
wound_azh_patches_a9359659e9c8cb5a59429e057979b52f_1,train,azh:a9359659e9c8cb5a59429e057979b52f,data/datasets/yolo_wound_boxes_v1/images/train/wound_azh_patches_a9359659e9c8cb5a59429e057979b52f_1.jpg,data/datasets/yolo_wound_boxes_v1/labels/train/wound_azh_patches_a9359659e9c8cb5a59429e057979b52f_1.txt,azh_patches,data/datasets/external/azh_patches/train/images/a9359659e9c8cb5a59429e057979b52f_1.png,PUBLIC_REAL_PHOTOS,50c4eae011a627a08791104fa207d76f12f3d361845d43b41ab1a9647dfcaf5c,1,2
wound_azh_patches_a9359659e9c8cb5a59429e057979b52f_2,train,azh:a9359659e9c8cb5a59429e057979b52f,data/datasets/yolo_wound_boxes_v1/images/train/wound_azh_patches_a9359659e9c8cb5a59429e057979b52f_2.jpg,data/datasets/yolo_wound_boxes_v1/labels/train/wound_azh_patches_a9359659e9c8cb5a59429e057979b52f_2.txt,azh_patches,data/datasets/external/azh_patches/train/images/a9359659e9c8cb5a59429e057979b52f_2.png,PUBLIC_REAL_PHOTOS,e7326c13d88b53cea0b4d16c3b96469fca2d1491d465d7cb9883e80e1a11bdf8,1,2
wound_azh_patches_a936e3e598229d7d4931fd9f1dbafdf1_2,train,azh:a936e3e598229d7d4931fd9f1dbafdf1,data/datasets/yolo_wound_boxes_v1/images/train/wound_azh_patches_a936e3e598229d7d4931fd9f1dbafdf1_2.jpg,data/datasets/yolo_wound_boxes_v1/labels/train/wound_azh_patches_a936e3e598229d7d4931fd9f1dbafdf1_2.txt,azh_patches,data/datasets/external/azh_patches/train/images/a936e3e598229d7d4931fd9f1dbafdf1_2.png,PUBLIC_REAL_PHOTOS,a74913041ee06cc9e4bb1b44d3056147f6853e68655c7be50f7178dfaa266239,1,2
wound_azh_patches_a9b68c0cbf21fa8943ae56caac8c2742_1,train,azh:a9b68c0cbf21fa8943ae56caac8c2742,data/datasets/yolo_wound_boxes_v1/images/train/wound_azh_patches_a9b68c0cbf21fa8943ae56caac8c2742_1.jpg,data/datasets/yolo_wound_boxes_v1/labels/train/wound_azh_patches_a9b68c0cbf21fa8943ae56caac8c2742_1.txt,azh_patches,data/datasets/external/azh_patches/train/images/a9b68c0cbf21fa8943ae56caac8c2742_1.png,PUBLIC_REAL_PHOTOS,8ede08775b3a2a889f84eecd168077d7370a30006d4f545032f0ffe7a9ac6817,1,2
wound_azh_patches_a9b68c0cbf21fa8943ae56caac8c2742_2,train,azh:a9b68c0cbf21fa8943ae56caac8c2742,data/datasets/yolo_wound_boxes_v1/images/train/wound_azh_patches_a9b68c0cbf21fa8943ae56caac8c2742_2.jpg,data/datasets/yolo_wound_boxes_v1/labels/train/wound_azh_patches_a9b68c0cbf21fa8943ae56caac8c2742_2.txt,azh_patches,data/datasets/external/azh_patches/train/images/a9b68c0cbf21fa8943ae56caac8c2742_2.png,PUBLIC_REAL_PHOTOS,fe29a1b819d69fa6f5d326b501a3db814803a154b2bc4ac3b3ceb812ca7c71f4,1,2
wound_azh_patches_a9b83f354ab887edc10ddb9ef19cc5d9_0,train,azh:a9b83f354ab887edc10ddb9ef19cc5d9,data/datasets/yolo_wound_boxes_v1/images/train/wound_azh_patches_a9b83f354ab887edc10ddb9ef19cc5d9_0.jpg,data/datasets/yolo_wound_boxes_v1/labels/train/wound_azh_patches_a9b83f354ab887edc10ddb9ef19cc5d9_0.txt,azh_patches,data/datasets/external/azh_patches/train/images/a9b83f354ab887edc10ddb9ef19cc5d9_0.png,PUBLIC_REAL_PHOTOS,e642329ef4a216dcf7ab52575f0b2ab096c8c0792e0e929cfb9d800b8fc88e9f,1,2
wound_azh_patches_a9ed237a35d81537da88c9446fb19838_0,train,azh:a9ed237a35d81537da88c9446fb19838,data/datasets/yolo_wound_boxes_v1/images/train/wound_azh_patches_a9ed237a35d81537da88c9446fb19838_0.jpg,data/datasets/yolo_wound_boxes_v1/labels/train/wound_azh_patches_a9ed237a35d81537da88c9446fb19838_0.txt,azh_patches,data/datasets/external/azh_patches/train/images/a9ed237a35d81537da88c9446fb19838_0.png,PUBLIC_REAL_PHOTOS,c75e7076ab4b282d104a414fa237d88096562fb1655cdcea68961c33c6661c89,1,2
wound_azh_patches_aa1806d15dab8c388a51ee442c5b0276_0,train,azh:aa1806d15dab8c388a51ee442c5b0276,data/datasets/yolo_wound_boxes_v1/images/train/wound_azh_patches_aa1806d15dab8c388a51ee442c5b0276_0.jpg,data/datasets/yolo_wound_boxes_v1/labels/train/wound_azh_patches_aa1806d15dab8c388a51ee442c5b0276_0.txt,azh_patches,data/datasets/external/azh_patches/train/images/aa1806d15dab8c388a51ee442c5b0276_0.png,PUBLIC_REAL_PHOTOS,486ca54fba5ac733a5966ef8d4ee7e627469e4ec03017f33bcdef2c4c28ebe21,1,2
wound_azh_patches_aa2be8b1f0298f2adde2f6240f59ed11_0,test,azh:aa2be8b1f0298f2adde2f6240f59ed11,data/datasets/yolo_wound_boxes_v1/images/test/wound_azh_patches_aa2be8b1f0298f2adde2f6240f59ed11_0.jpg,data/datasets/yolo_wound_boxes_v1/labels/test/wound_azh_patches_aa2be8b1f0298f2adde2f6240f59ed11_0.txt,azh_patches,data/datasets/external/azh_patches/train/images/aa2be8b1f0298f2adde2f6240f59ed11_0.png,PUBLIC_REAL_PHOTOS,4ca24895cae306d93dbd92b2bcb7bd45312fb6ca28cd75aa655c5d63b7af9381,1,2
wound_azh_patches_aaa40b662539b1d93d0751dd53734ca0_0,val,azh:aaa40b662539b1d93d0751dd53734ca0,data/datasets/yolo_wound_boxes_v1/images/val/wound_azh_patches_aaa40b662539b1d93d0751dd53734ca0_0.jpg,data/datasets/yolo_wound_boxes_v1/labels/val/wound_azh_patches_aaa40b662539b1d93d0751dd53734ca0_0.txt,azh_patches,data/datasets/external/azh_patches/train/images/aaa40b662539b1d93d0751dd53734ca0_0.png,PUBLIC_REAL_PHOTOS,27112909ab8a1f115be77ed77cb6aca1f39820b13c2a5ac9df34e32236893db1,1,2
wound_azh_patches_aaa40b662539b1d93d0751dd53734ca0_1,val,azh:aaa40b662539b1d93d0751dd53734ca0,data/datasets/yolo_wound_boxes_v1/images/val/wound_azh_patches_aaa40b662539b1d93d0751dd53734ca0_1.jpg,data/datasets/yolo_wound_boxes_v1/labels/val/wound_azh_patches_aaa40b662539b1d93d0751dd53734ca0_1.txt,azh_patches,data/datasets/external/azh_patches/train/images/aaa40b662539b1d93d0751dd53734ca0_1.png,PUBLIC_REAL_PHOTOS,cf8ba0db0277103114cefc17d1e5d412f05b71ffe8839182f5e98aac02ee6a60,1,2
wound_azh_patches_aabd02ea55316fcfb863028ad210c3d4_0,val,azh:aabd02ea55316fcfb863028ad210c3d4,data/datasets/yolo_wound_boxes_v1/images/val/wound_azh_patches_aabd02ea55316fcfb863028ad210c3d4_0.jpg,data/datasets/yolo_wound_boxes_v1/labels/val/wound_azh_patches_aabd02ea55316fcfb863028ad210c3d4_0.txt,azh_patches,data/datasets/external/azh_patches/train/images/aabd02ea55316fcfb863028ad210c3d4_0.png,PUBLIC_REAL_PHOTOS,19b4ec29dcaf92b447303a5356647c71e03eb31678ee75bfe19080f41bcc3d31,1,2
wound_azh_patches_aafb2fc42b97b1d9c4908400fb4e4fff_0,train,azh:aafb2fc42b97b1d9c4908400fb4e4fff,data/datasets/yolo_wound_boxes_v1/images/train/wound_azh_patches_aafb2fc42b97b1d9c4908400fb4e4fff_0.jpg,data/datasets/yolo_wound_boxes_v1/labels/train/wound_azh_patches_aafb2fc42b97b1d9c4908400fb4e4fff_0.txt,azh_patches,data/datasets/external/azh_patches/train/images/aafb2fc42b97b1d9c4908400fb4e4fff_0.png,PUBLIC_REAL_PHOTOS,0ac68c5922e866e2b07a88d3da664edc78a57a5dcbe81857940a11ca97887725,1,2
wound_azh_patches_ab023a8ca6aa2bee24280d3ac25c0082_0,train,azh:ab023a8ca6aa2bee24280d3ac25c0082,data/datasets/yolo_wound_boxes_v1/images/train/wound_azh_patches_ab023a8ca6aa2bee24280d3ac25c0082_0.jpg,data/datasets/yolo_wound_boxes_v1/labels/train/wound_azh_patches_ab023a8ca6aa2bee24280d3ac25c0082_0.txt,azh_patches,data/datasets/external/azh_patches/train/images/ab023a8ca6aa2bee24280d3ac25c0082_0.png,PUBLIC_REAL_PHOTOS,326858e7cf33575348d8520412daccd867e9ac08e2133b6ca2c8041b55b2fd51,1,2
wound_azh_patches_ab1e0c75309140acba9807344adba846_0,train,azh:ab1e0c75309140acba9807344adba846,data/datasets/yolo_wound_boxes_v1/images/train/wound_azh_patches_ab1e0c75309140acba9807344adba846_0.jpg,data/datasets/yolo_wound_boxes_v1/labels/train/wound_azh_patches_ab1e0c75309140acba9807344adba846_0.txt,azh_patches,data/datasets/external/azh_patches/train/images/ab1e0c75309140acba9807344adba846_0.png,PUBLIC_REAL_PHOTOS,e5ae2d1288a9a7e3bbde730806c0f32560008ee1794e097289cce4f8e7ded5ea,1,2
wound_azh_patches_ab1e0c75309140acba9807344adba846_1,train,azh:ab1e0c75309140acba9807344adba846,data/datasets/yolo_wound_boxes_v1/images/train/wound_azh_patches_ab1e0c75309140acba9807344adba846_1.jpg,data/datasets/yolo_wound_boxes_v1/labels/train/wound_azh_patches_ab1e0c75309140acba9807344adba846_1.txt,azh_patches,data/datasets/external/azh_patches/train/images/ab1e0c75309140acba9807344adba846_1.png,PUBLIC_REAL_PHOTOS,759b9185fa493442d44de90aa39c24b900b6da7b1c17c33b6978d8ac07f2bcc7,1,2
wound_azh_patches_ab78761c202d21872f1d9b3e3d0c2e5f_0,val,azh:ab78761c202d21872f1d9b3e3d0c2e5f,data/datasets/yolo_wound_boxes_v1/images/val/wound_azh_patches_ab78761c202d21872f1d9b3e3d0c2e5f_0.jpg,data/datasets/yolo_wound_boxes_v1/labels/val/wound_azh_patches_ab78761c202d21872f1d9b3e3d0c2e5f_0.txt,azh_patches,data/datasets/external/azh_patches/train/images/ab78761c202d21872f1d9b3e3d0c2e5f_0.png,PUBLIC_REAL_PHOTOS,7a8b5d7abd68840a32af460b33e99dc9321b1ca8ff794db4c045ae059984f6b3,1,2
wound_azh_patches_ab78761c202d21872f1d9b3e3d0c2e5f_1,val,azh:ab78761c202d21872f1d9b3e3d0c2e5f,data/datasets/yolo_wound_boxes_v1/images/val/wound_azh_patches_ab78761c202d21872f1d9b3e3d0c2e5f_1.jpg,data/datasets/yolo_wound_boxes_v1/labels/val/wound_azh_patches_ab78761c202d21872f1d9b3e3d0c2e5f_1.txt,azh_patches,data/datasets/external/azh_patches/train/images/ab78761c202d21872f1d9b3e3d0c2e5f_1.png,PUBLIC_REAL_PHOTOS,be7d7a43488c2d1765535ce2ad39ff8954f0c8554227cca053048d3353676d72,1,2
wound_azh_patches_ab78761c202d21872f1d9b3e3d0c2e5f_2,val,azh:ab78761c202d21872f1d9b3e3d0c2e5f,data/datasets/yolo_wound_boxes_v1/images/val/wound_azh_patches_ab78761c202d21872f1d9b3e3d0c2e5f_2.jpg,data/datasets/yolo_wound_boxes_v1/labels/val/wound_azh_patches_ab78761c202d21872f1d9b3e3d0c2e5f_2.txt,azh_patches,data/datasets/external/azh_patches/train/images/ab78761c202d21872f1d9b3e3d0c2e5f_2.png,PUBLIC_REAL_PHOTOS,f30883ed5b4b6bb9e660e44d8c90642c141a0b15f987bae0fb9f8695914f190d,1,2
wound_azh_patches_ab8ec72fb9269f306230748c1133c4cb_0,train,azh:ab8ec72fb9269f306230748c1133c4cb,data/datasets/yolo_wound_boxes_v1/images/train/wound_azh_patches_ab8ec72fb9269f306230748c1133c4cb_0.jpg,data/datasets/yolo_wound_boxes_v1/labels/train/wound_azh_patches_ab8ec72fb9269f306230748c1133c4cb_0.txt,azh_patches,data/datasets/external/azh_patches/train/images/ab8ec72fb9269f306230748c1133c4cb_0.png,PUBLIC_REAL_PHOTOS,5992b7ba4f8f6c0373d6c651f3d0e5b65004c66c955cf49568a37823cbb7cab0,1,2
wound_azh_patches_abc37f40f84631b2ee9ad858646c44f8_0,train,azh:abc37f40f84631b2ee9ad858646c44f8,data/datasets/yolo_wound_boxes_v1/images/train/wound_azh_patches_abc37f40f84631b2ee9ad858646c44f8_0.jpg,data/datasets/yolo_wound_boxes_v1/labels/train/wound_azh_patches_abc37f40f84631b2ee9ad858646c44f8_0.txt,azh_patches,data/datasets/external/azh_patches/train/images/abc37f40f84631b2ee9ad858646c44f8_0.png,PUBLIC_REAL_PHOTOS,2096bd829ec0ed31cd1602fbdad69cf6a4fbeedd9e3d38645dba296812cd4add,1,2
wound_azh_patches_ac64a434113a49ea5d21725df9fe0ae4_1,val,azh:ac64a434113a49ea5d21725df9fe0ae4,data/datasets/yolo_wound_boxes_v1/images/val/wound_azh_patches_ac64a434113a49ea5d21725df9fe0ae4_1.jpg,data/datasets/yolo_wound_boxes_v1/labels/val/wound_azh_patches_ac64a434113a49ea5d21725df9fe0ae4_1.txt,azh_patches,data/datasets/external/azh_patches/train/images/ac64a434113a49ea5d21725df9fe0ae4_1.png,PUBLIC_REAL_PHOTOS,4af438e8e10b9a146a53c6152c5497692ee75528e4c1c52239fa897839e603ef,1,2
wound_azh_patches_ac7e55f1332c4e37bcefe76f1c4e79e4_0,train,azh:ac7e55f1332c4e37bcefe76f1c4e79e4,data/datasets/yolo_wound_boxes_v1/images/train/wound_azh_patches_ac7e55f1332c4e37bcefe76f1c4e79e4_0.jpg,data/datasets/yolo_wound_boxes_v1/labels/train/wound_azh_patches_ac7e55f1332c4e37bcefe76f1c4e79e4_0.txt,azh_patches,data/datasets/external/azh_patches/train/images/ac7e55f1332c4e37bcefe76f1c4e79e4_0.png,PUBLIC_REAL_PHOTOS,995ec32471cb1f84bb9bd912616f4fff6e4620a8b45f6c01624e90b45cdcf152,1,2
wound_azh_patches_ad4fc0de526874b20f4456b30f4c304e_0,test,azh:ad4fc0de526874b20f4456b30f4c304e,data/datasets/yolo_wound_boxes_v1/images/test/wound_azh_patches_ad4fc0de526874b20f4456b30f4c304e_0.jpg,data/datasets/yolo_wound_boxes_v1/labels/test/wound_azh_patches_ad4fc0de526874b20f4456b30f4c304e_0.txt,azh_patches,data/datasets/external/azh_patches/train/images/ad4fc0de526874b20f4456b30f4c304e_0.png,PUBLIC_REAL_PHOTOS,5af12af41253c42ef0be7fb578e2db282fe557ebadcfa4c796bc04e0052615db,1,2
wound_azh_patches_ad4fc0de526874b20f4456b30f4c304e_1,test,azh:ad4fc0de526874b20f4456b30f4c304e,data/datasets/yolo_wound_boxes_v1/images/test/wound_azh_patches_ad4fc0de526874b20f4456b30f4c304e_1.jpg,data/datasets/yolo_wound_boxes_v1/labels/test/wound_azh_patches_ad4fc0de526874b20f4456b30f4c304e_1.txt,azh_patches,data/datasets/external/azh_patches/train/images/ad4fc0de526874b20f4456b30f4c304e_1.png,PUBLIC_REAL_PHOTOS,915792662c289ba6bb9b4797e220a8934720c142868518b1af75d776a1e1df54,1,2
wound_azh_patches_adbe5116dde0ef7cdb8d267811139b28_0,train,azh:adbe5116dde0ef7cdb8d267811139b28,data/datasets/yolo_wound_boxes_v1/images/train/wound_azh_patches_adbe5116dde0ef7cdb8d267811139b28_0.jpg,data/datasets/yolo_wound_boxes_v1/labels/train/wound_azh_patches_adbe5116dde0ef7cdb8d267811139b28_0.txt,azh_patches,data/datasets/external/azh_patches/train/images/adbe5116dde0ef7cdb8d267811139b28_0.png,PUBLIC_REAL_PHOTOS,11d6b07ab8efd7132d6a54f5ecf06621d50e263899c07d9aaf7520f3bde4a2c8,1,2
wound_azh_patches_af441bd26a6be0b538627adca753f596_0,train,azh:af441bd26a6be0b538627adca753f596,data/datasets/yolo_wound_boxes_v1/images/train/wound_azh_patches_af441bd26a6be0b538627adca753f596_0.jpg,data/datasets/yolo_wound_boxes_v1/labels/train/wound_azh_patches_af441bd26a6be0b538627adca753f596_0.txt,azh_patches,data/datasets/external/azh_patches/train/images/af441bd26a6be0b538627adca753f596_0.png,PUBLIC_REAL_PHOTOS,93e1ceac0cdfeeb9cdd3231aea3f4468c9ccf5d31e141ca31fbf635f885d174c,1,2
wound_azh_patches_b030bfce7ff93157dde23dbdd02881c6_0,train,azh:b030bfce7ff93157dde23dbdd02881c6,data/datasets/yolo_wound_boxes_v1/images/train/wound_azh_patches_b030bfce7ff93157dde23dbdd02881c6_0.jpg,data/datasets/yolo_wound_boxes_v1/labels/train/wound_azh_patches_b030bfce7ff93157dde23dbdd02881c6_0.txt,azh_patches,data/datasets/external/azh_patches/train/images/b030bfce7ff93157dde23dbdd02881c6_0.png,PUBLIC_REAL_PHOTOS,2534e80fa56d2a34403873bba6dfb8f7a24dae8a05f5976f33d6b4d735d26396,1,2
wound_azh_patches_b05a50f8b5ed7825dbbed846cea7b6bd_0,train,azh:b05a50f8b5ed7825dbbed846cea7b6bd,data/datasets/yolo_wound_boxes_v1/images/train/wound_azh_patches_b05a50f8b5ed7825dbbed846cea7b6bd_0.jpg,data/datasets/yolo_wound_boxes_v1/labels/train/wound_azh_patches_b05a50f8b5ed7825dbbed846cea7b6bd_0.txt,azh_patches,data/datasets/external/azh_patches/train/images/b05a50f8b5ed7825dbbed846cea7b6bd_0.png,PUBLIC_REAL_PHOTOS,940212c47495ba06482098673b2741ded37dc8c796d9293917b13ad223762f19,1,2
wound_azh_patches_b08c34d9e82b6af851bbbac6461870ff_0,test,azh:b08c34d9e82b6af851bbbac6461870ff,data/datasets/yolo_wound_boxes_v1/images/test/wound_azh_patches_b08c34d9e82b6af851bbbac6461870ff_0.jpg,data/datasets/yolo_wound_boxes_v1/labels/test/wound_azh_patches_b08c34d9e82b6af851bbbac6461870ff_0.txt,azh_patches,data/datasets/external/azh_patches/train/images/b08c34d9e82b6af851bbbac6461870ff_0.png,PUBLIC_REAL_PHOTOS,b1b289844dfb8c4c1582213ed965c16834c927d0b6aa72ff1ae771bda275d27b,1,2
wound_azh_patches_b3d73335fc2872a6959f39e2b6234cb6_0,train,azh:b3d73335fc2872a6959f39e2b6234cb6,data/datasets/yolo_wound_boxes_v1/images/train/wound_azh_patches_b3d73335fc2872a6959f39e2b6234cb6_0.jpg,data/datasets/yolo_wound_boxes_v1/labels/train/wound_azh_patches_b3d73335fc2872a6959f39e2b6234cb6_0.txt,azh_patches,data/datasets/external/azh_patches/train/images/b3d73335fc2872a6959f39e2b6234cb6_0.png,PUBLIC_REAL_PHOTOS,68b8e927b50fc55b8880856240612d76233bd9a35e4f2eb77f687007e9dac326,1,2
wound_azh_patches_b3f8f409a7b4e9f3956fbee5d4c3a0cc_0,train,azh:b3f8f409a7b4e9f3956fbee5d4c3a0cc,data/datasets/yolo_wound_boxes_v1/images/train/wound_azh_patches_b3f8f409a7b4e9f3956fbee5d4c3a0cc_0.jpg,data/datasets/yolo_wound_boxes_v1/labels/train/wound_azh_patches_b3f8f409a7b4e9f3956fbee5d4c3a0cc_0.txt,azh_patches,data/datasets/external/azh_patches/train/images/b3f8f409a7b4e9f3956fbee5d4c3a0cc_0.png,PUBLIC_REAL_PHOTOS,61d0474ddda5b7b7e00c3469376e063d2850fdb1ddabd0739ce4d5c329373d39,1,2
wound_azh_patches_b40bb91be02f2b7c20e0046b450e7276_0,train,azh:b40bb91be02f2b7c20e0046b450e7276,data/datasets/yolo_wound_boxes_v1/images/train/wound_azh_patches_b40bb91be02f2b7c20e0046b450e7276_0.jpg,data/datasets/yolo_wound_boxes_v1/labels/train/wound_azh_patches_b40bb91be02f2b7c20e0046b450e7276_0.txt,azh_patches,data/datasets/external/azh_patches/train/images/b40bb91be02f2b7c20e0046b450e7276_0.png,PUBLIC_REAL_PHOTOS,60b54814d5b966571a773aab635fd1207dbe4404b7755645a356b341f9ffae5d,1,2
wound_azh_patches_b40bb91be02f2b7c20e0046b450e7276_1,train,azh:b40bb91be02f2b7c20e0046b450e7276,data/datasets/yolo_wound_boxes_v1/images/train/wound_azh_patches_b40bb91be02f2b7c20e0046b450e7276_1.jpg,data/datasets/yolo_wound_boxes_v1/labels/train/wound_azh_patches_b40bb91be02f2b7c20e0046b450e7276_1.txt,azh_patches,data/datasets/external/azh_patches/train/images/b40bb91be02f2b7c20e0046b450e7276_1.png,PUBLIC_REAL_PHOTOS,1bb139417ba6dfbb86b6611a31edd11ffc2dd60ca50632ad6474112d1ce2860e,1,2
wound_azh_patches_b40fb736fd34d0572057ca86c54ed990_0,test,azh:b40fb736fd34d0572057ca86c54ed990,data/datasets/yolo_wound_boxes_v1/images/test/wound_azh_patches_b40fb736fd34d0572057ca86c54ed990_0.jpg,data/datasets/yolo_wound_boxes_v1/labels/test/wound_azh_patches_b40fb736fd34d0572057ca86c54ed990_0.txt,azh_patches,data/datasets/external/azh_patches/train/images/b40fb736fd34d0572057ca86c54ed990_0.png,PUBLIC_REAL_PHOTOS,27b90dc89a721ea3a3a88db3f390a29c483e205c2c5b828897a3268bc6e36472,1,2
wound_azh_patches_b415e441ce93a4166a09c03134203852_0,val,azh:b415e441ce93a4166a09c03134203852,data/datasets/yolo_wound_boxes_v1/images/val/wound_azh_patches_b415e441ce93a4166a09c03134203852_0.jpg,data/datasets/yolo_wound_boxes_v1/labels/val/wound_azh_patches_b415e441ce93a4166a09c03134203852_0.txt,azh_patches,data/datasets/external/azh_patches/train/images/b415e441ce93a4166a09c03134203852_0.png,PUBLIC_REAL_PHOTOS,1f049e912f71d6794f8ab20be084fa28a7315440ff5cb8a7786470e25fe1462c,1,2
wound_azh_patches_b563f8318b486d27a11e3fa0d5d2f4f0_0,val,azh:b563f8318b486d27a11e3fa0d5d2f4f0,data/datasets/yolo_wound_boxes_v1/images/val/wound_azh_patches_b563f8318b486d27a11e3fa0d5d2f4f0_0.jpg,data/datasets/yolo_wound_boxes_v1/labels/val/wound_azh_patches_b563f8318b486d27a11e3fa0d5d2f4f0_0.txt,azh_patches,data/datasets/external/azh_patches/train/images/b563f8318b486d27a11e3fa0d5d2f4f0_0.png,PUBLIC_REAL_PHOTOS,6c349d5ee4e04eecca9ea202ef36ddc6ff7996a691074db6a7bdce9b336ad12a,1,2
wound_azh_patches_b56853a2c67fa5838a8ae06b4b4d92f3_0,train,azh:b56853a2c67fa5838a8ae06b4b4d92f3,data/datasets/yolo_wound_boxes_v1/images/train/wound_azh_patches_b56853a2c67fa5838a8ae06b4b4d92f3_0.jpg,data/datasets/yolo_wound_boxes_v1/labels/train/wound_azh_patches_b56853a2c67fa5838a8ae06b4b4d92f3_0.txt,azh_patches,data/datasets/external/azh_patches/train/images/b56853a2c67fa5838a8ae06b4b4d92f3_0.png,PUBLIC_REAL_PHOTOS,415e533d44d3cb8a8bffc206bb8305211dd00e73405cb8eba877db94a46b3456,1,2
wound_azh_patches_b6035dd8c83f84aa61767f77195358d9_0,train,azh:b6035dd8c83f84aa61767f77195358d9,data/datasets/yolo_wound_boxes_v1/images/train/wound_azh_patches_b6035dd8c83f84aa61767f77195358d9_0.jpg,data/datasets/yolo_wound_boxes_v1/labels/train/wound_azh_patches_b6035dd8c83f84aa61767f77195358d9_0.txt,azh_patches,data/datasets/external/azh_patches/train/images/b6035dd8c83f84aa61767f77195358d9_0.png,PUBLIC_REAL_PHOTOS,b38cc8060cecd09e592f0de903ad895b2fd1aab85c48c9fe6d8e69a7dc33eeb0,1,2
wound_azh_patches_b6b90a55a7ce22b235d48d98e8b9b10b_0,test,azh:b6b90a55a7ce22b235d48d98e8b9b10b,data/datasets/yolo_wound_boxes_v1/images/test/wound_azh_patches_b6b90a55a7ce22b235d48d98e8b9b10b_0.jpg,data/datasets/yolo_wound_boxes_v1/labels/test/wound_azh_patches_b6b90a55a7ce22b235d48d98e8b9b10b_0.txt,azh_patches,data/datasets/external/azh_patches/train/images/b6b90a55a7ce22b235d48d98e8b9b10b_0.png,PUBLIC_REAL_PHOTOS,3b66c4aae39642d6b2f20cdf5651dd680c6035698f4397f67ae34bb054d8d66a,1,2
wound_azh_patches_b6b90a55a7ce22b235d48d98e8b9b10b_1,test,azh:b6b90a55a7ce22b235d48d98e8b9b10b,data/datasets/yolo_wound_boxes_v1/images/test/wound_azh_patches_b6b90a55a7ce22b235d48d98e8b9b10b_1.jpg,data/datasets/yolo_wound_boxes_v1/labels/test/wound_azh_patches_b6b90a55a7ce22b235d48d98e8b9b10b_1.txt,azh_patches,data/datasets/external/azh_patches/train/images/b6b90a55a7ce22b235d48d98e8b9b10b_1.png,PUBLIC_REAL_PHOTOS,f170a14ffa941fde3934708c08bcf327b1bce0c77a83c9bfcb0bb4dd02c03517,1,2
wound_azh_patches_b6ecf50bfbf4e36d6d9f0c240adf79b7_0,train,azh:b6ecf50bfbf4e36d6d9f0c240adf79b7,data/datasets/yolo_wound_boxes_v1/images/train/wound_azh_patches_b6ecf50bfbf4e36d6d9f0c240adf79b7_0.jpg,data/datasets/yolo_wound_boxes_v1/labels/train/wound_azh_patches_b6ecf50bfbf4e36d6d9f0c240adf79b7_0.txt,azh_patches,data/datasets/external/azh_patches/train/images/b6ecf50bfbf4e36d6d9f0c240adf79b7_0.png,PUBLIC_REAL_PHOTOS,be4a1a8c04e9817b269a255fdefe33e15fbbd8fad2d3b1de5974b67736a16902,1,2
wound_azh_patches_b6ecf50bfbf4e36d6d9f0c240adf79b7_1,train,azh:b6ecf50bfbf4e36d6d9f0c240adf79b7,data/datasets/yolo_wound_boxes_v1/images/train/wound_azh_patches_b6ecf50bfbf4e36d6d9f0c240adf79b7_1.jpg,data/datasets/yolo_wound_boxes_v1/labels/train/wound_azh_patches_b6ecf50bfbf4e36d6d9f0c240adf79b7_1.txt,azh_patches,data/datasets/external/azh_patches/train/images/b6ecf50bfbf4e36d6d9f0c240adf79b7_1.png,PUBLIC_REAL_PHOTOS,634201ea7d719ee73910c58ef509b884cf1f950e033c9b912d3f8f42de6f5d4e,1,2
wound_azh_patches_b70594b218df498591241961a84e209b_0,train,azh:b70594b218df498591241961a84e209b,data/datasets/yolo_wound_boxes_v1/images/train/wound_azh_patches_b70594b218df498591241961a84e209b_0.jpg,data/datasets/yolo_wound_boxes_v1/labels/train/wound_azh_patches_b70594b218df498591241961a84e209b_0.txt,azh_patches,data/datasets/external/azh_patches/train/images/b70594b218df498591241961a84e209b_0.png,PUBLIC_REAL_PHOTOS,daa00c4edb820d89895981dd56cf4a5452eca18fb844d14e1baf94d6919f8752,1,2
wound_azh_patches_b72c7981ed24cbb21bf1d6044d3ae39c_0,train,azh:b72c7981ed24cbb21bf1d6044d3ae39c,data/datasets/yolo_wound_boxes_v1/images/train/wound_azh_patches_b72c7981ed24cbb21bf1d6044d3ae39c_0.jpg,data/datasets/yolo_wound_boxes_v1/labels/train/wound_azh_patches_b72c7981ed24cbb21bf1d6044d3ae39c_0.txt,azh_patches,data/datasets/external/azh_patches/train/images/b72c7981ed24cbb21bf1d6044d3ae39c_0.png,PUBLIC_REAL_PHOTOS,e1efbf0a2d0fb6868255f31da687775643a18bc6f5eec842bfa719bd9cf738d3,1,2
wound_azh_patches_b76b12b02c748683d1a29c0a8abfb70b_0,test,azh:b76b12b02c748683d1a29c0a8abfb70b,data/datasets/yolo_wound_boxes_v1/images/test/wound_azh_patches_b76b12b02c748683d1a29c0a8abfb70b_0.jpg,data/datasets/yolo_wound_boxes_v1/labels/test/wound_azh_patches_b76b12b02c748683d1a29c0a8abfb70b_0.txt,azh_patches,data/datasets/external/azh_patches/train/images/b76b12b02c748683d1a29c0a8abfb70b_0.png,PUBLIC_REAL_PHOTOS,74f00c49df11a9819891aaaebcced60f689a0e515f3575f21e676bed9768f8e4,1,2
wound_azh_patches_b9c64f3dd429059c444ed58e753f213a_0,train,azh:b9c64f3dd429059c444ed58e753f213a,data/datasets/yolo_wound_boxes_v1/images/train/wound_azh_patches_b9c64f3dd429059c444ed58e753f213a_0.jpg,data/datasets/yolo_wound_boxes_v1/labels/train/wound_azh_patches_b9c64f3dd429059c444ed58e753f213a_0.txt,azh_patches,data/datasets/external/azh_patches/train/images/b9c64f3dd429059c444ed58e753f213a_0.png,PUBLIC_REAL_PHOTOS,3be997089f678cf2b5fda6641dbafe439607281f9af910ef7d87933453e738c1,1,2
wound_azh_patches_b23232898bafcf304b2138af86be40b9_0,val,azh:b23232898bafcf304b2138af86be40b9,data/datasets/yolo_wound_boxes_v1/images/val/wound_azh_patches_b23232898bafcf304b2138af86be40b9_0.jpg,data/datasets/yolo_wound_boxes_v1/labels/val/wound_azh_patches_b23232898bafcf304b2138af86be40b9_0.txt,azh_patches,data/datasets/external/azh_patches/test/images/b23232898bafcf304b2138af86be40b9_0.png,PUBLIC_REAL_PHOTOS,844614b25901cf70abf3eefbf6ec19d6ae5749f13d407f1e462bb4f4020ceb52,1,2
wound_azh_patches_b586407933e66b112820f28448783627_0,train,azh:b586407933e66b112820f28448783627,data/datasets/yolo_wound_boxes_v1/images/train/wound_azh_patches_b586407933e66b112820f28448783627_0.jpg,data/datasets/yolo_wound_boxes_v1/labels/train/wound_azh_patches_b586407933e66b112820f28448783627_0.txt,azh_patches,data/datasets/external/azh_patches/test/images/b586407933e66b112820f28448783627_0.png,PUBLIC_REAL_PHOTOS,3fe2cd918186e370da51d6f802b5762891499a615397a1f41f804576e278b476,1,2
wound_azh_patches_b61269467f2dc93f3cc31f933fa7013a_0,val,azh:b61269467f2dc93f3cc31f933fa7013a,data/datasets/yolo_wound_boxes_v1/images/val/wound_azh_patches_b61269467f2dc93f3cc31f933fa7013a_0.jpg,data/datasets/yolo_wound_boxes_v1/labels/val/wound_azh_patches_b61269467f2dc93f3cc31f933fa7013a_0.txt,azh_patches,data/datasets/external/azh_patches/test/images/b61269467f2dc93f3cc31f933fa7013a_0.png,PUBLIC_REAL_PHOTOS,b3ec6435064861657c941e2d67df271851d27e78ae1df09034f80aed2d180e10,1,2
wound_azh_patches_b712446cdd649dcb735673f7322daa69_0,train,azh:b712446cdd649dcb735673f7322daa69,data/datasets/yolo_wound_boxes_v1/images/train/wound_azh_patches_b712446cdd649dcb735673f7322daa69_0.jpg,data/datasets/yolo_wound_boxes_v1/labels/train/wound_azh_patches_b712446cdd649dcb735673f7322daa69_0.txt,azh_patches,data/datasets/external/azh_patches/test/images/b712446cdd649dcb735673f7322daa69_0.png,PUBLIC_REAL_PHOTOS,172a85b396de1fccd5630d123c69abc027c7b9ff3443fcbc1a16d58c7b0dc4ac,1,2
wound_azh_patches_ba00cb9444f74badd3afada2bd3d6642_0,test,azh:ba00cb9444f74badd3afada2bd3d6642,data/datasets/yolo_wound_boxes_v1/images/test/wound_azh_patches_ba00cb9444f74badd3afada2bd3d6642_0.jpg,data/datasets/yolo_wound_boxes_v1/labels/test/wound_azh_patches_ba00cb9444f74badd3afada2bd3d6642_0.txt,azh_patches,data/datasets/external/azh_patches/test/images/ba00cb9444f74badd3afada2bd3d6642_0.png,PUBLIC_REAL_PHOTOS,c7db5d32ccc0334c41f93b889f816a558ac80c0ea086d6c5d77fbe60cae87583,1,2
wound_azh_patches_ba4755da013537410deae3f8386d08ba_0,train,azh:ba4755da013537410deae3f8386d08ba,data/datasets/yolo_wound_boxes_v1/images/train/wound_azh_patches_ba4755da013537410deae3f8386d08ba_0.jpg,data/datasets/yolo_wound_boxes_v1/labels/train/wound_azh_patches_ba4755da013537410deae3f8386d08ba_0.txt,azh_patches,data/datasets/external/azh_patches/test/images/ba4755da013537410deae3f8386d08ba_0.png,PUBLIC_REAL_PHOTOS,d37a11653d00c4414d87aa759ebd686e9ad8699a60b078f6d4452009e008c476,1,2
wound_azh_patches_ba4755da013537410deae3f8386d08ba_1,train,azh:ba4755da013537410deae3f8386d08ba,data/datasets/yolo_wound_boxes_v1/images/train/wound_azh_patches_ba4755da013537410deae3f8386d08ba_1.jpg,data/datasets/yolo_wound_boxes_v1/labels/train/wound_azh_patches_ba4755da013537410deae3f8386d08ba_1.txt,azh_patches,data/datasets/external/azh_patches/test/images/ba4755da013537410deae3f8386d08ba_1.png,PUBLIC_REAL_PHOTOS,ba96a632f1d755933281d97fdfd8ac08153ffcc03d4d1061cab3b80f20c77838,1,2
wound_azh_patches_baba5451a41a555f6ea4355b4c53db59_0,train,azh:baba5451a41a555f6ea4355b4c53db59,data/datasets/yolo_wound_boxes_v1/images/train/wound_azh_patches_baba5451a41a555f6ea4355b4c53db59_0.jpg,data/datasets/yolo_wound_boxes_v1/labels/train/wound_azh_patches_baba5451a41a555f6ea4355b4c53db59_0.txt,azh_patches,data/datasets/external/azh_patches/test/images/baba5451a41a555f6ea4355b4c53db59_0.png,PUBLIC_REAL_PHOTOS,72370cb6de4661b81d9599bcc80e53fb444717d450a0e30344c2bc8580807e0a,1,2
wound_azh_patches_baba5451a41a555f6ea4355b4c53db59_1,train,azh:baba5451a41a555f6ea4355b4c53db59,data/datasets/yolo_wound_boxes_v1/images/train/wound_azh_patches_baba5451a41a555f6ea4355b4c53db59_1.jpg,data/datasets/yolo_wound_boxes_v1/labels/train/wound_azh_patches_baba5451a41a555f6ea4355b4c53db59_1.txt,azh_patches,data/datasets/external/azh_patches/test/images/baba5451a41a555f6ea4355b4c53db59_1.png,PUBLIC_REAL_PHOTOS,d04169dc129efac9a497de56b3c5330019379aeef7af877f74205bc60adc9dcc,1,2
wound_azh_patches_baf6df704ae535e46fe2f366a58f219c_0,train,azh:baf6df704ae535e46fe2f366a58f219c,data/datasets/yolo_wound_boxes_v1/images/train/wound_azh_patches_baf6df704ae535e46fe2f366a58f219c_0.jpg,data/datasets/yolo_wound_boxes_v1/labels/train/wound_azh_patches_baf6df704ae535e46fe2f366a58f219c_0.txt,azh_patches,data/datasets/external/azh_patches/test/images/baf6df704ae535e46fe2f366a58f219c_0.png,PUBLIC_REAL_PHOTOS,d75e08cecd86c35b928a5b2b7ff8aeb5c7a30a55292309d7fa27830a52a3011c,1,2
wound_azh_patches_baf6df704ae535e46fe2f366a58f219c_1,train,azh:baf6df704ae535e46fe2f366a58f219c,data/datasets/yolo_wound_boxes_v1/images/train/wound_azh_patches_baf6df704ae535e46fe2f366a58f219c_1.jpg,data/datasets/yolo_wound_boxes_v1/labels/train/wound_azh_patches_baf6df704ae535e46fe2f366a58f219c_1.txt,azh_patches,data/datasets/external/azh_patches/test/images/baf6df704ae535e46fe2f366a58f219c_1.png,PUBLIC_REAL_PHOTOS,bcb3c14e8a006a855100702a38c1946940d94ce6204b97f56316e8e540089db1,1,2
wound_azh_patches_baf6df704ae535e46fe2f366a58f219c_2,train,azh:baf6df704ae535e46fe2f366a58f219c,data/datasets/yolo_wound_boxes_v1/images/train/wound_azh_patches_baf6df704ae535e46fe2f366a58f219c_2.jpg,data/datasets/yolo_wound_boxes_v1/labels/train/wound_azh_patches_baf6df704ae535e46fe2f366a58f219c_2.txt,azh_patches,data/datasets/external/azh_patches/test/images/baf6df704ae535e46fe2f366a58f219c_2.png,PUBLIC_REAL_PHOTOS,321b4398950495c3c9196cf5c941ddf58c9a5ba2eb68ae2d39e2dcf0455dc8af,1,2
wound_azh_patches_baf6df704ae535e46fe2f366a58f219c_3,train,azh:baf6df704ae535e46fe2f366a58f219c,data/datasets/yolo_wound_boxes_v1/images/train/wound_azh_patches_baf6df704ae535e46fe2f366a58f219c_3.jpg,data/datasets/yolo_wound_boxes_v1/labels/train/wound_azh_patches_baf6df704ae535e46fe2f366a58f219c_3.txt,azh_patches,data/datasets/external/azh_patches/test/images/baf6df704ae535e46fe2f366a58f219c_3.png,PUBLIC_REAL_PHOTOS,89ab5fb39c5f38c5c786c3de72dbf088c953ced35323c42863a9c1d7a7f0852d,1,2
wound_azh_patches_bb267b1abca1c53df371bc15bf592070_0,test,azh:bb267b1abca1c53df371bc15bf592070,data/datasets/yolo_wound_boxes_v1/images/test/wound_azh_patches_bb267b1abca1c53df371bc15bf592070_0.jpg,data/datasets/yolo_wound_boxes_v1/labels/test/wound_azh_patches_bb267b1abca1c53df371bc15bf592070_0.txt,azh_patches,data/datasets/external/azh_patches/test/images/bb267b1abca1c53df371bc15bf592070_0.png,PUBLIC_REAL_PHOTOS,4471f143a8cfddca7dea10b99b6c4e2056c2a8d5c6f44f22105b491ebfc3a8bc,1,2
wound_azh_patches_bb59a635e988cbe2323c92ff2bb04e91_0,train,azh:bb59a635e988cbe2323c92ff2bb04e91,data/datasets/yolo_wound_boxes_v1/images/train/wound_azh_patches_bb59a635e988cbe2323c92ff2bb04e91_0.jpg,data/datasets/yolo_wound_boxes_v1/labels/train/wound_azh_patches_bb59a635e988cbe2323c92ff2bb04e91_0.txt,azh_patches,data/datasets/external/azh_patches/test/images/bb59a635e988cbe2323c92ff2bb04e91_0.png,PUBLIC_REAL_PHOTOS,904104e5a1907b1fd3296ce5ee42567b5b25d5a2fe1c93a81b5dc5062f6051e6,1,2
wound_azh_patches_bb7f8181ab26743700a45af24d7bc47b_0,train,azh:bb7f8181ab26743700a45af24d7bc47b,data/datasets/yolo_wound_boxes_v1/images/train/wound_azh_patches_bb7f8181ab26743700a45af24d7bc47b_0.jpg,data/datasets/yolo_wound_boxes_v1/labels/train/wound_azh_patches_bb7f8181ab26743700a45af24d7bc47b_0.txt,azh_patches,data/datasets/external/azh_patches/test/images/bb7f8181ab26743700a45af24d7bc47b_0.png,PUBLIC_REAL_PHOTOS,a6863e05523e56441b341a84050005dd800cacfb9b456103be85b6588f46dfcb,1,2
wound_azh_patches_bb7f8181ab26743700a45af24d7bc47b_1,train,azh:bb7f8181ab26743700a45af24d7bc47b,data/datasets/yolo_wound_boxes_v1/images/train/wound_azh_patches_bb7f8181ab26743700a45af24d7bc47b_1.jpg,data/datasets/yolo_wound_boxes_v1/labels/train/wound_azh_patches_bb7f8181ab26743700a45af24d7bc47b_1.txt,azh_patches,data/datasets/external/azh_patches/test/images/bb7f8181ab26743700a45af24d7bc47b_1.png,PUBLIC_REAL_PHOTOS,1bfd607f6bfc8e72867929d3617a95ae91aadf6e127d1c50ef7d8f79c05cf3e0,1,2
wound_azh_patches_bbf82a8180020c2a8b38e6f8c7c86d7d_0,test,azh:bbf82a8180020c2a8b38e6f8c7c86d7d,data/datasets/yolo_wound_boxes_v1/images/test/wound_azh_patches_bbf82a8180020c2a8b38e6f8c7c86d7d_0.jpg,data/datasets/yolo_wound_boxes_v1/labels/test/wound_azh_patches_bbf82a8180020c2a8b38e6f8c7c86d7d_0.txt,azh_patches,data/datasets/external/azh_patches/test/images/bbf82a8180020c2a8b38e6f8c7c86d7d_0.png,PUBLIC_REAL_PHOTOS,541fd14bf994cb60b02203f9a1e037b43e8d75dfe8e8dbc7a4c3f0fc21ece050,1,2
wound_azh_patches_bbfe627c5a6d2322d419a10720b9219c_0,val,azh:bbfe627c5a6d2322d419a10720b9219c,data/datasets/yolo_wound_boxes_v1/images/val/wound_azh_patches_bbfe627c5a6d2322d419a10720b9219c_0.jpg,data/datasets/yolo_wound_boxes_v1/labels/val/wound_azh_patches_bbfe627c5a6d2322d419a10720b9219c_0.txt,azh_patches,data/datasets/external/azh_patches/test/images/bbfe627c5a6d2322d419a10720b9219c_0.png,PUBLIC_REAL_PHOTOS,83f43791ca4cd97612628039e597796a7d11bcd8c0333e81c5f5783c87dd38b0,1,2
wound_azh_patches_bc29987427c1c3995fd2109e730a4336_0,train,azh:bc29987427c1c3995fd2109e730a4336,data/datasets/yolo_wound_boxes_v1/images/train/wound_azh_patches_bc29987427c1c3995fd2109e730a4336_0.jpg,data/datasets/yolo_wound_boxes_v1/labels/train/wound_azh_patches_bc29987427c1c3995fd2109e730a4336_0.txt,azh_patches,data/datasets/external/azh_patches/test/images/bc29987427c1c3995fd2109e730a4336_0.png,PUBLIC_REAL_PHOTOS,278e1b6693b5052b8c62cbfda080343e2c5f6157b2399968d6b9821a0edfccfc,1,2
wound_azh_patches_bc6afdb212331d00685eae069e455957_0,train,azh:bc6afdb212331d00685eae069e455957,data/datasets/yolo_wound_boxes_v1/images/train/wound_azh_patches_bc6afdb212331d00685eae069e455957_0.jpg,data/datasets/yolo_wound_boxes_v1/labels/train/wound_azh_patches_bc6afdb212331d00685eae069e455957_0.txt,azh_patches,data/datasets/external/azh_patches/test/images/bc6afdb212331d00685eae069e455957_0.png,PUBLIC_REAL_PHOTOS,1314221b276d5624c52635e1b4d976e814592ab9847daf9945bb80b5eb918656,1,2
wound_azh_patches_bdbab63e08219299b187e057d9a7b783_0,train,azh:bdbab63e08219299b187e057d9a7b783,data/datasets/yolo_wound_boxes_v1/images/train/wound_azh_patches_bdbab63e08219299b187e057d9a7b783_0.jpg,data/datasets/yolo_wound_boxes_v1/labels/train/wound_azh_patches_bdbab63e08219299b187e057d9a7b783_0.txt,azh_patches,data/datasets/external/azh_patches/test/images/bdbab63e08219299b187e057d9a7b783_0.png,PUBLIC_REAL_PHOTOS,b0438488bfa857b23e663d3abc1d562bde002ddb7d6301ebf59cf1642ba23319,1,2
wound_azh_patches_bddd694789472ca2f679ca9263576c4c_0,train,azh:bddd694789472ca2f679ca9263576c4c,data/datasets/yolo_wound_boxes_v1/images/train/wound_azh_patches_bddd694789472ca2f679ca9263576c4c_0.jpg,data/datasets/yolo_wound_boxes_v1/labels/train/wound_azh_patches_bddd694789472ca2f679ca9263576c4c_0.txt,azh_patches,data/datasets/external/azh_patches/test/images/bddd694789472ca2f679ca9263576c4c_0.png,PUBLIC_REAL_PHOTOS,bc762c34c89cc44308f0719a3cbf78eb181d6259580a4f8e202bfe85a4aa2844,1,2
wound_azh_patches_be3e8ff2ee8047c2ae0f47864dadeaae_0,train,azh:be3e8ff2ee8047c2ae0f47864dadeaae,data/datasets/yolo_wound_boxes_v1/images/train/wound_azh_patches_be3e8ff2ee8047c2ae0f47864dadeaae_0.jpg,data/datasets/yolo_wound_boxes_v1/labels/train/wound_azh_patches_be3e8ff2ee8047c2ae0f47864dadeaae_0.txt,azh_patches,data/datasets/external/azh_patches/test/images/be3e8ff2ee8047c2ae0f47864dadeaae_0.png,PUBLIC_REAL_PHOTOS,22b0af855d076ff226e8b815c3e720d90bd661aad2c0eebf6c20269d4821a129,1,2
wound_azh_patches_be4c8e6e241704330a2835daa99f732f_0,train,azh:be4c8e6e241704330a2835daa99f732f,data/datasets/yolo_wound_boxes_v1/images/train/wound_azh_patches_be4c8e6e241704330a2835daa99f732f_0.jpg,data/datasets/yolo_wound_boxes_v1/labels/train/wound_azh_patches_be4c8e6e241704330a2835daa99f732f_0.txt,azh_patches,data/datasets/external/azh_patches/test/images/be4c8e6e241704330a2835daa99f732f_0.png,PUBLIC_REAL_PHOTOS,82fa7f4431d0616ea55a2a6437c479edb38d24bb89d1fee90f9b33c42d020a12,1,2
wound_azh_patches_be4f560ee458e7d3be3f6fa606fbdc65_0,val,azh:be4f560ee458e7d3be3f6fa606fbdc65,data/datasets/yolo_wound_boxes_v1/images/val/wound_azh_patches_be4f560ee458e7d3be3f6fa606fbdc65_0.jpg,data/datasets/yolo_wound_boxes_v1/labels/val/wound_azh_patches_be4f560ee458e7d3be3f6fa606fbdc65_0.txt,azh_patches,data/datasets/external/azh_patches/test/images/be4f560ee458e7d3be3f6fa606fbdc65_0.png,PUBLIC_REAL_PHOTOS,fe21e6502a4d121b9dff9c6bea496691cd9fe1bafa722caf9d1f907d4d38b723,1,2
wound_azh_patches_bff9ae20248b28c7f3d7021c1a3a03aa_0,train,azh:bff9ae20248b28c7f3d7021c1a3a03aa,data/datasets/yolo_wound_boxes_v1/images/train/wound_azh_patches_bff9ae20248b28c7f3d7021c1a3a03aa_0.jpg,data/datasets/yolo_wound_boxes_v1/labels/train/wound_azh_patches_bff9ae20248b28c7f3d7021c1a3a03aa_0.txt,azh_patches,data/datasets/external/azh_patches/test/images/bff9ae20248b28c7f3d7021c1a3a03aa_0.png,PUBLIC_REAL_PHOTOS,4835943d3e67ba3bc124d2e876d6b335e6db80b1ee19a251ef3d8ded4bc69c9a,1,2
wound_azh_patches_bffbabdaa62239b903069228afa4de20_0,test,azh:bffbabdaa62239b903069228afa4de20,data/datasets/yolo_wound_boxes_v1/images/test/wound_azh_patches_bffbabdaa62239b903069228afa4de20_0.jpg,data/datasets/yolo_wound_boxes_v1/labels/test/wound_azh_patches_bffbabdaa62239b903069228afa4de20_0.txt,azh_patches,data/datasets/external/azh_patches/test/images/bffbabdaa62239b903069228afa4de20_0.png,PUBLIC_REAL_PHOTOS,9a09504d7602a7fecb8252835da688c43cdfefbadeb6d793514629ad545e32f2,1,2
wound_azh_patches_c004670497036e3dfeb5273bb7a10078_0,val,azh:c004670497036e3dfeb5273bb7a10078,data/datasets/yolo_wound_boxes_v1/images/val/wound_azh_patches_c004670497036e3dfeb5273bb7a10078_0.jpg,data/datasets/yolo_wound_boxes_v1/labels/val/wound_azh_patches_c004670497036e3dfeb5273bb7a10078_0.txt,azh_patches,data/datasets/external/azh_patches/test/images/c004670497036e3dfeb5273bb7a10078_0.png,PUBLIC_REAL_PHOTOS,492a06b070a5f517c0443bc56561bb3c1135f2b343069de1b5fe27ad541f2c0b,1,2
wound_azh_patches_c004670497036e3dfeb5273bb7a10078_1,val,azh:c004670497036e3dfeb5273bb7a10078,data/datasets/yolo_wound_boxes_v1/images/val/wound_azh_patches_c004670497036e3dfeb5273bb7a10078_1.jpg,data/datasets/yolo_wound_boxes_v1/labels/val/wound_azh_patches_c004670497036e3dfeb5273bb7a10078_1.txt,azh_patches,data/datasets/external/azh_patches/test/images/c004670497036e3dfeb5273bb7a10078_1.png,PUBLIC_REAL_PHOTOS,6039a3726af5e48fade5410eaabe6f9953dcc1fc2867a7444edd3fb6d29d46cb,1,2
wound_azh_patches_c004670497036e3dfeb5273bb7a10078_2,val,azh:c004670497036e3dfeb5273bb7a10078,data/datasets/yolo_wound_boxes_v1/images/val/wound_azh_patches_c004670497036e3dfeb5273bb7a10078_2.jpg,data/datasets/yolo_wound_boxes_v1/labels/val/wound_azh_patches_c004670497036e3dfeb5273bb7a10078_2.txt,azh_patches,data/datasets/external/azh_patches/test/images/c004670497036e3dfeb5273bb7a10078_2.png,PUBLIC_REAL_PHOTOS,d3e74761b04e880544cafb5c184b54da5e029258e4125d5acace0d2a3877e7bc,1,2
wound_azh_patches_c004670497036e3dfeb5273bb7a10078_3,val,azh:c004670497036e3dfeb5273bb7a10078,data/datasets/yolo_wound_boxes_v1/images/val/wound_azh_patches_c004670497036e3dfeb5273bb7a10078_3.jpg,data/datasets/yolo_wound_boxes_v1/labels/val/wound_azh_patches_c004670497036e3dfeb5273bb7a10078_3.txt,azh_patches,data/datasets/external/azh_patches/test/images/c004670497036e3dfeb5273bb7a10078_3.png,PUBLIC_REAL_PHOTOS,3ad8d957edb5f038427be63b3984f4661e3430f112ae34e954097e7464a773ab,1,2
wound_azh_patches_c0bdf99bc8fb893424093cc880e92d68_0,train,azh:c0bdf99bc8fb893424093cc880e92d68,data/datasets/yolo_wound_boxes_v1/images/train/wound_azh_patches_c0bdf99bc8fb893424093cc880e92d68_0.jpg,data/datasets/yolo_wound_boxes_v1/labels/train/wound_azh_patches_c0bdf99bc8fb893424093cc880e92d68_0.txt,azh_patches,data/datasets/external/azh_patches/test/images/c0bdf99bc8fb893424093cc880e92d68_0.png,PUBLIC_REAL_PHOTOS,37586243a35220b36f966913b4d72d2c2dbfc45b6aff1b23c97243cfc60ffeef,1,2
wound_azh_patches_c0d3bfec69153f1cb8556a17fe12faa2_0,val,azh:c0d3bfec69153f1cb8556a17fe12faa2,data/datasets/yolo_wound_boxes_v1/images/val/wound_azh_patches_c0d3bfec69153f1cb8556a17fe12faa2_0.jpg,data/datasets/yolo_wound_boxes_v1/labels/val/wound_azh_patches_c0d3bfec69153f1cb8556a17fe12faa2_0.txt,azh_patches,data/datasets/external/azh_patches/test/images/c0d3bfec69153f1cb8556a17fe12faa2_0.png,PUBLIC_REAL_PHOTOS,e05a6674f8c96abb89d242cf7cccbf10aa2ec617ad4ce3a9d9b70ebaf2bd45a9,1,2
wound_azh_patches_c13b32121da4b50bcdca469a79b5e7e0_0,train,azh:c13b32121da4b50bcdca469a79b5e7e0,data/datasets/yolo_wound_boxes_v1/images/train/wound_azh_patches_c13b32121da4b50bcdca469a79b5e7e0_0.jpg,data/datasets/yolo_wound_boxes_v1/labels/train/wound_azh_patches_c13b32121da4b50bcdca469a79b5e7e0_0.txt,azh_patches,data/datasets/external/azh_patches/test/images/c13b32121da4b50bcdca469a79b5e7e0_0.png,PUBLIC_REAL_PHOTOS,93c9423e872a4269a916531824b55ff12aef43d09a0efb319d2521f2da893d34,1,2
wound_azh_patches_c13f6d11078cf3a4ee57b76fc8c5dd2c_1,train,azh:c13f6d11078cf3a4ee57b76fc8c5dd2c,data/datasets/yolo_wound_boxes_v1/images/train/wound_azh_patches_c13f6d11078cf3a4ee57b76fc8c5dd2c_1.jpg,data/datasets/yolo_wound_boxes_v1/labels/train/wound_azh_patches_c13f6d11078cf3a4ee57b76fc8c5dd2c_1.txt,azh_patches,data/datasets/external/azh_patches/test/images/c13f6d11078cf3a4ee57b76fc8c5dd2c_1.png,PUBLIC_REAL_PHOTOS,44fbdbdb64a199806d295bf23dd0072a74f93adfae9569a201139c13c98de6fc,1,2
wound_azh_patches_c147a0982732a3b9ffd4ed05f0c52590_0,val,azh:c147a0982732a3b9ffd4ed05f0c52590,data/datasets/yolo_wound_boxes_v1/images/val/wound_azh_patches_c147a0982732a3b9ffd4ed05f0c52590_0.jpg,data/datasets/yolo_wound_boxes_v1/labels/val/wound_azh_patches_c147a0982732a3b9ffd4ed05f0c52590_0.txt,azh_patches,data/datasets/external/azh_patches/test/images/c147a0982732a3b9ffd4ed05f0c52590_0.png,PUBLIC_REAL_PHOTOS,090c23ba7561a71862d3c71fcb8bb03f42a6bc210dbb1ae5a9f8c115c90d5875,1,2
wound_azh_patches_c147a0982732a3b9ffd4ed05f0c52590_1,val,azh:c147a0982732a3b9ffd4ed05f0c52590,data/datasets/yolo_wound_boxes_v1/images/val/wound_azh_patches_c147a0982732a3b9ffd4ed05f0c52590_1.jpg,data/datasets/yolo_wound_boxes_v1/labels/val/wound_azh_patches_c147a0982732a3b9ffd4ed05f0c52590_1.txt,azh_patches,data/datasets/external/azh_patches/test/images/c147a0982732a3b9ffd4ed05f0c52590_1.png,PUBLIC_REAL_PHOTOS,df89b25d7b009af2e94285882bd18a0984b611131f47b50ad22c95d6fc192f3f,1,2
wound_azh_patches_c1a8b5b3cef9b103fb5b150f3d90059b_0,test,azh:c1a8b5b3cef9b103fb5b150f3d90059b,data/datasets/yolo_wound_boxes_v1/images/test/wound_azh_patches_c1a8b5b3cef9b103fb5b150f3d90059b_0.jpg,data/datasets/yolo_wound_boxes_v1/labels/test/wound_azh_patches_c1a8b5b3cef9b103fb5b150f3d90059b_0.txt,azh_patches,data/datasets/external/azh_patches/test/images/c1a8b5b3cef9b103fb5b150f3d90059b_0.png,PUBLIC_REAL_PHOTOS,352cb685feac5f35eb4f2fad8f42d7706a1c1617f689a83516a80ff44fee40fd,1,2
wound_azh_patches_c2313e2f7edbaa2a6286e3284fff445a_0,train,azh:c2313e2f7edbaa2a6286e3284fff445a,data/datasets/yolo_wound_boxes_v1/images/train/wound_azh_patches_c2313e2f7edbaa2a6286e3284fff445a_0.jpg,data/datasets/yolo_wound_boxes_v1/labels/train/wound_azh_patches_c2313e2f7edbaa2a6286e3284fff445a_0.txt,azh_patches,data/datasets/external/azh_patches/test/images/c2313e2f7edbaa2a6286e3284fff445a_0.png,PUBLIC_REAL_PHOTOS,6d147b023f36cc16499c6978354b56c0815c15465f9f91c233bbf56df41bd7bd,1,2
wound_azh_patches_c246ad5018b38f053c8759df84a23601_0,train,azh:c246ad5018b38f053c8759df84a23601,data/datasets/yolo_wound_boxes_v1/images/train/wound_azh_patches_c246ad5018b38f053c8759df84a23601_0.jpg,data/datasets/yolo_wound_boxes_v1/labels/train/wound_azh_patches_c246ad5018b38f053c8759df84a23601_0.txt,azh_patches,data/datasets/external/azh_patches/test/images/c246ad5018b38f053c8759df84a23601_0.png,PUBLIC_REAL_PHOTOS,a20a46e0987d8a2867a56e95c8dc6b5ab366293cf61dc971d6f61a7a9e57391d,1,2
wound_azh_patches_c2a990b5b28deba70260ed8bf792ec7b_0,train,azh:c2a990b5b28deba70260ed8bf792ec7b,data/datasets/yolo_wound_boxes_v1/images/train/wound_azh_patches_c2a990b5b28deba70260ed8bf792ec7b_0.jpg,data/datasets/yolo_wound_boxes_v1/labels/train/wound_azh_patches_c2a990b5b28deba70260ed8bf792ec7b_0.txt,azh_patches,data/datasets/external/azh_patches/test/images/c2a990b5b28deba70260ed8bf792ec7b_0.png,PUBLIC_REAL_PHOTOS,42f0c58f19a92c617f873e608f920378e9bbebb12d5c81c5a9537857dfc3e863,1,2
wound_azh_patches_c2c6887f393a922fe5abf12988e09cac_0,val,azh:c2c6887f393a922fe5abf12988e09cac,data/datasets/yolo_wound_boxes_v1/images/val/wound_azh_patches_c2c6887f393a922fe5abf12988e09cac_0.jpg,data/datasets/yolo_wound_boxes_v1/labels/val/wound_azh_patches_c2c6887f393a922fe5abf12988e09cac_0.txt,azh_patches,data/datasets/external/azh_patches/test/images/c2c6887f393a922fe5abf12988e09cac_0.png,PUBLIC_REAL_PHOTOS,8db39618f77b6594d3d83e6e22dc0e86c2e55903e95e12884d0cfd2961ec8325,1,2
wound_azh_patches_c3b9e7bd99ebf6148dbee204647d21f2_0,train,azh:c3b9e7bd99ebf6148dbee204647d21f2,data/datasets/yolo_wound_boxes_v1/images/train/wound_azh_patches_c3b9e7bd99ebf6148dbee204647d21f2_0.jpg,data/datasets/yolo_wound_boxes_v1/labels/train/wound_azh_patches_c3b9e7bd99ebf6148dbee204647d21f2_0.txt,azh_patches,data/datasets/external/azh_patches/test/images/c3b9e7bd99ebf6148dbee204647d21f2_0.png,PUBLIC_REAL_PHOTOS,0fac2b4f605865a27d02ebd7584ec717fe9c3176e2cff2dfaddd07c325a49ab9,1,2
wound_azh_patches_c4352e791702719ed4ef770e305372f9_0,val,azh:c4352e791702719ed4ef770e305372f9,data/datasets/yolo_wound_boxes_v1/images/val/wound_azh_patches_c4352e791702719ed4ef770e305372f9_0.jpg,data/datasets/yolo_wound_boxes_v1/labels/val/wound_azh_patches_c4352e791702719ed4ef770e305372f9_0.txt,azh_patches,data/datasets/external/azh_patches/test/images/c4352e791702719ed4ef770e305372f9_0.png,PUBLIC_REAL_PHOTOS,623ca6cc94116e0051d232e848bab72d5dcfae93c4fcfe836c483aa59fb3b2ed,1,2
wound_azh_patches_c48203372370072e4dbf236b1a2bb5bb_0,test,azh:c48203372370072e4dbf236b1a2bb5bb,data/datasets/yolo_wound_boxes_v1/images/test/wound_azh_patches_c48203372370072e4dbf236b1a2bb5bb_0.jpg,data/datasets/yolo_wound_boxes_v1/labels/test/wound_azh_patches_c48203372370072e4dbf236b1a2bb5bb_0.txt,azh_patches,data/datasets/external/azh_patches/test/images/c48203372370072e4dbf236b1a2bb5bb_0.png,PUBLIC_REAL_PHOTOS,2de2a3fc590e7911f065155bfae8518cf84f18ade92afaac38ada5f6ac899805,1,2
wound_azh_patches_c48662d86ee00a6e011a972daf8edc09_0,train,azh:c48662d86ee00a6e011a972daf8edc09,data/datasets/yolo_wound_boxes_v1/images/train/wound_azh_patches_c48662d86ee00a6e011a972daf8edc09_0.jpg,data/datasets/yolo_wound_boxes_v1/labels/train/wound_azh_patches_c48662d86ee00a6e011a972daf8edc09_0.txt,azh_patches,data/datasets/external/azh_patches/test/images/c48662d86ee00a6e011a972daf8edc09_0.png,PUBLIC_REAL_PHOTOS,d1f1db589ed1613187115cc29d6241e3a1fd9e5ca56faad7269988110c04b337,1,2
wound_azh_patches_c4917d2864b89a6054cbdbc1d383e927_0,val,azh:c4917d2864b89a6054cbdbc1d383e927,data/datasets/yolo_wound_boxes_v1/images/val/wound_azh_patches_c4917d2864b89a6054cbdbc1d383e927_0.jpg,data/datasets/yolo_wound_boxes_v1/labels/val/wound_azh_patches_c4917d2864b89a6054cbdbc1d383e927_0.txt,azh_patches,data/datasets/external/azh_patches/test/images/c4917d2864b89a6054cbdbc1d383e927_0.png,PUBLIC_REAL_PHOTOS,ebec50f0c4a7f67ef8e4425fa57b933a4e53fd557019c9d878f35afad267d196,1,2
wound_azh_patches_c4d1e43b2a2a41377c8ce2194160bc70_0,train,azh:c4d1e43b2a2a41377c8ce2194160bc70,data/datasets/yolo_wound_boxes_v1/images/train/wound_azh_patches_c4d1e43b2a2a41377c8ce2194160bc70_0.jpg,data/datasets/yolo_wound_boxes_v1/labels/train/wound_azh_patches_c4d1e43b2a2a41377c8ce2194160bc70_0.txt,azh_patches,data/datasets/external/azh_patches/test/images/c4d1e43b2a2a41377c8ce2194160bc70_0.png,PUBLIC_REAL_PHOTOS,f82b6283f1b9cdaf5b98a9535018e13cd1a9dcf5fd83aeca3f06f482cc79fc66,1,2
wound_azh_patches_c600577c4530dca824f9bea3ee4cd3e5_0,train,azh:c600577c4530dca824f9bea3ee4cd3e5,data/datasets/yolo_wound_boxes_v1/images/train/wound_azh_patches_c600577c4530dca824f9bea3ee4cd3e5_0.jpg,data/datasets/yolo_wound_boxes_v1/labels/train/wound_azh_patches_c600577c4530dca824f9bea3ee4cd3e5_0.txt,azh_patches,data/datasets/external/azh_patches/test/images/c600577c4530dca824f9bea3ee4cd3e5_0.png,PUBLIC_REAL_PHOTOS,b23cb7d4ea44753fad354df4bfd83bf589d367f833b5c9e55e842249b353ee15,1,2
wound_azh_patches_c67fddd7b6f3d98dc0afc82e0d9d06e4_0,val,azh:c67fddd7b6f3d98dc0afc82e0d9d06e4,data/datasets/yolo_wound_boxes_v1/images/val/wound_azh_patches_c67fddd7b6f3d98dc0afc82e0d9d06e4_0.jpg,data/datasets/yolo_wound_boxes_v1/labels/val/wound_azh_patches_c67fddd7b6f3d98dc0afc82e0d9d06e4_0.txt,azh_patches,data/datasets/external/azh_patches/test/images/c67fddd7b6f3d98dc0afc82e0d9d06e4_0.png,PUBLIC_REAL_PHOTOS,6a2f39c2f8874dba1e41ab8d0ff471a24e6bff2a721451ec182ff2b84b068437,1,2
wound_azh_patches_c69dcb7ad054b063cd0470aa944cf01e_1,test,azh:c69dcb7ad054b063cd0470aa944cf01e,data/datasets/yolo_wound_boxes_v1/images/test/wound_azh_patches_c69dcb7ad054b063cd0470aa944cf01e_1.jpg,data/datasets/yolo_wound_boxes_v1/labels/test/wound_azh_patches_c69dcb7ad054b063cd0470aa944cf01e_1.txt,azh_patches,data/datasets/external/azh_patches/test/images/c69dcb7ad054b063cd0470aa944cf01e_1.png,PUBLIC_REAL_PHOTOS,8b7f36f1060422dc4ee894876a6cc051457b1487ebc57f45d588efbf7624c18a,1,2
wound_azh_patches_c69dcb7ad054b063cd0470aa944cf01e_2,test,azh:c69dcb7ad054b063cd0470aa944cf01e,data/datasets/yolo_wound_boxes_v1/images/test/wound_azh_patches_c69dcb7ad054b063cd0470aa944cf01e_2.jpg,data/datasets/yolo_wound_boxes_v1/labels/test/wound_azh_patches_c69dcb7ad054b063cd0470aa944cf01e_2.txt,azh_patches,data/datasets/external/azh_patches/test/images/c69dcb7ad054b063cd0470aa944cf01e_2.png,PUBLIC_REAL_PHOTOS,264cac30d68b2d7f5567f455d74253df5fce1c809d5ebd0631a81066332c6c48,1,2
wound_azh_patches_c6d01bfe1f8d1f9aa5404e64e114f0ee_0,val,azh:c6d01bfe1f8d1f9aa5404e64e114f0ee,data/datasets/yolo_wound_boxes_v1/images/val/wound_azh_patches_c6d01bfe1f8d1f9aa5404e64e114f0ee_0.jpg,data/datasets/yolo_wound_boxes_v1/labels/val/wound_azh_patches_c6d01bfe1f8d1f9aa5404e64e114f0ee_0.txt,azh_patches,data/datasets/external/azh_patches/test/images/c6d01bfe1f8d1f9aa5404e64e114f0ee_0.png,PUBLIC_REAL_PHOTOS,2f786a5d3aa5a7ee1fd77e7304753d24799d58b84d9e0b84129a2c438d64b73e,1,2
wound_azh_patches_c89d9e02226bdc10e8e259f6cd2e3b63_0,train,azh:c89d9e02226bdc10e8e259f6cd2e3b63,data/datasets/yolo_wound_boxes_v1/images/train/wound_azh_patches_c89d9e02226bdc10e8e259f6cd2e3b63_0.jpg,data/datasets/yolo_wound_boxes_v1/labels/train/wound_azh_patches_c89d9e02226bdc10e8e259f6cd2e3b63_0.txt,azh_patches,data/datasets/external/azh_patches/test/images/c89d9e02226bdc10e8e259f6cd2e3b63_0.png,PUBLIC_REAL_PHOTOS,0fb497ce599da68bb98d68db92e4ba34761a8e9b7a01db90bda8d10496ac8316,1,2
wound_azh_patches_c8b2c366e585c47212fb27fb1791819c_0,test,azh:c8b2c366e585c47212fb27fb1791819c,data/datasets/yolo_wound_boxes_v1/images/test/wound_azh_patches_c8b2c366e585c47212fb27fb1791819c_0.jpg,data/datasets/yolo_wound_boxes_v1/labels/test/wound_azh_patches_c8b2c366e585c47212fb27fb1791819c_0.txt,azh_patches,data/datasets/external/azh_patches/test/images/c8b2c366e585c47212fb27fb1791819c_0.png,PUBLIC_REAL_PHOTOS,ccbe9a01a62ea0e4a734c5090748ed999006508a3a345d03bdc6763a9c0035a0,1,2
wound_azh_patches_c8cb5cde1cc95b62bf63a8c980c26172_0,train,azh:c8cb5cde1cc95b62bf63a8c980c26172,data/datasets/yolo_wound_boxes_v1/images/train/wound_azh_patches_c8cb5cde1cc95b62bf63a8c980c26172_0.jpg,data/datasets/yolo_wound_boxes_v1/labels/train/wound_azh_patches_c8cb5cde1cc95b62bf63a8c980c26172_0.txt,azh_patches,data/datasets/external/azh_patches/test/images/c8cb5cde1cc95b62bf63a8c980c26172_0.png,PUBLIC_REAL_PHOTOS,069a53820a19bcf5cfdddf755f7348b75110339fbbdb2afb8314e036ac195398,1,2
wound_azh_patches_c9514185a0779a67ab879ba57b1b4330_0,train,azh:c9514185a0779a67ab879ba57b1b4330,data/datasets/yolo_wound_boxes_v1/images/train/wound_azh_patches_c9514185a0779a67ab879ba57b1b4330_0.jpg,data/datasets/yolo_wound_boxes_v1/labels/train/wound_azh_patches_c9514185a0779a67ab879ba57b1b4330_0.txt,azh_patches,data/datasets/external/azh_patches/test/images/c9514185a0779a67ab879ba57b1b4330_0.png,PUBLIC_REAL_PHOTOS,2a4646e103288de28880582f88c1f66fcbd6c12c90d45092ba67de9b24fe1e77,1,2
wound_azh_patches_cae0a471fae3ff8bb9c02293613e9c73_0,val,azh:cae0a471fae3ff8bb9c02293613e9c73,data/datasets/yolo_wound_boxes_v1/images/val/wound_azh_patches_cae0a471fae3ff8bb9c02293613e9c73_0.jpg,data/datasets/yolo_wound_boxes_v1/labels/val/wound_azh_patches_cae0a471fae3ff8bb9c02293613e9c73_0.txt,azh_patches,data/datasets/external/azh_patches/test/images/cae0a471fae3ff8bb9c02293613e9c73_0.png,PUBLIC_REAL_PHOTOS,603e44b404d43702846de415f657001edb4281b84561de48fab48013d1bb1521,1,2
wound_azh_patches_cae42b39ca992138485e9212dda3d9c0_0,test,azh:cae42b39ca992138485e9212dda3d9c0,data/datasets/yolo_wound_boxes_v1/images/test/wound_azh_patches_cae42b39ca992138485e9212dda3d9c0_0.jpg,data/datasets/yolo_wound_boxes_v1/labels/test/wound_azh_patches_cae42b39ca992138485e9212dda3d9c0_0.txt,azh_patches,data/datasets/external/azh_patches/test/images/cae42b39ca992138485e9212dda3d9c0_0.png,PUBLIC_REAL_PHOTOS,ae23c275b99f9fae2a7ed753e704386b960459e690ceb7d45f3678fbb2cd4b5f,1,2
wound_azh_patches_cb17569424d3c73fe71071ad8166acf2_0,train,azh:cb17569424d3c73fe71071ad8166acf2,data/datasets/yolo_wound_boxes_v1/images/train/wound_azh_patches_cb17569424d3c73fe71071ad8166acf2_0.jpg,data/datasets/yolo_wound_boxes_v1/labels/train/wound_azh_patches_cb17569424d3c73fe71071ad8166acf2_0.txt,azh_patches,data/datasets/external/azh_patches/test/images/cb17569424d3c73fe71071ad8166acf2_0.png,PUBLIC_REAL_PHOTOS,de9360527fef1db301cd122f739125a79ad36014d4734cc7976cefcbab0605ad,1,2
wound_azh_patches_cb22ef69d6adf0a06e5cc8041f61e08b_0,train,azh:cb22ef69d6adf0a06e5cc8041f61e08b,data/datasets/yolo_wound_boxes_v1/images/train/wound_azh_patches_cb22ef69d6adf0a06e5cc8041f61e08b_0.jpg,data/datasets/yolo_wound_boxes_v1/labels/train/wound_azh_patches_cb22ef69d6adf0a06e5cc8041f61e08b_0.txt,azh_patches,data/datasets/external/azh_patches/test/images/cb22ef69d6adf0a06e5cc8041f61e08b_0.png,PUBLIC_REAL_PHOTOS,0693a2f5f3b7ab4b49036c4a046bfecbc3dfef2f760648e72cb9d8ef53e4f456,1,2
wound_azh_patches_cb49f7106d1dc57f31fd4cd43918226c_0,train,azh:cb49f7106d1dc57f31fd4cd43918226c,data/datasets/yolo_wound_boxes_v1/images/train/wound_azh_patches_cb49f7106d1dc57f31fd4cd43918226c_0.jpg,data/datasets/yolo_wound_boxes_v1/labels/train/wound_azh_patches_cb49f7106d1dc57f31fd4cd43918226c_0.txt,azh_patches,data/datasets/external/azh_patches/test/images/cb49f7106d1dc57f31fd4cd43918226c_0.png,PUBLIC_REAL_PHOTOS,2a7a2f760f5c695979637b3c748059f5efdd6abf677b43edc646c56c06d8f863,1,2
wound_azh_patches_cc3351766035c3abf47d44130e9447fc_0,train,azh:cc3351766035c3abf47d44130e9447fc,data/datasets/yolo_wound_boxes_v1/images/train/wound_azh_patches_cc3351766035c3abf47d44130e9447fc_0.jpg,data/datasets/yolo_wound_boxes_v1/labels/train/wound_azh_patches_cc3351766035c3abf47d44130e9447fc_0.txt,azh_patches,data/datasets/external/azh_patches/test/images/cc3351766035c3abf47d44130e9447fc_0.png,PUBLIC_REAL_PHOTOS,19016f4ac2fb702f05b2eb5d27b4da84dfa5c4eeac2525df43e0acfdc402baca,1,2
wound_azh_patches_cc80544140c26be0c69e6d060884d070_0,val,azh:cc80544140c26be0c69e6d060884d070,data/datasets/yolo_wound_boxes_v1/images/val/wound_azh_patches_cc80544140c26be0c69e6d060884d070_0.jpg,data/datasets/yolo_wound_boxes_v1/labels/val/wound_azh_patches_cc80544140c26be0c69e6d060884d070_0.txt,azh_patches,data/datasets/external/azh_patches/test/images/cc80544140c26be0c69e6d060884d070_0.png,PUBLIC_REAL_PHOTOS,77a3983d227e6c249d97a533f2acdf1e8533ac993f44a3467b9ec685b0658cb4,1,2
wound_azh_patches_cc80544140c26be0c69e6d060884d070_1,val,azh:cc80544140c26be0c69e6d060884d070,data/datasets/yolo_wound_boxes_v1/images/val/wound_azh_patches_cc80544140c26be0c69e6d060884d070_1.jpg,data/datasets/yolo_wound_boxes_v1/labels/val/wound_azh_patches_cc80544140c26be0c69e6d060884d070_1.txt,azh_patches,data/datasets/external/azh_patches/test/images/cc80544140c26be0c69e6d060884d070_1.png,PUBLIC_REAL_PHOTOS,b4fc1530ecc383b07d37289a25a43451f728a0898e0c5ce99294486f0d41da03,1,2
wound_azh_patches_cc80544140c26be0c69e6d060884d070_2,val,azh:cc80544140c26be0c69e6d060884d070,data/datasets/yolo_wound_boxes_v1/images/val/wound_azh_patches_cc80544140c26be0c69e6d060884d070_2.jpg,data/datasets/yolo_wound_boxes_v1/labels/val/wound_azh_patches_cc80544140c26be0c69e6d060884d070_2.txt,azh_patches,data/datasets/external/azh_patches/test/images/cc80544140c26be0c69e6d060884d070_2.png,PUBLIC_REAL_PHOTOS,13dd422107810f301283e1a8334003e9e2fb7af3832a6d291c7935b6ea0140fa,1,2
wound_azh_patches_cc80544140c26be0c69e6d060884d070_3,val,azh:cc80544140c26be0c69e6d060884d070,data/datasets/yolo_wound_boxes_v1/images/val/wound_azh_patches_cc80544140c26be0c69e6d060884d070_3.jpg,data/datasets/yolo_wound_boxes_v1/labels/val/wound_azh_patches_cc80544140c26be0c69e6d060884d070_3.txt,azh_patches,data/datasets/external/azh_patches/test/images/cc80544140c26be0c69e6d060884d070_3.png,PUBLIC_REAL_PHOTOS,2d4b52c9036bb1731e7fd3eddfa84e1679357dc3d798dea05450414cbea8d135,1,2
wound_azh_patches_cc89d9cbb5bf15efc483526cdf9f0082_0,test,azh:cc89d9cbb5bf15efc483526cdf9f0082,data/datasets/yolo_wound_boxes_v1/images/test/wound_azh_patches_cc89d9cbb5bf15efc483526cdf9f0082_0.jpg,data/datasets/yolo_wound_boxes_v1/labels/test/wound_azh_patches_cc89d9cbb5bf15efc483526cdf9f0082_0.txt,azh_patches,data/datasets/external/azh_patches/test/images/cc89d9cbb5bf15efc483526cdf9f0082_0.png,PUBLIC_REAL_PHOTOS,4ff6e13c162e32981fe3a0482a0a20b83e551b7c2a8f25258bfa74e4bf895428,1,2
wound_azh_patches_cc99e6b20ced333bcf27d6e6f1a70eb1_0,train,azh:cc99e6b20ced333bcf27d6e6f1a70eb1,data/datasets/yolo_wound_boxes_v1/images/train/wound_azh_patches_cc99e6b20ced333bcf27d6e6f1a70eb1_0.jpg,data/datasets/yolo_wound_boxes_v1/labels/train/wound_azh_patches_cc99e6b20ced333bcf27d6e6f1a70eb1_0.txt,azh_patches,data/datasets/external/azh_patches/test/images/cc99e6b20ced333bcf27d6e6f1a70eb1_0.png,PUBLIC_REAL_PHOTOS,d05ab2fa02534d0036052fc17a2c8b19440849deaa91e23f4c063b4587b8f46e,1,2
wound_azh_patches_cd36c27714f6577b08164d1c2de4b221_0,train,azh:cd36c27714f6577b08164d1c2de4b221,data/datasets/yolo_wound_boxes_v1/images/train/wound_azh_patches_cd36c27714f6577b08164d1c2de4b221_0.jpg,data/datasets/yolo_wound_boxes_v1/labels/train/wound_azh_patches_cd36c27714f6577b08164d1c2de4b221_0.txt,azh_patches,data/datasets/external/azh_patches/test/images/cd36c27714f6577b08164d1c2de4b221_0.png,PUBLIC_REAL_PHOTOS,880891addf02cbee9b7d0a40cf2d12a98c52f96c08e7ad7d669ff2cf4f013237,1,2
wound_azh_patches_cd36c27714f6577b08164d1c2de4b221_1,train,azh:cd36c27714f6577b08164d1c2de4b221,data/datasets/yolo_wound_boxes_v1/images/train/wound_azh_patches_cd36c27714f6577b08164d1c2de4b221_1.jpg,data/datasets/yolo_wound_boxes_v1/labels/train/wound_azh_patches_cd36c27714f6577b08164d1c2de4b221_1.txt,azh_patches,data/datasets/external/azh_patches/test/images/cd36c27714f6577b08164d1c2de4b221_1.png,PUBLIC_REAL_PHOTOS,f40685858acb138641973a33ebf6056e2a4bedc7ee6e5749940a3d7e6298af59,1,2
wound_azh_patches_cd36c27714f6577b08164d1c2de4b221_2,train,azh:cd36c27714f6577b08164d1c2de4b221,data/datasets/yolo_wound_boxes_v1/images/train/wound_azh_patches_cd36c27714f6577b08164d1c2de4b221_2.jpg,data/datasets/yolo_wound_boxes_v1/labels/train/wound_azh_patches_cd36c27714f6577b08164d1c2de4b221_2.txt,azh_patches,data/datasets/external/azh_patches/test/images/cd36c27714f6577b08164d1c2de4b221_2.png,PUBLIC_REAL_PHOTOS,78defaeca4fe2e025a41c1816f06bac23f0f9fed9e8e7cb3f53b05b5f4779557,1,2
wound_azh_patches_cd48eee56a2620f857f7863bfd594279_0,train,azh:cd48eee56a2620f857f7863bfd594279,data/datasets/yolo_wound_boxes_v1/images/train/wound_azh_patches_cd48eee56a2620f857f7863bfd594279_0.jpg,data/datasets/yolo_wound_boxes_v1/labels/train/wound_azh_patches_cd48eee56a2620f857f7863bfd594279_0.txt,azh_patches,data/datasets/external/azh_patches/test/images/cd48eee56a2620f857f7863bfd594279_0.png,PUBLIC_REAL_PHOTOS,27c2c1ac19ed428d29290d07f378c00241d3010e8694ed5a97f444a980bee6db,1,2
wound_azh_patches_ce30a7a818885b083c90bb1a5624618b_0,train,azh:ce30a7a818885b083c90bb1a5624618b,data/datasets/yolo_wound_boxes_v1/images/train/wound_azh_patches_ce30a7a818885b083c90bb1a5624618b_0.jpg,data/datasets/yolo_wound_boxes_v1/labels/train/wound_azh_patches_ce30a7a818885b083c90bb1a5624618b_0.txt,azh_patches,data/datasets/external/azh_patches/test/images/ce30a7a818885b083c90bb1a5624618b_0.png,PUBLIC_REAL_PHOTOS,bae17d39d9b8ea6ddffc7b9c74d1012638af882285b568e1e76aa663bcada70b,1,2
wound_azh_patches_ce3f89971ef16ebf7d4cfcb1654bb6df_0,train,azh:ce3f89971ef16ebf7d4cfcb1654bb6df,data/datasets/yolo_wound_boxes_v1/images/train/wound_azh_patches_ce3f89971ef16ebf7d4cfcb1654bb6df_0.jpg,data/datasets/yolo_wound_boxes_v1/labels/train/wound_azh_patches_ce3f89971ef16ebf7d4cfcb1654bb6df_0.txt,azh_patches,data/datasets/external/azh_patches/test/images/ce3f89971ef16ebf7d4cfcb1654bb6df_0.png,PUBLIC_REAL_PHOTOS,88b4eb6a700c1e0f7cc211b81313ca02721f1d7c196e15c6c3007b9cfa1dd294,1,2
wound_azh_patches_ce446ab4b00f16f8d31bf036d3de6d05_0,train,azh:ce446ab4b00f16f8d31bf036d3de6d05,data/datasets/yolo_wound_boxes_v1/images/train/wound_azh_patches_ce446ab4b00f16f8d31bf036d3de6d05_0.jpg,data/datasets/yolo_wound_boxes_v1/labels/train/wound_azh_patches_ce446ab4b00f16f8d31bf036d3de6d05_0.txt,azh_patches,data/datasets/external/azh_patches/test/images/ce446ab4b00f16f8d31bf036d3de6d05_0.png,PUBLIC_REAL_PHOTOS,326edb021a909cbee155a41ca68c42dce034c86975485b07255767c4bc73a694,1,2
wound_azh_patches_ce63ec3876aedd9f2ea6b081d32a2392_0,train,azh:ce63ec3876aedd9f2ea6b081d32a2392,data/datasets/yolo_wound_boxes_v1/images/train/wound_azh_patches_ce63ec3876aedd9f2ea6b081d32a2392_0.jpg,data/datasets/yolo_wound_boxes_v1/labels/train/wound_azh_patches_ce63ec3876aedd9f2ea6b081d32a2392_0.txt,azh_patches,data/datasets/external/azh_patches/test/images/ce63ec3876aedd9f2ea6b081d32a2392_0.png,PUBLIC_REAL_PHOTOS,6a3b6a5096c485d489c238c22cbd375f1e7f1b43acb9582b608148323981fea1,1,2
wound_azh_patches_cf04db955ccb70cd2c968552bff6ea9f_0,train,azh:cf04db955ccb70cd2c968552bff6ea9f,data/datasets/yolo_wound_boxes_v1/images/train/wound_azh_patches_cf04db955ccb70cd2c968552bff6ea9f_0.jpg,data/datasets/yolo_wound_boxes_v1/labels/train/wound_azh_patches_cf04db955ccb70cd2c968552bff6ea9f_0.txt,azh_patches,data/datasets/external/azh_patches/test/images/cf04db955ccb70cd2c968552bff6ea9f_0.png,PUBLIC_REAL_PHOTOS,e2095d5a949a09bf819b2c31643bd0315bfea90e39d110d4770c4139c03a900e,1,2
wound_azh_patches_cf21e3729f5f8171acc003b4463193d7_0,train,azh:cf21e3729f5f8171acc003b4463193d7,data/datasets/yolo_wound_boxes_v1/images/train/wound_azh_patches_cf21e3729f5f8171acc003b4463193d7_0.jpg,data/datasets/yolo_wound_boxes_v1/labels/train/wound_azh_patches_cf21e3729f5f8171acc003b4463193d7_0.txt,azh_patches,data/datasets/external/azh_patches/test/images/cf21e3729f5f8171acc003b4463193d7_0.png,PUBLIC_REAL_PHOTOS,2c080de545e20efd5fd1955ab6988c7f71b0d4f3cc6a0e0231b80924976142dc,1,2
wound_azh_patches_cf6a63e2b6fc7fdacfb26c618e5b088e_0,train,azh:cf6a63e2b6fc7fdacfb26c618e5b088e,data/datasets/yolo_wound_boxes_v1/images/train/wound_azh_patches_cf6a63e2b6fc7fdacfb26c618e5b088e_0.jpg,data/datasets/yolo_wound_boxes_v1/labels/train/wound_azh_patches_cf6a63e2b6fc7fdacfb26c618e5b088e_0.txt,azh_patches,data/datasets/external/azh_patches/test/images/cf6a63e2b6fc7fdacfb26c618e5b088e_0.png,PUBLIC_REAL_PHOTOS,ee633b48ff071ec045184afb0bfbcd0fe6ab63f166241ccf83c922820fff5a11,1,2
wound_azh_patches_d01a61c6e99aed8bd5dfa4469d1c371f_0,test,azh:d01a61c6e99aed8bd5dfa4469d1c371f,data/datasets/yolo_wound_boxes_v1/images/test/wound_azh_patches_d01a61c6e99aed8bd5dfa4469d1c371f_0.jpg,data/datasets/yolo_wound_boxes_v1/labels/test/wound_azh_patches_d01a61c6e99aed8bd5dfa4469d1c371f_0.txt,azh_patches,data/datasets/external/azh_patches/test/images/d01a61c6e99aed8bd5dfa4469d1c371f_0.png,PUBLIC_REAL_PHOTOS,2ad050f2178c0416e28c7a1c1c6bcb0552fbdb7d8c358d6e8cc6aabae6c8cb19,1,2
wound_azh_patches_d0b6b3f0203299ec80051120129bcd62_0,test,azh:d0b6b3f0203299ec80051120129bcd62,data/datasets/yolo_wound_boxes_v1/images/test/wound_azh_patches_d0b6b3f0203299ec80051120129bcd62_0.jpg,data/datasets/yolo_wound_boxes_v1/labels/test/wound_azh_patches_d0b6b3f0203299ec80051120129bcd62_0.txt,azh_patches,data/datasets/external/azh_patches/test/images/d0b6b3f0203299ec80051120129bcd62_0.png,PUBLIC_REAL_PHOTOS,28a17cf50f9c39874ccd9f4bb9fea5c2c24384baaeadf4fdcbfbf076cc729237,1,2
wound_azh_patches_d12ee7234f70a20262de18f444d8ee10_0,train,azh:d12ee7234f70a20262de18f444d8ee10,data/datasets/yolo_wound_boxes_v1/images/train/wound_azh_patches_d12ee7234f70a20262de18f444d8ee10_0.jpg,data/datasets/yolo_wound_boxes_v1/labels/train/wound_azh_patches_d12ee7234f70a20262de18f444d8ee10_0.txt,azh_patches,data/datasets/external/azh_patches/test/images/d12ee7234f70a20262de18f444d8ee10_0.png,PUBLIC_REAL_PHOTOS,4be7499ad2ef62ea160c6aa33b72a4b58ca72ca499eb15027138b09912f96eea,1,2
wound_azh_patches_d1362593aba8cd713826b570bf255525_0,test,azh:d1362593aba8cd713826b570bf255525,data/datasets/yolo_wound_boxes_v1/images/test/wound_azh_patches_d1362593aba8cd713826b570bf255525_0.jpg,data/datasets/yolo_wound_boxes_v1/labels/test/wound_azh_patches_d1362593aba8cd713826b570bf255525_0.txt,azh_patches,data/datasets/external/azh_patches/test/images/d1362593aba8cd713826b570bf255525_0.png,PUBLIC_REAL_PHOTOS,7d115e140eb045d0e1a186edfc6b0d46afb35e0dc5dba035feefc48cf5b6d61c,1,2
wound_azh_patches_d14474bf09cffc1234d7f74943c65586_0,train,azh:d14474bf09cffc1234d7f74943c65586,data/datasets/yolo_wound_boxes_v1/images/train/wound_azh_patches_d14474bf09cffc1234d7f74943c65586_0.jpg,data/datasets/yolo_wound_boxes_v1/labels/train/wound_azh_patches_d14474bf09cffc1234d7f74943c65586_0.txt,azh_patches,data/datasets/external/azh_patches/test/images/d14474bf09cffc1234d7f74943c65586_0.png,PUBLIC_REAL_PHOTOS,5ea7e97fe993a6083ea6c66461a6961883cba429571563af1014e24d4d8a76b1,1,2
wound_azh_patches_d2f06d3f142d392ff8d2e342f035b9a0_0,train,azh:d2f06d3f142d392ff8d2e342f035b9a0,data/datasets/yolo_wound_boxes_v1/images/train/wound_azh_patches_d2f06d3f142d392ff8d2e342f035b9a0_0.jpg,data/datasets/yolo_wound_boxes_v1/labels/train/wound_azh_patches_d2f06d3f142d392ff8d2e342f035b9a0_0.txt,azh_patches,data/datasets/external/azh_patches/test/images/d2f06d3f142d392ff8d2e342f035b9a0_0.png,PUBLIC_REAL_PHOTOS,1a2ace5572b584c9523a654ed8abeceef3972d5abf3d26a3d5d1d5506ea8b059,1,2
wound_azh_patches_d3f52480aa930b7853f451fb9b09de63_0,test,azh:d3f52480aa930b7853f451fb9b09de63,data/datasets/yolo_wound_boxes_v1/images/test/wound_azh_patches_d3f52480aa930b7853f451fb9b09de63_0.jpg,data/datasets/yolo_wound_boxes_v1/labels/test/wound_azh_patches_d3f52480aa930b7853f451fb9b09de63_0.txt,azh_patches,data/datasets/external/azh_patches/test/images/d3f52480aa930b7853f451fb9b09de63_0.png,PUBLIC_REAL_PHOTOS,042717a1ccc22aa297c9c230cc1873858ffcf5f66cd61699243a6c6a42730875,1,2
wound_azh_patches_d4d6709708099be3e41efe52560560e1_0,train,azh:d4d6709708099be3e41efe52560560e1,data/datasets/yolo_wound_boxes_v1/images/train/wound_azh_patches_d4d6709708099be3e41efe52560560e1_0.jpg,data/datasets/yolo_wound_boxes_v1/labels/train/wound_azh_patches_d4d6709708099be3e41efe52560560e1_0.txt,azh_patches,data/datasets/external/azh_patches/test/images/d4d6709708099be3e41efe52560560e1_0.png,PUBLIC_REAL_PHOTOS,9b989bd537f166e3a2a534a0e0bfa0eb4b022f6287a2c5b96e2bd1580bd881a2,1,2
wound_azh_patches_d4d7457c790f41f7733d267916b88979_0,train,azh:d4d7457c790f41f7733d267916b88979,data/datasets/yolo_wound_boxes_v1/images/train/wound_azh_patches_d4d7457c790f41f7733d267916b88979_0.jpg,data/datasets/yolo_wound_boxes_v1/labels/train/wound_azh_patches_d4d7457c790f41f7733d267916b88979_0.txt,azh_patches,data/datasets/external/azh_patches/test/images/d4d7457c790f41f7733d267916b88979_0.png,PUBLIC_REAL_PHOTOS,2d93320195c1e768a66e14cf339574ee7d1df6d2343f0aba667e5ea47434a2a1,1,2
wound_azh_patches_d500b0ed9f648d7988d28ac2e5674877_0,test,azh:d500b0ed9f648d7988d28ac2e5674877,data/datasets/yolo_wound_boxes_v1/images/test/wound_azh_patches_d500b0ed9f648d7988d28ac2e5674877_0.jpg,data/datasets/yolo_wound_boxes_v1/labels/test/wound_azh_patches_d500b0ed9f648d7988d28ac2e5674877_0.txt,azh_patches,data/datasets/external/azh_patches/test/images/d500b0ed9f648d7988d28ac2e5674877_0.png,PUBLIC_REAL_PHOTOS,4910412964651b914a05c7f946e04ae9f4345fe12961983043ea54b3096737d3,1,2
wound_azh_patches_d512cb486d69adaaf3eb4b1a6cca8a2f_0,val,azh:d512cb486d69adaaf3eb4b1a6cca8a2f,data/datasets/yolo_wound_boxes_v1/images/val/wound_azh_patches_d512cb486d69adaaf3eb4b1a6cca8a2f_0.jpg,data/datasets/yolo_wound_boxes_v1/labels/val/wound_azh_patches_d512cb486d69adaaf3eb4b1a6cca8a2f_0.txt,azh_patches,data/datasets/external/azh_patches/test/images/d512cb486d69adaaf3eb4b1a6cca8a2f_0.png,PUBLIC_REAL_PHOTOS,53e0635914ca662c5bc0a5f55048a29cf4db0ef2d174ab79c932fcaa5b83755f,1,2
wound_azh_patches_d55059128c637896ba58aced7ebcd698_0,train,azh:d55059128c637896ba58aced7ebcd698,data/datasets/yolo_wound_boxes_v1/images/train/wound_azh_patches_d55059128c637896ba58aced7ebcd698_0.jpg,data/datasets/yolo_wound_boxes_v1/labels/train/wound_azh_patches_d55059128c637896ba58aced7ebcd698_0.txt,azh_patches,data/datasets/external/azh_patches/test/images/d55059128c637896ba58aced7ebcd698_0.png,PUBLIC_REAL_PHOTOS,1db79e2269b4f370b10c0e3e78910479e221bf4e333e30121456aeb9aa6664f3,1,2
wound_azh_patches_d55d6d40951c29d65ea240d637e4a351_0,train,azh:d55d6d40951c29d65ea240d637e4a351,data/datasets/yolo_wound_boxes_v1/images/train/wound_azh_patches_d55d6d40951c29d65ea240d637e4a351_0.jpg,data/datasets/yolo_wound_boxes_v1/labels/train/wound_azh_patches_d55d6d40951c29d65ea240d637e4a351_0.txt,azh_patches,data/datasets/external/azh_patches/test/images/d55d6d40951c29d65ea240d637e4a351_0.png,PUBLIC_REAL_PHOTOS,378a9ad602ea590aaeaab66b68fb974ab0abae4a53041897e249d23546a2c48b,1,2
wound_azh_patches_d569f447e701225f7b451dd798ec6ea3_0,train,azh:d569f447e701225f7b451dd798ec6ea3,data/datasets/yolo_wound_boxes_v1/images/train/wound_azh_patches_d569f447e701225f7b451dd798ec6ea3_0.jpg,data/datasets/yolo_wound_boxes_v1/labels/train/wound_azh_patches_d569f447e701225f7b451dd798ec6ea3_0.txt,azh_patches,data/datasets/external/azh_patches/test/images/d569f447e701225f7b451dd798ec6ea3_0.png,PUBLIC_REAL_PHOTOS,320d782e59afc558090e5aa2b55a99ebfafc89d264f406fae25121771950af6e,1,2
wound_azh_patches_d58a69badf6a6cd661b34e0193952063_0,train,azh:d58a69badf6a6cd661b34e0193952063,data/datasets/yolo_wound_boxes_v1/images/train/wound_azh_patches_d58a69badf6a6cd661b34e0193952063_0.jpg,data/datasets/yolo_wound_boxes_v1/labels/train/wound_azh_patches_d58a69badf6a6cd661b34e0193952063_0.txt,azh_patches,data/datasets/external/azh_patches/test/images/d58a69badf6a6cd661b34e0193952063_0.png,PUBLIC_REAL_PHOTOS,d7fc37bdeb0a539c684c5cc1045d282fa1d5f5db1ce157ca7f0eb348bbc6e3be,1,2
wound_azh_patches_d62268e6f2bb38fd38a825349b616e5e_0,train,azh:d62268e6f2bb38fd38a825349b616e5e,data/datasets/yolo_wound_boxes_v1/images/train/wound_azh_patches_d62268e6f2bb38fd38a825349b616e5e_0.jpg,data/datasets/yolo_wound_boxes_v1/labels/train/wound_azh_patches_d62268e6f2bb38fd38a825349b616e5e_0.txt,azh_patches,data/datasets/external/azh_patches/test/images/d62268e6f2bb38fd38a825349b616e5e_0.png,PUBLIC_REAL_PHOTOS,933aa2a90ce40427141d91b57053e75582f9f79b1bb5fbcb7b899ce20e86f560,1,2
wound_azh_patches_d62268e6f2bb38fd38a825349b616e5e_1,train,azh:d62268e6f2bb38fd38a825349b616e5e,data/datasets/yolo_wound_boxes_v1/images/train/wound_azh_patches_d62268e6f2bb38fd38a825349b616e5e_1.jpg,data/datasets/yolo_wound_boxes_v1/labels/train/wound_azh_patches_d62268e6f2bb38fd38a825349b616e5e_1.txt,azh_patches,data/datasets/external/azh_patches/test/images/d62268e6f2bb38fd38a825349b616e5e_1.png,PUBLIC_REAL_PHOTOS,c90988f8eb153066893188fde62b0a889531bb56c9f70bb1e5ad875a3488c949,1,2
wound_azh_patches_d6c30ea4131f7148736a1b9db5799ac9_0,train,azh:d6c30ea4131f7148736a1b9db5799ac9,data/datasets/yolo_wound_boxes_v1/images/train/wound_azh_patches_d6c30ea4131f7148736a1b9db5799ac9_0.jpg,data/datasets/yolo_wound_boxes_v1/labels/train/wound_azh_patches_d6c30ea4131f7148736a1b9db5799ac9_0.txt,azh_patches,data/datasets/external/azh_patches/test/images/d6c30ea4131f7148736a1b9db5799ac9_0.png,PUBLIC_REAL_PHOTOS,8691b71e0b49c253fd6d84d3ac6858e6c533c48ceb5b6e1da43eacec9e76db83,1,2
wound_azh_patches_d6f3388c8eb647cf273f57faf96a7cdd_0,train,azh:d6f3388c8eb647cf273f57faf96a7cdd,data/datasets/yolo_wound_boxes_v1/images/train/wound_azh_patches_d6f3388c8eb647cf273f57faf96a7cdd_0.jpg,data/datasets/yolo_wound_boxes_v1/labels/train/wound_azh_patches_d6f3388c8eb647cf273f57faf96a7cdd_0.txt,azh_patches,data/datasets/external/azh_patches/test/images/d6f3388c8eb647cf273f57faf96a7cdd_0.png,PUBLIC_REAL_PHOTOS,950224520b7f09f458a6ac7c230ea94b53f0f68692b80d85173948f2dbd4d490,1,2
wound_azh_patches_d6f3388c8eb647cf273f57faf96a7cdd_1,train,azh:d6f3388c8eb647cf273f57faf96a7cdd,data/datasets/yolo_wound_boxes_v1/images/train/wound_azh_patches_d6f3388c8eb647cf273f57faf96a7cdd_1.jpg,data/datasets/yolo_wound_boxes_v1/labels/train/wound_azh_patches_d6f3388c8eb647cf273f57faf96a7cdd_1.txt,azh_patches,data/datasets/external/azh_patches/test/images/d6f3388c8eb647cf273f57faf96a7cdd_1.png,PUBLIC_REAL_PHOTOS,f4fdf62435d3f43c7b3f00a64b49e6b5e2f7b40f1fe9f6bf873f03497c1c0877,1,2
wound_azh_patches_d7b483d745f88485ecdc1810def5bd08_0,train,azh:d7b483d745f88485ecdc1810def5bd08,data/datasets/yolo_wound_boxes_v1/images/train/wound_azh_patches_d7b483d745f88485ecdc1810def5bd08_0.jpg,data/datasets/yolo_wound_boxes_v1/labels/train/wound_azh_patches_d7b483d745f88485ecdc1810def5bd08_0.txt,azh_patches,data/datasets/external/azh_patches/test/images/d7b483d745f88485ecdc1810def5bd08_0.png,PUBLIC_REAL_PHOTOS,50cb89a48fbd336b52920fb778916d0dc28542500d86084481d9effed9b25b88,1,2
wound_azh_patches_d8071f939bf5535c2250629bc0c1f2b4_0,train,azh:d8071f939bf5535c2250629bc0c1f2b4,data/datasets/yolo_wound_boxes_v1/images/train/wound_azh_patches_d8071f939bf5535c2250629bc0c1f2b4_0.jpg,data/datasets/yolo_wound_boxes_v1/labels/train/wound_azh_patches_d8071f939bf5535c2250629bc0c1f2b4_0.txt,azh_patches,data/datasets/external/azh_patches/test/images/d8071f939bf5535c2250629bc0c1f2b4_0.png,PUBLIC_REAL_PHOTOS,7bd27491dd4f5eb8e38dccb96e2c282cf1b0dd5835d3bf4b6ae278e0a7f798ce,1,2
wound_azh_patches_d8b60389fbc9df90e0dd41496cb03910_0,val,azh:d8b60389fbc9df90e0dd41496cb03910,data/datasets/yolo_wound_boxes_v1/images/val/wound_azh_patches_d8b60389fbc9df90e0dd41496cb03910_0.jpg,data/datasets/yolo_wound_boxes_v1/labels/val/wound_azh_patches_d8b60389fbc9df90e0dd41496cb03910_0.txt,azh_patches,data/datasets/external/azh_patches/test/images/d8b60389fbc9df90e0dd41496cb03910_0.png,PUBLIC_REAL_PHOTOS,7ba774654f33d3ce1ea9f37f828a619adb5f947653989ba77670ed70574a0b5f,1,2
wound_azh_patches_d947beca2a78afd5bb952b80bb93d828_0,val,azh:d947beca2a78afd5bb952b80bb93d828,data/datasets/yolo_wound_boxes_v1/images/val/wound_azh_patches_d947beca2a78afd5bb952b80bb93d828_0.jpg,data/datasets/yolo_wound_boxes_v1/labels/val/wound_azh_patches_d947beca2a78afd5bb952b80bb93d828_0.txt,azh_patches,data/datasets/external/azh_patches/test/images/d947beca2a78afd5bb952b80bb93d828_0.png,PUBLIC_REAL_PHOTOS,90c277334a16bd16a6cc9b67228c4ab3a0d817b669c74b171e3aa01d6bf5165a,1,2
wound_azh_patches_da030dd0c253ac94b64c3c03b605882d_0,train,azh:da030dd0c253ac94b64c3c03b605882d,data/datasets/yolo_wound_boxes_v1/images/train/wound_azh_patches_da030dd0c253ac94b64c3c03b605882d_0.jpg,data/datasets/yolo_wound_boxes_v1/labels/train/wound_azh_patches_da030dd0c253ac94b64c3c03b605882d_0.txt,azh_patches,data/datasets/external/azh_patches/test/images/da030dd0c253ac94b64c3c03b605882d_0.png,PUBLIC_REAL_PHOTOS,782c53ea9e19148638599fb0e31fdcde5dd23987c593eff6294cb7b1f00ebd48,1,2
wound_azh_patches_da1aa6383f620d26269ff6fb457f4a91_1,train,azh:da1aa6383f620d26269ff6fb457f4a91,data/datasets/yolo_wound_boxes_v1/images/train/wound_azh_patches_da1aa6383f620d26269ff6fb457f4a91_1.jpg,data/datasets/yolo_wound_boxes_v1/labels/train/wound_azh_patches_da1aa6383f620d26269ff6fb457f4a91_1.txt,azh_patches,data/datasets/external/azh_patches/test/images/da1aa6383f620d26269ff6fb457f4a91_1.png,PUBLIC_REAL_PHOTOS,3bd858591eb07ecb843b60de63d24b8f36d32e57fad90ffee7c5c09143376eae,1,2
wound_azh_patches_db93f9858c7d7dea1ac72ade2d4927b2_1,val,azh:db93f9858c7d7dea1ac72ade2d4927b2,data/datasets/yolo_wound_boxes_v1/images/val/wound_azh_patches_db93f9858c7d7dea1ac72ade2d4927b2_1.jpg,data/datasets/yolo_wound_boxes_v1/labels/val/wound_azh_patches_db93f9858c7d7dea1ac72ade2d4927b2_1.txt,azh_patches,data/datasets/external/azh_patches/test/images/db93f9858c7d7dea1ac72ade2d4927b2_1.png,PUBLIC_REAL_PHOTOS,0c7db80a751c96fa1795e6c93409d5108c39ac0700833f868e7efe49fa02f81d,1,2
wound_azh_patches_db93f9858c7d7dea1ac72ade2d4927b2_2,val,azh:db93f9858c7d7dea1ac72ade2d4927b2,data/datasets/yolo_wound_boxes_v1/images/val/wound_azh_patches_db93f9858c7d7dea1ac72ade2d4927b2_2.jpg,data/datasets/yolo_wound_boxes_v1/labels/val/wound_azh_patches_db93f9858c7d7dea1ac72ade2d4927b2_2.txt,azh_patches,data/datasets/external/azh_patches/test/images/db93f9858c7d7dea1ac72ade2d4927b2_2.png,PUBLIC_REAL_PHOTOS,54761d8029ec4fa62205fb6d0d698792085047d820e235e50be2b767406e0306,1,2
wound_azh_patches_dbe9030f6a49b93e6657bf7c73c9f36d_0,val,azh:dbe9030f6a49b93e6657bf7c73c9f36d,data/datasets/yolo_wound_boxes_v1/images/val/wound_azh_patches_dbe9030f6a49b93e6657bf7c73c9f36d_0.jpg,data/datasets/yolo_wound_boxes_v1/labels/val/wound_azh_patches_dbe9030f6a49b93e6657bf7c73c9f36d_0.txt,azh_patches,data/datasets/external/azh_patches/test/images/dbe9030f6a49b93e6657bf7c73c9f36d_0.png,PUBLIC_REAL_PHOTOS,056f99a699dff93d9cab596b3fe1e02a666f24aad007f76d6e0ba0a5e74d6ecb,1,2
wound_azh_patches_dc22b23927b43d39da8c1af57085ee9a_0,train,azh:dc22b23927b43d39da8c1af57085ee9a,data/datasets/yolo_wound_boxes_v1/images/train/wound_azh_patches_dc22b23927b43d39da8c1af57085ee9a_0.jpg,data/datasets/yolo_wound_boxes_v1/labels/train/wound_azh_patches_dc22b23927b43d39da8c1af57085ee9a_0.txt,azh_patches,data/datasets/external/azh_patches/test/images/dc22b23927b43d39da8c1af57085ee9a_0.png,PUBLIC_REAL_PHOTOS,ffd1e3bc301caef89c589702814ed75f2654eb6228f962be13035fc60c7086a9,1,2
wound_azh_patches_de2003313899df7ed4a0646b620d5c9e_0,test,azh:de2003313899df7ed4a0646b620d5c9e,data/datasets/yolo_wound_boxes_v1/images/test/wound_azh_patches_de2003313899df7ed4a0646b620d5c9e_0.jpg,data/datasets/yolo_wound_boxes_v1/labels/test/wound_azh_patches_de2003313899df7ed4a0646b620d5c9e_0.txt,azh_patches,data/datasets/external/azh_patches/test/images/de2003313899df7ed4a0646b620d5c9e_0.png,PUBLIC_REAL_PHOTOS,782e29f8daa32d7d3c15f92a1e74cd246a07c677229cfcf5267408a4b878e9b0,1,2
wound_azh_patches_de2003313899df7ed4a0646b620d5c9e_1,test,azh:de2003313899df7ed4a0646b620d5c9e,data/datasets/yolo_wound_boxes_v1/images/test/wound_azh_patches_de2003313899df7ed4a0646b620d5c9e_1.jpg,data/datasets/yolo_wound_boxes_v1/labels/test/wound_azh_patches_de2003313899df7ed4a0646b620d5c9e_1.txt,azh_patches,data/datasets/external/azh_patches/test/images/de2003313899df7ed4a0646b620d5c9e_1.png,PUBLIC_REAL_PHOTOS,f1de48476e9c80aa76a168fb772d97fe907b1a7f6c05a076cc58cc03d2bd3b0c,1,2
wound_azh_patches_de518fde9362295b1ea3d1031de1971b_0,train,azh:de518fde9362295b1ea3d1031de1971b,data/datasets/yolo_wound_boxes_v1/images/train/wound_azh_patches_de518fde9362295b1ea3d1031de1971b_0.jpg,data/datasets/yolo_wound_boxes_v1/labels/train/wound_azh_patches_de518fde9362295b1ea3d1031de1971b_0.txt,azh_patches,data/datasets/external/azh_patches/test/images/de518fde9362295b1ea3d1031de1971b_0.png,PUBLIC_REAL_PHOTOS,15004168ee3768109041351cd35cced383781514b917acef4db9d031553ff9ac,1,2
wound_azh_patches_de518fde9362295b1ea3d1031de1971b_1,train,azh:de518fde9362295b1ea3d1031de1971b,data/datasets/yolo_wound_boxes_v1/images/train/wound_azh_patches_de518fde9362295b1ea3d1031de1971b_1.jpg,data/datasets/yolo_wound_boxes_v1/labels/train/wound_azh_patches_de518fde9362295b1ea3d1031de1971b_1.txt,azh_patches,data/datasets/external/azh_patches/test/images/de518fde9362295b1ea3d1031de1971b_1.png,PUBLIC_REAL_PHOTOS,5c5f33960f477ad8d1e27c8ed59e2c3709b0ef1282b65bd0b42549a18a9d1b9a,1,2
wound_azh_patches_de65a61f62a83cff0cc2fc7372555928_0,train,azh:de65a61f62a83cff0cc2fc7372555928,data/datasets/yolo_wound_boxes_v1/images/train/wound_azh_patches_de65a61f62a83cff0cc2fc7372555928_0.jpg,data/datasets/yolo_wound_boxes_v1/labels/train/wound_azh_patches_de65a61f62a83cff0cc2fc7372555928_0.txt,azh_patches,data/datasets/external/azh_patches/test/images/de65a61f62a83cff0cc2fc7372555928_0.png,PUBLIC_REAL_PHOTOS,ae43c7a1c0c94bcb4b1a7d8c7a1cb04f287a3641cc5eba406f077fa1826634f8,1,2
wound_azh_patches_deb1b50aa3f26f063d20a7c0e5ff3e50_0,train,azh:deb1b50aa3f26f063d20a7c0e5ff3e50,data/datasets/yolo_wound_boxes_v1/images/train/wound_azh_patches_deb1b50aa3f26f063d20a7c0e5ff3e50_0.jpg,data/datasets/yolo_wound_boxes_v1/labels/train/wound_azh_patches_deb1b50aa3f26f063d20a7c0e5ff3e50_0.txt,azh_patches,data/datasets/external/azh_patches/test/images/deb1b50aa3f26f063d20a7c0e5ff3e50_0.png,PUBLIC_REAL_PHOTOS,2b70835a54537523ebe087630a5a59151c4d68e94cac1812b5380360d96fd90b,1,2
wound_azh_patches_ded2941f0260d920a336e01a50ee3a61_0,train,azh:ded2941f0260d920a336e01a50ee3a61,data/datasets/yolo_wound_boxes_v1/images/train/wound_azh_patches_ded2941f0260d920a336e01a50ee3a61_0.jpg,data/datasets/yolo_wound_boxes_v1/labels/train/wound_azh_patches_ded2941f0260d920a336e01a50ee3a61_0.txt,azh_patches,data/datasets/external/azh_patches/test/images/ded2941f0260d920a336e01a50ee3a61_0.png,PUBLIC_REAL_PHOTOS,513830411b64f77384502f0801e04599745464ecf6d616521fac9c2c6eda607a,1,2
wound_azh_patches_df99ffcb8581a1d7b5ff3a9c2de610b7_0,train,azh:df99ffcb8581a1d7b5ff3a9c2de610b7,data/datasets/yolo_wound_boxes_v1/images/train/wound_azh_patches_df99ffcb8581a1d7b5ff3a9c2de610b7_0.jpg,data/datasets/yolo_wound_boxes_v1/labels/train/wound_azh_patches_df99ffcb8581a1d7b5ff3a9c2de610b7_0.txt,azh_patches,data/datasets/external/azh_patches/test/images/df99ffcb8581a1d7b5ff3a9c2de610b7_0.png,PUBLIC_REAL_PHOTOS,a2da9ec6b9a1625968bcc4a16f7304d78a394712363051a9964cdf6d017d96fb,1,2
wound_azh_patches_dfdecd3b4d8e590fab037360b182ff28_0,test,azh:dfdecd3b4d8e590fab037360b182ff28,data/datasets/yolo_wound_boxes_v1/images/test/wound_azh_patches_dfdecd3b4d8e590fab037360b182ff28_0.jpg,data/datasets/yolo_wound_boxes_v1/labels/test/wound_azh_patches_dfdecd3b4d8e590fab037360b182ff28_0.txt,azh_patches,data/datasets/external/azh_patches/test/images/dfdecd3b4d8e590fab037360b182ff28_0.png,PUBLIC_REAL_PHOTOS,65a2b73de2b835a2a28c1c85206a0394bca99e35f6e830df869ff247e55f396b,1,2
wound_azh_patches_e047d6da846f9bc404870d7f5b2ea8fd_0,train,azh:e047d6da846f9bc404870d7f5b2ea8fd,data/datasets/yolo_wound_boxes_v1/images/train/wound_azh_patches_e047d6da846f9bc404870d7f5b2ea8fd_0.jpg,data/datasets/yolo_wound_boxes_v1/labels/train/wound_azh_patches_e047d6da846f9bc404870d7f5b2ea8fd_0.txt,azh_patches,data/datasets/external/azh_patches/test/images/e047d6da846f9bc404870d7f5b2ea8fd_0.png,PUBLIC_REAL_PHOTOS,29208bd380dbdd3385899b75ca780e2860ae8c679696882daff6acf296dff83a,1,2
wound_azh_patches_e0fa5ba72e49bbe28db7ffd226759187_0,train,azh:e0fa5ba72e49bbe28db7ffd226759187,data/datasets/yolo_wound_boxes_v1/images/train/wound_azh_patches_e0fa5ba72e49bbe28db7ffd226759187_0.jpg,data/datasets/yolo_wound_boxes_v1/labels/train/wound_azh_patches_e0fa5ba72e49bbe28db7ffd226759187_0.txt,azh_patches,data/datasets/external/azh_patches/test/images/e0fa5ba72e49bbe28db7ffd226759187_0.png,PUBLIC_REAL_PHOTOS,aa803bf31b1106e2ed377350049aa4cc174c2fba67fa8e10ef7592d837568055,1,2
wound_azh_patches_e1aaaaa393000920da4d53b451012698_0,test,azh:e1aaaaa393000920da4d53b451012698,data/datasets/yolo_wound_boxes_v1/images/test/wound_azh_patches_e1aaaaa393000920da4d53b451012698_0.jpg,data/datasets/yolo_wound_boxes_v1/labels/test/wound_azh_patches_e1aaaaa393000920da4d53b451012698_0.txt,azh_patches,data/datasets/external/azh_patches/test/images/e1aaaaa393000920da4d53b451012698_0.png,PUBLIC_REAL_PHOTOS,23fe99b448ded2ec9d547b221904c74ed851bb99f1681d95359bf48db167e415,1,2
wound_azh_patches_e1aaaaa393000920da4d53b451012698_1,test,azh:e1aaaaa393000920da4d53b451012698,data/datasets/yolo_wound_boxes_v1/images/test/wound_azh_patches_e1aaaaa393000920da4d53b451012698_1.jpg,data/datasets/yolo_wound_boxes_v1/labels/test/wound_azh_patches_e1aaaaa393000920da4d53b451012698_1.txt,azh_patches,data/datasets/external/azh_patches/test/images/e1aaaaa393000920da4d53b451012698_1.png,PUBLIC_REAL_PHOTOS,cdffadfa1727b5545a7657a8a1346eefae2c77e149b3560b3c7cae1594a10fcf,1,2
wound_azh_patches_e1aaaaa393000920da4d53b451012698_2,test,azh:e1aaaaa393000920da4d53b451012698,data/datasets/yolo_wound_boxes_v1/images/test/wound_azh_patches_e1aaaaa393000920da4d53b451012698_2.jpg,data/datasets/yolo_wound_boxes_v1/labels/test/wound_azh_patches_e1aaaaa393000920da4d53b451012698_2.txt,azh_patches,data/datasets/external/azh_patches/test/images/e1aaaaa393000920da4d53b451012698_2.png,PUBLIC_REAL_PHOTOS,a95f8f89e0ee18c846137937171e7cbecfd93b8c596fd8e69881896ff94c5bb3,1,2
wound_azh_patches_e1aaaaa393000920da4d53b451012698_3,test,azh:e1aaaaa393000920da4d53b451012698,data/datasets/yolo_wound_boxes_v1/images/test/wound_azh_patches_e1aaaaa393000920da4d53b451012698_3.jpg,data/datasets/yolo_wound_boxes_v1/labels/test/wound_azh_patches_e1aaaaa393000920da4d53b451012698_3.txt,azh_patches,data/datasets/external/azh_patches/test/images/e1aaaaa393000920da4d53b451012698_3.png,PUBLIC_REAL_PHOTOS,f65b3503d59ac731eb1061dd6b3a0ac341b088dd625a2095f4ce482694bf4736,1,2
wound_azh_patches_e207b6d2cb4117ab18c7cf97cc8a4c81_0,train,azh:e207b6d2cb4117ab18c7cf97cc8a4c81,data/datasets/yolo_wound_boxes_v1/images/train/wound_azh_patches_e207b6d2cb4117ab18c7cf97cc8a4c81_0.jpg,data/datasets/yolo_wound_boxes_v1/labels/train/wound_azh_patches_e207b6d2cb4117ab18c7cf97cc8a4c81_0.txt,azh_patches,data/datasets/external/azh_patches/test/images/e207b6d2cb4117ab18c7cf97cc8a4c81_0.png,PUBLIC_REAL_PHOTOS,e22403ab3367219689fb3f908515c46940216e11de9081a9b8601de87b2559bd,1,2
wound_azh_patches_e21cbd0f3eb54f3c1f3162dcb78555ba_0,train,azh:e21cbd0f3eb54f3c1f3162dcb78555ba,data/datasets/yolo_wound_boxes_v1/images/train/wound_azh_patches_e21cbd0f3eb54f3c1f3162dcb78555ba_0.jpg,data/datasets/yolo_wound_boxes_v1/labels/train/wound_azh_patches_e21cbd0f3eb54f3c1f3162dcb78555ba_0.txt,azh_patches,data/datasets/external/azh_patches/test/images/e21cbd0f3eb54f3c1f3162dcb78555ba_0.png,PUBLIC_REAL_PHOTOS,e3cab0a708a343304f1b5233429ffbdd2befed7f0ffdb14ce26886cba0c95966,1,2
wound_azh_patches_e249aaff17aec17a5626009d7f2214ed_0,train,azh:e249aaff17aec17a5626009d7f2214ed,data/datasets/yolo_wound_boxes_v1/images/train/wound_azh_patches_e249aaff17aec17a5626009d7f2214ed_0.jpg,data/datasets/yolo_wound_boxes_v1/labels/train/wound_azh_patches_e249aaff17aec17a5626009d7f2214ed_0.txt,azh_patches,data/datasets/external/azh_patches/test/images/e249aaff17aec17a5626009d7f2214ed_0.png,PUBLIC_REAL_PHOTOS,529f03ffbfa8e83bfb3475666e60740f535b481e73632428368f35ba3a44d08b,1,2
wound_azh_patches_e29319f87566c14f9477bbeee20eb86d_0,test,azh:e29319f87566c14f9477bbeee20eb86d,data/datasets/yolo_wound_boxes_v1/images/test/wound_azh_patches_e29319f87566c14f9477bbeee20eb86d_0.jpg,data/datasets/yolo_wound_boxes_v1/labels/test/wound_azh_patches_e29319f87566c14f9477bbeee20eb86d_0.txt,azh_patches,data/datasets/external/azh_patches/test/images/e29319f87566c14f9477bbeee20eb86d_0.png,PUBLIC_REAL_PHOTOS,87489ebf9cb434f6c16ae9768c27540199cef6680d6ec390a0a2a43f3fef91c0,1,2
wound_azh_patches_e3e9c4ae4b41ac611c073722ee67ac36_0,train,azh:e3e9c4ae4b41ac611c073722ee67ac36,data/datasets/yolo_wound_boxes_v1/images/train/wound_azh_patches_e3e9c4ae4b41ac611c073722ee67ac36_0.jpg,data/datasets/yolo_wound_boxes_v1/labels/train/wound_azh_patches_e3e9c4ae4b41ac611c073722ee67ac36_0.txt,azh_patches,data/datasets/external/azh_patches/test/images/e3e9c4ae4b41ac611c073722ee67ac36_0.png,PUBLIC_REAL_PHOTOS,71e9b7578cbc34256d193c004dcb91d444aba87cbc1118e6932980409233441f,1,2
wound_azh_patches_e3e9c4ae4b41ac611c073722ee67ac36_1,train,azh:e3e9c4ae4b41ac611c073722ee67ac36,data/datasets/yolo_wound_boxes_v1/images/train/wound_azh_patches_e3e9c4ae4b41ac611c073722ee67ac36_1.jpg,data/datasets/yolo_wound_boxes_v1/labels/train/wound_azh_patches_e3e9c4ae4b41ac611c073722ee67ac36_1.txt,azh_patches,data/datasets/external/azh_patches/test/images/e3e9c4ae4b41ac611c073722ee67ac36_1.png,PUBLIC_REAL_PHOTOS,2d2391e04d8dab564c014032eb06bedc70af52f2e8471eca0f18a9f126c56d74,1,2
wound_azh_patches_e421048601c857e2ebca30751bfe7763_0,train,azh:e421048601c857e2ebca30751bfe7763,data/datasets/yolo_wound_boxes_v1/images/train/wound_azh_patches_e421048601c857e2ebca30751bfe7763_0.jpg,data/datasets/yolo_wound_boxes_v1/labels/train/wound_azh_patches_e421048601c857e2ebca30751bfe7763_0.txt,azh_patches,data/datasets/external/azh_patches/test/images/e421048601c857e2ebca30751bfe7763_0.png,PUBLIC_REAL_PHOTOS,e39554cb5226edbed567e017975d3bec8eb0733cf3f0f0240bf82b44bccb7a0c,1,2
wound_azh_patches_e421df34432b4fc64d89fb744c386e71_0,train,azh:e421df34432b4fc64d89fb744c386e71,data/datasets/yolo_wound_boxes_v1/images/train/wound_azh_patches_e421df34432b4fc64d89fb744c386e71_0.jpg,data/datasets/yolo_wound_boxes_v1/labels/train/wound_azh_patches_e421df34432b4fc64d89fb744c386e71_0.txt,azh_patches,data/datasets/external/azh_patches/test/images/e421df34432b4fc64d89fb744c386e71_0.png,PUBLIC_REAL_PHOTOS,cb51d44320eccec4c4d6093f42e5ee953d8eb72fe60c4fe3c7768f9e317f8868,1,2
wound_azh_patches_e4803fa5a1c8745f5a27b95d63c1d04b_0,train,azh:e4803fa5a1c8745f5a27b95d63c1d04b,data/datasets/yolo_wound_boxes_v1/images/train/wound_azh_patches_e4803fa5a1c8745f5a27b95d63c1d04b_0.jpg,data/datasets/yolo_wound_boxes_v1/labels/train/wound_azh_patches_e4803fa5a1c8745f5a27b95d63c1d04b_0.txt,azh_patches,data/datasets/external/azh_patches/test/images/e4803fa5a1c8745f5a27b95d63c1d04b_0.png,PUBLIC_REAL_PHOTOS,3af2be335000ee20336104c1ff5fde10b5e574c01388231a5cf1a6208a900f4b,1,2
wound_azh_patches_e594c2db8e5e0cd150ee0cf95178b29d_1,train,azh:e594c2db8e5e0cd150ee0cf95178b29d,data/datasets/yolo_wound_boxes_v1/images/train/wound_azh_patches_e594c2db8e5e0cd150ee0cf95178b29d_1.jpg,data/datasets/yolo_wound_boxes_v1/labels/train/wound_azh_patches_e594c2db8e5e0cd150ee0cf95178b29d_1.txt,azh_patches,data/datasets/external/azh_patches/test/images/e594c2db8e5e0cd150ee0cf95178b29d_1.png,PUBLIC_REAL_PHOTOS,e9d17048fc41b1dbdfb615c919e4dbfd9611a4dc707b44bc209927ce976b4195,1,2
wound_azh_patches_e594c2db8e5e0cd150ee0cf95178b29d_2,train,azh:e594c2db8e5e0cd150ee0cf95178b29d,data/datasets/yolo_wound_boxes_v1/images/train/wound_azh_patches_e594c2db8e5e0cd150ee0cf95178b29d_2.jpg,data/datasets/yolo_wound_boxes_v1/labels/train/wound_azh_patches_e594c2db8e5e0cd150ee0cf95178b29d_2.txt,azh_patches,data/datasets/external/azh_patches/test/images/e594c2db8e5e0cd150ee0cf95178b29d_2.png,PUBLIC_REAL_PHOTOS,0a6072a6c6d6b0c448e7baea3aff664bcbba7de7dab01d2d5953e1f5977421ba,1,2
wound_azh_patches_e594c2db8e5e0cd150ee0cf95178b29d_3,train,azh:e594c2db8e5e0cd150ee0cf95178b29d,data/datasets/yolo_wound_boxes_v1/images/train/wound_azh_patches_e594c2db8e5e0cd150ee0cf95178b29d_3.jpg,data/datasets/yolo_wound_boxes_v1/labels/train/wound_azh_patches_e594c2db8e5e0cd150ee0cf95178b29d_3.txt,azh_patches,data/datasets/external/azh_patches/test/images/e594c2db8e5e0cd150ee0cf95178b29d_3.png,PUBLIC_REAL_PHOTOS,8e9b9761019202bb52d2380518e5300642727a511cc9a0fb653f67e90f89b305,1,2
wound_azh_patches_e68502402f187ab793e1d417ca28eddc_0,train,azh:e68502402f187ab793e1d417ca28eddc,data/datasets/yolo_wound_boxes_v1/images/train/wound_azh_patches_e68502402f187ab793e1d417ca28eddc_0.jpg,data/datasets/yolo_wound_boxes_v1/labels/train/wound_azh_patches_e68502402f187ab793e1d417ca28eddc_0.txt,azh_patches,data/datasets/external/azh_patches/test/images/e68502402f187ab793e1d417ca28eddc_0.png,PUBLIC_REAL_PHOTOS,4be2fe30c4ed9fda0c2b8c2130e8139938c56fc9c7190dd0e145092086448b49,1,2
wound_azh_patches_e69d6a1e37a0f67893e1020152cd4635_0,train,azh:e69d6a1e37a0f67893e1020152cd4635,data/datasets/yolo_wound_boxes_v1/images/train/wound_azh_patches_e69d6a1e37a0f67893e1020152cd4635_0.jpg,data/datasets/yolo_wound_boxes_v1/labels/train/wound_azh_patches_e69d6a1e37a0f67893e1020152cd4635_0.txt,azh_patches,data/datasets/external/azh_patches/test/images/e69d6a1e37a0f67893e1020152cd4635_0.png,PUBLIC_REAL_PHOTOS,737650d3c371fad78e0a18b762014dddb8e412afb764455158be723757b129ac,1,2
wound_azh_patches_e71b7c91cdb917556de4dcb7dfd1e0c7_0,train,azh:e71b7c91cdb917556de4dcb7dfd1e0c7,data/datasets/yolo_wound_boxes_v1/images/train/wound_azh_patches_e71b7c91cdb917556de4dcb7dfd1e0c7_0.jpg,data/datasets/yolo_wound_boxes_v1/labels/train/wound_azh_patches_e71b7c91cdb917556de4dcb7dfd1e0c7_0.txt,azh_patches,data/datasets/external/azh_patches/test/images/e71b7c91cdb917556de4dcb7dfd1e0c7_0.png,PUBLIC_REAL_PHOTOS,9920c0aacdd5508b459711f0ca0d9a1e6270661afa517a6e7a385125f68c295e,1,2
wound_azh_patches_e7923d86f48ee9a73cdf3d7b754e84a8_0,train,azh:e7923d86f48ee9a73cdf3d7b754e84a8,data/datasets/yolo_wound_boxes_v1/images/train/wound_azh_patches_e7923d86f48ee9a73cdf3d7b754e84a8_0.jpg,data/datasets/yolo_wound_boxes_v1/labels/train/wound_azh_patches_e7923d86f48ee9a73cdf3d7b754e84a8_0.txt,azh_patches,data/datasets/external/azh_patches/test/images/e7923d86f48ee9a73cdf3d7b754e84a8_0.png,PUBLIC_REAL_PHOTOS,e084c6642d1e05b1b01c78699a32a5b67242944addd9edaf2f80890198fd0e6e,1,2
wound_azh_patches_e7d099b05fc99c39b28a3557acc12837_0,train,azh:e7d099b05fc99c39b28a3557acc12837,data/datasets/yolo_wound_boxes_v1/images/train/wound_azh_patches_e7d099b05fc99c39b28a3557acc12837_0.jpg,data/datasets/yolo_wound_boxes_v1/labels/train/wound_azh_patches_e7d099b05fc99c39b28a3557acc12837_0.txt,azh_patches,data/datasets/external/azh_patches/test/images/e7d099b05fc99c39b28a3557acc12837_0.png,PUBLIC_REAL_PHOTOS,180d6c4815620b42a63f1fd919ff27feb3d7e48147c2ff781f249e8972653cf4,1,2
wound_azh_patches_e8305673572e3ad7fab5cfc608a4a970_1,val,azh:e8305673572e3ad7fab5cfc608a4a970,data/datasets/yolo_wound_boxes_v1/images/val/wound_azh_patches_e8305673572e3ad7fab5cfc608a4a970_1.jpg,data/datasets/yolo_wound_boxes_v1/labels/val/wound_azh_patches_e8305673572e3ad7fab5cfc608a4a970_1.txt,azh_patches,data/datasets/external/azh_patches/test/images/e8305673572e3ad7fab5cfc608a4a970_1.png,PUBLIC_REAL_PHOTOS,a2e107cd0f485cb3adfbab9f2ac394ed53f45d240af7371935d7fd60833646e6,1,2
wound_azh_patches_e84884a489f4e801fd8440c5596c83be_0,train,azh:e84884a489f4e801fd8440c5596c83be,data/datasets/yolo_wound_boxes_v1/images/train/wound_azh_patches_e84884a489f4e801fd8440c5596c83be_0.jpg,data/datasets/yolo_wound_boxes_v1/labels/train/wound_azh_patches_e84884a489f4e801fd8440c5596c83be_0.txt,azh_patches,data/datasets/external/azh_patches/test/images/e84884a489f4e801fd8440c5596c83be_0.png,PUBLIC_REAL_PHOTOS,6aa1df22b1c4066ef45bb5c0cd95448de7a37b3a580f23a9e2450cf19bb6b27e,1,2
wound_azh_patches_e873cd16fd9294c77068473532672ce6_0,train,azh:e873cd16fd9294c77068473532672ce6,data/datasets/yolo_wound_boxes_v1/images/train/wound_azh_patches_e873cd16fd9294c77068473532672ce6_0.jpg,data/datasets/yolo_wound_boxes_v1/labels/train/wound_azh_patches_e873cd16fd9294c77068473532672ce6_0.txt,azh_patches,data/datasets/external/azh_patches/test/images/e873cd16fd9294c77068473532672ce6_0.png,PUBLIC_REAL_PHOTOS,683a74e459925c785a316d19e89af61f91a305afe45254edc958fe0a725d0866,1,2
wound_azh_patches_e873cd16fd9294c77068473532672ce6_1,train,azh:e873cd16fd9294c77068473532672ce6,data/datasets/yolo_wound_boxes_v1/images/train/wound_azh_patches_e873cd16fd9294c77068473532672ce6_1.jpg,data/datasets/yolo_wound_boxes_v1/labels/train/wound_azh_patches_e873cd16fd9294c77068473532672ce6_1.txt,azh_patches,data/datasets/external/azh_patches/test/images/e873cd16fd9294c77068473532672ce6_1.png,PUBLIC_REAL_PHOTOS,cebe73df5e716e648274f241b101760fb13b45efa9c6659a69dadf3111602348,1,2
wound_azh_patches_e893308e51c06d4b611ef73db425b07b_0,train,azh:e893308e51c06d4b611ef73db425b07b,data/datasets/yolo_wound_boxes_v1/images/train/wound_azh_patches_e893308e51c06d4b611ef73db425b07b_0.jpg,data/datasets/yolo_wound_boxes_v1/labels/train/wound_azh_patches_e893308e51c06d4b611ef73db425b07b_0.txt,azh_patches,data/datasets/external/azh_patches/test/images/e893308e51c06d4b611ef73db425b07b_0.png,PUBLIC_REAL_PHOTOS,4faf710bd230d55d6a6c6319a8ef105acdefaef14a267869a89fb0fbca231de0,1,2
wound_azh_patches_e893308e51c06d4b611ef73db425b07b_1,train,azh:e893308e51c06d4b611ef73db425b07b,data/datasets/yolo_wound_boxes_v1/images/train/wound_azh_patches_e893308e51c06d4b611ef73db425b07b_1.jpg,data/datasets/yolo_wound_boxes_v1/labels/train/wound_azh_patches_e893308e51c06d4b611ef73db425b07b_1.txt,azh_patches,data/datasets/external/azh_patches/test/images/e893308e51c06d4b611ef73db425b07b_1.png,PUBLIC_REAL_PHOTOS,df17309089cbe2c78749a3405d33ed95889225fffec9f00fff850b7feb7b6d59,1,2
wound_azh_patches_e93fbed4a2be871226c7152a0e091b87_0,train,azh:e93fbed4a2be871226c7152a0e091b87,data/datasets/yolo_wound_boxes_v1/images/train/wound_azh_patches_e93fbed4a2be871226c7152a0e091b87_0.jpg,data/datasets/yolo_wound_boxes_v1/labels/train/wound_azh_patches_e93fbed4a2be871226c7152a0e091b87_0.txt,azh_patches,data/datasets/external/azh_patches/test/images/e93fbed4a2be871226c7152a0e091b87_0.png,PUBLIC_REAL_PHOTOS,aac0b00b511231b1fbe125eeb8d6534fed930b60f581e98ae6fcab015593b47b,1,2
wound_azh_patches_ea33dd75835557434fb074f1e55bb17c_0,train,azh:ea33dd75835557434fb074f1e55bb17c,data/datasets/yolo_wound_boxes_v1/images/train/wound_azh_patches_ea33dd75835557434fb074f1e55bb17c_0.jpg,data/datasets/yolo_wound_boxes_v1/labels/train/wound_azh_patches_ea33dd75835557434fb074f1e55bb17c_0.txt,azh_patches,data/datasets/external/azh_patches/test/images/ea33dd75835557434fb074f1e55bb17c_0.png,PUBLIC_REAL_PHOTOS,f8151660dfcec4ebbcddc25ad2497ad9e1c9412bdfdd33c467e33172cc57388b,1,2
wound_azh_patches_ebd77b6519ede2393700424073f1d810_0,train,azh:ebd77b6519ede2393700424073f1d810,data/datasets/yolo_wound_boxes_v1/images/train/wound_azh_patches_ebd77b6519ede2393700424073f1d810_0.jpg,data/datasets/yolo_wound_boxes_v1/labels/train/wound_azh_patches_ebd77b6519ede2393700424073f1d810_0.txt,azh_patches,data/datasets/external/azh_patches/test/images/ebd77b6519ede2393700424073f1d810_0.png,PUBLIC_REAL_PHOTOS,e7fb4aa2342f0419605f5e9a91708b8adc345eb54ede01fcc1addf55c78e7e59,1,2
wound_azh_patches_ec4e3ac10fd0606a78ae8b4221abf703_0,train,azh:ec4e3ac10fd0606a78ae8b4221abf703,data/datasets/yolo_wound_boxes_v1/images/train/wound_azh_patches_ec4e3ac10fd0606a78ae8b4221abf703_0.jpg,data/datasets/yolo_wound_boxes_v1/labels/train/wound_azh_patches_ec4e3ac10fd0606a78ae8b4221abf703_0.txt,azh_patches,data/datasets/external/azh_patches/test/images/ec4e3ac10fd0606a78ae8b4221abf703_0.png,PUBLIC_REAL_PHOTOS,dfa8ca736587e12704452c77404f6c22bceaf1446bd00216a28c642521b73a1e,1,2
wound_azh_patches_ec95fced88cc2c85455d4f4c6020b630_0,train,azh:ec95fced88cc2c85455d4f4c6020b630,data/datasets/yolo_wound_boxes_v1/images/train/wound_azh_patches_ec95fced88cc2c85455d4f4c6020b630_0.jpg,data/datasets/yolo_wound_boxes_v1/labels/train/wound_azh_patches_ec95fced88cc2c85455d4f4c6020b630_0.txt,azh_patches,data/datasets/external/azh_patches/test/images/ec95fced88cc2c85455d4f4c6020b630_0.png,PUBLIC_REAL_PHOTOS,a66f23f4ec205948536079cd47329919d8be60f343372f3fbe5744e51ad85cfd,1,2
wound_azh_patches_ecaebadf4dbff10c5d61fbbf1179f3e9_0,train,azh:ecaebadf4dbff10c5d61fbbf1179f3e9,data/datasets/yolo_wound_boxes_v1/images/train/wound_azh_patches_ecaebadf4dbff10c5d61fbbf1179f3e9_0.jpg,data/datasets/yolo_wound_boxes_v1/labels/train/wound_azh_patches_ecaebadf4dbff10c5d61fbbf1179f3e9_0.txt,azh_patches,data/datasets/external/azh_patches/test/images/ecaebadf4dbff10c5d61fbbf1179f3e9_0.png,PUBLIC_REAL_PHOTOS,f5b32cd4023551b16d3d94214a7671e37bc6432225d65f4f3037d55ffcc05eca,1,2
wound_azh_patches_ee623addd9ec6832eda993ef2f8a4826_0,train,azh:ee623addd9ec6832eda993ef2f8a4826,data/datasets/yolo_wound_boxes_v1/images/train/wound_azh_patches_ee623addd9ec6832eda993ef2f8a4826_0.jpg,data/datasets/yolo_wound_boxes_v1/labels/train/wound_azh_patches_ee623addd9ec6832eda993ef2f8a4826_0.txt,azh_patches,data/datasets/external/azh_patches/test/images/ee623addd9ec6832eda993ef2f8a4826_0.png,PUBLIC_REAL_PHOTOS,814e489b75bd490cef8f6f442fb53e3d54fc543c1f0048deefda482dce8fa494,1,2
wound_azh_patches_ee7f42877f5fe4d0325dd24c71cebe0f_0,train,azh:ee7f42877f5fe4d0325dd24c71cebe0f,data/datasets/yolo_wound_boxes_v1/images/train/wound_azh_patches_ee7f42877f5fe4d0325dd24c71cebe0f_0.jpg,data/datasets/yolo_wound_boxes_v1/labels/train/wound_azh_patches_ee7f42877f5fe4d0325dd24c71cebe0f_0.txt,azh_patches,data/datasets/external/azh_patches/test/images/ee7f42877f5fe4d0325dd24c71cebe0f_0.png,PUBLIC_REAL_PHOTOS,34a77324e174e8e180adc1c198d80b1a1cba566592b9b9654d8018e833129876,1,2
wound_azh_patches_eef3aecc82ba0e69842bfc84b6fc7e51_0,train,azh:eef3aecc82ba0e69842bfc84b6fc7e51,data/datasets/yolo_wound_boxes_v1/images/train/wound_azh_patches_eef3aecc82ba0e69842bfc84b6fc7e51_0.jpg,data/datasets/yolo_wound_boxes_v1/labels/train/wound_azh_patches_eef3aecc82ba0e69842bfc84b6fc7e51_0.txt,azh_patches,data/datasets/external/azh_patches/test/images/eef3aecc82ba0e69842bfc84b6fc7e51_0.png,PUBLIC_REAL_PHOTOS,4e5261c9dc7993f0b5b02762f119265d361f0acdcfb98a13614705780480ff2a,1,2
wound_azh_patches_ef3c5efad12230cdc0f6a11ef78b99dc_0,val,azh:ef3c5efad12230cdc0f6a11ef78b99dc,data/datasets/yolo_wound_boxes_v1/images/val/wound_azh_patches_ef3c5efad12230cdc0f6a11ef78b99dc_0.jpg,data/datasets/yolo_wound_boxes_v1/labels/val/wound_azh_patches_ef3c5efad12230cdc0f6a11ef78b99dc_0.txt,azh_patches,data/datasets/external/azh_patches/test/images/ef3c5efad12230cdc0f6a11ef78b99dc_0.png,PUBLIC_REAL_PHOTOS,56a9be422121f06e43c36c0bf55d9fc5d58f4f9a138c2e3dbbce3cab970ec419,1,2
wound_azh_patches_efbf7089ae773d7ea72d88d2f98fb297_0,train,azh:efbf7089ae773d7ea72d88d2f98fb297,data/datasets/yolo_wound_boxes_v1/images/train/wound_azh_patches_efbf7089ae773d7ea72d88d2f98fb297_0.jpg,data/datasets/yolo_wound_boxes_v1/labels/train/wound_azh_patches_efbf7089ae773d7ea72d88d2f98fb297_0.txt,azh_patches,data/datasets/external/azh_patches/test/images/efbf7089ae773d7ea72d88d2f98fb297_0.png,PUBLIC_REAL_PHOTOS,a41887f2f3cfb4d4c3b995099985c81b363a3677bd86df66df897230029ff02d,1,2
wound_azh_patches_efbf7089ae773d7ea72d88d2f98fb297_1,train,azh:efbf7089ae773d7ea72d88d2f98fb297,data/datasets/yolo_wound_boxes_v1/images/train/wound_azh_patches_efbf7089ae773d7ea72d88d2f98fb297_1.jpg,data/datasets/yolo_wound_boxes_v1/labels/train/wound_azh_patches_efbf7089ae773d7ea72d88d2f98fb297_1.txt,azh_patches,data/datasets/external/azh_patches/test/images/efbf7089ae773d7ea72d88d2f98fb297_1.png,PUBLIC_REAL_PHOTOS,33c9b93fa885bb89b0553859b456333de5918c5cf61ef103e489202f2f5bbd08,1,2
wound_azh_patches_f0b2823522324c6a039630bf148bd607_0,train,azh:f0b2823522324c6a039630bf148bd607,data/datasets/yolo_wound_boxes_v1/images/train/wound_azh_patches_f0b2823522324c6a039630bf148bd607_0.jpg,data/datasets/yolo_wound_boxes_v1/labels/train/wound_azh_patches_f0b2823522324c6a039630bf148bd607_0.txt,azh_patches,data/datasets/external/azh_patches/test/images/f0b2823522324c6a039630bf148bd607_0.png,PUBLIC_REAL_PHOTOS,8919f8354cbede852072e2d986031525c2b11dfa9ba1b6436cdcf1b080c14ac7,1,2
wound_azh_patches_f0b2823522324c6a039630bf148bd607_1,train,azh:f0b2823522324c6a039630bf148bd607,data/datasets/yolo_wound_boxes_v1/images/train/wound_azh_patches_f0b2823522324c6a039630bf148bd607_1.jpg,data/datasets/yolo_wound_boxes_v1/labels/train/wound_azh_patches_f0b2823522324c6a039630bf148bd607_1.txt,azh_patches,data/datasets/external/azh_patches/test/images/f0b2823522324c6a039630bf148bd607_1.png,PUBLIC_REAL_PHOTOS,44650ce012897ae7310f9ced80857ea424eaf7e5d6c9cb752f3cfd3354aa4918,1,2
wound_azh_patches_f0b63a6653ab144c1f64ab8e123ae662_0,val,azh:f0b63a6653ab144c1f64ab8e123ae662,data/datasets/yolo_wound_boxes_v1/images/val/wound_azh_patches_f0b63a6653ab144c1f64ab8e123ae662_0.jpg,data/datasets/yolo_wound_boxes_v1/labels/val/wound_azh_patches_f0b63a6653ab144c1f64ab8e123ae662_0.txt,azh_patches,data/datasets/external/azh_patches/test/images/f0b63a6653ab144c1f64ab8e123ae662_0.png,PUBLIC_REAL_PHOTOS,cbbc50873660d28f6508b5368df1b60221c76e2fcdb0413cb56143ddc57cadc3,1,2
wound_azh_patches_f107018ff95198440c64a3656df80706_0,val,azh:f107018ff95198440c64a3656df80706,data/datasets/yolo_wound_boxes_v1/images/val/wound_azh_patches_f107018ff95198440c64a3656df80706_0.jpg,data/datasets/yolo_wound_boxes_v1/labels/val/wound_azh_patches_f107018ff95198440c64a3656df80706_0.txt,azh_patches,data/datasets/external/azh_patches/test/images/f107018ff95198440c64a3656df80706_0.png,PUBLIC_REAL_PHOTOS,f81340dbb9bf6faaffb412af5fae593ff94e499efb1561fa66593d584a46f115,1,2
wound_azh_patches_f1a3c0f9a6a43932bf8f51a44e43f6b3_0,train,azh:f1a3c0f9a6a43932bf8f51a44e43f6b3,data/datasets/yolo_wound_boxes_v1/images/train/wound_azh_patches_f1a3c0f9a6a43932bf8f51a44e43f6b3_0.jpg,data/datasets/yolo_wound_boxes_v1/labels/train/wound_azh_patches_f1a3c0f9a6a43932bf8f51a44e43f6b3_0.txt,azh_patches,data/datasets/external/azh_patches/test/images/f1a3c0f9a6a43932bf8f51a44e43f6b3_0.png,PUBLIC_REAL_PHOTOS,9632519a5de0819cfe0daac1959f3ce2ded61d4af7eb15f1977757b53d58c123,1,2
wound_azh_patches_f1b0323e4fcaab9e6de50d0cacd821f4_0,val,azh:f1b0323e4fcaab9e6de50d0cacd821f4,data/datasets/yolo_wound_boxes_v1/images/val/wound_azh_patches_f1b0323e4fcaab9e6de50d0cacd821f4_0.jpg,data/datasets/yolo_wound_boxes_v1/labels/val/wound_azh_patches_f1b0323e4fcaab9e6de50d0cacd821f4_0.txt,azh_patches,data/datasets/external/azh_patches/test/images/f1b0323e4fcaab9e6de50d0cacd821f4_0.png,PUBLIC_REAL_PHOTOS,8a9f81d46c8604f99b572c6351a351fe2603e6ee98f5caf2b8b9956a403150ef,1,2
wound_azh_patches_f1b365003991490f0479d9886956ec8a_0,train,azh:f1b365003991490f0479d9886956ec8a,data/datasets/yolo_wound_boxes_v1/images/train/wound_azh_patches_f1b365003991490f0479d9886956ec8a_0.jpg,data/datasets/yolo_wound_boxes_v1/labels/train/wound_azh_patches_f1b365003991490f0479d9886956ec8a_0.txt,azh_patches,data/datasets/external/azh_patches/test/images/f1b365003991490f0479d9886956ec8a_0.png,PUBLIC_REAL_PHOTOS,73a3f9e844b692333b24c6fe535e2b13fcb856db146682d79eed8bf5c3b094a6,1,2
wound_azh_patches_f1b365003991490f0479d9886956ec8a_1,train,azh:f1b365003991490f0479d9886956ec8a,data/datasets/yolo_wound_boxes_v1/images/train/wound_azh_patches_f1b365003991490f0479d9886956ec8a_1.jpg,data/datasets/yolo_wound_boxes_v1/labels/train/wound_azh_patches_f1b365003991490f0479d9886956ec8a_1.txt,azh_patches,data/datasets/external/azh_patches/test/images/f1b365003991490f0479d9886956ec8a_1.png,PUBLIC_REAL_PHOTOS,2b7a09ca865b6b953806224cb3f6e8c0c8107f1136b9062554bbbfc2dced3247,1,2
wound_azh_patches_f1bd40f41eab8e6cad1b5c0cc250f423_0,train,azh:f1bd40f41eab8e6cad1b5c0cc250f423,data/datasets/yolo_wound_boxes_v1/images/train/wound_azh_patches_f1bd40f41eab8e6cad1b5c0cc250f423_0.jpg,data/datasets/yolo_wound_boxes_v1/labels/train/wound_azh_patches_f1bd40f41eab8e6cad1b5c0cc250f423_0.txt,azh_patches,data/datasets/external/azh_patches/test/images/f1bd40f41eab8e6cad1b5c0cc250f423_0.png,PUBLIC_REAL_PHOTOS,abc7ebc9b019d43279398202ce18a2e61fed4b3e0555dac7d9d048377836e47e,1,2
wound_azh_patches_f1bd40f41eab8e6cad1b5c0cc250f423_1,train,azh:f1bd40f41eab8e6cad1b5c0cc250f423,data/datasets/yolo_wound_boxes_v1/images/train/wound_azh_patches_f1bd40f41eab8e6cad1b5c0cc250f423_1.jpg,data/datasets/yolo_wound_boxes_v1/labels/train/wound_azh_patches_f1bd40f41eab8e6cad1b5c0cc250f423_1.txt,azh_patches,data/datasets/external/azh_patches/test/images/f1bd40f41eab8e6cad1b5c0cc250f423_1.png,PUBLIC_REAL_PHOTOS,b60fff6bc2b0a0c4b1c4cc16432a6c974fc8a03fe16acdb2688bf4938579bb0b,1,2
wound_azh_patches_f1bd40f41eab8e6cad1b5c0cc250f423_2,train,azh:f1bd40f41eab8e6cad1b5c0cc250f423,data/datasets/yolo_wound_boxes_v1/images/train/wound_azh_patches_f1bd40f41eab8e6cad1b5c0cc250f423_2.jpg,data/datasets/yolo_wound_boxes_v1/labels/train/wound_azh_patches_f1bd40f41eab8e6cad1b5c0cc250f423_2.txt,azh_patches,data/datasets/external/azh_patches/test/images/f1bd40f41eab8e6cad1b5c0cc250f423_2.png,PUBLIC_REAL_PHOTOS,2a62428b4572bc48e245bdb40aaf1d8f6c696fb1d59e020b5296f1588c60ba3b,1,2
wound_azh_patches_f2036649c60a5d820be0ba277ac8dc86_0,train,azh:f2036649c60a5d820be0ba277ac8dc86,data/datasets/yolo_wound_boxes_v1/images/train/wound_azh_patches_f2036649c60a5d820be0ba277ac8dc86_0.jpg,data/datasets/yolo_wound_boxes_v1/labels/train/wound_azh_patches_f2036649c60a5d820be0ba277ac8dc86_0.txt,azh_patches,data/datasets/external/azh_patches/test/images/f2036649c60a5d820be0ba277ac8dc86_0.png,PUBLIC_REAL_PHOTOS,0e7f40a8393698e34c36aeba80be131b6388edbd72e8c45904ba575f85b865e2,1,2
wound_azh_patches_f27196e29ec08e65f12347a4c0ad73ed_0,train,azh:f27196e29ec08e65f12347a4c0ad73ed,data/datasets/yolo_wound_boxes_v1/images/train/wound_azh_patches_f27196e29ec08e65f12347a4c0ad73ed_0.jpg,data/datasets/yolo_wound_boxes_v1/labels/train/wound_azh_patches_f27196e29ec08e65f12347a4c0ad73ed_0.txt,azh_patches,data/datasets/external/azh_patches/test/images/f27196e29ec08e65f12347a4c0ad73ed_0.png,PUBLIC_REAL_PHOTOS,31219142d4e82e4ea6bf0b1d9f9defe3016416b421198c6c462e6b32e343e8b8,1,2
wound_azh_patches_f2857d48d2173f38a0743c261c4935b8_0,val,azh:f2857d48d2173f38a0743c261c4935b8,data/datasets/yolo_wound_boxes_v1/images/val/wound_azh_patches_f2857d48d2173f38a0743c261c4935b8_0.jpg,data/datasets/yolo_wound_boxes_v1/labels/val/wound_azh_patches_f2857d48d2173f38a0743c261c4935b8_0.txt,azh_patches,data/datasets/external/azh_patches/test/images/f2857d48d2173f38a0743c261c4935b8_0.png,PUBLIC_REAL_PHOTOS,e7ead1342392d8d78dca6b62cbf90f10f61acd87fc7ac6e1af93eab2c8476648,1,2
wound_azh_patches_f31fdfedf14100cd7d76b5a557134850_0,test,azh:f31fdfedf14100cd7d76b5a557134850,data/datasets/yolo_wound_boxes_v1/images/test/wound_azh_patches_f31fdfedf14100cd7d76b5a557134850_0.jpg,data/datasets/yolo_wound_boxes_v1/labels/test/wound_azh_patches_f31fdfedf14100cd7d76b5a557134850_0.txt,azh_patches,data/datasets/external/azh_patches/test/images/f31fdfedf14100cd7d76b5a557134850_0.png,PUBLIC_REAL_PHOTOS,f06841bf419860e3b8872ea845ad41f78f62465e00dea1c6b91dc526800683b7,1,2
wound_azh_patches_f38cf58b7378b7f67780229f35fc3788_0,train,azh:f38cf58b7378b7f67780229f35fc3788,data/datasets/yolo_wound_boxes_v1/images/train/wound_azh_patches_f38cf58b7378b7f67780229f35fc3788_0.jpg,data/datasets/yolo_wound_boxes_v1/labels/train/wound_azh_patches_f38cf58b7378b7f67780229f35fc3788_0.txt,azh_patches,data/datasets/external/azh_patches/test/images/f38cf58b7378b7f67780229f35fc3788_0.png,PUBLIC_REAL_PHOTOS,d36419aaacdd9f1ad1e1d5a982b3f6b2d2ce4fc2ff346f2e3ba3f636326e0c53,1,2
wound_azh_patches_f38cf58b7378b7f67780229f35fc3788_1,train,azh:f38cf58b7378b7f67780229f35fc3788,data/datasets/yolo_wound_boxes_v1/images/train/wound_azh_patches_f38cf58b7378b7f67780229f35fc3788_1.jpg,data/datasets/yolo_wound_boxes_v1/labels/train/wound_azh_patches_f38cf58b7378b7f67780229f35fc3788_1.txt,azh_patches,data/datasets/external/azh_patches/test/images/f38cf58b7378b7f67780229f35fc3788_1.png,PUBLIC_REAL_PHOTOS,0a281c28e037beaeefa9dd743d9c0dc014954db60a570b832775f7bb135fd122,1,2
wound_azh_patches_f3fb11dc51d0d4872f3e253605c02154_0,val,azh:f3fb11dc51d0d4872f3e253605c02154,data/datasets/yolo_wound_boxes_v1/images/val/wound_azh_patches_f3fb11dc51d0d4872f3e253605c02154_0.jpg,data/datasets/yolo_wound_boxes_v1/labels/val/wound_azh_patches_f3fb11dc51d0d4872f3e253605c02154_0.txt,azh_patches,data/datasets/external/azh_patches/test/images/f3fb11dc51d0d4872f3e253605c02154_0.png,PUBLIC_REAL_PHOTOS,c935307b1b4aa4fd5e9b828b2bfc8257558771cc527f7333d49d57787cb27111,1,2
wound_azh_patches_f453b32f5568fa5eba01632764944b7b_0,train,azh:f453b32f5568fa5eba01632764944b7b,data/datasets/yolo_wound_boxes_v1/images/train/wound_azh_patches_f453b32f5568fa5eba01632764944b7b_0.jpg,data/datasets/yolo_wound_boxes_v1/labels/train/wound_azh_patches_f453b32f5568fa5eba01632764944b7b_0.txt,azh_patches,data/datasets/external/azh_patches/test/images/f453b32f5568fa5eba01632764944b7b_0.png,PUBLIC_REAL_PHOTOS,10db247a807a5108a39084fce474547f476dcb1d5275c9c2ed7108876adf1604,1,2
wound_azh_patches_f453b32f5568fa5eba01632764944b7b_1,train,azh:f453b32f5568fa5eba01632764944b7b,data/datasets/yolo_wound_boxes_v1/images/train/wound_azh_patches_f453b32f5568fa5eba01632764944b7b_1.jpg,data/datasets/yolo_wound_boxes_v1/labels/train/wound_azh_patches_f453b32f5568fa5eba01632764944b7b_1.txt,azh_patches,data/datasets/external/azh_patches/test/images/f453b32f5568fa5eba01632764944b7b_1.png,PUBLIC_REAL_PHOTOS,90caca1e3175baf3e90fc6638d97b80bda7b86d9aa19517f292bbba2ef953653,1,2
wound_azh_patches_f453b32f5568fa5eba01632764944b7b_2,train,azh:f453b32f5568fa5eba01632764944b7b,data/datasets/yolo_wound_boxes_v1/images/train/wound_azh_patches_f453b32f5568fa5eba01632764944b7b_2.jpg,data/datasets/yolo_wound_boxes_v1/labels/train/wound_azh_patches_f453b32f5568fa5eba01632764944b7b_2.txt,azh_patches,data/datasets/external/azh_patches/test/images/f453b32f5568fa5eba01632764944b7b_2.png,PUBLIC_REAL_PHOTOS,0d36490846bd7108df0da31cd87a69bab7ca21d59b5e9ce99493ba6772f35764,1,2
wound_azh_patches_f453b32f5568fa5eba01632764944b7b_3,train,azh:f453b32f5568fa5eba01632764944b7b,data/datasets/yolo_wound_boxes_v1/images/train/wound_azh_patches_f453b32f5568fa5eba01632764944b7b_3.jpg,data/datasets/yolo_wound_boxes_v1/labels/train/wound_azh_patches_f453b32f5568fa5eba01632764944b7b_3.txt,azh_patches,data/datasets/external/azh_patches/test/images/f453b32f5568fa5eba01632764944b7b_3.png,PUBLIC_REAL_PHOTOS,f8d5b2a89742e1640601fa3428cd56588b8b55d0117c316df07468b0c2ffeeb3,1,2
wound_azh_patches_f46434c267bc392570aa9c71be351fe8_1,train,azh:f46434c267bc392570aa9c71be351fe8,data/datasets/yolo_wound_boxes_v1/images/train/wound_azh_patches_f46434c267bc392570aa9c71be351fe8_1.jpg,data/datasets/yolo_wound_boxes_v1/labels/train/wound_azh_patches_f46434c267bc392570aa9c71be351fe8_1.txt,azh_patches,data/datasets/external/azh_patches/test/images/f46434c267bc392570aa9c71be351fe8_1.png,PUBLIC_REAL_PHOTOS,0bda830faf6c6cf580fb0b44849d09526179a0544c7638bfe738410dfbe2c829,1,2
wound_azh_patches_f47bfeb5012e19508501fa1a7d75ac58_0,test,azh:f47bfeb5012e19508501fa1a7d75ac58,data/datasets/yolo_wound_boxes_v1/images/test/wound_azh_patches_f47bfeb5012e19508501fa1a7d75ac58_0.jpg,data/datasets/yolo_wound_boxes_v1/labels/test/wound_azh_patches_f47bfeb5012e19508501fa1a7d75ac58_0.txt,azh_patches,data/datasets/external/azh_patches/test/images/f47bfeb5012e19508501fa1a7d75ac58_0.png,PUBLIC_REAL_PHOTOS,54e5113b8c73ceae5714397908790c3acf47c273a0d0f44b3daba853fa57ada6,1,2
wound_azh_patches_f4c9195c2593623066feff4d45f6d8c1_0,train,azh:f4c9195c2593623066feff4d45f6d8c1,data/datasets/yolo_wound_boxes_v1/images/train/wound_azh_patches_f4c9195c2593623066feff4d45f6d8c1_0.jpg,data/datasets/yolo_wound_boxes_v1/labels/train/wound_azh_patches_f4c9195c2593623066feff4d45f6d8c1_0.txt,azh_patches,data/datasets/external/azh_patches/test/images/f4c9195c2593623066feff4d45f6d8c1_0.png,PUBLIC_REAL_PHOTOS,fe1bae3d5b1ea761846ed0f2a164c5a276722d6738a73384783bfcae384ead8f,1,2
wound_azh_patches_f4ea544d35d19ae58c1fa34740d6c31e_0,train,azh:f4ea544d35d19ae58c1fa34740d6c31e,data/datasets/yolo_wound_boxes_v1/images/train/wound_azh_patches_f4ea544d35d19ae58c1fa34740d6c31e_0.jpg,data/datasets/yolo_wound_boxes_v1/labels/train/wound_azh_patches_f4ea544d35d19ae58c1fa34740d6c31e_0.txt,azh_patches,data/datasets/external/azh_patches/test/images/f4ea544d35d19ae58c1fa34740d6c31e_0.png,PUBLIC_REAL_PHOTOS,db2d077a669d7eae14f326823929bd66c579a1d56b53ece3f4d920a21bced59a,1,2
wound_azh_patches_f4efa0449c689256e38c1df16706ef8e_0,train,azh:f4efa0449c689256e38c1df16706ef8e,data/datasets/yolo_wound_boxes_v1/images/train/wound_azh_patches_f4efa0449c689256e38c1df16706ef8e_0.jpg,data/datasets/yolo_wound_boxes_v1/labels/train/wound_azh_patches_f4efa0449c689256e38c1df16706ef8e_0.txt,azh_patches,data/datasets/external/azh_patches/test/images/f4efa0449c689256e38c1df16706ef8e_0.png,PUBLIC_REAL_PHOTOS,919acda834d8e54943eb28efb2f8af5bee66299153ec2633fe0827bf2e8345a2,1,2
wound_azh_patches_f6ea0fad7eecd7bcc36230779b9aaa10_0,val,azh:f6ea0fad7eecd7bcc36230779b9aaa10,data/datasets/yolo_wound_boxes_v1/images/val/wound_azh_patches_f6ea0fad7eecd7bcc36230779b9aaa10_0.jpg,data/datasets/yolo_wound_boxes_v1/labels/val/wound_azh_patches_f6ea0fad7eecd7bcc36230779b9aaa10_0.txt,azh_patches,data/datasets/external/azh_patches/test/images/f6ea0fad7eecd7bcc36230779b9aaa10_0.png,PUBLIC_REAL_PHOTOS,41dbc4ddfbaa8713abaad34e8bd1001dbd77c797c1ed82713791affd8fcb26a3,1,2
wound_azh_patches_f7c294ef330542c31e433a50646f184d_0,val,azh:f7c294ef330542c31e433a50646f184d,data/datasets/yolo_wound_boxes_v1/images/val/wound_azh_patches_f7c294ef330542c31e433a50646f184d_0.jpg,data/datasets/yolo_wound_boxes_v1/labels/val/wound_azh_patches_f7c294ef330542c31e433a50646f184d_0.txt,azh_patches,data/datasets/external/azh_patches/test/images/f7c294ef330542c31e433a50646f184d_0.png,PUBLIC_REAL_PHOTOS,0cde48a0798d629be98bb1d6306cd4982b42997772ee5d93f52ee03b64de2cb6,1,2
wound_azh_patches_f914fda1ba2e3e2d6ef75905d34ca868_0,train,azh:f914fda1ba2e3e2d6ef75905d34ca868,data/datasets/yolo_wound_boxes_v1/images/train/wound_azh_patches_f914fda1ba2e3e2d6ef75905d34ca868_0.jpg,data/datasets/yolo_wound_boxes_v1/labels/train/wound_azh_patches_f914fda1ba2e3e2d6ef75905d34ca868_0.txt,azh_patches,data/datasets/external/azh_patches/test/images/f914fda1ba2e3e2d6ef75905d34ca868_0.png,PUBLIC_REAL_PHOTOS,523f30a60cdf04c770cf3f9023a963f02121c32067bb2a501f9eed0aeaf3bf70,1,2
wound_azh_patches_f95645ffe34b09f7b67a43aceb3f6619_0,test,azh:f95645ffe34b09f7b67a43aceb3f6619,data/datasets/yolo_wound_boxes_v1/images/test/wound_azh_patches_f95645ffe34b09f7b67a43aceb3f6619_0.jpg,data/datasets/yolo_wound_boxes_v1/labels/test/wound_azh_patches_f95645ffe34b09f7b67a43aceb3f6619_0.txt,azh_patches,data/datasets/external/azh_patches/test/images/f95645ffe34b09f7b67a43aceb3f6619_0.png,PUBLIC_REAL_PHOTOS,a9ae198d9beef6563d47d1c9d6b61fad06d5dd73a2ee75d53c4182e0355043f3,1,2
wound_azh_patches_f95645ffe34b09f7b67a43aceb3f6619_1,test,azh:f95645ffe34b09f7b67a43aceb3f6619,data/datasets/yolo_wound_boxes_v1/images/test/wound_azh_patches_f95645ffe34b09f7b67a43aceb3f6619_1.jpg,data/datasets/yolo_wound_boxes_v1/labels/test/wound_azh_patches_f95645ffe34b09f7b67a43aceb3f6619_1.txt,azh_patches,data/datasets/external/azh_patches/test/images/f95645ffe34b09f7b67a43aceb3f6619_1.png,PUBLIC_REAL_PHOTOS,0c44d2d0f70e6a459b2b6bdb2f3f441c113c756afb7c497811dc73f365aa6ee3,1,2
wound_azh_patches_f95645ffe34b09f7b67a43aceb3f6619_2,test,azh:f95645ffe34b09f7b67a43aceb3f6619,data/datasets/yolo_wound_boxes_v1/images/test/wound_azh_patches_f95645ffe34b09f7b67a43aceb3f6619_2.jpg,data/datasets/yolo_wound_boxes_v1/labels/test/wound_azh_patches_f95645ffe34b09f7b67a43aceb3f6619_2.txt,azh_patches,data/datasets/external/azh_patches/test/images/f95645ffe34b09f7b67a43aceb3f6619_2.png,PUBLIC_REAL_PHOTOS,5bcd7a4583d4bbb1efd9523bce864354f9d237bea1be54505ac2f3597b24bf9f,1,2
wound_azh_patches_fa3f8a89b7c08ac1c5c5b3637bcc6d12_0,train,azh:fa3f8a89b7c08ac1c5c5b3637bcc6d12,data/datasets/yolo_wound_boxes_v1/images/train/wound_azh_patches_fa3f8a89b7c08ac1c5c5b3637bcc6d12_0.jpg,data/datasets/yolo_wound_boxes_v1/labels/train/wound_azh_patches_fa3f8a89b7c08ac1c5c5b3637bcc6d12_0.txt,azh_patches,data/datasets/external/azh_patches/test/images/fa3f8a89b7c08ac1c5c5b3637bcc6d12_0.png,PUBLIC_REAL_PHOTOS,58233fc3c7ab6206fe58d21ebe044282ade9f9e36576e99f3c80048be1561219,1,2
wound_azh_patches_fa5d8a90db19b5dd81a53cc3572763ed_0,train,azh:fa5d8a90db19b5dd81a53cc3572763ed,data/datasets/yolo_wound_boxes_v1/images/train/wound_azh_patches_fa5d8a90db19b5dd81a53cc3572763ed_0.jpg,data/datasets/yolo_wound_boxes_v1/labels/train/wound_azh_patches_fa5d8a90db19b5dd81a53cc3572763ed_0.txt,azh_patches,data/datasets/external/azh_patches/test/images/fa5d8a90db19b5dd81a53cc3572763ed_0.png,PUBLIC_REAL_PHOTOS,97c6d8c0f5bd1e7ab3f4d6c8bd0778881b69a420001a28ca7f7bb85e5b4cd6b2,1,2
wound_azh_patches_fa6fb6f94a3ba6c9b98ba40a3e0d1175_1,train,azh:fa6fb6f94a3ba6c9b98ba40a3e0d1175,data/datasets/yolo_wound_boxes_v1/images/train/wound_azh_patches_fa6fb6f94a3ba6c9b98ba40a3e0d1175_1.jpg,data/datasets/yolo_wound_boxes_v1/labels/train/wound_azh_patches_fa6fb6f94a3ba6c9b98ba40a3e0d1175_1.txt,azh_patches,data/datasets/external/azh_patches/test/images/fa6fb6f94a3ba6c9b98ba40a3e0d1175_1.png,PUBLIC_REAL_PHOTOS,a9ac8b621ce92ecc1c0ce50eef87d21adb08e59c47a0c4c80e4849c516039db4,1,2
wound_azh_patches_fa6fb6f94a3ba6c9b98ba40a3e0d1175_2,train,azh:fa6fb6f94a3ba6c9b98ba40a3e0d1175,data/datasets/yolo_wound_boxes_v1/images/train/wound_azh_patches_fa6fb6f94a3ba6c9b98ba40a3e0d1175_2.jpg,data/datasets/yolo_wound_boxes_v1/labels/train/wound_azh_patches_fa6fb6f94a3ba6c9b98ba40a3e0d1175_2.txt,azh_patches,data/datasets/external/azh_patches/test/images/fa6fb6f94a3ba6c9b98ba40a3e0d1175_2.png,PUBLIC_REAL_PHOTOS,d937b650e2b1e5e4aa43b83add769b09fdb41bdc715a7a24389b391ff04b55e9,1,2
wound_azh_patches_fabd3bb48d530b44f0b370ab1280a8d9_0,train,azh:fabd3bb48d530b44f0b370ab1280a8d9,data/datasets/yolo_wound_boxes_v1/images/train/wound_azh_patches_fabd3bb48d530b44f0b370ab1280a8d9_0.jpg,data/datasets/yolo_wound_boxes_v1/labels/train/wound_azh_patches_fabd3bb48d530b44f0b370ab1280a8d9_0.txt,azh_patches,data/datasets/external/azh_patches/test/images/fabd3bb48d530b44f0b370ab1280a8d9_0.png,PUBLIC_REAL_PHOTOS,53f7fd192c55a9cd3a354857f0b9b272b1f5211d1e67ebb21cf5e156d0a617ec,1,2
wound_azh_patches_fb558da791876eaf1e251fb36cbe94ab_0,train,azh:fb558da791876eaf1e251fb36cbe94ab,data/datasets/yolo_wound_boxes_v1/images/train/wound_azh_patches_fb558da791876eaf1e251fb36cbe94ab_0.jpg,data/datasets/yolo_wound_boxes_v1/labels/train/wound_azh_patches_fb558da791876eaf1e251fb36cbe94ab_0.txt,azh_patches,data/datasets/external/azh_patches/test/images/fb558da791876eaf1e251fb36cbe94ab_0.png,PUBLIC_REAL_PHOTOS,a2f2231cd40fe2255db953e0c31a51cca12df85f21f23aae0f6f9c463470be20,1,2
wound_azh_patches_fb5a11e71a74514ca722292d5ddfd86b_0,val,azh:fb5a11e71a74514ca722292d5ddfd86b,data/datasets/yolo_wound_boxes_v1/images/val/wound_azh_patches_fb5a11e71a74514ca722292d5ddfd86b_0.jpg,data/datasets/yolo_wound_boxes_v1/labels/val/wound_azh_patches_fb5a11e71a74514ca722292d5ddfd86b_0.txt,azh_patches,data/datasets/external/azh_patches/test/images/fb5a11e71a74514ca722292d5ddfd86b_0.png,PUBLIC_REAL_PHOTOS,813256afe3901ab59ff5ed0570a3959f74b8adcf7beb74703c00c6477185952f,1,2
wound_azh_patches_fb5a11e71a74514ca722292d5ddfd86b_1,val,azh:fb5a11e71a74514ca722292d5ddfd86b,data/datasets/yolo_wound_boxes_v1/images/val/wound_azh_patches_fb5a11e71a74514ca722292d5ddfd86b_1.jpg,data/datasets/yolo_wound_boxes_v1/labels/val/wound_azh_patches_fb5a11e71a74514ca722292d5ddfd86b_1.txt,azh_patches,data/datasets/external/azh_patches/test/images/fb5a11e71a74514ca722292d5ddfd86b_1.png,PUBLIC_REAL_PHOTOS,51d43d9d92b788e96a1129ffb6278072c926b9d4e8dc21e804043c5b40c32ed9,1,2
wound_azh_patches_fb7a3ed908a2206060ed161389bcd2b7_0,train,azh:fb7a3ed908a2206060ed161389bcd2b7,data/datasets/yolo_wound_boxes_v1/images/train/wound_azh_patches_fb7a3ed908a2206060ed161389bcd2b7_0.jpg,data/datasets/yolo_wound_boxes_v1/labels/train/wound_azh_patches_fb7a3ed908a2206060ed161389bcd2b7_0.txt,azh_patches,data/datasets/external/azh_patches/test/images/fb7a3ed908a2206060ed161389bcd2b7_0.png,PUBLIC_REAL_PHOTOS,d5256e80d7f28e450c10c984ac49e80278620c27493906be1e6ea9e64a4c9c0c,1,2
wound_azh_patches_fb95f7d1cc83435e22fdeb5a748e77f0_0,train,azh:fb95f7d1cc83435e22fdeb5a748e77f0,data/datasets/yolo_wound_boxes_v1/images/train/wound_azh_patches_fb95f7d1cc83435e22fdeb5a748e77f0_0.jpg,data/datasets/yolo_wound_boxes_v1/labels/train/wound_azh_patches_fb95f7d1cc83435e22fdeb5a748e77f0_0.txt,azh_patches,data/datasets/external/azh_patches/test/images/fb95f7d1cc83435e22fdeb5a748e77f0_0.png,PUBLIC_REAL_PHOTOS,39b97e26f603e36cab282600a15cd262907171fc0c322f573b05ea5ad44002b5,1,2
wound_azh_patches_fc7a762e77e901c7f62a2ad832f948d6_0,train,azh:fc7a762e77e901c7f62a2ad832f948d6,data/datasets/yolo_wound_boxes_v1/images/train/wound_azh_patches_fc7a762e77e901c7f62a2ad832f948d6_0.jpg,data/datasets/yolo_wound_boxes_v1/labels/train/wound_azh_patches_fc7a762e77e901c7f62a2ad832f948d6_0.txt,azh_patches,data/datasets/external/azh_patches/test/images/fc7a762e77e901c7f62a2ad832f948d6_0.png,PUBLIC_REAL_PHOTOS,b3ebc1bb4744f7512250227565ccba0f8464a4cda6a3c5f7dbd96e6519d56ea8,1,2
wound_azh_patches_fc7a762e77e901c7f62a2ad832f948d6_1,train,azh:fc7a762e77e901c7f62a2ad832f948d6,data/datasets/yolo_wound_boxes_v1/images/train/wound_azh_patches_fc7a762e77e901c7f62a2ad832f948d6_1.jpg,data/datasets/yolo_wound_boxes_v1/labels/train/wound_azh_patches_fc7a762e77e901c7f62a2ad832f948d6_1.txt,azh_patches,data/datasets/external/azh_patches/test/images/fc7a762e77e901c7f62a2ad832f948d6_1.png,PUBLIC_REAL_PHOTOS,28f0255054d274e445b37b3254a199e9e35b1a6c5c23d537f5079e8d84127a38,1,2
wound_azh_patches_fc8cfa134ff61d753932f38bec770f4d_0,train,azh:fc8cfa134ff61d753932f38bec770f4d,data/datasets/yolo_wound_boxes_v1/images/train/wound_azh_patches_fc8cfa134ff61d753932f38bec770f4d_0.jpg,data/datasets/yolo_wound_boxes_v1/labels/train/wound_azh_patches_fc8cfa134ff61d753932f38bec770f4d_0.txt,azh_patches,data/datasets/external/azh_patches/test/images/fc8cfa134ff61d753932f38bec770f4d_0.png,PUBLIC_REAL_PHOTOS,b68f15a97679cd5cc78c6a7e50cbdbcee62a18ae559c12b7c82d73c5c03cca5e,1,2
wound_azh_patches_fcbac4c0013676953e8d4a850578463b_0,val,azh:fcbac4c0013676953e8d4a850578463b,data/datasets/yolo_wound_boxes_v1/images/val/wound_azh_patches_fcbac4c0013676953e8d4a850578463b_0.jpg,data/datasets/yolo_wound_boxes_v1/labels/val/wound_azh_patches_fcbac4c0013676953e8d4a850578463b_0.txt,azh_patches,data/datasets/external/azh_patches/test/images/fcbac4c0013676953e8d4a850578463b_0.png,PUBLIC_REAL_PHOTOS,f9d790891ec55c7aa35b5e70666852ab40f5cec05eac3e40e5b563f2f6670306,1,2
wound_azh_patches_fd03ed94f0816c4d94d9d235fa2739d1_0,train,azh:fd03ed94f0816c4d94d9d235fa2739d1,data/datasets/yolo_wound_boxes_v1/images/train/wound_azh_patches_fd03ed94f0816c4d94d9d235fa2739d1_0.jpg,data/datasets/yolo_wound_boxes_v1/labels/train/wound_azh_patches_fd03ed94f0816c4d94d9d235fa2739d1_0.txt,azh_patches,data/datasets/external/azh_patches/test/images/fd03ed94f0816c4d94d9d235fa2739d1_0.png,PUBLIC_REAL_PHOTOS,9b66e8ec598ae3cf5350e26993ba1ce145599df9914f52d254978cd678d67423,1,2
wound_azh_patches_fd41ed4e782d5b828d7613b9538e3243_0,train,azh:fd41ed4e782d5b828d7613b9538e3243,data/datasets/yolo_wound_boxes_v1/images/train/wound_azh_patches_fd41ed4e782d5b828d7613b9538e3243_0.jpg,data/datasets/yolo_wound_boxes_v1/labels/train/wound_azh_patches_fd41ed4e782d5b828d7613b9538e3243_0.txt,azh_patches,data/datasets/external/azh_patches/test/images/fd41ed4e782d5b828d7613b9538e3243_0.png,PUBLIC_REAL_PHOTOS,ff7038ffb7b96c6941cb44e35dde97fe736dded594367d291b800e0b20cd930f,1,2
wound_azh_patches_fd8b701a9f04ceae6fd5368d9b3f473e_0,train,azh:fd8b701a9f04ceae6fd5368d9b3f473e,data/datasets/yolo_wound_boxes_v1/images/train/wound_azh_patches_fd8b701a9f04ceae6fd5368d9b3f473e_0.jpg,data/datasets/yolo_wound_boxes_v1/labels/train/wound_azh_patches_fd8b701a9f04ceae6fd5368d9b3f473e_0.txt,azh_patches,data/datasets/external/azh_patches/test/images/fd8b701a9f04ceae6fd5368d9b3f473e_0.png,PUBLIC_REAL_PHOTOS,03a46295e4eb9df5d966c285a8cd2d2b72de64adc4d5af988aa07bce25abf4de,1,2
wound_azh_patches_fdd395520e35dec6bace186784534fbd_0,test,azh:fdd395520e35dec6bace186784534fbd,data/datasets/yolo_wound_boxes_v1/images/test/wound_azh_patches_fdd395520e35dec6bace186784534fbd_0.jpg,data/datasets/yolo_wound_boxes_v1/labels/test/wound_azh_patches_fdd395520e35dec6bace186784534fbd_0.txt,azh_patches,data/datasets/external/azh_patches/test/images/fdd395520e35dec6bace186784534fbd_0.png,PUBLIC_REAL_PHOTOS,0c5fe1ac86add3c47b5d505a69d2fbeac002b64c4b33e9918124cf832a6c9d5d,1,2
wound_azh_patches_fe47ad6108f38b8923e4b8e622fb039f_0,train,azh:fe47ad6108f38b8923e4b8e622fb039f,data/datasets/yolo_wound_boxes_v1/images/train/wound_azh_patches_fe47ad6108f38b8923e4b8e622fb039f_0.jpg,data/datasets/yolo_wound_boxes_v1/labels/train/wound_azh_patches_fe47ad6108f38b8923e4b8e622fb039f_0.txt,azh_patches,data/datasets/external/azh_patches/test/images/fe47ad6108f38b8923e4b8e622fb039f_0.png,PUBLIC_REAL_PHOTOS,c05b0e327143e32d7e48a409c906f7b591986db9c36370447f690c76a9a9f401,1,2
wound_azh_patches_fe538b56221f0c9413a04b16b527250b_0,train,azh:fe538b56221f0c9413a04b16b527250b,data/datasets/yolo_wound_boxes_v1/images/train/wound_azh_patches_fe538b56221f0c9413a04b16b527250b_0.jpg,data/datasets/yolo_wound_boxes_v1/labels/train/wound_azh_patches_fe538b56221f0c9413a04b16b527250b_0.txt,azh_patches,data/datasets/external/azh_patches/test/images/fe538b56221f0c9413a04b16b527250b_0.png,PUBLIC_REAL_PHOTOS,423911f349f8affa43b17729aa435462385a00c5ada64d334ad97144b19a375b,1,2
wound_azh_patches_fe538b56221f0c9413a04b16b527250b_1,train,azh:fe538b56221f0c9413a04b16b527250b,data/datasets/yolo_wound_boxes_v1/images/train/wound_azh_patches_fe538b56221f0c9413a04b16b527250b_1.jpg,data/datasets/yolo_wound_boxes_v1/labels/train/wound_azh_patches_fe538b56221f0c9413a04b16b527250b_1.txt,azh_patches,data/datasets/external/azh_patches/test/images/fe538b56221f0c9413a04b16b527250b_1.png,PUBLIC_REAL_PHOTOS,6ccf0ce3eef04dbcb7a267a83eeb8074d68aaa32c0b289e35a605d943135c4f0,1,2
wound_azh_patches_ff1c062ccf5f7baf6f9a01a61c908efe_0,train,azh:ff1c062ccf5f7baf6f9a01a61c908efe,data/datasets/yolo_wound_boxes_v1/images/train/wound_azh_patches_ff1c062ccf5f7baf6f9a01a61c908efe_0.jpg,data/datasets/yolo_wound_boxes_v1/labels/train/wound_azh_patches_ff1c062ccf5f7baf6f9a01a61c908efe_0.txt,azh_patches,data/datasets/external/azh_patches/test/images/ff1c062ccf5f7baf6f9a01a61c908efe_0.png,PUBLIC_REAL_PHOTOS,34ca8333814059591e7af8d182bf92d4b4f6a88d071e090ce7b8e5a0c47d8ad2,1,2
wound_azh_patches_ff663c9388ae5fda0d93863ceb0f36cb_0,train,azh:ff663c9388ae5fda0d93863ceb0f36cb,data/datasets/yolo_wound_boxes_v1/images/train/wound_azh_patches_ff663c9388ae5fda0d93863ceb0f36cb_0.jpg,data/datasets/yolo_wound_boxes_v1/labels/train/wound_azh_patches_ff663c9388ae5fda0d93863ceb0f36cb_0.txt,azh_patches,data/datasets/external/azh_patches/test/images/ff663c9388ae5fda0d93863ceb0f36cb_0.png,PUBLIC_REAL_PHOTOS,bb2ec9e2c549dc7799830896a23395e6cb4ba5b6dd33a635c10a1548e5277cf4,1,2
wound_medetec_foot_ulcer_224_foot-ulcer-0001,train,medetec:foot-ulcer-0001,data/datasets/yolo_wound_boxes_v1/images/train/wound_medetec_foot_ulcer_224_foot-ulcer-0001.jpg,data/datasets/yolo_wound_boxes_v1/labels/train/wound_medetec_foot_ulcer_224_foot-ulcer-0001.txt,medetec_foot_ulcer_224,data/datasets/external/wound-segmentation/data/Medetec_foot_ulcer_224/train/images/foot-ulcer-0001.png,PUBLIC_REAL_PHOTOS,352e537c26194bd22753466cc7a6daba36480bd7cf1b740a8e40245c4b568667,1,2
wound_medetec_foot_ulcer_224_foot-ulcer-0001_1,train,medetec:foot-ulcer-0001_1,data/datasets/yolo_wound_boxes_v1/images/train/wound_medetec_foot_ulcer_224_foot-ulcer-0001_1.jpg,data/datasets/yolo_wound_boxes_v1/labels/train/wound_medetec_foot_ulcer_224_foot-ulcer-0001_1.txt,medetec_foot_ulcer_224,data/datasets/external/wound-segmentation/data/Medetec_foot_ulcer_224/train/images/foot-ulcer-0001_1.png,PUBLIC_REAL_PHOTOS,f4389cbbb1de1b081af629063d830f8b5f9caedbaeab69802cd05430d85fdf1b,1,2
wound_medetec_foot_ulcer_224_foot-ulcer-0001_2,test,medetec:foot-ulcer-0001_2,data/datasets/yolo_wound_boxes_v1/images/test/wound_medetec_foot_ulcer_224_foot-ulcer-0001_2.jpg,data/datasets/yolo_wound_boxes_v1/labels/test/wound_medetec_foot_ulcer_224_foot-ulcer-0001_2.txt,medetec_foot_ulcer_224,data/datasets/external/wound-segmentation/data/Medetec_foot_ulcer_224/train/images/foot-ulcer-0001_2.png,PUBLIC_REAL_PHOTOS,134c1f0de2bb93186e4e52644be6813e4842de09fdbc82888c663c0cc7c8ea78,1,2
wound_medetec_foot_ulcer_224_foot-ulcer-0001_3,test,medetec:foot-ulcer-0001_3,data/datasets/yolo_wound_boxes_v1/images/test/wound_medetec_foot_ulcer_224_foot-ulcer-0001_3.jpg,data/datasets/yolo_wound_boxes_v1/labels/test/wound_medetec_foot_ulcer_224_foot-ulcer-0001_3.txt,medetec_foot_ulcer_224,data/datasets/external/wound-segmentation/data/Medetec_foot_ulcer_224/train/images/foot-ulcer-0001_3.png,PUBLIC_REAL_PHOTOS,147b8f526d77e753acfff3c2c2d1914a00725645c23c6d37219c1589bbead189,1,2
wound_medetec_foot_ulcer_224_foot-ulcer-0003,train,medetec:foot-ulcer-0003,data/datasets/yolo_wound_boxes_v1/images/train/wound_medetec_foot_ulcer_224_foot-ulcer-0003.jpg,data/datasets/yolo_wound_boxes_v1/labels/train/wound_medetec_foot_ulcer_224_foot-ulcer-0003.txt,medetec_foot_ulcer_224,data/datasets/external/wound-segmentation/data/Medetec_foot_ulcer_224/train/images/foot-ulcer-0003.png,PUBLIC_REAL_PHOTOS,b1f6d39bdff0aa0ba28430ef18ddaef912bdef07e543ef0db215f48c278fe041,1,2
wound_medetec_foot_ulcer_224_foot-ulcer-0003_1,train,medetec:foot-ulcer-0003_1,data/datasets/yolo_wound_boxes_v1/images/train/wound_medetec_foot_ulcer_224_foot-ulcer-0003_1.jpg,data/datasets/yolo_wound_boxes_v1/labels/train/wound_medetec_foot_ulcer_224_foot-ulcer-0003_1.txt,medetec_foot_ulcer_224,data/datasets/external/wound-segmentation/data/Medetec_foot_ulcer_224/train/images/foot-ulcer-0003_1.png,PUBLIC_REAL_PHOTOS,60993603420ba1671b7cd420cdd3fce24ae061b08a466f5ad706c26b94fab268,1,2
wound_medetec_foot_ulcer_224_foot-ulcer-0003_2,train,medetec:foot-ulcer-0003_2,data/datasets/yolo_wound_boxes_v1/images/train/wound_medetec_foot_ulcer_224_foot-ulcer-0003_2.jpg,data/datasets/yolo_wound_boxes_v1/labels/train/wound_medetec_foot_ulcer_224_foot-ulcer-0003_2.txt,medetec_foot_ulcer_224,data/datasets/external/wound-segmentation/data/Medetec_foot_ulcer_224/train/images/foot-ulcer-0003_2.png,PUBLIC_REAL_PHOTOS,be9135437a371eefbfee9a906f2576eca644ba73a8952fde44aa2822467e1641,1,2
wound_medetec_foot_ulcer_224_foot-ulcer-0003_3,train,medetec:foot-ulcer-0003_3,data/datasets/yolo_wound_boxes_v1/images/train/wound_medetec_foot_ulcer_224_foot-ulcer-0003_3.jpg,data/datasets/yolo_wound_boxes_v1/labels/train/wound_medetec_foot_ulcer_224_foot-ulcer-0003_3.txt,medetec_foot_ulcer_224,data/datasets/external/wound-segmentation/data/Medetec_foot_ulcer_224/train/images/foot-ulcer-0003_3.png,PUBLIC_REAL_PHOTOS,85c41413aefbff9eb382e990fed1da62c1efdc7b3071a32f21e2333c8f00e445,1,2
wound_medetec_foot_ulcer_224_foot-ulcer-0004,test,medetec:foot-ulcer-0004,data/datasets/yolo_wound_boxes_v1/images/test/wound_medetec_foot_ulcer_224_foot-ulcer-0004.jpg,data/datasets/yolo_wound_boxes_v1/labels/test/wound_medetec_foot_ulcer_224_foot-ulcer-0004.txt,medetec_foot_ulcer_224,data/datasets/external/wound-segmentation/data/Medetec_foot_ulcer_224/train/images/foot-ulcer-0004.png,PUBLIC_REAL_PHOTOS,2586323d3dc6a06669bfb10360a48316ced7640fde94ea5f07af3614e2458f31,1,2
wound_medetec_foot_ulcer_224_foot-ulcer-0004_1,train,medetec:foot-ulcer-0004_1,data/datasets/yolo_wound_boxes_v1/images/train/wound_medetec_foot_ulcer_224_foot-ulcer-0004_1.jpg,data/datasets/yolo_wound_boxes_v1/labels/train/wound_medetec_foot_ulcer_224_foot-ulcer-0004_1.txt,medetec_foot_ulcer_224,data/datasets/external/wound-segmentation/data/Medetec_foot_ulcer_224/train/images/foot-ulcer-0004_1.png,PUBLIC_REAL_PHOTOS,1383dd163545ab13a8e8e83bf2f6c49ef7483ecc97981049f3ffc921dee5e055,1,2
wound_medetec_foot_ulcer_224_foot-ulcer-0004_2,train,medetec:foot-ulcer-0004_2,data/datasets/yolo_wound_boxes_v1/images/train/wound_medetec_foot_ulcer_224_foot-ulcer-0004_2.jpg,data/datasets/yolo_wound_boxes_v1/labels/train/wound_medetec_foot_ulcer_224_foot-ulcer-0004_2.txt,medetec_foot_ulcer_224,data/datasets/external/wound-segmentation/data/Medetec_foot_ulcer_224/train/images/foot-ulcer-0004_2.png,PUBLIC_REAL_PHOTOS,44dc1a453388861258a4cbf3488da3af852f07dc78227d305474f756ce38782d,1,2
wound_medetec_foot_ulcer_224_foot-ulcer-0004_3,val,medetec:foot-ulcer-0004_3,data/datasets/yolo_wound_boxes_v1/images/val/wound_medetec_foot_ulcer_224_foot-ulcer-0004_3.jpg,data/datasets/yolo_wound_boxes_v1/labels/val/wound_medetec_foot_ulcer_224_foot-ulcer-0004_3.txt,medetec_foot_ulcer_224,data/datasets/external/wound-segmentation/data/Medetec_foot_ulcer_224/train/images/foot-ulcer-0004_3.png,PUBLIC_REAL_PHOTOS,1b406653f46311371d7a9b3a987472bdca5b3d95ce9e080c7628f18952f916e9,1,2
wound_medetec_foot_ulcer_224_foot-ulcer-0005,train,medetec:foot-ulcer-0005,data/datasets/yolo_wound_boxes_v1/images/train/wound_medetec_foot_ulcer_224_foot-ulcer-0005.jpg,data/datasets/yolo_wound_boxes_v1/labels/train/wound_medetec_foot_ulcer_224_foot-ulcer-0005.txt,medetec_foot_ulcer_224,data/datasets/external/wound-segmentation/data/Medetec_foot_ulcer_224/train/images/foot-ulcer-0005.png,PUBLIC_REAL_PHOTOS,8e80f53eaa4be148da7e636977442d6d47b2e893df42000799e3af99605f8b57,1,2
wound_medetec_foot_ulcer_224_foot-ulcer-0005_1,train,medetec:foot-ulcer-0005_1,data/datasets/yolo_wound_boxes_v1/images/train/wound_medetec_foot_ulcer_224_foot-ulcer-0005_1.jpg,data/datasets/yolo_wound_boxes_v1/labels/train/wound_medetec_foot_ulcer_224_foot-ulcer-0005_1.txt,medetec_foot_ulcer_224,data/datasets/external/wound-segmentation/data/Medetec_foot_ulcer_224/train/images/foot-ulcer-0005_1.png,PUBLIC_REAL_PHOTOS,b343ee799ec59494fb6ea662da5ec860adb1468da6048d747de1999213578627,1,2
wound_medetec_foot_ulcer_224_foot-ulcer-0005_2,test,medetec:foot-ulcer-0005_2,data/datasets/yolo_wound_boxes_v1/images/test/wound_medetec_foot_ulcer_224_foot-ulcer-0005_2.jpg,data/datasets/yolo_wound_boxes_v1/labels/test/wound_medetec_foot_ulcer_224_foot-ulcer-0005_2.txt,medetec_foot_ulcer_224,data/datasets/external/wound-segmentation/data/Medetec_foot_ulcer_224/train/images/foot-ulcer-0005_2.png,PUBLIC_REAL_PHOTOS,19621769936cc4078ef87d3156ebfe06dbad51e70b979f020237070a32433b9e,1,2
wound_medetec_foot_ulcer_224_foot-ulcer-0005_3,train,medetec:foot-ulcer-0005_3,data/datasets/yolo_wound_boxes_v1/images/train/wound_medetec_foot_ulcer_224_foot-ulcer-0005_3.jpg,data/datasets/yolo_wound_boxes_v1/labels/train/wound_medetec_foot_ulcer_224_foot-ulcer-0005_3.txt,medetec_foot_ulcer_224,data/datasets/external/wound-segmentation/data/Medetec_foot_ulcer_224/train/images/foot-ulcer-0005_3.png,PUBLIC_REAL_PHOTOS,9e508d40b9ff358567ba0622eee53c592267c51384634653f7504b580d1fc578,1,2
wound_medetec_foot_ulcer_224_foot-ulcer-0007,train,medetec:foot-ulcer-0007,data/datasets/yolo_wound_boxes_v1/images/train/wound_medetec_foot_ulcer_224_foot-ulcer-0007.jpg,data/datasets/yolo_wound_boxes_v1/labels/train/wound_medetec_foot_ulcer_224_foot-ulcer-0007.txt,medetec_foot_ulcer_224,data/datasets/external/wound-segmentation/data/Medetec_foot_ulcer_224/train/images/foot-ulcer-0007.png,PUBLIC_REAL_PHOTOS,e967293df54ab9e44530570eee320f63c98c616fd40a49004b7b3495fb37e4d4,1,2
wound_medetec_foot_ulcer_224_foot-ulcer-0007_1,val,medetec:foot-ulcer-0007_1,data/datasets/yolo_wound_boxes_v1/images/val/wound_medetec_foot_ulcer_224_foot-ulcer-0007_1.jpg,data/datasets/yolo_wound_boxes_v1/labels/val/wound_medetec_foot_ulcer_224_foot-ulcer-0007_1.txt,medetec_foot_ulcer_224,data/datasets/external/wound-segmentation/data/Medetec_foot_ulcer_224/train/images/foot-ulcer-0007_1.png,PUBLIC_REAL_PHOTOS,29707ad842321ed9d87e41f55eac91e41c16b21a96b66e25b32c1fd86b3021a5,1,2
wound_medetec_foot_ulcer_224_foot-ulcer-0007_2,train,medetec:foot-ulcer-0007_2,data/datasets/yolo_wound_boxes_v1/images/train/wound_medetec_foot_ulcer_224_foot-ulcer-0007_2.jpg,data/datasets/yolo_wound_boxes_v1/labels/train/wound_medetec_foot_ulcer_224_foot-ulcer-0007_2.txt,medetec_foot_ulcer_224,data/datasets/external/wound-segmentation/data/Medetec_foot_ulcer_224/train/images/foot-ulcer-0007_2.png,PUBLIC_REAL_PHOTOS,9ed3491308e69978af803d5d02721100c7234849755a58fe86ef7beac9c9a7bf,1,2
wound_medetec_foot_ulcer_224_foot-ulcer-0007_3,test,medetec:foot-ulcer-0007_3,data/datasets/yolo_wound_boxes_v1/images/test/wound_medetec_foot_ulcer_224_foot-ulcer-0007_3.jpg,data/datasets/yolo_wound_boxes_v1/labels/test/wound_medetec_foot_ulcer_224_foot-ulcer-0007_3.txt,medetec_foot_ulcer_224,data/datasets/external/wound-segmentation/data/Medetec_foot_ulcer_224/train/images/foot-ulcer-0007_3.png,PUBLIC_REAL_PHOTOS,f11907b1fdcc1280c96a96c149fc1a9e98de2bb0dda88b0d91920c41a149d7c2,1,2
wound_medetec_foot_ulcer_224_foot-ulcer-0008,train,medetec:foot-ulcer-0008,data/datasets/yolo_wound_boxes_v1/images/train/wound_medetec_foot_ulcer_224_foot-ulcer-0008.jpg,data/datasets/yolo_wound_boxes_v1/labels/train/wound_medetec_foot_ulcer_224_foot-ulcer-0008.txt,medetec_foot_ulcer_224,data/datasets/external/wound-segmentation/data/Medetec_foot_ulcer_224/train/images/foot-ulcer-0008.png,PUBLIC_REAL_PHOTOS,5ebf6ce5ab153e56806bfd1246a5cb0dba5f9fef5be30f59beed667b325c554f,1,2
wound_medetec_foot_ulcer_224_foot-ulcer-0008_1,train,medetec:foot-ulcer-0008_1,data/datasets/yolo_wound_boxes_v1/images/train/wound_medetec_foot_ulcer_224_foot-ulcer-0008_1.jpg,data/datasets/yolo_wound_boxes_v1/labels/train/wound_medetec_foot_ulcer_224_foot-ulcer-0008_1.txt,medetec_foot_ulcer_224,data/datasets/external/wound-segmentation/data/Medetec_foot_ulcer_224/train/images/foot-ulcer-0008_1.png,PUBLIC_REAL_PHOTOS,f3f57db75fb10eb57ea37de7d5104cd03123b9c1031431f3295be4762cef1834,1,2
wound_medetec_foot_ulcer_224_foot-ulcer-0008_2,train,medetec:foot-ulcer-0008_2,data/datasets/yolo_wound_boxes_v1/images/train/wound_medetec_foot_ulcer_224_foot-ulcer-0008_2.jpg,data/datasets/yolo_wound_boxes_v1/labels/train/wound_medetec_foot_ulcer_224_foot-ulcer-0008_2.txt,medetec_foot_ulcer_224,data/datasets/external/wound-segmentation/data/Medetec_foot_ulcer_224/train/images/foot-ulcer-0008_2.png,PUBLIC_REAL_PHOTOS,7fe8f02b7d7a0d724849c0be9529d98f2e839d5423ee26e0680f37f73998bf11,1,2
wound_medetec_foot_ulcer_224_foot-ulcer-0008_3,test,medetec:foot-ulcer-0008_3,data/datasets/yolo_wound_boxes_v1/images/test/wound_medetec_foot_ulcer_224_foot-ulcer-0008_3.jpg,data/datasets/yolo_wound_boxes_v1/labels/test/wound_medetec_foot_ulcer_224_foot-ulcer-0008_3.txt,medetec_foot_ulcer_224,data/datasets/external/wound-segmentation/data/Medetec_foot_ulcer_224/train/images/foot-ulcer-0008_3.png,PUBLIC_REAL_PHOTOS,49fffc5c3d9b6df4949320aa48c616a8752b721092036e4024d86bf89cf4509a,1,2
wound_medetec_foot_ulcer_224_foot-ulcer-0010,val,medetec:foot-ulcer-0010,data/datasets/yolo_wound_boxes_v1/images/val/wound_medetec_foot_ulcer_224_foot-ulcer-0010.jpg,data/datasets/yolo_wound_boxes_v1/labels/val/wound_medetec_foot_ulcer_224_foot-ulcer-0010.txt,medetec_foot_ulcer_224,data/datasets/external/wound-segmentation/data/Medetec_foot_ulcer_224/train/images/foot-ulcer-0010.png,PUBLIC_REAL_PHOTOS,3bfa9824eb6b89b1c03464f1d5096b9a966ecaa6ae72a702cf1f17236e069e1a,1,2
wound_medetec_foot_ulcer_224_foot-ulcer-0010_1,train,medetec:foot-ulcer-0010_1,data/datasets/yolo_wound_boxes_v1/images/train/wound_medetec_foot_ulcer_224_foot-ulcer-0010_1.jpg,data/datasets/yolo_wound_boxes_v1/labels/train/wound_medetec_foot_ulcer_224_foot-ulcer-0010_1.txt,medetec_foot_ulcer_224,data/datasets/external/wound-segmentation/data/Medetec_foot_ulcer_224/train/images/foot-ulcer-0010_1.png,PUBLIC_REAL_PHOTOS,6763a3d67ddd0d9248fed51f79096dc4a07989f0b7e650be78e19179accad8a2,1,2
wound_medetec_foot_ulcer_224_foot-ulcer-0010_2,train,medetec:foot-ulcer-0010_2,data/datasets/yolo_wound_boxes_v1/images/train/wound_medetec_foot_ulcer_224_foot-ulcer-0010_2.jpg,data/datasets/yolo_wound_boxes_v1/labels/train/wound_medetec_foot_ulcer_224_foot-ulcer-0010_2.txt,medetec_foot_ulcer_224,data/datasets/external/wound-segmentation/data/Medetec_foot_ulcer_224/train/images/foot-ulcer-0010_2.png,PUBLIC_REAL_PHOTOS,cec4a3b3c68ddb6c5a7ae0f2168f8b0370c23f8f5e1c7bedca364fccbb7253e4,1,2
wound_medetec_foot_ulcer_224_foot-ulcer-0010_3,train,medetec:foot-ulcer-0010_3,data/datasets/yolo_wound_boxes_v1/images/train/wound_medetec_foot_ulcer_224_foot-ulcer-0010_3.jpg,data/datasets/yolo_wound_boxes_v1/labels/train/wound_medetec_foot_ulcer_224_foot-ulcer-0010_3.txt,medetec_foot_ulcer_224,data/datasets/external/wound-segmentation/data/Medetec_foot_ulcer_224/train/images/foot-ulcer-0010_3.png,PUBLIC_REAL_PHOTOS,9032a10abb93bf43d6ae2594e036d128088dd814ae743cb5eca8d8da57fce494,1,2
wound_medetec_foot_ulcer_224_foot-ulcer-0011,train,medetec:foot-ulcer-0011,data/datasets/yolo_wound_boxes_v1/images/train/wound_medetec_foot_ulcer_224_foot-ulcer-0011.jpg,data/datasets/yolo_wound_boxes_v1/labels/train/wound_medetec_foot_ulcer_224_foot-ulcer-0011.txt,medetec_foot_ulcer_224,data/datasets/external/wound-segmentation/data/Medetec_foot_ulcer_224/train/images/foot-ulcer-0011.png,PUBLIC_REAL_PHOTOS,98b350e4add23bb5f6d8f2dd87cc673644e22263cec7d76d8e74b56f8338f897,1,2
wound_medetec_foot_ulcer_224_foot-ulcer-0011_1,train,medetec:foot-ulcer-0011_1,data/datasets/yolo_wound_boxes_v1/images/train/wound_medetec_foot_ulcer_224_foot-ulcer-0011_1.jpg,data/datasets/yolo_wound_boxes_v1/labels/train/wound_medetec_foot_ulcer_224_foot-ulcer-0011_1.txt,medetec_foot_ulcer_224,data/datasets/external/wound-segmentation/data/Medetec_foot_ulcer_224/train/images/foot-ulcer-0011_1.png,PUBLIC_REAL_PHOTOS,93629837637982083a7d2f64c97e6d71a71c9cdb946ad43539ce03c74643d8aa,1,2
wound_medetec_foot_ulcer_224_foot-ulcer-0011_2,train,medetec:foot-ulcer-0011_2,data/datasets/yolo_wound_boxes_v1/images/train/wound_medetec_foot_ulcer_224_foot-ulcer-0011_2.jpg,data/datasets/yolo_wound_boxes_v1/labels/train/wound_medetec_foot_ulcer_224_foot-ulcer-0011_2.txt,medetec_foot_ulcer_224,data/datasets/external/wound-segmentation/data/Medetec_foot_ulcer_224/train/images/foot-ulcer-0011_2.png,PUBLIC_REAL_PHOTOS,4c60af9dc292a6ab985eea44febd434d359271deb21e789582c7f2344fa05ed8,1,2
wound_medetec_foot_ulcer_224_foot-ulcer-0011_3,train,medetec:foot-ulcer-0011_3,data/datasets/yolo_wound_boxes_v1/images/train/wound_medetec_foot_ulcer_224_foot-ulcer-0011_3.jpg,data/datasets/yolo_wound_boxes_v1/labels/train/wound_medetec_foot_ulcer_224_foot-ulcer-0011_3.txt,medetec_foot_ulcer_224,data/datasets/external/wound-segmentation/data/Medetec_foot_ulcer_224/train/images/foot-ulcer-0011_3.png,PUBLIC_REAL_PHOTOS,4d7220d1a4798802e8b5e9ddacfe3b711ec265349fbd2f8c0658c9138ff42c14,1,2
wound_medetec_foot_ulcer_224_foot-ulcer-0012,train,medetec:foot-ulcer-0012,data/datasets/yolo_wound_boxes_v1/images/train/wound_medetec_foot_ulcer_224_foot-ulcer-0012.jpg,data/datasets/yolo_wound_boxes_v1/labels/train/wound_medetec_foot_ulcer_224_foot-ulcer-0012.txt,medetec_foot_ulcer_224,data/datasets/external/wound-segmentation/data/Medetec_foot_ulcer_224/train/images/foot-ulcer-0012.png,PUBLIC_REAL_PHOTOS,e7676e8fbe6f3e76621e8cd86942e69e4bd36e2ae8f39a1bbd606ad69074c420,1,2
wound_medetec_foot_ulcer_224_foot-ulcer-0012_1,train,medetec:foot-ulcer-0012_1,data/datasets/yolo_wound_boxes_v1/images/train/wound_medetec_foot_ulcer_224_foot-ulcer-0012_1.jpg,data/datasets/yolo_wound_boxes_v1/labels/train/wound_medetec_foot_ulcer_224_foot-ulcer-0012_1.txt,medetec_foot_ulcer_224,data/datasets/external/wound-segmentation/data/Medetec_foot_ulcer_224/train/images/foot-ulcer-0012_1.png,PUBLIC_REAL_PHOTOS,9151ced877561ba4d6de14bc3966eb97e10e40af6283695809554f56249df500,1,2
wound_medetec_foot_ulcer_224_foot-ulcer-0012_2,train,medetec:foot-ulcer-0012_2,data/datasets/yolo_wound_boxes_v1/images/train/wound_medetec_foot_ulcer_224_foot-ulcer-0012_2.jpg,data/datasets/yolo_wound_boxes_v1/labels/train/wound_medetec_foot_ulcer_224_foot-ulcer-0012_2.txt,medetec_foot_ulcer_224,data/datasets/external/wound-segmentation/data/Medetec_foot_ulcer_224/train/images/foot-ulcer-0012_2.png,PUBLIC_REAL_PHOTOS,627d17289f2b56b0f06d0b2bee6446dba47efa836ca31d779919fb25b3300dc3,1,2
wound_medetec_foot_ulcer_224_foot-ulcer-0012_3,train,medetec:foot-ulcer-0012_3,data/datasets/yolo_wound_boxes_v1/images/train/wound_medetec_foot_ulcer_224_foot-ulcer-0012_3.jpg,data/datasets/yolo_wound_boxes_v1/labels/train/wound_medetec_foot_ulcer_224_foot-ulcer-0012_3.txt,medetec_foot_ulcer_224,data/datasets/external/wound-segmentation/data/Medetec_foot_ulcer_224/train/images/foot-ulcer-0012_3.png,PUBLIC_REAL_PHOTOS,5906c62454a7f96915ff6cc1262c775810c88dcc51308b34492d47e24437a195,1,2
wound_medetec_foot_ulcer_224_foot-ulcer-0013,train,medetec:foot-ulcer-0013,data/datasets/yolo_wound_boxes_v1/images/train/wound_medetec_foot_ulcer_224_foot-ulcer-0013.jpg,data/datasets/yolo_wound_boxes_v1/labels/train/wound_medetec_foot_ulcer_224_foot-ulcer-0013.txt,medetec_foot_ulcer_224,data/datasets/external/wound-segmentation/data/Medetec_foot_ulcer_224/train/images/foot-ulcer-0013.png,PUBLIC_REAL_PHOTOS,275906072645bdb70691c60f52a6d8fff8f87a472598efd869e6bf414476885c,1,2
wound_medetec_foot_ulcer_224_foot-ulcer-0013_1,train,medetec:foot-ulcer-0013_1,data/datasets/yolo_wound_boxes_v1/images/train/wound_medetec_foot_ulcer_224_foot-ulcer-0013_1.jpg,data/datasets/yolo_wound_boxes_v1/labels/train/wound_medetec_foot_ulcer_224_foot-ulcer-0013_1.txt,medetec_foot_ulcer_224,data/datasets/external/wound-segmentation/data/Medetec_foot_ulcer_224/train/images/foot-ulcer-0013_1.png,PUBLIC_REAL_PHOTOS,904819be3707aab15162a11f931220bebc4f680abac1283caba9f7b9131b6323,1,2
wound_medetec_foot_ulcer_224_foot-ulcer-0013_2,test,medetec:foot-ulcer-0013_2,data/datasets/yolo_wound_boxes_v1/images/test/wound_medetec_foot_ulcer_224_foot-ulcer-0013_2.jpg,data/datasets/yolo_wound_boxes_v1/labels/test/wound_medetec_foot_ulcer_224_foot-ulcer-0013_2.txt,medetec_foot_ulcer_224,data/datasets/external/wound-segmentation/data/Medetec_foot_ulcer_224/train/images/foot-ulcer-0013_2.png,PUBLIC_REAL_PHOTOS,d85ff358b1260d537b358bdef45f3a4b00cdee0d853c5244642312057e1d604d,1,2
wound_medetec_foot_ulcer_224_foot-ulcer-0013_3,val,medetec:foot-ulcer-0013_3,data/datasets/yolo_wound_boxes_v1/images/val/wound_medetec_foot_ulcer_224_foot-ulcer-0013_3.jpg,data/datasets/yolo_wound_boxes_v1/labels/val/wound_medetec_foot_ulcer_224_foot-ulcer-0013_3.txt,medetec_foot_ulcer_224,data/datasets/external/wound-segmentation/data/Medetec_foot_ulcer_224/train/images/foot-ulcer-0013_3.png,PUBLIC_REAL_PHOTOS,29d029744f2323cb9dd79eed47a47be6c859ba6fbc31c34ac71117565d606a92,1,2
wound_medetec_foot_ulcer_224_foot-ulcer-0014,val,medetec:foot-ulcer-0014,data/datasets/yolo_wound_boxes_v1/images/val/wound_medetec_foot_ulcer_224_foot-ulcer-0014.jpg,data/datasets/yolo_wound_boxes_v1/labels/val/wound_medetec_foot_ulcer_224_foot-ulcer-0014.txt,medetec_foot_ulcer_224,data/datasets/external/wound-segmentation/data/Medetec_foot_ulcer_224/train/images/foot-ulcer-0014.png,PUBLIC_REAL_PHOTOS,1e981d90d0f27d7a0ea9cf39ae53eb266d6243c50ddb75f842edb474ec50a7a5,1,2
wound_medetec_foot_ulcer_224_foot-ulcer-0014_1,test,medetec:foot-ulcer-0014_1,data/datasets/yolo_wound_boxes_v1/images/test/wound_medetec_foot_ulcer_224_foot-ulcer-0014_1.jpg,data/datasets/yolo_wound_boxes_v1/labels/test/wound_medetec_foot_ulcer_224_foot-ulcer-0014_1.txt,medetec_foot_ulcer_224,data/datasets/external/wound-segmentation/data/Medetec_foot_ulcer_224/train/images/foot-ulcer-0014_1.png,PUBLIC_REAL_PHOTOS,54793984702a07965ce0c460e929298f3f94f02d445e658f3c70dde0cc4342a6,1,2
wound_medetec_foot_ulcer_224_foot-ulcer-0014_2,train,medetec:foot-ulcer-0014_2,data/datasets/yolo_wound_boxes_v1/images/train/wound_medetec_foot_ulcer_224_foot-ulcer-0014_2.jpg,data/datasets/yolo_wound_boxes_v1/labels/train/wound_medetec_foot_ulcer_224_foot-ulcer-0014_2.txt,medetec_foot_ulcer_224,data/datasets/external/wound-segmentation/data/Medetec_foot_ulcer_224/train/images/foot-ulcer-0014_2.png,PUBLIC_REAL_PHOTOS,44a246ba689df444d4081272354f67f86d68be5419203f261283fe7f1f7931d6,1,2
wound_medetec_foot_ulcer_224_foot-ulcer-0014_3,test,medetec:foot-ulcer-0014_3,data/datasets/yolo_wound_boxes_v1/images/test/wound_medetec_foot_ulcer_224_foot-ulcer-0014_3.jpg,data/datasets/yolo_wound_boxes_v1/labels/test/wound_medetec_foot_ulcer_224_foot-ulcer-0014_3.txt,medetec_foot_ulcer_224,data/datasets/external/wound-segmentation/data/Medetec_foot_ulcer_224/train/images/foot-ulcer-0014_3.png,PUBLIC_REAL_PHOTOS,1b3f8ce8d034f1104004790f27ac463564c5271c22c6f03cf4077c0d38b91715,1,2
wound_medetec_foot_ulcer_224_foot-ulcer-0015,train,medetec:foot-ulcer-0015,data/datasets/yolo_wound_boxes_v1/images/train/wound_medetec_foot_ulcer_224_foot-ulcer-0015.jpg,data/datasets/yolo_wound_boxes_v1/labels/train/wound_medetec_foot_ulcer_224_foot-ulcer-0015.txt,medetec_foot_ulcer_224,data/datasets/external/wound-segmentation/data/Medetec_foot_ulcer_224/train/images/foot-ulcer-0015.png,PUBLIC_REAL_PHOTOS,109e7462200e6295512678e88290c99830199831a7bbe249b48bca33c9191d0a,1,2
wound_medetec_foot_ulcer_224_foot-ulcer-0015_1,train,medetec:foot-ulcer-0015_1,data/datasets/yolo_wound_boxes_v1/images/train/wound_medetec_foot_ulcer_224_foot-ulcer-0015_1.jpg,data/datasets/yolo_wound_boxes_v1/labels/train/wound_medetec_foot_ulcer_224_foot-ulcer-0015_1.txt,medetec_foot_ulcer_224,data/datasets/external/wound-segmentation/data/Medetec_foot_ulcer_224/train/images/foot-ulcer-0015_1.png,PUBLIC_REAL_PHOTOS,4968eef2d1a1b3e924a2fffc4bf6a2b83213fc47114227ebb8709a111b4f36f2,1,2
wound_medetec_foot_ulcer_224_foot-ulcer-0015_2,test,medetec:foot-ulcer-0015_2,data/datasets/yolo_wound_boxes_v1/images/test/wound_medetec_foot_ulcer_224_foot-ulcer-0015_2.jpg,data/datasets/yolo_wound_boxes_v1/labels/test/wound_medetec_foot_ulcer_224_foot-ulcer-0015_2.txt,medetec_foot_ulcer_224,data/datasets/external/wound-segmentation/data/Medetec_foot_ulcer_224/train/images/foot-ulcer-0015_2.png,PUBLIC_REAL_PHOTOS,ad4fde42f604cd7e92ec179e9584094c32be53b92079ff6122559d6da457afdc,1,2
wound_medetec_foot_ulcer_224_foot-ulcer-0015_3,test,medetec:foot-ulcer-0015_3,data/datasets/yolo_wound_boxes_v1/images/test/wound_medetec_foot_ulcer_224_foot-ulcer-0015_3.jpg,data/datasets/yolo_wound_boxes_v1/labels/test/wound_medetec_foot_ulcer_224_foot-ulcer-0015_3.txt,medetec_foot_ulcer_224,data/datasets/external/wound-segmentation/data/Medetec_foot_ulcer_224/train/images/foot-ulcer-0015_3.png,PUBLIC_REAL_PHOTOS,e2da336470eb5bd7f94cca2572abef55a9a5e75c184845972eb35a14d8184cd2,1,2
wound_medetec_foot_ulcer_224_foot-ulcer-0016,train,medetec:foot-ulcer-0016,data/datasets/yolo_wound_boxes_v1/images/train/wound_medetec_foot_ulcer_224_foot-ulcer-0016.jpg,data/datasets/yolo_wound_boxes_v1/labels/train/wound_medetec_foot_ulcer_224_foot-ulcer-0016.txt,medetec_foot_ulcer_224,data/datasets/external/wound-segmentation/data/Medetec_foot_ulcer_224/train/images/foot-ulcer-0016.png,PUBLIC_REAL_PHOTOS,f674532d780496b156effa0f89b6135da1d62d44c44630d10f079aa94977592c,1,2
wound_medetec_foot_ulcer_224_foot-ulcer-0016_1,train,medetec:foot-ulcer-0016_1,data/datasets/yolo_wound_boxes_v1/images/train/wound_medetec_foot_ulcer_224_foot-ulcer-0016_1.jpg,data/datasets/yolo_wound_boxes_v1/labels/train/wound_medetec_foot_ulcer_224_foot-ulcer-0016_1.txt,medetec_foot_ulcer_224,data/datasets/external/wound-segmentation/data/Medetec_foot_ulcer_224/train/images/foot-ulcer-0016_1.png,PUBLIC_REAL_PHOTOS,b2ebab4f253be2926c425ded1aed95200dca3a9b54f5f4da941f6c6e2440907b,1,2
wound_medetec_foot_ulcer_224_foot-ulcer-0016_2,val,medetec:foot-ulcer-0016_2,data/datasets/yolo_wound_boxes_v1/images/val/wound_medetec_foot_ulcer_224_foot-ulcer-0016_2.jpg,data/datasets/yolo_wound_boxes_v1/labels/val/wound_medetec_foot_ulcer_224_foot-ulcer-0016_2.txt,medetec_foot_ulcer_224,data/datasets/external/wound-segmentation/data/Medetec_foot_ulcer_224/train/images/foot-ulcer-0016_2.png,PUBLIC_REAL_PHOTOS,8a566c8ae7fe4425945e6b1d9a6d8384eb004ac0d7db672531f0a13e6e63adca,1,2
wound_medetec_foot_ulcer_224_foot-ulcer-0016_3,test,medetec:foot-ulcer-0016_3,data/datasets/yolo_wound_boxes_v1/images/test/wound_medetec_foot_ulcer_224_foot-ulcer-0016_3.jpg,data/datasets/yolo_wound_boxes_v1/labels/test/wound_medetec_foot_ulcer_224_foot-ulcer-0016_3.txt,medetec_foot_ulcer_224,data/datasets/external/wound-segmentation/data/Medetec_foot_ulcer_224/train/images/foot-ulcer-0016_3.png,PUBLIC_REAL_PHOTOS,98324e4645b206b3aca1248ead7974a60889c79e62540528a202ef9bfd667f6e,1,2
wound_medetec_foot_ulcer_224_foot-ulcer-0017,val,medetec:foot-ulcer-0017,data/datasets/yolo_wound_boxes_v1/images/val/wound_medetec_foot_ulcer_224_foot-ulcer-0017.jpg,data/datasets/yolo_wound_boxes_v1/labels/val/wound_medetec_foot_ulcer_224_foot-ulcer-0017.txt,medetec_foot_ulcer_224,data/datasets/external/wound-segmentation/data/Medetec_foot_ulcer_224/train/images/foot-ulcer-0017.png,PUBLIC_REAL_PHOTOS,c99f623f42525860deece5645336f7efe40e82beea98138d475297c5d8757c61,1,2
wound_medetec_foot_ulcer_224_foot-ulcer-0017_1,test,medetec:foot-ulcer-0017_1,data/datasets/yolo_wound_boxes_v1/images/test/wound_medetec_foot_ulcer_224_foot-ulcer-0017_1.jpg,data/datasets/yolo_wound_boxes_v1/labels/test/wound_medetec_foot_ulcer_224_foot-ulcer-0017_1.txt,medetec_foot_ulcer_224,data/datasets/external/wound-segmentation/data/Medetec_foot_ulcer_224/train/images/foot-ulcer-0017_1.png,PUBLIC_REAL_PHOTOS,4dba14af14fd34c3a45567e994b36a3fe883424b17115ada7acbdb542a1eca6e,1,2
wound_medetec_foot_ulcer_224_foot-ulcer-0017_2,train,medetec:foot-ulcer-0017_2,data/datasets/yolo_wound_boxes_v1/images/train/wound_medetec_foot_ulcer_224_foot-ulcer-0017_2.jpg,data/datasets/yolo_wound_boxes_v1/labels/train/wound_medetec_foot_ulcer_224_foot-ulcer-0017_2.txt,medetec_foot_ulcer_224,data/datasets/external/wound-segmentation/data/Medetec_foot_ulcer_224/train/images/foot-ulcer-0017_2.png,PUBLIC_REAL_PHOTOS,4f00320e320ccbcdd96b44c451533a41c7c29f961b9c7136d7153b8bffc8cf97,1,2
wound_medetec_foot_ulcer_224_foot-ulcer-0017_3,train,medetec:foot-ulcer-0017_3,data/datasets/yolo_wound_boxes_v1/images/train/wound_medetec_foot_ulcer_224_foot-ulcer-0017_3.jpg,data/datasets/yolo_wound_boxes_v1/labels/train/wound_medetec_foot_ulcer_224_foot-ulcer-0017_3.txt,medetec_foot_ulcer_224,data/datasets/external/wound-segmentation/data/Medetec_foot_ulcer_224/train/images/foot-ulcer-0017_3.png,PUBLIC_REAL_PHOTOS,0d56ae56389d44fdb6557e128d6a4c13f11ac8c4147df7cd196d0e9f63622067,1,2
wound_medetec_foot_ulcer_224_foot-ulcer-0018,train,medetec:foot-ulcer-0018,data/datasets/yolo_wound_boxes_v1/images/train/wound_medetec_foot_ulcer_224_foot-ulcer-0018.jpg,data/datasets/yolo_wound_boxes_v1/labels/train/wound_medetec_foot_ulcer_224_foot-ulcer-0018.txt,medetec_foot_ulcer_224,data/datasets/external/wound-segmentation/data/Medetec_foot_ulcer_224/train/images/foot-ulcer-0018.png,PUBLIC_REAL_PHOTOS,f60c030580d71ac9ae2eb39a543ac81cd7f4cd292bab56db2c684b096c4487e3,1,2
wound_medetec_foot_ulcer_224_foot-ulcer-0018_1,train,medetec:foot-ulcer-0018_1,data/datasets/yolo_wound_boxes_v1/images/train/wound_medetec_foot_ulcer_224_foot-ulcer-0018_1.jpg,data/datasets/yolo_wound_boxes_v1/labels/train/wound_medetec_foot_ulcer_224_foot-ulcer-0018_1.txt,medetec_foot_ulcer_224,data/datasets/external/wound-segmentation/data/Medetec_foot_ulcer_224/train/images/foot-ulcer-0018_1.png,PUBLIC_REAL_PHOTOS,13ec96b4758e936beee8eb7ba2d3e6768f779cccaaf7f6c60d9bfd76eeb9f57e,1,2
wound_medetec_foot_ulcer_224_foot-ulcer-0018_2,test,medetec:foot-ulcer-0018_2,data/datasets/yolo_wound_boxes_v1/images/test/wound_medetec_foot_ulcer_224_foot-ulcer-0018_2.jpg,data/datasets/yolo_wound_boxes_v1/labels/test/wound_medetec_foot_ulcer_224_foot-ulcer-0018_2.txt,medetec_foot_ulcer_224,data/datasets/external/wound-segmentation/data/Medetec_foot_ulcer_224/train/images/foot-ulcer-0018_2.png,PUBLIC_REAL_PHOTOS,fcb831fdf3fafedbecb6f069207ab49f860f11d55f1bd87ecbf0e357aaa5f06e,1,2
wound_medetec_foot_ulcer_224_foot-ulcer-0018_3,train,medetec:foot-ulcer-0018_3,data/datasets/yolo_wound_boxes_v1/images/train/wound_medetec_foot_ulcer_224_foot-ulcer-0018_3.jpg,data/datasets/yolo_wound_boxes_v1/labels/train/wound_medetec_foot_ulcer_224_foot-ulcer-0018_3.txt,medetec_foot_ulcer_224,data/datasets/external/wound-segmentation/data/Medetec_foot_ulcer_224/train/images/foot-ulcer-0018_3.png,PUBLIC_REAL_PHOTOS,fa5daa3a5c5b513321e79cba0055eb7b9193dafed175d082189b1b68ea31bf55,1,2
wound_medetec_foot_ulcer_224_foot-ulcer-0019,train,medetec:foot-ulcer-0019,data/datasets/yolo_wound_boxes_v1/images/train/wound_medetec_foot_ulcer_224_foot-ulcer-0019.jpg,data/datasets/yolo_wound_boxes_v1/labels/train/wound_medetec_foot_ulcer_224_foot-ulcer-0019.txt,medetec_foot_ulcer_224,data/datasets/external/wound-segmentation/data/Medetec_foot_ulcer_224/train/images/foot-ulcer-0019.png,PUBLIC_REAL_PHOTOS,3ede2d4b9d95f9751615b0351e7b716d635f627d4c07cc8c0d6619512a0b745a,1,2
wound_medetec_foot_ulcer_224_foot-ulcer-0019_1,train,medetec:foot-ulcer-0019_1,data/datasets/yolo_wound_boxes_v1/images/train/wound_medetec_foot_ulcer_224_foot-ulcer-0019_1.jpg,data/datasets/yolo_wound_boxes_v1/labels/train/wound_medetec_foot_ulcer_224_foot-ulcer-0019_1.txt,medetec_foot_ulcer_224,data/datasets/external/wound-segmentation/data/Medetec_foot_ulcer_224/train/images/foot-ulcer-0019_1.png,PUBLIC_REAL_PHOTOS,d216ac2df20c8d207c28ca6a7660e7d34c4586b4d0035511ba747b916ec9e52e,1,2
wound_medetec_foot_ulcer_224_foot-ulcer-0019_2,val,medetec:foot-ulcer-0019_2,data/datasets/yolo_wound_boxes_v1/images/val/wound_medetec_foot_ulcer_224_foot-ulcer-0019_2.jpg,data/datasets/yolo_wound_boxes_v1/labels/val/wound_medetec_foot_ulcer_224_foot-ulcer-0019_2.txt,medetec_foot_ulcer_224,data/datasets/external/wound-segmentation/data/Medetec_foot_ulcer_224/train/images/foot-ulcer-0019_2.png,PUBLIC_REAL_PHOTOS,73f5c9676aa0f12bfe0a0d83ec3a56eff47564ed26aa5e83d66e86e81eb9c741,1,2
wound_medetec_foot_ulcer_224_foot-ulcer-0019_3,train,medetec:foot-ulcer-0019_3,data/datasets/yolo_wound_boxes_v1/images/train/wound_medetec_foot_ulcer_224_foot-ulcer-0019_3.jpg,data/datasets/yolo_wound_boxes_v1/labels/train/wound_medetec_foot_ulcer_224_foot-ulcer-0019_3.txt,medetec_foot_ulcer_224,data/datasets/external/wound-segmentation/data/Medetec_foot_ulcer_224/train/images/foot-ulcer-0019_3.png,PUBLIC_REAL_PHOTOS,dab5f5c778667d9cd31087b5c4b19a083be1399f5c08dc228f040397eb292964,1,2
wound_medetec_foot_ulcer_224_foot-ulcer-0020,train,medetec:foot-ulcer-0020,data/datasets/yolo_wound_boxes_v1/images/train/wound_medetec_foot_ulcer_224_foot-ulcer-0020.jpg,data/datasets/yolo_wound_boxes_v1/labels/train/wound_medetec_foot_ulcer_224_foot-ulcer-0020.txt,medetec_foot_ulcer_224,data/datasets/external/wound-segmentation/data/Medetec_foot_ulcer_224/train/images/foot-ulcer-0020.png,PUBLIC_REAL_PHOTOS,757ba333bb73e55ec4e53f83bf712a6bd72ddb9bb8825df968a6e181812320ef,1,2
wound_medetec_foot_ulcer_224_foot-ulcer-0020_1,train,medetec:foot-ulcer-0020_1,data/datasets/yolo_wound_boxes_v1/images/train/wound_medetec_foot_ulcer_224_foot-ulcer-0020_1.jpg,data/datasets/yolo_wound_boxes_v1/labels/train/wound_medetec_foot_ulcer_224_foot-ulcer-0020_1.txt,medetec_foot_ulcer_224,data/datasets/external/wound-segmentation/data/Medetec_foot_ulcer_224/train/images/foot-ulcer-0020_1.png,PUBLIC_REAL_PHOTOS,e3c86b4d130510c1019df9abf3db21c48b9879302c94d640b1e9f3a9ef9f64aa,1,2
wound_medetec_foot_ulcer_224_foot-ulcer-0020_2,train,medetec:foot-ulcer-0020_2,data/datasets/yolo_wound_boxes_v1/images/train/wound_medetec_foot_ulcer_224_foot-ulcer-0020_2.jpg,data/datasets/yolo_wound_boxes_v1/labels/train/wound_medetec_foot_ulcer_224_foot-ulcer-0020_2.txt,medetec_foot_ulcer_224,data/datasets/external/wound-segmentation/data/Medetec_foot_ulcer_224/train/images/foot-ulcer-0020_2.png,PUBLIC_REAL_PHOTOS,4336865084b66ca86790decc7850b362b36c01374e28d58e9d24a3cb2fa69544,1,2
wound_medetec_foot_ulcer_224_foot-ulcer-0020_3,train,medetec:foot-ulcer-0020_3,data/datasets/yolo_wound_boxes_v1/images/train/wound_medetec_foot_ulcer_224_foot-ulcer-0020_3.jpg,data/datasets/yolo_wound_boxes_v1/labels/train/wound_medetec_foot_ulcer_224_foot-ulcer-0020_3.txt,medetec_foot_ulcer_224,data/datasets/external/wound-segmentation/data/Medetec_foot_ulcer_224/train/images/foot-ulcer-0020_3.png,PUBLIC_REAL_PHOTOS,1447e689d623ef2713bdd3353b77a7b8973374b4f64672625557387d5d354c19,1,2
wound_medetec_foot_ulcer_224_foot-ulcer-0021,train,medetec:foot-ulcer-0021,data/datasets/yolo_wound_boxes_v1/images/train/wound_medetec_foot_ulcer_224_foot-ulcer-0021.jpg,data/datasets/yolo_wound_boxes_v1/labels/train/wound_medetec_foot_ulcer_224_foot-ulcer-0021.txt,medetec_foot_ulcer_224,data/datasets/external/wound-segmentation/data/Medetec_foot_ulcer_224/train/images/foot-ulcer-0021.png,PUBLIC_REAL_PHOTOS,9163539c6d4b1a0bab2ea47ed82b8103726392e0f23a5a37b768e70577259853,1,2
wound_medetec_foot_ulcer_224_foot-ulcer-0021_1,train,medetec:foot-ulcer-0021_1,data/datasets/yolo_wound_boxes_v1/images/train/wound_medetec_foot_ulcer_224_foot-ulcer-0021_1.jpg,data/datasets/yolo_wound_boxes_v1/labels/train/wound_medetec_foot_ulcer_224_foot-ulcer-0021_1.txt,medetec_foot_ulcer_224,data/datasets/external/wound-segmentation/data/Medetec_foot_ulcer_224/train/images/foot-ulcer-0021_1.png,PUBLIC_REAL_PHOTOS,cde645e0151588948755032b1492814a66e3fe6df78f601bf3c65a3d64531847,1,2
wound_medetec_foot_ulcer_224_foot-ulcer-0021_2,train,medetec:foot-ulcer-0021_2,data/datasets/yolo_wound_boxes_v1/images/train/wound_medetec_foot_ulcer_224_foot-ulcer-0021_2.jpg,data/datasets/yolo_wound_boxes_v1/labels/train/wound_medetec_foot_ulcer_224_foot-ulcer-0021_2.txt,medetec_foot_ulcer_224,data/datasets/external/wound-segmentation/data/Medetec_foot_ulcer_224/train/images/foot-ulcer-0021_2.png,PUBLIC_REAL_PHOTOS,fc0b545d7dac05ef4a62a595d7bb5b97c582e9bd9c9a71e0fd2403536f9962ce,1,2
wound_medetec_foot_ulcer_224_foot-ulcer-0021_3,val,medetec:foot-ulcer-0021_3,data/datasets/yolo_wound_boxes_v1/images/val/wound_medetec_foot_ulcer_224_foot-ulcer-0021_3.jpg,data/datasets/yolo_wound_boxes_v1/labels/val/wound_medetec_foot_ulcer_224_foot-ulcer-0021_3.txt,medetec_foot_ulcer_224,data/datasets/external/wound-segmentation/data/Medetec_foot_ulcer_224/train/images/foot-ulcer-0021_3.png,PUBLIC_REAL_PHOTOS,09cd39256f284c1a9c4c8e85a3f94bd66ed0702c42f8231648e7620497d3caab,1,2
wound_medetec_foot_ulcer_224_foot-ulcer-0025,train,medetec:foot-ulcer-0025,data/datasets/yolo_wound_boxes_v1/images/train/wound_medetec_foot_ulcer_224_foot-ulcer-0025.jpg,data/datasets/yolo_wound_boxes_v1/labels/train/wound_medetec_foot_ulcer_224_foot-ulcer-0025.txt,medetec_foot_ulcer_224,data/datasets/external/wound-segmentation/data/Medetec_foot_ulcer_224/train/images/foot-ulcer-0025.png,PUBLIC_REAL_PHOTOS,a384d7729b3f74eaac1af6ba4cd01a59c2efdf8fdfc7edd4c0645954d5748d72,1,2
wound_medetec_foot_ulcer_224_foot-ulcer-0025_1,train,medetec:foot-ulcer-0025_1,data/datasets/yolo_wound_boxes_v1/images/train/wound_medetec_foot_ulcer_224_foot-ulcer-0025_1.jpg,data/datasets/yolo_wound_boxes_v1/labels/train/wound_medetec_foot_ulcer_224_foot-ulcer-0025_1.txt,medetec_foot_ulcer_224,data/datasets/external/wound-segmentation/data/Medetec_foot_ulcer_224/train/images/foot-ulcer-0025_1.png,PUBLIC_REAL_PHOTOS,01d6b69b6ab8c294336350c3bc9c5528dba103bc8ca53da422df7a880649d7cd,1,2
wound_medetec_foot_ulcer_224_foot-ulcer-0025_2,train,medetec:foot-ulcer-0025_2,data/datasets/yolo_wound_boxes_v1/images/train/wound_medetec_foot_ulcer_224_foot-ulcer-0025_2.jpg,data/datasets/yolo_wound_boxes_v1/labels/train/wound_medetec_foot_ulcer_224_foot-ulcer-0025_2.txt,medetec_foot_ulcer_224,data/datasets/external/wound-segmentation/data/Medetec_foot_ulcer_224/train/images/foot-ulcer-0025_2.png,PUBLIC_REAL_PHOTOS,cb28c5d356ad4d6d3a0e0ca112cb404ceccac5d429f8d206ebf477a5ead4cbb3,1,2
wound_medetec_foot_ulcer_224_foot-ulcer-0025_3,train,medetec:foot-ulcer-0025_3,data/datasets/yolo_wound_boxes_v1/images/train/wound_medetec_foot_ulcer_224_foot-ulcer-0025_3.jpg,data/datasets/yolo_wound_boxes_v1/labels/train/wound_medetec_foot_ulcer_224_foot-ulcer-0025_3.txt,medetec_foot_ulcer_224,data/datasets/external/wound-segmentation/data/Medetec_foot_ulcer_224/train/images/foot-ulcer-0025_3.png,PUBLIC_REAL_PHOTOS,5fc53fcaad5ee4fb8b8b0e10b2e3be1ffa102ed50153f9db8a25775ec6721ce3,1,2
wound_medetec_foot_ulcer_224_foot-ulcer-0026,train,medetec:foot-ulcer-0026,data/datasets/yolo_wound_boxes_v1/images/train/wound_medetec_foot_ulcer_224_foot-ulcer-0026.jpg,data/datasets/yolo_wound_boxes_v1/labels/train/wound_medetec_foot_ulcer_224_foot-ulcer-0026.txt,medetec_foot_ulcer_224,data/datasets/external/wound-segmentation/data/Medetec_foot_ulcer_224/train/images/foot-ulcer-0026.png,PUBLIC_REAL_PHOTOS,e0e1480b306f4c7f199c148a8116d7d061cd68e16dea14f4a5267f53eb6e74e3,1,2
wound_medetec_foot_ulcer_224_foot-ulcer-0026_1,test,medetec:foot-ulcer-0026_1,data/datasets/yolo_wound_boxes_v1/images/test/wound_medetec_foot_ulcer_224_foot-ulcer-0026_1.jpg,data/datasets/yolo_wound_boxes_v1/labels/test/wound_medetec_foot_ulcer_224_foot-ulcer-0026_1.txt,medetec_foot_ulcer_224,data/datasets/external/wound-segmentation/data/Medetec_foot_ulcer_224/train/images/foot-ulcer-0026_1.png,PUBLIC_REAL_PHOTOS,51ddd41811830f732ee0e10f1cb2fe463c158b10e17af0941cc0a760f6e7608a,1,2
wound_medetec_foot_ulcer_224_foot-ulcer-0026_2,train,medetec:foot-ulcer-0026_2,data/datasets/yolo_wound_boxes_v1/images/train/wound_medetec_foot_ulcer_224_foot-ulcer-0026_2.jpg,data/datasets/yolo_wound_boxes_v1/labels/train/wound_medetec_foot_ulcer_224_foot-ulcer-0026_2.txt,medetec_foot_ulcer_224,data/datasets/external/wound-segmentation/data/Medetec_foot_ulcer_224/train/images/foot-ulcer-0026_2.png,PUBLIC_REAL_PHOTOS,b5321f3ee87b8df7f5bc341b744d0958f4d7969cd62dec22c105aa7d1aace03a,1,2
wound_medetec_foot_ulcer_224_foot-ulcer-0026_3,train,medetec:foot-ulcer-0026_3,data/datasets/yolo_wound_boxes_v1/images/train/wound_medetec_foot_ulcer_224_foot-ulcer-0026_3.jpg,data/datasets/yolo_wound_boxes_v1/labels/train/wound_medetec_foot_ulcer_224_foot-ulcer-0026_3.txt,medetec_foot_ulcer_224,data/datasets/external/wound-segmentation/data/Medetec_foot_ulcer_224/train/images/foot-ulcer-0026_3.png,PUBLIC_REAL_PHOTOS,4538a1a97b8ad33d76528eddbb5e901637d8001d3252702b6fb38b780467a1eb,1,2
wound_medetec_foot_ulcer_224_foot-ulcer-0027,val,medetec:foot-ulcer-0027,data/datasets/yolo_wound_boxes_v1/images/val/wound_medetec_foot_ulcer_224_foot-ulcer-0027.jpg,data/datasets/yolo_wound_boxes_v1/labels/val/wound_medetec_foot_ulcer_224_foot-ulcer-0027.txt,medetec_foot_ulcer_224,data/datasets/external/wound-segmentation/data/Medetec_foot_ulcer_224/train/images/foot-ulcer-0027.png,PUBLIC_REAL_PHOTOS,c7c95f36d76e3bdad4753bd2c0d51e12cfbcdaf57c50062f075c6fc7874ac19e,1,2
wound_medetec_foot_ulcer_224_foot-ulcer-0027_1,train,medetec:foot-ulcer-0027_1,data/datasets/yolo_wound_boxes_v1/images/train/wound_medetec_foot_ulcer_224_foot-ulcer-0027_1.jpg,data/datasets/yolo_wound_boxes_v1/labels/train/wound_medetec_foot_ulcer_224_foot-ulcer-0027_1.txt,medetec_foot_ulcer_224,data/datasets/external/wound-segmentation/data/Medetec_foot_ulcer_224/train/images/foot-ulcer-0027_1.png,PUBLIC_REAL_PHOTOS,59d3a2b5ab49d68e4ddea18c29c9a88d9e7216c0b7232d3452c25f7fcd551e36,1,2
wound_medetec_foot_ulcer_224_foot-ulcer-0027_2,train,medetec:foot-ulcer-0027_2,data/datasets/yolo_wound_boxes_v1/images/train/wound_medetec_foot_ulcer_224_foot-ulcer-0027_2.jpg,data/datasets/yolo_wound_boxes_v1/labels/train/wound_medetec_foot_ulcer_224_foot-ulcer-0027_2.txt,medetec_foot_ulcer_224,data/datasets/external/wound-segmentation/data/Medetec_foot_ulcer_224/train/images/foot-ulcer-0027_2.png,PUBLIC_REAL_PHOTOS,828ee22bafcd1b9507e9476e5c73826b8d5f44378d63de8b73bfcd9267fe4f70,1,2
wound_medetec_foot_ulcer_224_foot-ulcer-0027_3,train,medetec:foot-ulcer-0027_3,data/datasets/yolo_wound_boxes_v1/images/train/wound_medetec_foot_ulcer_224_foot-ulcer-0027_3.jpg,data/datasets/yolo_wound_boxes_v1/labels/train/wound_medetec_foot_ulcer_224_foot-ulcer-0027_3.txt,medetec_foot_ulcer_224,data/datasets/external/wound-segmentation/data/Medetec_foot_ulcer_224/train/images/foot-ulcer-0027_3.png,PUBLIC_REAL_PHOTOS,944df640a2af31cd338a3ad975cf60f567e29cddeae7c4b2ce56a3f797ef80c0,1,2
wound_medetec_foot_ulcer_224_foot-ulcer-0028,train,medetec:foot-ulcer-0028,data/datasets/yolo_wound_boxes_v1/images/train/wound_medetec_foot_ulcer_224_foot-ulcer-0028.jpg,data/datasets/yolo_wound_boxes_v1/labels/train/wound_medetec_foot_ulcer_224_foot-ulcer-0028.txt,medetec_foot_ulcer_224,data/datasets/external/wound-segmentation/data/Medetec_foot_ulcer_224/train/images/foot-ulcer-0028.png,PUBLIC_REAL_PHOTOS,a935522afb9d7d0278bbd3b790cdbc72eed42f3ded467b50ab63d57006664b35,1,2
wound_medetec_foot_ulcer_224_foot-ulcer-0028_1,train,medetec:foot-ulcer-0028_1,data/datasets/yolo_wound_boxes_v1/images/train/wound_medetec_foot_ulcer_224_foot-ulcer-0028_1.jpg,data/datasets/yolo_wound_boxes_v1/labels/train/wound_medetec_foot_ulcer_224_foot-ulcer-0028_1.txt,medetec_foot_ulcer_224,data/datasets/external/wound-segmentation/data/Medetec_foot_ulcer_224/train/images/foot-ulcer-0028_1.png,PUBLIC_REAL_PHOTOS,7f850fdfaf8fe7969925edef0080b064301a5032f0623773eb6b25ad613394f9,1,2
wound_medetec_foot_ulcer_224_foot-ulcer-0028_2,train,medetec:foot-ulcer-0028_2,data/datasets/yolo_wound_boxes_v1/images/train/wound_medetec_foot_ulcer_224_foot-ulcer-0028_2.jpg,data/datasets/yolo_wound_boxes_v1/labels/train/wound_medetec_foot_ulcer_224_foot-ulcer-0028_2.txt,medetec_foot_ulcer_224,data/datasets/external/wound-segmentation/data/Medetec_foot_ulcer_224/train/images/foot-ulcer-0028_2.png,PUBLIC_REAL_PHOTOS,f5e051f7726a691bd76c3da0882c32a3ca99494b604c48dd40a2af069dc4e2a2,1,2
wound_medetec_foot_ulcer_224_foot-ulcer-0028_3,train,medetec:foot-ulcer-0028_3,data/datasets/yolo_wound_boxes_v1/images/train/wound_medetec_foot_ulcer_224_foot-ulcer-0028_3.jpg,data/datasets/yolo_wound_boxes_v1/labels/train/wound_medetec_foot_ulcer_224_foot-ulcer-0028_3.txt,medetec_foot_ulcer_224,data/datasets/external/wound-segmentation/data/Medetec_foot_ulcer_224/train/images/foot-ulcer-0028_3.png,PUBLIC_REAL_PHOTOS,39f71845766f3d513027ea88fc9b45b6206dfc84b227823da4bc1df05d4521a3,1,2
wound_medetec_foot_ulcer_224_foot-ulcer-0029,train,medetec:foot-ulcer-0029,data/datasets/yolo_wound_boxes_v1/images/train/wound_medetec_foot_ulcer_224_foot-ulcer-0029.jpg,data/datasets/yolo_wound_boxes_v1/labels/train/wound_medetec_foot_ulcer_224_foot-ulcer-0029.txt,medetec_foot_ulcer_224,data/datasets/external/wound-segmentation/data/Medetec_foot_ulcer_224/train/images/foot-ulcer-0029.png,PUBLIC_REAL_PHOTOS,77f4e7055db3d7f351ce0adee19ec6df60531a547d8c702e85e97bd7ae4db272,1,2
wound_medetec_foot_ulcer_224_foot-ulcer-0029_1,val,medetec:foot-ulcer-0029_1,data/datasets/yolo_wound_boxes_v1/images/val/wound_medetec_foot_ulcer_224_foot-ulcer-0029_1.jpg,data/datasets/yolo_wound_boxes_v1/labels/val/wound_medetec_foot_ulcer_224_foot-ulcer-0029_1.txt,medetec_foot_ulcer_224,data/datasets/external/wound-segmentation/data/Medetec_foot_ulcer_224/train/images/foot-ulcer-0029_1.png,PUBLIC_REAL_PHOTOS,eb28efa55f86fa8fd7cc236f12203a542a834e329ff387906ec908360be62dd6,1,2
wound_medetec_foot_ulcer_224_foot-ulcer-0029_2,train,medetec:foot-ulcer-0029_2,data/datasets/yolo_wound_boxes_v1/images/train/wound_medetec_foot_ulcer_224_foot-ulcer-0029_2.jpg,data/datasets/yolo_wound_boxes_v1/labels/train/wound_medetec_foot_ulcer_224_foot-ulcer-0029_2.txt,medetec_foot_ulcer_224,data/datasets/external/wound-segmentation/data/Medetec_foot_ulcer_224/train/images/foot-ulcer-0029_2.png,PUBLIC_REAL_PHOTOS,7805729570b4ffa33d3d1430308c6c3ffff548e1898e616365c02414b52ec56e,1,2
wound_medetec_foot_ulcer_224_foot-ulcer-0029_3,val,medetec:foot-ulcer-0029_3,data/datasets/yolo_wound_boxes_v1/images/val/wound_medetec_foot_ulcer_224_foot-ulcer-0029_3.jpg,data/datasets/yolo_wound_boxes_v1/labels/val/wound_medetec_foot_ulcer_224_foot-ulcer-0029_3.txt,medetec_foot_ulcer_224,data/datasets/external/wound-segmentation/data/Medetec_foot_ulcer_224/train/images/foot-ulcer-0029_3.png,PUBLIC_REAL_PHOTOS,41e7a91ff5edbac85bf7d110d524f2e894e55f90cefae0f4502fd79670b9ecad,1,2
wound_medetec_foot_ulcer_224_foot-ulcer-0032,test,medetec:foot-ulcer-0032,data/datasets/yolo_wound_boxes_v1/images/test/wound_medetec_foot_ulcer_224_foot-ulcer-0032.jpg,data/datasets/yolo_wound_boxes_v1/labels/test/wound_medetec_foot_ulcer_224_foot-ulcer-0032.txt,medetec_foot_ulcer_224,data/datasets/external/wound-segmentation/data/Medetec_foot_ulcer_224/train/images/foot-ulcer-0032.png,PUBLIC_REAL_PHOTOS,0ff8c1b9f0d22f2ce3cdf33c58666af529dd6897a03223703927e0249b8d2e14,1,2
wound_medetec_foot_ulcer_224_foot-ulcer-0032_1,train,medetec:foot-ulcer-0032_1,data/datasets/yolo_wound_boxes_v1/images/train/wound_medetec_foot_ulcer_224_foot-ulcer-0032_1.jpg,data/datasets/yolo_wound_boxes_v1/labels/train/wound_medetec_foot_ulcer_224_foot-ulcer-0032_1.txt,medetec_foot_ulcer_224,data/datasets/external/wound-segmentation/data/Medetec_foot_ulcer_224/train/images/foot-ulcer-0032_1.png,PUBLIC_REAL_PHOTOS,1a8fd117996e468862036629dfa94c43fc2999970331049abcf5d255fa9f36c0,1,2
wound_medetec_foot_ulcer_224_foot-ulcer-0032_2,train,medetec:foot-ulcer-0032_2,data/datasets/yolo_wound_boxes_v1/images/train/wound_medetec_foot_ulcer_224_foot-ulcer-0032_2.jpg,data/datasets/yolo_wound_boxes_v1/labels/train/wound_medetec_foot_ulcer_224_foot-ulcer-0032_2.txt,medetec_foot_ulcer_224,data/datasets/external/wound-segmentation/data/Medetec_foot_ulcer_224/train/images/foot-ulcer-0032_2.png,PUBLIC_REAL_PHOTOS,de66e39508ec33072fa4ceede5786a56ad697b7e05181e46b18d329aab3e0974,1,2
wound_medetec_foot_ulcer_224_foot-ulcer-0032_3,test,medetec:foot-ulcer-0032_3,data/datasets/yolo_wound_boxes_v1/images/test/wound_medetec_foot_ulcer_224_foot-ulcer-0032_3.jpg,data/datasets/yolo_wound_boxes_v1/labels/test/wound_medetec_foot_ulcer_224_foot-ulcer-0032_3.txt,medetec_foot_ulcer_224,data/datasets/external/wound-segmentation/data/Medetec_foot_ulcer_224/train/images/foot-ulcer-0032_3.png,PUBLIC_REAL_PHOTOS,bf2a5f1b587ed78b690e75b45f49b3dfefbe9dfb78c336e69c7d7e69d49c58ca,1,2
wound_medetec_foot_ulcer_224_foot-ulcer-2-1,val,medetec:foot-ulcer-2-1,data/datasets/yolo_wound_boxes_v1/images/val/wound_medetec_foot_ulcer_224_foot-ulcer-2-1.jpg,data/datasets/yolo_wound_boxes_v1/labels/val/wound_medetec_foot_ulcer_224_foot-ulcer-2-1.txt,medetec_foot_ulcer_224,data/datasets/external/wound-segmentation/data/Medetec_foot_ulcer_224/train/images/foot-ulcer-2-1.png,PUBLIC_REAL_PHOTOS,495f28d48b854dce18dbf2d60ab12c8c51c03f47767f3749fb9c72deb2fd5ab8,1,2
wound_medetec_foot_ulcer_224_foot-ulcer-2-1_1,train,medetec:foot-ulcer-2-1_1,data/datasets/yolo_wound_boxes_v1/images/train/wound_medetec_foot_ulcer_224_foot-ulcer-2-1_1.jpg,data/datasets/yolo_wound_boxes_v1/labels/train/wound_medetec_foot_ulcer_224_foot-ulcer-2-1_1.txt,medetec_foot_ulcer_224,data/datasets/external/wound-segmentation/data/Medetec_foot_ulcer_224/train/images/foot-ulcer-2-1_1.png,PUBLIC_REAL_PHOTOS,57bab8ce0edc5b46cdb695df24409d04e404377027bc3021081904275a99cb44,1,2
wound_medetec_foot_ulcer_224_foot-ulcer-2-1_2,val,medetec:foot-ulcer-2-1_2,data/datasets/yolo_wound_boxes_v1/images/val/wound_medetec_foot_ulcer_224_foot-ulcer-2-1_2.jpg,data/datasets/yolo_wound_boxes_v1/labels/val/wound_medetec_foot_ulcer_224_foot-ulcer-2-1_2.txt,medetec_foot_ulcer_224,data/datasets/external/wound-segmentation/data/Medetec_foot_ulcer_224/train/images/foot-ulcer-2-1_2.png,PUBLIC_REAL_PHOTOS,087ef5578b60b5cd63d53071ac5474818ff3b02f607922d821a9a8ca33950ae1,1,2
wound_medetec_foot_ulcer_224_foot-ulcer-2-1_3,train,medetec:foot-ulcer-2-1_3,data/datasets/yolo_wound_boxes_v1/images/train/wound_medetec_foot_ulcer_224_foot-ulcer-2-1_3.jpg,data/datasets/yolo_wound_boxes_v1/labels/train/wound_medetec_foot_ulcer_224_foot-ulcer-2-1_3.txt,medetec_foot_ulcer_224,data/datasets/external/wound-segmentation/data/Medetec_foot_ulcer_224/train/images/foot-ulcer-2-1_3.png,PUBLIC_REAL_PHOTOS,9f01bbc128a1da9e3ae2d545e816d8c44c621ec5004a3c7705203c8f310b8a39,1,2
wound_medetec_foot_ulcer_224_foot-ulcer-2-2,test,medetec:foot-ulcer-2-2,data/datasets/yolo_wound_boxes_v1/images/test/wound_medetec_foot_ulcer_224_foot-ulcer-2-2.jpg,data/datasets/yolo_wound_boxes_v1/labels/test/wound_medetec_foot_ulcer_224_foot-ulcer-2-2.txt,medetec_foot_ulcer_224,data/datasets/external/wound-segmentation/data/Medetec_foot_ulcer_224/train/images/foot-ulcer-2-2.png,PUBLIC_REAL_PHOTOS,2f693422b2ff71ef8f3bc2162f655f8b8cd7f0753fe04ad4c8a270e1a3005d67,1,2
wound_medetec_foot_ulcer_224_foot-ulcer-2-2_1,train,medetec:foot-ulcer-2-2_1,data/datasets/yolo_wound_boxes_v1/images/train/wound_medetec_foot_ulcer_224_foot-ulcer-2-2_1.jpg,data/datasets/yolo_wound_boxes_v1/labels/train/wound_medetec_foot_ulcer_224_foot-ulcer-2-2_1.txt,medetec_foot_ulcer_224,data/datasets/external/wound-segmentation/data/Medetec_foot_ulcer_224/train/images/foot-ulcer-2-2_1.png,PUBLIC_REAL_PHOTOS,98fbf4d9495edc91149b33716a9cf7d545c70003218a16957b54bf86e77994d0,1,2
wound_medetec_foot_ulcer_224_foot-ulcer-2-2_2,train,medetec:foot-ulcer-2-2_2,data/datasets/yolo_wound_boxes_v1/images/train/wound_medetec_foot_ulcer_224_foot-ulcer-2-2_2.jpg,data/datasets/yolo_wound_boxes_v1/labels/train/wound_medetec_foot_ulcer_224_foot-ulcer-2-2_2.txt,medetec_foot_ulcer_224,data/datasets/external/wound-segmentation/data/Medetec_foot_ulcer_224/train/images/foot-ulcer-2-2_2.png,PUBLIC_REAL_PHOTOS,e79b2548b5ee94f2152b5d72ef93aebeaec7a209be914429269bf7148fa1dd0d,1,2
wound_medetec_foot_ulcer_224_foot-ulcer-2-2_3,test,medetec:foot-ulcer-2-2_3,data/datasets/yolo_wound_boxes_v1/images/test/wound_medetec_foot_ulcer_224_foot-ulcer-2-2_3.jpg,data/datasets/yolo_wound_boxes_v1/labels/test/wound_medetec_foot_ulcer_224_foot-ulcer-2-2_3.txt,medetec_foot_ulcer_224,data/datasets/external/wound-segmentation/data/Medetec_foot_ulcer_224/train/images/foot-ulcer-2-2_3.png,PUBLIC_REAL_PHOTOS,0948c3e20c2164c6f6392b383a0748eb9c41dbf0641ef483fcf0397bd829976e,1,2
wound_medetec_foot_ulcer_224_foot-ulcer-2-3,train,medetec:foot-ulcer-2-3,data/datasets/yolo_wound_boxes_v1/images/train/wound_medetec_foot_ulcer_224_foot-ulcer-2-3.jpg,data/datasets/yolo_wound_boxes_v1/labels/train/wound_medetec_foot_ulcer_224_foot-ulcer-2-3.txt,medetec_foot_ulcer_224,data/datasets/external/wound-segmentation/data/Medetec_foot_ulcer_224/train/images/foot-ulcer-2-3.png,PUBLIC_REAL_PHOTOS,17073c59173a268bb763f9da5d956ad742e35fdf9f0fede077a5d557dd745086,1,2
wound_medetec_foot_ulcer_224_foot-ulcer-2-3_1,train,medetec:foot-ulcer-2-3_1,data/datasets/yolo_wound_boxes_v1/images/train/wound_medetec_foot_ulcer_224_foot-ulcer-2-3_1.jpg,data/datasets/yolo_wound_boxes_v1/labels/train/wound_medetec_foot_ulcer_224_foot-ulcer-2-3_1.txt,medetec_foot_ulcer_224,data/datasets/external/wound-segmentation/data/Medetec_foot_ulcer_224/train/images/foot-ulcer-2-3_1.png,PUBLIC_REAL_PHOTOS,032a5864e86848e6c2ccc8c65cdd2bf6d398871a03a4ac41e8726b451471c7fa,1,2
wound_medetec_foot_ulcer_224_foot-ulcer-2-3_2,train,medetec:foot-ulcer-2-3_2,data/datasets/yolo_wound_boxes_v1/images/train/wound_medetec_foot_ulcer_224_foot-ulcer-2-3_2.jpg,data/datasets/yolo_wound_boxes_v1/labels/train/wound_medetec_foot_ulcer_224_foot-ulcer-2-3_2.txt,medetec_foot_ulcer_224,data/datasets/external/wound-segmentation/data/Medetec_foot_ulcer_224/train/images/foot-ulcer-2-3_2.png,PUBLIC_REAL_PHOTOS,269ec773ec0e23efe9959b53649d7f3e88412fe2107a085adf1c3112850d43b3,1,2
wound_medetec_foot_ulcer_224_foot-ulcer-2-3_3,train,medetec:foot-ulcer-2-3_3,data/datasets/yolo_wound_boxes_v1/images/train/wound_medetec_foot_ulcer_224_foot-ulcer-2-3_3.jpg,data/datasets/yolo_wound_boxes_v1/labels/train/wound_medetec_foot_ulcer_224_foot-ulcer-2-3_3.txt,medetec_foot_ulcer_224,data/datasets/external/wound-segmentation/data/Medetec_foot_ulcer_224/train/images/foot-ulcer-2-3_3.png,PUBLIC_REAL_PHOTOS,afd95f110316079208d86a019007d52bc65f3f86084037be0fc0f89ad28e5dd8,1,2
wound_medetec_foot_ulcer_224_foot-ulcer-2-4,val,medetec:foot-ulcer-2-4,data/datasets/yolo_wound_boxes_v1/images/val/wound_medetec_foot_ulcer_224_foot-ulcer-2-4.jpg,data/datasets/yolo_wound_boxes_v1/labels/val/wound_medetec_foot_ulcer_224_foot-ulcer-2-4.txt,medetec_foot_ulcer_224,data/datasets/external/wound-segmentation/data/Medetec_foot_ulcer_224/train/images/foot-ulcer-2-4.png,PUBLIC_REAL_PHOTOS,9d55cc7a3e09c372bd8b3a2ce64096551f22c96a5729da2c0c2d3b88f80193fa,1,2
wound_medetec_foot_ulcer_224_foot-ulcer-2-4_1,test,medetec:foot-ulcer-2-4_1,data/datasets/yolo_wound_boxes_v1/images/test/wound_medetec_foot_ulcer_224_foot-ulcer-2-4_1.jpg,data/datasets/yolo_wound_boxes_v1/labels/test/wound_medetec_foot_ulcer_224_foot-ulcer-2-4_1.txt,medetec_foot_ulcer_224,data/datasets/external/wound-segmentation/data/Medetec_foot_ulcer_224/train/images/foot-ulcer-2-4_1.png,PUBLIC_REAL_PHOTOS,5e37c2740b0c031f241e3e54a850011693325b28f2bf8b2150cc6104e48b01d4,1,2
wound_medetec_foot_ulcer_224_foot-ulcer-2-4_2,train,medetec:foot-ulcer-2-4_2,data/datasets/yolo_wound_boxes_v1/images/train/wound_medetec_foot_ulcer_224_foot-ulcer-2-4_2.jpg,data/datasets/yolo_wound_boxes_v1/labels/train/wound_medetec_foot_ulcer_224_foot-ulcer-2-4_2.txt,medetec_foot_ulcer_224,data/datasets/external/wound-segmentation/data/Medetec_foot_ulcer_224/train/images/foot-ulcer-2-4_2.png,PUBLIC_REAL_PHOTOS,6ca929509c1b9ff0d490cc609733b926534796c397429e57d474d39e9d21fec1,1,2
wound_medetec_foot_ulcer_224_foot-ulcer-2-4_3,train,medetec:foot-ulcer-2-4_3,data/datasets/yolo_wound_boxes_v1/images/train/wound_medetec_foot_ulcer_224_foot-ulcer-2-4_3.jpg,data/datasets/yolo_wound_boxes_v1/labels/train/wound_medetec_foot_ulcer_224_foot-ulcer-2-4_3.txt,medetec_foot_ulcer_224,data/datasets/external/wound-segmentation/data/Medetec_foot_ulcer_224/train/images/foot-ulcer-2-4_3.png,PUBLIC_REAL_PHOTOS,cabcbe1437c22e79370b00c0e600299dd9286eacf5ff49b73f2ec1c42da7fb55,1,2
wound_medetec_foot_ulcer_224_foot-ulcer-3-2,train,medetec:foot-ulcer-3-2,data/datasets/yolo_wound_boxes_v1/images/train/wound_medetec_foot_ulcer_224_foot-ulcer-3-2.jpg,data/datasets/yolo_wound_boxes_v1/labels/train/wound_medetec_foot_ulcer_224_foot-ulcer-3-2.txt,medetec_foot_ulcer_224,data/datasets/external/wound-segmentation/data/Medetec_foot_ulcer_224/train/images/foot-ulcer-3-2.png,PUBLIC_REAL_PHOTOS,188e756e96699dee70b668ff7334cab9361f17fd5d69ffd8d18bc026c28bf9ef,1,2
wound_medetec_foot_ulcer_224_foot-ulcer-3-2_1,train,medetec:foot-ulcer-3-2_1,data/datasets/yolo_wound_boxes_v1/images/train/wound_medetec_foot_ulcer_224_foot-ulcer-3-2_1.jpg,data/datasets/yolo_wound_boxes_v1/labels/train/wound_medetec_foot_ulcer_224_foot-ulcer-3-2_1.txt,medetec_foot_ulcer_224,data/datasets/external/wound-segmentation/data/Medetec_foot_ulcer_224/train/images/foot-ulcer-3-2_1.png,PUBLIC_REAL_PHOTOS,342f8350e19069c3c13f625795d10f37a8b60921b72ce6eb81ab2a2ccf775f4a,1,2
wound_medetec_foot_ulcer_224_foot-ulcer-3-2_2,test,medetec:foot-ulcer-3-2_2,data/datasets/yolo_wound_boxes_v1/images/test/wound_medetec_foot_ulcer_224_foot-ulcer-3-2_2.jpg,data/datasets/yolo_wound_boxes_v1/labels/test/wound_medetec_foot_ulcer_224_foot-ulcer-3-2_2.txt,medetec_foot_ulcer_224,data/datasets/external/wound-segmentation/data/Medetec_foot_ulcer_224/train/images/foot-ulcer-3-2_2.png,PUBLIC_REAL_PHOTOS,8e74e035c2a9c0de6f9c4d1a1520eee45a61d35c5b841c72abf85a4d371e6b91,1,2
wound_medetec_foot_ulcer_224_foot-ulcer-3-2_3,train,medetec:foot-ulcer-3-2_3,data/datasets/yolo_wound_boxes_v1/images/train/wound_medetec_foot_ulcer_224_foot-ulcer-3-2_3.jpg,data/datasets/yolo_wound_boxes_v1/labels/train/wound_medetec_foot_ulcer_224_foot-ulcer-3-2_3.txt,medetec_foot_ulcer_224,data/datasets/external/wound-segmentation/data/Medetec_foot_ulcer_224/train/images/foot-ulcer-3-2_3.png,PUBLIC_REAL_PHOTOS,df1dc5fdd0ccaea1796c6d93c207b55f8d0f04541545ee00783d803917552782,1,2
wound_medetec_foot_ulcer_224_foot-ulcer-3-3,test,medetec:foot-ulcer-3-3,data/datasets/yolo_wound_boxes_v1/images/test/wound_medetec_foot_ulcer_224_foot-ulcer-3-3.jpg,data/datasets/yolo_wound_boxes_v1/labels/test/wound_medetec_foot_ulcer_224_foot-ulcer-3-3.txt,medetec_foot_ulcer_224,data/datasets/external/wound-segmentation/data/Medetec_foot_ulcer_224/train/images/foot-ulcer-3-3.png,PUBLIC_REAL_PHOTOS,b87dcd4da3a675027d02c3674505d4e596e7630246219bf20cafa22689d593c9,1,2
wound_medetec_foot_ulcer_224_foot-ulcer-3-3_1,train,medetec:foot-ulcer-3-3_1,data/datasets/yolo_wound_boxes_v1/images/train/wound_medetec_foot_ulcer_224_foot-ulcer-3-3_1.jpg,data/datasets/yolo_wound_boxes_v1/labels/train/wound_medetec_foot_ulcer_224_foot-ulcer-3-3_1.txt,medetec_foot_ulcer_224,data/datasets/external/wound-segmentation/data/Medetec_foot_ulcer_224/train/images/foot-ulcer-3-3_1.png,PUBLIC_REAL_PHOTOS,64bfb8e859237ca1b29750092ce537c206f15b06b28bc201a1eeef057d3f8dd9,1,2
wound_medetec_foot_ulcer_224_foot-ulcer-3-3_2,train,medetec:foot-ulcer-3-3_2,data/datasets/yolo_wound_boxes_v1/images/train/wound_medetec_foot_ulcer_224_foot-ulcer-3-3_2.jpg,data/datasets/yolo_wound_boxes_v1/labels/train/wound_medetec_foot_ulcer_224_foot-ulcer-3-3_2.txt,medetec_foot_ulcer_224,data/datasets/external/wound-segmentation/data/Medetec_foot_ulcer_224/train/images/foot-ulcer-3-3_2.png,PUBLIC_REAL_PHOTOS,5064d4b6e28633d5578d22d0cb6357857f778204eff5bd38d58478790802114d,1,2
wound_medetec_foot_ulcer_224_foot-ulcer-3-3_3,train,medetec:foot-ulcer-3-3_3,data/datasets/yolo_wound_boxes_v1/images/train/wound_medetec_foot_ulcer_224_foot-ulcer-3-3_3.jpg,data/datasets/yolo_wound_boxes_v1/labels/train/wound_medetec_foot_ulcer_224_foot-ulcer-3-3_3.txt,medetec_foot_ulcer_224,data/datasets/external/wound-segmentation/data/Medetec_foot_ulcer_224/train/images/foot-ulcer-3-3_3.png,PUBLIC_REAL_PHOTOS,6ab5ee327ad69309937919de449cb8dff662ae834073b65822555da9bd7f8498,1,2
wound_medetec_foot_ulcer_224_foot-ulcer-3-4,train,medetec:foot-ulcer-3-4,data/datasets/yolo_wound_boxes_v1/images/train/wound_medetec_foot_ulcer_224_foot-ulcer-3-4.jpg,data/datasets/yolo_wound_boxes_v1/labels/train/wound_medetec_foot_ulcer_224_foot-ulcer-3-4.txt,medetec_foot_ulcer_224,data/datasets/external/wound-segmentation/data/Medetec_foot_ulcer_224/train/images/foot-ulcer-3-4.png,PUBLIC_REAL_PHOTOS,291bbbe23fdd73acfa9812ed1e7e0e527f589284056010caed79a015df9cd3f0,1,2
wound_medetec_foot_ulcer_224_foot-ulcer-3-4_1,train,medetec:foot-ulcer-3-4_1,data/datasets/yolo_wound_boxes_v1/images/train/wound_medetec_foot_ulcer_224_foot-ulcer-3-4_1.jpg,data/datasets/yolo_wound_boxes_v1/labels/train/wound_medetec_foot_ulcer_224_foot-ulcer-3-4_1.txt,medetec_foot_ulcer_224,data/datasets/external/wound-segmentation/data/Medetec_foot_ulcer_224/train/images/foot-ulcer-3-4_1.png,PUBLIC_REAL_PHOTOS,49cd6b78edab6eb3703cc28086494e80a2cafeee7a73c197788cbfd389f9f70c,1,2
wound_medetec_foot_ulcer_224_foot-ulcer-3-4_2,train,medetec:foot-ulcer-3-4_2,data/datasets/yolo_wound_boxes_v1/images/train/wound_medetec_foot_ulcer_224_foot-ulcer-3-4_2.jpg,data/datasets/yolo_wound_boxes_v1/labels/train/wound_medetec_foot_ulcer_224_foot-ulcer-3-4_2.txt,medetec_foot_ulcer_224,data/datasets/external/wound-segmentation/data/Medetec_foot_ulcer_224/train/images/foot-ulcer-3-4_2.png,PUBLIC_REAL_PHOTOS,99bce6e00c73275cd260a02e9021434e26307717a36e2c82fcd2a68cda8cf73b,1,2
wound_medetec_foot_ulcer_224_foot-ulcer-3-4_3,train,medetec:foot-ulcer-3-4_3,data/datasets/yolo_wound_boxes_v1/images/train/wound_medetec_foot_ulcer_224_foot-ulcer-3-4_3.jpg,data/datasets/yolo_wound_boxes_v1/labels/train/wound_medetec_foot_ulcer_224_foot-ulcer-3-4_3.txt,medetec_foot_ulcer_224,data/datasets/external/wound-segmentation/data/Medetec_foot_ulcer_224/train/images/foot-ulcer-3-4_3.png,PUBLIC_REAL_PHOTOS,bbf8793886d957ca97e4028b51bad718040b5982019b92f3ed5155d45522319d,1,2
wound_medetec_foot_ulcer_224_foot-ulcer-3-5,val,medetec:foot-ulcer-3-5,data/datasets/yolo_wound_boxes_v1/images/val/wound_medetec_foot_ulcer_224_foot-ulcer-3-5.jpg,data/datasets/yolo_wound_boxes_v1/labels/val/wound_medetec_foot_ulcer_224_foot-ulcer-3-5.txt,medetec_foot_ulcer_224,data/datasets/external/wound-segmentation/data/Medetec_foot_ulcer_224/train/images/foot-ulcer-3-5.png,PUBLIC_REAL_PHOTOS,b55da18c841438bc12dc6124d8c410902f4e6f0eccb096557aa4b46bd37a8580,1,2
wound_medetec_foot_ulcer_224_foot-ulcer-3-5_1,train,medetec:foot-ulcer-3-5_1,data/datasets/yolo_wound_boxes_v1/images/train/wound_medetec_foot_ulcer_224_foot-ulcer-3-5_1.jpg,data/datasets/yolo_wound_boxes_v1/labels/train/wound_medetec_foot_ulcer_224_foot-ulcer-3-5_1.txt,medetec_foot_ulcer_224,data/datasets/external/wound-segmentation/data/Medetec_foot_ulcer_224/train/images/foot-ulcer-3-5_1.png,PUBLIC_REAL_PHOTOS,54adfc5189d0c1b33aa9d94eba95e30fd733637bcd5be79d37cea6269fdf4b6b,1,2
wound_medetec_foot_ulcer_224_foot-ulcer-3-5_2,train,medetec:foot-ulcer-3-5_2,data/datasets/yolo_wound_boxes_v1/images/train/wound_medetec_foot_ulcer_224_foot-ulcer-3-5_2.jpg,data/datasets/yolo_wound_boxes_v1/labels/train/wound_medetec_foot_ulcer_224_foot-ulcer-3-5_2.txt,medetec_foot_ulcer_224,data/datasets/external/wound-segmentation/data/Medetec_foot_ulcer_224/train/images/foot-ulcer-3-5_2.png,PUBLIC_REAL_PHOTOS,1bc83916ce7f1a387a5d6d58eab7a31de6799e6bd38a8346754d9b8b26e34323,1,2
wound_medetec_foot_ulcer_224_foot-ulcer-3-5_3,train,medetec:foot-ulcer-3-5_3,data/datasets/yolo_wound_boxes_v1/images/train/wound_medetec_foot_ulcer_224_foot-ulcer-3-5_3.jpg,data/datasets/yolo_wound_boxes_v1/labels/train/wound_medetec_foot_ulcer_224_foot-ulcer-3-5_3.txt,medetec_foot_ulcer_224,data/datasets/external/wound-segmentation/data/Medetec_foot_ulcer_224/train/images/foot-ulcer-3-5_3.png,PUBLIC_REAL_PHOTOS,254cd40db609439c2fd612b7babe689342d88ca4091762f33afd4a76fe8d76ad,1,2
wound_medetec_foot_ulcer_224_foot-ulcer1-1,train,medetec:foot-ulcer1-1,data/datasets/yolo_wound_boxes_v1/images/train/wound_medetec_foot_ulcer_224_foot-ulcer1-1.jpg,data/datasets/yolo_wound_boxes_v1/labels/train/wound_medetec_foot_ulcer_224_foot-ulcer1-1.txt,medetec_foot_ulcer_224,data/datasets/external/wound-segmentation/data/Medetec_foot_ulcer_224/train/images/foot-ulcer1-1.png,PUBLIC_REAL_PHOTOS,1e15f5a854ccc69baa83c3469dc8c0ea5ab69ab19edbe3876cb00583365e7a94,1,2
wound_medetec_foot_ulcer_224_foot-ulcer1-1_1,train,medetec:foot-ulcer1-1_1,data/datasets/yolo_wound_boxes_v1/images/train/wound_medetec_foot_ulcer_224_foot-ulcer1-1_1.jpg,data/datasets/yolo_wound_boxes_v1/labels/train/wound_medetec_foot_ulcer_224_foot-ulcer1-1_1.txt,medetec_foot_ulcer_224,data/datasets/external/wound-segmentation/data/Medetec_foot_ulcer_224/train/images/foot-ulcer1-1_1.png,PUBLIC_REAL_PHOTOS,c4f50d0192106497aa3cf461c0f2df83abd1fe1c50ab449242fe4a728c0b1f7f,1,2
wound_medetec_foot_ulcer_224_foot-ulcer1-1_2,test,medetec:foot-ulcer1-1_2,data/datasets/yolo_wound_boxes_v1/images/test/wound_medetec_foot_ulcer_224_foot-ulcer1-1_2.jpg,data/datasets/yolo_wound_boxes_v1/labels/test/wound_medetec_foot_ulcer_224_foot-ulcer1-1_2.txt,medetec_foot_ulcer_224,data/datasets/external/wound-segmentation/data/Medetec_foot_ulcer_224/train/images/foot-ulcer1-1_2.png,PUBLIC_REAL_PHOTOS,e3e23a512f387f07e2d33897e9d1c3663f66b7d2106ce6715139efd07060a888,1,2
wound_medetec_foot_ulcer_224_foot-ulcer1-1_3,test,medetec:foot-ulcer1-1_3,data/datasets/yolo_wound_boxes_v1/images/test/wound_medetec_foot_ulcer_224_foot-ulcer1-1_3.jpg,data/datasets/yolo_wound_boxes_v1/labels/test/wound_medetec_foot_ulcer_224_foot-ulcer1-1_3.txt,medetec_foot_ulcer_224,data/datasets/external/wound-segmentation/data/Medetec_foot_ulcer_224/train/images/foot-ulcer1-1_3.png,PUBLIC_REAL_PHOTOS,6e193575936d7de5f4105ec9a0bbd1bdca0045b38b6e1269ceab0bd7241b8e53,1,2
wound_medetec_foot_ulcer_224_foot-ulcer1-2,train,medetec:foot-ulcer1-2,data/datasets/yolo_wound_boxes_v1/images/train/wound_medetec_foot_ulcer_224_foot-ulcer1-2.jpg,data/datasets/yolo_wound_boxes_v1/labels/train/wound_medetec_foot_ulcer_224_foot-ulcer1-2.txt,medetec_foot_ulcer_224,data/datasets/external/wound-segmentation/data/Medetec_foot_ulcer_224/train/images/foot-ulcer1-2.png,PUBLIC_REAL_PHOTOS,dd16f51e2a623e0b758611c4b1ba2cfa6a081b7c48249760500762c68e72e7de,1,2
wound_medetec_foot_ulcer_224_foot-ulcer1-2_1,train,medetec:foot-ulcer1-2_1,data/datasets/yolo_wound_boxes_v1/images/train/wound_medetec_foot_ulcer_224_foot-ulcer1-2_1.jpg,data/datasets/yolo_wound_boxes_v1/labels/train/wound_medetec_foot_ulcer_224_foot-ulcer1-2_1.txt,medetec_foot_ulcer_224,data/datasets/external/wound-segmentation/data/Medetec_foot_ulcer_224/train/images/foot-ulcer1-2_1.png,PUBLIC_REAL_PHOTOS,b1d088cc8a4e9a3cf32e932eb5ca3344b000d7e46ceb8d4d5cb040845791f1e7,1,2
wound_medetec_foot_ulcer_224_foot-ulcer1-2_2,train,medetec:foot-ulcer1-2_2,data/datasets/yolo_wound_boxes_v1/images/train/wound_medetec_foot_ulcer_224_foot-ulcer1-2_2.jpg,data/datasets/yolo_wound_boxes_v1/labels/train/wound_medetec_foot_ulcer_224_foot-ulcer1-2_2.txt,medetec_foot_ulcer_224,data/datasets/external/wound-segmentation/data/Medetec_foot_ulcer_224/train/images/foot-ulcer1-2_2.png,PUBLIC_REAL_PHOTOS,95ae090306a11efde5a65b23b9e83973c83682f2ed1d7cb4be322c63cad91085,1,2
wound_medetec_foot_ulcer_224_foot-ulcer1-2_3,test,medetec:foot-ulcer1-2_3,data/datasets/yolo_wound_boxes_v1/images/test/wound_medetec_foot_ulcer_224_foot-ulcer1-2_3.jpg,data/datasets/yolo_wound_boxes_v1/labels/test/wound_medetec_foot_ulcer_224_foot-ulcer1-2_3.txt,medetec_foot_ulcer_224,data/datasets/external/wound-segmentation/data/Medetec_foot_ulcer_224/train/images/foot-ulcer1-2_3.png,PUBLIC_REAL_PHOTOS,81fa8941d6411877c752bcb75a0c229a5f66265bb99ad3f127f208e0c570305b,1,2
wound_medetec_foot_ulcer_224_foot-ulcer1-3,train,medetec:foot-ulcer1-3,data/datasets/yolo_wound_boxes_v1/images/train/wound_medetec_foot_ulcer_224_foot-ulcer1-3.jpg,data/datasets/yolo_wound_boxes_v1/labels/train/wound_medetec_foot_ulcer_224_foot-ulcer1-3.txt,medetec_foot_ulcer_224,data/datasets/external/wound-segmentation/data/Medetec_foot_ulcer_224/train/images/foot-ulcer1-3.png,PUBLIC_REAL_PHOTOS,5e225b0d28b5c843400287cc26818ffa24b20230e06f1266f51aa3b04d2a9291,1,2
wound_medetec_foot_ulcer_224_foot-ulcer1-3_1,train,medetec:foot-ulcer1-3_1,data/datasets/yolo_wound_boxes_v1/images/train/wound_medetec_foot_ulcer_224_foot-ulcer1-3_1.jpg,data/datasets/yolo_wound_boxes_v1/labels/train/wound_medetec_foot_ulcer_224_foot-ulcer1-3_1.txt,medetec_foot_ulcer_224,data/datasets/external/wound-segmentation/data/Medetec_foot_ulcer_224/train/images/foot-ulcer1-3_1.png,PUBLIC_REAL_PHOTOS,abbc77970255ae6721868a3db4bc8dae21d5b4237d618254ffeb9b68934660f9,1,2
wound_medetec_foot_ulcer_224_foot-ulcer1-3_2,train,medetec:foot-ulcer1-3_2,data/datasets/yolo_wound_boxes_v1/images/train/wound_medetec_foot_ulcer_224_foot-ulcer1-3_2.jpg,data/datasets/yolo_wound_boxes_v1/labels/train/wound_medetec_foot_ulcer_224_foot-ulcer1-3_2.txt,medetec_foot_ulcer_224,data/datasets/external/wound-segmentation/data/Medetec_foot_ulcer_224/train/images/foot-ulcer1-3_2.png,PUBLIC_REAL_PHOTOS,a8e58cdc9b831289b03eaa6d6a880489399f41f1c999cb11f1ab0f383cd9cb29,1,2
wound_medetec_foot_ulcer_224_foot-ulcer1-3_3,train,medetec:foot-ulcer1-3_3,data/datasets/yolo_wound_boxes_v1/images/train/wound_medetec_foot_ulcer_224_foot-ulcer1-3_3.jpg,data/datasets/yolo_wound_boxes_v1/labels/train/wound_medetec_foot_ulcer_224_foot-ulcer1-3_3.txt,medetec_foot_ulcer_224,data/datasets/external/wound-segmentation/data/Medetec_foot_ulcer_224/train/images/foot-ulcer1-3_3.png,PUBLIC_REAL_PHOTOS,bf09618d440d7dddb31489b4dc6d2398bd916bb4fc3b542501fdd311000bbb14,1,2
wound_medetec_foot_ulcer_224_foot-ulcer1-4,val,medetec:foot-ulcer1-4,data/datasets/yolo_wound_boxes_v1/images/val/wound_medetec_foot_ulcer_224_foot-ulcer1-4.jpg,data/datasets/yolo_wound_boxes_v1/labels/val/wound_medetec_foot_ulcer_224_foot-ulcer1-4.txt,medetec_foot_ulcer_224,data/datasets/external/wound-segmentation/data/Medetec_foot_ulcer_224/train/images/foot-ulcer1-4.png,PUBLIC_REAL_PHOTOS,03e536c0258d6b1307e951b93f2a0637831af49bd6037bf99477adbd681127ba,1,2
wound_medetec_foot_ulcer_224_foot-ulcer1-4_1,val,medetec:foot-ulcer1-4_1,data/datasets/yolo_wound_boxes_v1/images/val/wound_medetec_foot_ulcer_224_foot-ulcer1-4_1.jpg,data/datasets/yolo_wound_boxes_v1/labels/val/wound_medetec_foot_ulcer_224_foot-ulcer1-4_1.txt,medetec_foot_ulcer_224,data/datasets/external/wound-segmentation/data/Medetec_foot_ulcer_224/train/images/foot-ulcer1-4_1.png,PUBLIC_REAL_PHOTOS,7a395df3e4903a2963a24a779de01bcad2e56da3a504489d037e17922a3fce1f,1,2
wound_medetec_foot_ulcer_224_foot-ulcer1-4_2,train,medetec:foot-ulcer1-4_2,data/datasets/yolo_wound_boxes_v1/images/train/wound_medetec_foot_ulcer_224_foot-ulcer1-4_2.jpg,data/datasets/yolo_wound_boxes_v1/labels/train/wound_medetec_foot_ulcer_224_foot-ulcer1-4_2.txt,medetec_foot_ulcer_224,data/datasets/external/wound-segmentation/data/Medetec_foot_ulcer_224/train/images/foot-ulcer1-4_2.png,PUBLIC_REAL_PHOTOS,6c192f53405da1750dd3824474d6086b66a1c08ba2e8c6aa181f84ab177e36df,1,2
wound_medetec_foot_ulcer_224_foot-ulcer1-4_3,val,medetec:foot-ulcer1-4_3,data/datasets/yolo_wound_boxes_v1/images/val/wound_medetec_foot_ulcer_224_foot-ulcer1-4_3.jpg,data/datasets/yolo_wound_boxes_v1/labels/val/wound_medetec_foot_ulcer_224_foot-ulcer1-4_3.txt,medetec_foot_ulcer_224,data/datasets/external/wound-segmentation/data/Medetec_foot_ulcer_224/train/images/foot-ulcer1-4_3.png,PUBLIC_REAL_PHOTOS,fc6ed4c91060ed8b7dcc3f6bce5487ea17908adaed47a117c67c8127b204af39,1,2
wound_medetec_foot_ulcer_224_foot-ulcer1-5,train,medetec:foot-ulcer1-5,data/datasets/yolo_wound_boxes_v1/images/train/wound_medetec_foot_ulcer_224_foot-ulcer1-5.jpg,data/datasets/yolo_wound_boxes_v1/labels/train/wound_medetec_foot_ulcer_224_foot-ulcer1-5.txt,medetec_foot_ulcer_224,data/datasets/external/wound-segmentation/data/Medetec_foot_ulcer_224/train/images/foot-ulcer1-5.png,PUBLIC_REAL_PHOTOS,3c63459e9efd0da3e2d0555c6e1319e79055e89a3ee6ea20e88d373da35e5239,1,2
wound_medetec_foot_ulcer_224_foot-ulcer1-5_1,test,medetec:foot-ulcer1-5_1,data/datasets/yolo_wound_boxes_v1/images/test/wound_medetec_foot_ulcer_224_foot-ulcer1-5_1.jpg,data/datasets/yolo_wound_boxes_v1/labels/test/wound_medetec_foot_ulcer_224_foot-ulcer1-5_1.txt,medetec_foot_ulcer_224,data/datasets/external/wound-segmentation/data/Medetec_foot_ulcer_224/train/images/foot-ulcer1-5_1.png,PUBLIC_REAL_PHOTOS,94429549037f9c8ba02d1d1da53f09abfd595a56d28aac92a5dddfedee526b3b,1,2
wound_medetec_foot_ulcer_224_foot-ulcer1-5_2,train,medetec:foot-ulcer1-5_2,data/datasets/yolo_wound_boxes_v1/images/train/wound_medetec_foot_ulcer_224_foot-ulcer1-5_2.jpg,data/datasets/yolo_wound_boxes_v1/labels/train/wound_medetec_foot_ulcer_224_foot-ulcer1-5_2.txt,medetec_foot_ulcer_224,data/datasets/external/wound-segmentation/data/Medetec_foot_ulcer_224/train/images/foot-ulcer1-5_2.png,PUBLIC_REAL_PHOTOS,9d34365d87ea5878964b1eb2f6f9277b2ad3b21a36c8cb961f8341c771d90784,1,2
wound_medetec_foot_ulcer_224_foot-ulcer1-5_3,test,medetec:foot-ulcer1-5_3,data/datasets/yolo_wound_boxes_v1/images/test/wound_medetec_foot_ulcer_224_foot-ulcer1-5_3.jpg,data/datasets/yolo_wound_boxes_v1/labels/test/wound_medetec_foot_ulcer_224_foot-ulcer1-5_3.txt,medetec_foot_ulcer_224,data/datasets/external/wound-segmentation/data/Medetec_foot_ulcer_224/train/images/foot-ulcer1-5_3.png,PUBLIC_REAL_PHOTOS,017f5f474b5e82ceb2d508a96473d6857b86cb8cb91ac7d681c12fd12e475241,1,2
wound_medetec_foot_ulcer_224_foot-ulcer1-8,val,medetec:foot-ulcer1-8,data/datasets/yolo_wound_boxes_v1/images/val/wound_medetec_foot_ulcer_224_foot-ulcer1-8.jpg,data/datasets/yolo_wound_boxes_v1/labels/val/wound_medetec_foot_ulcer_224_foot-ulcer1-8.txt,medetec_foot_ulcer_224,data/datasets/external/wound-segmentation/data/Medetec_foot_ulcer_224/train/images/foot-ulcer1-8.png,PUBLIC_REAL_PHOTOS,9d99fa656a92a9d6a2b0e1283e84e686f8e1f403ccedd6cb817e7796c7acf21a,1,2
wound_medetec_foot_ulcer_224_foot-ulcer1-8_1,train,medetec:foot-ulcer1-8_1,data/datasets/yolo_wound_boxes_v1/images/train/wound_medetec_foot_ulcer_224_foot-ulcer1-8_1.jpg,data/datasets/yolo_wound_boxes_v1/labels/train/wound_medetec_foot_ulcer_224_foot-ulcer1-8_1.txt,medetec_foot_ulcer_224,data/datasets/external/wound-segmentation/data/Medetec_foot_ulcer_224/train/images/foot-ulcer1-8_1.png,PUBLIC_REAL_PHOTOS,eacb6f0df1969d6cb5cb23b1ce9a96a01f0b4bbad6d4e3b10fe58157f6d279df,1,2
wound_medetec_foot_ulcer_224_foot-ulcer1-8_2,train,medetec:foot-ulcer1-8_2,data/datasets/yolo_wound_boxes_v1/images/train/wound_medetec_foot_ulcer_224_foot-ulcer1-8_2.jpg,data/datasets/yolo_wound_boxes_v1/labels/train/wound_medetec_foot_ulcer_224_foot-ulcer1-8_2.txt,medetec_foot_ulcer_224,data/datasets/external/wound-segmentation/data/Medetec_foot_ulcer_224/train/images/foot-ulcer1-8_2.png,PUBLIC_REAL_PHOTOS,42020e1bca543457a476b11cfcb02f31cd5f2831488fc14912846894b6e5d2b9,1,2
wound_medetec_foot_ulcer_224_foot-ulcer1-8_3,train,medetec:foot-ulcer1-8_3,data/datasets/yolo_wound_boxes_v1/images/train/wound_medetec_foot_ulcer_224_foot-ulcer1-8_3.jpg,data/datasets/yolo_wound_boxes_v1/labels/train/wound_medetec_foot_ulcer_224_foot-ulcer1-8_3.txt,medetec_foot_ulcer_224,data/datasets/external/wound-segmentation/data/Medetec_foot_ulcer_224/train/images/foot-ulcer1-8_3.png,PUBLIC_REAL_PHOTOS,da4e1b0f25e9ab85e0b437decb36bb765a41d63a303a80d4b361c98947e938f6,1,2
wound_hf_wseg_dataset_44159646,train,wseg:44159646,data/datasets/yolo_wound_boxes_v1/images/train/wound_hf_wseg_dataset_44159646.jpg,data/datasets/yolo_wound_boxes_v1/labels/train/wound_hf_wseg_dataset_44159646.txt,hf_wseg_dataset,data/datasets/external/hf_wseg_dataset/extracted/wseg_dataset/sample/44159646.jpg,PUBLIC_REAL_PHOTOS,869f34a011198388e776453cc8e237e0456a370f14b8059e6b2d4a20e584dde1,1,2
wound_hf_wseg_dataset_44609586,val,wseg:44609586,data/datasets/yolo_wound_boxes_v1/images/val/wound_hf_wseg_dataset_44609586.jpg,data/datasets/yolo_wound_boxes_v1/labels/val/wound_hf_wseg_dataset_44609586.txt,hf_wseg_dataset,data/datasets/external/hf_wseg_dataset/extracted/wseg_dataset/sample/44609586.jpg,PUBLIC_REAL_PHOTOS,257cd1f5ccb2f1aa36313a15848a11d38d2b4bf409b9db71a258ec225bd37cd6,1,2
wound_hf_wseg_dataset_45059355,train,wseg:45059355,data/datasets/yolo_wound_boxes_v1/images/train/wound_hf_wseg_dataset_45059355.jpg,data/datasets/yolo_wound_boxes_v1/labels/train/wound_hf_wseg_dataset_45059355.txt,hf_wseg_dataset,data/datasets/external/hf_wseg_dataset/extracted/wseg_dataset/sample/45059355.jpg,PUBLIC_REAL_PHOTOS,788d9c99790a2a8f99aaca79e480fee1f87b34920fe8d9b1612d0ef4b81d62d9,1,2
wound_hf_wseg_dataset_45358428,train,wseg:45358428,data/datasets/yolo_wound_boxes_v1/images/train/wound_hf_wseg_dataset_45358428.jpg,data/datasets/yolo_wound_boxes_v1/labels/train/wound_hf_wseg_dataset_45358428.txt,hf_wseg_dataset,data/datasets/external/hf_wseg_dataset/extracted/wseg_dataset/sample/45358428.jpg,PUBLIC_REAL_PHOTOS,94513677f57ea169bb6facd9936f1583a80db31da221b22ea592182125c7ec3c,1,2
wound_hf_wseg_dataset_45981305,test,wseg:45981305,data/datasets/yolo_wound_boxes_v1/images/test/wound_hf_wseg_dataset_45981305.jpg,data/datasets/yolo_wound_boxes_v1/labels/test/wound_hf_wseg_dataset_45981305.txt,hf_wseg_dataset,data/datasets/external/hf_wseg_dataset/extracted/wseg_dataset/sample/45981305.jpg,PUBLIC_REAL_PHOTOS,f9874a67e7c5477b2fb983b443e87c8d395661bb847340acc4ee392a534d5390,1,2
wound_hf_wseg_dataset_46751367,train,wseg:46751367,data/datasets/yolo_wound_boxes_v1/images/train/wound_hf_wseg_dataset_46751367.jpg,data/datasets/yolo_wound_boxes_v1/labels/train/wound_hf_wseg_dataset_46751367.txt,hf_wseg_dataset,data/datasets/external/hf_wseg_dataset/extracted/wseg_dataset/sample/46751367.jpg,PUBLIC_REAL_PHOTOS,7a67830873e0e54187565b16a7abf114ff46e5858fa6a191d5c52d175065b921,1,2
wound_hf_wseg_dataset_47053920,train,wseg:47053920,data/datasets/yolo_wound_boxes_v1/images/train/wound_hf_wseg_dataset_47053920.jpg,data/datasets/yolo_wound_boxes_v1/labels/train/wound_hf_wseg_dataset_47053920.txt,hf_wseg_dataset,data/datasets/external/hf_wseg_dataset/extracted/wseg_dataset/sample/47053920.jpg,PUBLIC_REAL_PHOTOS,e2b760000bf1736bb67b0a63043592af1f189507271db6357bc1241dae3c8749,1,2
wound_hf_wseg_dataset_47344019,train,wseg:47344019,data/datasets/yolo_wound_boxes_v1/images/train/wound_hf_wseg_dataset_47344019.jpg,data/datasets/yolo_wound_boxes_v1/labels/train/wound_hf_wseg_dataset_47344019.txt,hf_wseg_dataset,data/datasets/external/hf_wseg_dataset/extracted/wseg_dataset/sample/47344019.jpg,PUBLIC_REAL_PHOTOS,e9b46a5ef5347d23090551da9d5cce2fecd7ee89d5124652e1ed11f97be1ce07,1,2
wound_hf_wseg_dataset_47463912,train,wseg:47463912,data/datasets/yolo_wound_boxes_v1/images/train/wound_hf_wseg_dataset_47463912.jpg,data/datasets/yolo_wound_boxes_v1/labels/train/wound_hf_wseg_dataset_47463912.txt,hf_wseg_dataset,data/datasets/external/hf_wseg_dataset/extracted/wseg_dataset/sample/47463912.jpg,PUBLIC_REAL_PHOTOS,2e7b410e82008d1d6ad92b978274434d6642e01b4dad11066366f3e54199894c,1,2
wound_hf_wseg_dataset_47688953,test,wseg:47688953,data/datasets/yolo_wound_boxes_v1/images/test/wound_hf_wseg_dataset_47688953.jpg,data/datasets/yolo_wound_boxes_v1/labels/test/wound_hf_wseg_dataset_47688953.txt,hf_wseg_dataset,data/datasets/external/hf_wseg_dataset/extracted/wseg_dataset/sample/47688953.jpg,PUBLIC_REAL_PHOTOS,f1c84af31f93535244048f525ce8a5a52433b4a465a32b07eb47096b1bec7a5a,1,2
wound_hf_wseg_dataset_47825088,val,wseg:47825088,data/datasets/yolo_wound_boxes_v1/images/val/wound_hf_wseg_dataset_47825088.jpg,data/datasets/yolo_wound_boxes_v1/labels/val/wound_hf_wseg_dataset_47825088.txt,hf_wseg_dataset,data/datasets/external/hf_wseg_dataset/extracted/wseg_dataset/sample/47825088.jpg,PUBLIC_REAL_PHOTOS,4b89c452fefa17e0d25c1d1cf1cb9598ebf24f6f573b5ccdc35bdd6120468d7d,1,2
wound_hf_wseg_dataset_48116033,train,wseg:48116033,data/datasets/yolo_wound_boxes_v1/images/train/wound_hf_wseg_dataset_48116033.jpg,data/datasets/yolo_wound_boxes_v1/labels/train/wound_hf_wseg_dataset_48116033.txt,hf_wseg_dataset,data/datasets/external/hf_wseg_dataset/extracted/wseg_dataset/sample/48116033.jpg,PUBLIC_REAL_PHOTOS,385e59a93361989e9bffd4cf492796c7b86f076a772e18e91d84281c3c2dc12b,1,2
wound_hf_wseg_dataset_48380927,test,wseg:48380927,data/datasets/yolo_wound_boxes_v1/images/test/wound_hf_wseg_dataset_48380927.jpg,data/datasets/yolo_wound_boxes_v1/labels/test/wound_hf_wseg_dataset_48380927.txt,hf_wseg_dataset,data/datasets/external/hf_wseg_dataset/extracted/wseg_dataset/sample/48380927.jpg,PUBLIC_REAL_PHOTOS,d83f25b964ce99b252adc91b4c08bcaf8fc922157e286a92cbf83fb48ffd6105,1,2
wound_hf_wseg_dataset_48895604,val,wseg:48895604,data/datasets/yolo_wound_boxes_v1/images/val/wound_hf_wseg_dataset_48895604.jpg,data/datasets/yolo_wound_boxes_v1/labels/val/wound_hf_wseg_dataset_48895604.txt,hf_wseg_dataset,data/datasets/external/hf_wseg_dataset/extracted/wseg_dataset/sample/48895604.jpg,PUBLIC_REAL_PHOTOS,13f81a80fc6c6bec988cde72370accf7797fbf8e48dd9f5eca5648892eb64680,1,2
wound_hf_wseg_dataset_49179867,train,wseg:49179867,data/datasets/yolo_wound_boxes_v1/images/train/wound_hf_wseg_dataset_49179867.jpg,data/datasets/yolo_wound_boxes_v1/labels/train/wound_hf_wseg_dataset_49179867.txt,hf_wseg_dataset,data/datasets/external/hf_wseg_dataset/extracted/wseg_dataset/sample/49179867.jpg,PUBLIC_REAL_PHOTOS,b44452933462197cfa1d677fc03e43526f266c556b469165502c6fc85e785751,1,2
wound_hf_wseg_dataset_49438944,train,wseg:49438944,data/datasets/yolo_wound_boxes_v1/images/train/wound_hf_wseg_dataset_49438944.jpg,data/datasets/yolo_wound_boxes_v1/labels/train/wound_hf_wseg_dataset_49438944.txt,hf_wseg_dataset,data/datasets/external/hf_wseg_dataset/extracted/wseg_dataset/sample/49438944.jpg,PUBLIC_REAL_PHOTOS,6658268b5b11b7c2e2abe79c1439151d594d8ca1609b4809a4039b8af3e4d1a8,1,2
wound_hf_wseg_dataset_49631900,train,wseg:49631900,data/datasets/yolo_wound_boxes_v1/images/train/wound_hf_wseg_dataset_49631900.jpg,data/datasets/yolo_wound_boxes_v1/labels/train/wound_hf_wseg_dataset_49631900.txt,hf_wseg_dataset,data/datasets/external/hf_wseg_dataset/extracted/wseg_dataset/sample/49631900.jpg,PUBLIC_REAL_PHOTOS,ac4feef431fce72d06b6c6e7b990d2ecd6393dec28fcf21fd6c112b33846c414,1,2
wound_hf_wseg_dataset_49853708,train,wseg:49853708,data/datasets/yolo_wound_boxes_v1/images/train/wound_hf_wseg_dataset_49853708.jpg,data/datasets/yolo_wound_boxes_v1/labels/train/wound_hf_wseg_dataset_49853708.txt,hf_wseg_dataset,data/datasets/external/hf_wseg_dataset/extracted/wseg_dataset/sample/49853708.jpg,PUBLIC_REAL_PHOTOS,eba9250ccbba16e770a3cf1f67b425ebafc9052fbf0e0fe069ea0bba69d15fce,1,2
wound_hf_wseg_dataset_50100662,val,wseg:50100662,data/datasets/yolo_wound_boxes_v1/images/val/wound_hf_wseg_dataset_50100662.jpg,data/datasets/yolo_wound_boxes_v1/labels/val/wound_hf_wseg_dataset_50100662.txt,hf_wseg_dataset,data/datasets/external/hf_wseg_dataset/extracted/wseg_dataset/sample/50100662.jpg,PUBLIC_REAL_PHOTOS,dbde83f96501217614a54c5c1afa27cc3e7083d9bc79a91b50d48ed6835c4ecb,1,2
wound_hf_wseg_dataset_50287455,train,wseg:50287455,data/datasets/yolo_wound_boxes_v1/images/train/wound_hf_wseg_dataset_50287455.jpg,data/datasets/yolo_wound_boxes_v1/labels/train/wound_hf_wseg_dataset_50287455.txt,hf_wseg_dataset,data/datasets/external/hf_wseg_dataset/extracted/wseg_dataset/sample/50287455.jpg,PUBLIC_REAL_PHOTOS,4e6bb1b7b11b8fc9c21eca4d8ef678f29d3dcbf0772e2c81571d9904a1da4d6c,1,2
wound_hf_wseg_dataset_50471585,train,wseg:50471585,data/datasets/yolo_wound_boxes_v1/images/train/wound_hf_wseg_dataset_50471585.jpg,data/datasets/yolo_wound_boxes_v1/labels/train/wound_hf_wseg_dataset_50471585.txt,hf_wseg_dataset,data/datasets/external/hf_wseg_dataset/extracted/wseg_dataset/sample/50471585.jpg,PUBLIC_REAL_PHOTOS,6e0d04d5cc90d126b9dd33ddb24ae4337ad7c51037a0a41a003f24dbe36e7922,1,2
wound_hf_wseg_dataset_50728547,train,wseg:50728547,data/datasets/yolo_wound_boxes_v1/images/train/wound_hf_wseg_dataset_50728547.jpg,data/datasets/yolo_wound_boxes_v1/labels/train/wound_hf_wseg_dataset_50728547.txt,hf_wseg_dataset,data/datasets/external/hf_wseg_dataset/extracted/wseg_dataset/sample/50728547.jpg,PUBLIC_REAL_PHOTOS,c43ccae50a11ecd0cd29788f21a9c2485aeb02fad30d11d79e970dd07f4c6d3f,1,2
wound_hf_wseg_dataset_51161737,train,wseg:51161737,data/datasets/yolo_wound_boxes_v1/images/train/wound_hf_wseg_dataset_51161737.jpg,data/datasets/yolo_wound_boxes_v1/labels/train/wound_hf_wseg_dataset_51161737.txt,hf_wseg_dataset,data/datasets/external/hf_wseg_dataset/extracted/wseg_dataset/sample/51161737.jpg,PUBLIC_REAL_PHOTOS,9ba312829368b5edcfc8d32bc076b606642a4fd1ada7af3d507061b57139a0a9,1,2
wound_hf_wseg_dataset_51327522,train,wseg:51327522,data/datasets/yolo_wound_boxes_v1/images/train/wound_hf_wseg_dataset_51327522.jpg,data/datasets/yolo_wound_boxes_v1/labels/train/wound_hf_wseg_dataset_51327522.txt,hf_wseg_dataset,data/datasets/external/hf_wseg_dataset/extracted/wseg_dataset/sample/51327522.jpg,PUBLIC_REAL_PHOTOS,fabfdf9b5f87b7cfaf86bbe754b65f15048d2e69f6ebf361f2617d6e3428723f,1,2
wound_hf_wseg_dataset_51438513,train,wseg:51438513,data/datasets/yolo_wound_boxes_v1/images/train/wound_hf_wseg_dataset_51438513.jpg,data/datasets/yolo_wound_boxes_v1/labels/train/wound_hf_wseg_dataset_51438513.txt,hf_wseg_dataset,data/datasets/external/hf_wseg_dataset/extracted/wseg_dataset/sample/51438513.jpg,PUBLIC_REAL_PHOTOS,86b64ee895a4ee9dea0dfc20b3535b3a032921c3314b35b14092bc689b8510d8,1,2
wound_hf_wseg_dataset_51557371,val,wseg:51557371,data/datasets/yolo_wound_boxes_v1/images/val/wound_hf_wseg_dataset_51557371.jpg,data/datasets/yolo_wound_boxes_v1/labels/val/wound_hf_wseg_dataset_51557371.txt,hf_wseg_dataset,data/datasets/external/hf_wseg_dataset/extracted/wseg_dataset/sample/51557371.jpg,PUBLIC_REAL_PHOTOS,3070956ff8e7c70338e12796eeffd3864d7005427d3ab181ae67c8fb43b88318,1,2
wound_hf_wseg_dataset_51782743,train,wseg:51782743,data/datasets/yolo_wound_boxes_v1/images/train/wound_hf_wseg_dataset_51782743.jpg,data/datasets/yolo_wound_boxes_v1/labels/train/wound_hf_wseg_dataset_51782743.txt,hf_wseg_dataset,data/datasets/external/hf_wseg_dataset/extracted/wseg_dataset/sample/51782743.jpg,PUBLIC_REAL_PHOTOS,11d2776b3c2db1e423e8a21725efcbdf023c246633c24c01d8b5048a9c9e0f45,1,2
wound_hf_wseg_dataset_51894359,train,wseg:51894359,data/datasets/yolo_wound_boxes_v1/images/train/wound_hf_wseg_dataset_51894359.jpg,data/datasets/yolo_wound_boxes_v1/labels/train/wound_hf_wseg_dataset_51894359.txt,hf_wseg_dataset,data/datasets/external/hf_wseg_dataset/extracted/wseg_dataset/sample/51894359.jpg,PUBLIC_REAL_PHOTOS,6dfe072d8d55bf41e0e5c4c7f7a751c3a2478a3ccb84b135d2a35130add06411,1,2
wound_hf_wseg_dataset_52103288,test,wseg:52103288,data/datasets/yolo_wound_boxes_v1/images/test/wound_hf_wseg_dataset_52103288.jpg,data/datasets/yolo_wound_boxes_v1/labels/test/wound_hf_wseg_dataset_52103288.txt,hf_wseg_dataset,data/datasets/external/hf_wseg_dataset/extracted/wseg_dataset/sample/52103288.jpg,PUBLIC_REAL_PHOTOS,ce6512ed82cce246b43ccdce2fd1ec3c1828e542df7876f0c5674be3dbf62e4d,1,2
wound_hf_wseg_dataset_52193290,train,wseg:52193290,data/datasets/yolo_wound_boxes_v1/images/train/wound_hf_wseg_dataset_52193290.jpg,data/datasets/yolo_wound_boxes_v1/labels/train/wound_hf_wseg_dataset_52193290.txt,hf_wseg_dataset,data/datasets/external/hf_wseg_dataset/extracted/wseg_dataset/sample/52193290.jpg,PUBLIC_REAL_PHOTOS,896810a4e8a81b3916104e35fbede83be1a471f09c466d607ec62a4352ebeac2,1,2
wound_hf_wseg_dataset_52281907,test,wseg:52281907,data/datasets/yolo_wound_boxes_v1/images/test/wound_hf_wseg_dataset_52281907.jpg,data/datasets/yolo_wound_boxes_v1/labels/test/wound_hf_wseg_dataset_52281907.txt,hf_wseg_dataset,data/datasets/external/hf_wseg_dataset/extracted/wseg_dataset/sample/52281907.jpg,PUBLIC_REAL_PHOTOS,e6ab2ff41953c1a56676ffb2be0f656ea612aad74667cffa382981752a4ef226,1,2
wound_hf_wseg_dataset_52332887,val,wseg:52332887,data/datasets/yolo_wound_boxes_v1/images/val/wound_hf_wseg_dataset_52332887.jpg,data/datasets/yolo_wound_boxes_v1/labels/val/wound_hf_wseg_dataset_52332887.txt,hf_wseg_dataset,data/datasets/external/hf_wseg_dataset/extracted/wseg_dataset/sample/52332887.jpg,PUBLIC_REAL_PHOTOS,e885dd39646b7b9bf3752638c6f70c76a0d40735a73079c69e9bd083ecf3d495,1,2
wound_hf_wseg_dataset_52466269,train,wseg:52466269,data/datasets/yolo_wound_boxes_v1/images/train/wound_hf_wseg_dataset_52466269.jpg,data/datasets/yolo_wound_boxes_v1/labels/train/wound_hf_wseg_dataset_52466269.txt,hf_wseg_dataset,data/datasets/external/hf_wseg_dataset/extracted/wseg_dataset/sample/52466269.jpg,PUBLIC_REAL_PHOTOS,cc0d822923460dbbfc9a93e113b81cd7324cde8d3d001cca1fa765e4e7fe3f5a,1,2
wound_hf_wseg_dataset_52539922,train,wseg:52539922,data/datasets/yolo_wound_boxes_v1/images/train/wound_hf_wseg_dataset_52539922.jpg,data/datasets/yolo_wound_boxes_v1/labels/train/wound_hf_wseg_dataset_52539922.txt,hf_wseg_dataset,data/datasets/external/hf_wseg_dataset/extracted/wseg_dataset/sample/52539922.jpg,PUBLIC_REAL_PHOTOS,1113bc82f788f00ea36e6a87f26206482953fbc109708e6c50e2ff61d6661afc,1,2
wound_hf_wseg_dataset_52611088,val,wseg:52611088,data/datasets/yolo_wound_boxes_v1/images/val/wound_hf_wseg_dataset_52611088.jpg,data/datasets/yolo_wound_boxes_v1/labels/val/wound_hf_wseg_dataset_52611088.txt,hf_wseg_dataset,data/datasets/external/hf_wseg_dataset/extracted/wseg_dataset/sample/52611088.jpg,PUBLIC_REAL_PHOTOS,b63b58e5bf9528e780d2eae7675d6b48033e08b198cb6054e764ebc26e96f620,1,2
wound_hf_wseg_dataset_52741899,test,wseg:52741899,data/datasets/yolo_wound_boxes_v1/images/test/wound_hf_wseg_dataset_52741899.jpg,data/datasets/yolo_wound_boxes_v1/labels/test/wound_hf_wseg_dataset_52741899.txt,hf_wseg_dataset,data/datasets/external/hf_wseg_dataset/extracted/wseg_dataset/sample/52741899.jpg,PUBLIC_REAL_PHOTOS,296ed6239e8b2ac00fdfafe89f932c7ccb4bbe2cba0e12a64704057dcede16f6,1,2
wound_hf_wseg_dataset_52846302,train,wseg:52846302,data/datasets/yolo_wound_boxes_v1/images/train/wound_hf_wseg_dataset_52846302.jpg,data/datasets/yolo_wound_boxes_v1/labels/train/wound_hf_wseg_dataset_52846302.txt,hf_wseg_dataset,data/datasets/external/hf_wseg_dataset/extracted/wseg_dataset/sample/52846302.jpg,PUBLIC_REAL_PHOTOS,977d4dd3dc0cf5d617980a6194a4bf73803830a6475c4cc74b810cbb17c5968d,1,2
wound_hf_wseg_dataset_52981689,train,wseg:52981689,data/datasets/yolo_wound_boxes_v1/images/train/wound_hf_wseg_dataset_52981689.jpg,data/datasets/yolo_wound_boxes_v1/labels/train/wound_hf_wseg_dataset_52981689.txt,hf_wseg_dataset,data/datasets/external/hf_wseg_dataset/extracted/wseg_dataset/sample/52981689.jpg,PUBLIC_REAL_PHOTOS,7242a8bbe475194b447f80223b8aae356aa763c91077b4b73efeb8f8e85ee2d8,1,2
wound_hf_wseg_dataset_53153055,val,wseg:53153055,data/datasets/yolo_wound_boxes_v1/images/val/wound_hf_wseg_dataset_53153055.jpg,data/datasets/yolo_wound_boxes_v1/labels/val/wound_hf_wseg_dataset_53153055.txt,hf_wseg_dataset,data/datasets/external/hf_wseg_dataset/extracted/wseg_dataset/sample/53153055.jpg,PUBLIC_REAL_PHOTOS,824f5e3d449eed402e4073dfb0859fdcc975ab82036b927a02f6666a63667422,1,2
wound_hf_wseg_dataset_53358120,test,wseg:53358120,data/datasets/yolo_wound_boxes_v1/images/test/wound_hf_wseg_dataset_53358120.jpg,data/datasets/yolo_wound_boxes_v1/labels/test/wound_hf_wseg_dataset_53358120.txt,hf_wseg_dataset,data/datasets/external/hf_wseg_dataset/extracted/wseg_dataset/sample/53358120.jpg,PUBLIC_REAL_PHOTOS,3fe1db92c67a917ffb7993586de0e4725a0ebadab632f0883ee7d688f4b00cec,1,2
wound_hf_wseg_dataset_53589651,train,wseg:53589651,data/datasets/yolo_wound_boxes_v1/images/train/wound_hf_wseg_dataset_53589651.jpg,data/datasets/yolo_wound_boxes_v1/labels/train/wound_hf_wseg_dataset_53589651.txt,hf_wseg_dataset,data/datasets/external/hf_wseg_dataset/extracted/wseg_dataset/sample/53589651.jpg,PUBLIC_REAL_PHOTOS,71c595e7afbcc7253f2d0bfc41b628aed950a8e65384ba86f9a86629b7991532,1,2
wound_hf_wseg_dataset_53739997,train,wseg:53739997,data/datasets/yolo_wound_boxes_v1/images/train/wound_hf_wseg_dataset_53739997.jpg,data/datasets/yolo_wound_boxes_v1/labels/train/wound_hf_wseg_dataset_53739997.txt,hf_wseg_dataset,data/datasets/external/hf_wseg_dataset/extracted/wseg_dataset/sample/53739997.jpg,PUBLIC_REAL_PHOTOS,19868f559322f17564f67c805bf71ce9bb623ee811ff394d0b9f80fbc6b8ca77,1,2
wound_hf_wseg_dataset_53854949,test,wseg:53854949,data/datasets/yolo_wound_boxes_v1/images/test/wound_hf_wseg_dataset_53854949.jpg,data/datasets/yolo_wound_boxes_v1/labels/test/wound_hf_wseg_dataset_53854949.txt,hf_wseg_dataset,data/datasets/external/hf_wseg_dataset/extracted/wseg_dataset/sample/53854949.jpg,PUBLIC_REAL_PHOTOS,69c844f3b0f6c01a1e36d3469917e72f5f3236efedd0e8dd40e9c820863afa31,1,2
wound_hf_wseg_dataset_53951679,train,wseg:53951679,data/datasets/yolo_wound_boxes_v1/images/train/wound_hf_wseg_dataset_53951679.jpg,data/datasets/yolo_wound_boxes_v1/labels/train/wound_hf_wseg_dataset_53951679.txt,hf_wseg_dataset,data/datasets/external/hf_wseg_dataset/extracted/wseg_dataset/sample/53951679.jpg,PUBLIC_REAL_PHOTOS,be7765588a1546560211dbbd70cfd38f3bd9d549e047db9cc6bd55063b08159b,1,2
wound_hf_wseg_dataset_54057389,val,wseg:54057389,data/datasets/yolo_wound_boxes_v1/images/val/wound_hf_wseg_dataset_54057389.jpg,data/datasets/yolo_wound_boxes_v1/labels/val/wound_hf_wseg_dataset_54057389.txt,hf_wseg_dataset,data/datasets/external/hf_wseg_dataset/extracted/wseg_dataset/sample/54057389.jpg,PUBLIC_REAL_PHOTOS,82758e7fe4937a641dda3a8d2f4c8ff273cf1933944a474edd228133594769ed,1,2
wound_hf_wseg_dataset_54154133,train,wseg:54154133,data/datasets/yolo_wound_boxes_v1/images/train/wound_hf_wseg_dataset_54154133.jpg,data/datasets/yolo_wound_boxes_v1/labels/train/wound_hf_wseg_dataset_54154133.txt,hf_wseg_dataset,data/datasets/external/hf_wseg_dataset/extracted/wseg_dataset/sample/54154133.jpg,PUBLIC_REAL_PHOTOS,1d01b3e8b86805f227581a23be81961774ab05b854ad8d2a6e8c56d98e4d2b22,1,2
wound_hf_wseg_dataset_54246973,val,wseg:54246973,data/datasets/yolo_wound_boxes_v1/images/val/wound_hf_wseg_dataset_54246973.jpg,data/datasets/yolo_wound_boxes_v1/labels/val/wound_hf_wseg_dataset_54246973.txt,hf_wseg_dataset,data/datasets/external/hf_wseg_dataset/extracted/wseg_dataset/sample/54246973.jpg,PUBLIC_REAL_PHOTOS,c91839c2aff34de136787407ffeec1ba44da88199b65bcf8e11fe7683773be9a,1,2
wound_hf_wseg_dataset_54327302,train,wseg:54327302,data/datasets/yolo_wound_boxes_v1/images/train/wound_hf_wseg_dataset_54327302.jpg,data/datasets/yolo_wound_boxes_v1/labels/train/wound_hf_wseg_dataset_54327302.txt,hf_wseg_dataset,data/datasets/external/hf_wseg_dataset/extracted/wseg_dataset/sample/54327302.jpg,PUBLIC_REAL_PHOTOS,d83d5e01c2f07f5d554258cd685dfef10b938071e4b965cb61fb7f79fc1be977,1,2
wound_hf_wseg_dataset_54408910,train,wseg:54408910,data/datasets/yolo_wound_boxes_v1/images/train/wound_hf_wseg_dataset_54408910.jpg,data/datasets/yolo_wound_boxes_v1/labels/train/wound_hf_wseg_dataset_54408910.txt,hf_wseg_dataset,data/datasets/external/hf_wseg_dataset/extracted/wseg_dataset/sample/54408910.jpg,PUBLIC_REAL_PHOTOS,35fdec4d078bd7f5a652df65e65cc86883f20256c29f8e5076f16d9f51f679e0,1,2
wound_hf_wseg_dataset_54492616,test,wseg:54492616,data/datasets/yolo_wound_boxes_v1/images/test/wound_hf_wseg_dataset_54492616.jpg,data/datasets/yolo_wound_boxes_v1/labels/test/wound_hf_wseg_dataset_54492616.txt,hf_wseg_dataset,data/datasets/external/hf_wseg_dataset/extracted/wseg_dataset/sample/54492616.jpg,PUBLIC_REAL_PHOTOS,9a2c244c851e58982c1aa020d2da0aa916751c25ec7b7456a7f187a24d164876,1,2
wound_hf_wseg_dataset_54545745,train,wseg:54545745,data/datasets/yolo_wound_boxes_v1/images/train/wound_hf_wseg_dataset_54545745.jpg,data/datasets/yolo_wound_boxes_v1/labels/train/wound_hf_wseg_dataset_54545745.txt,hf_wseg_dataset,data/datasets/external/hf_wseg_dataset/extracted/wseg_dataset/sample/54545745.jpg,PUBLIC_REAL_PHOTOS,786ee51a61908456eb19b005b94e0d31d8b07a06d9ae4081ac51352014fefc43,1,2
wound_hf_wseg_dataset_54640474,test,wseg:54640474,data/datasets/yolo_wound_boxes_v1/images/test/wound_hf_wseg_dataset_54640474.jpg,data/datasets/yolo_wound_boxes_v1/labels/test/wound_hf_wseg_dataset_54640474.txt,hf_wseg_dataset,data/datasets/external/hf_wseg_dataset/extracted/wseg_dataset/sample/54640474.jpg,PUBLIC_REAL_PHOTOS,1d51be77e106011692364b8faf22a3ac7984e4b7130538db897cdd25e51efc1c,1,2
wound_hf_wseg_dataset_54757137,train,wseg:54757137,data/datasets/yolo_wound_boxes_v1/images/train/wound_hf_wseg_dataset_54757137.jpg,data/datasets/yolo_wound_boxes_v1/labels/train/wound_hf_wseg_dataset_54757137.txt,hf_wseg_dataset,data/datasets/external/hf_wseg_dataset/extracted/wseg_dataset/sample/54757137.jpg,PUBLIC_REAL_PHOTOS,b90a66d042129481138f856c694192ef35bf23684c2a6c1cef275d7d68110843,1,2
wound_hf_wseg_dataset_54811658,train,wseg:54811658,data/datasets/yolo_wound_boxes_v1/images/train/wound_hf_wseg_dataset_54811658.jpg,data/datasets/yolo_wound_boxes_v1/labels/train/wound_hf_wseg_dataset_54811658.txt,hf_wseg_dataset,data/datasets/external/hf_wseg_dataset/extracted/wseg_dataset/sample/54811658.jpg,PUBLIC_REAL_PHOTOS,de19520a09526fb36d13517d24c00e7ccc34024702f1e90d1e8fd267c7237f1a,1,2
wound_hf_wseg_dataset_54934045,train,wseg:54934045,data/datasets/yolo_wound_boxes_v1/images/train/wound_hf_wseg_dataset_54934045.jpg,data/datasets/yolo_wound_boxes_v1/labels/train/wound_hf_wseg_dataset_54934045.txt,hf_wseg_dataset,data/datasets/external/hf_wseg_dataset/extracted/wseg_dataset/sample/54934045.jpg,PUBLIC_REAL_PHOTOS,4f8b080936f578e005b36d4cf502ed015e52801fdfeadc388317252ed0cdc7d1,1,2
wound_hf_wseg_dataset_55021118,train,wseg:55021118,data/datasets/yolo_wound_boxes_v1/images/train/wound_hf_wseg_dataset_55021118.jpg,data/datasets/yolo_wound_boxes_v1/labels/train/wound_hf_wseg_dataset_55021118.txt,hf_wseg_dataset,data/datasets/external/hf_wseg_dataset/extracted/wseg_dataset/sample/55021118.jpg,PUBLIC_REAL_PHOTOS,e1060805121d410ed93f91d12634719f41fc3d927fa169e0d82a54d42124f0f3,1,2
wound_hf_wseg_dataset_55123089,test,wseg:55123089,data/datasets/yolo_wound_boxes_v1/images/test/wound_hf_wseg_dataset_55123089.jpg,data/datasets/yolo_wound_boxes_v1/labels/test/wound_hf_wseg_dataset_55123089.txt,hf_wseg_dataset,data/datasets/external/hf_wseg_dataset/extracted/wseg_dataset/sample/55123089.jpg,PUBLIC_REAL_PHOTOS,112daeec47fd05a4bd049045d634e6cfecf4f20f8c5d5293f19dc448fd6c4ff0,1,2
wound_hf_wseg_dataset_55223677,train,wseg:55223677,data/datasets/yolo_wound_boxes_v1/images/train/wound_hf_wseg_dataset_55223677.jpg,data/datasets/yolo_wound_boxes_v1/labels/train/wound_hf_wseg_dataset_55223677.txt,hf_wseg_dataset,data/datasets/external/hf_wseg_dataset/extracted/wseg_dataset/sample/55223677.jpg,PUBLIC_REAL_PHOTOS,fe367e0a8e8ff7595700e7432a85c4fb5e3a744f4dc1456126f97920dc007b2c,1,2
wound_hf_wseg_dataset_55334854,train,wseg:55334854,data/datasets/yolo_wound_boxes_v1/images/train/wound_hf_wseg_dataset_55334854.jpg,data/datasets/yolo_wound_boxes_v1/labels/train/wound_hf_wseg_dataset_55334854.txt,hf_wseg_dataset,data/datasets/external/hf_wseg_dataset/extracted/wseg_dataset/sample/55334854.jpg,PUBLIC_REAL_PHOTOS,04a8e246340b158f4283a8bf8310fcc24fd8287c796d10d4a61cfab4c5372170,1,2
wound_hf_wseg_dataset_55439955,train,wseg:55439955,data/datasets/yolo_wound_boxes_v1/images/train/wound_hf_wseg_dataset_55439955.jpg,data/datasets/yolo_wound_boxes_v1/labels/train/wound_hf_wseg_dataset_55439955.txt,hf_wseg_dataset,data/datasets/external/hf_wseg_dataset/extracted/wseg_dataset/sample/55439955.jpg,PUBLIC_REAL_PHOTOS,cb77d882b782d371be904ca2915a5ee59d5e24c119f1929767fba9cd38c5ef8e,1,2
wound_hf_wseg_dataset_55624861,test,wseg:55624861,data/datasets/yolo_wound_boxes_v1/images/test/wound_hf_wseg_dataset_55624861.jpg,data/datasets/yolo_wound_boxes_v1/labels/test/wound_hf_wseg_dataset_55624861.txt,hf_wseg_dataset,data/datasets/external/hf_wseg_dataset/extracted/wseg_dataset/sample/55624861.jpg,PUBLIC_REAL_PHOTOS,988f5243906d42418e0c63e87986273360744be0490b45354bd3cad0d3119dcf,1,2
wound_hf_wseg_dataset_55697243,train,wseg:55697243,data/datasets/yolo_wound_boxes_v1/images/train/wound_hf_wseg_dataset_55697243.jpg,data/datasets/yolo_wound_boxes_v1/labels/train/wound_hf_wseg_dataset_55697243.txt,hf_wseg_dataset,data/datasets/external/hf_wseg_dataset/extracted/wseg_dataset/sample/55697243.jpg,PUBLIC_REAL_PHOTOS,7f606489ea243996ed88d9c9d5871a34985841a71bac53d53aaa43eab74d8eed,1,2
wound_hf_wseg_dataset_55850524,val,wseg:55850524,data/datasets/yolo_wound_boxes_v1/images/val/wound_hf_wseg_dataset_55850524.jpg,data/datasets/yolo_wound_boxes_v1/labels/val/wound_hf_wseg_dataset_55850524.txt,hf_wseg_dataset,data/datasets/external/hf_wseg_dataset/extracted/wseg_dataset/sample/55850524.jpg,PUBLIC_REAL_PHOTOS,5946b5f7c60d40f498eca613ab245073d3bb97d2dd47e15bc246ee1c2c3c8b91,1,2
wound_hf_wseg_dataset_55934943,train,wseg:55934943,data/datasets/yolo_wound_boxes_v1/images/train/wound_hf_wseg_dataset_55934943.jpg,data/datasets/yolo_wound_boxes_v1/labels/train/wound_hf_wseg_dataset_55934943.txt,hf_wseg_dataset,data/datasets/external/hf_wseg_dataset/extracted/wseg_dataset/sample/55934943.jpg,PUBLIC_REAL_PHOTOS,c450871652a931c3168c85f11d9587e6e5018fad28f198694125822216f22dce,1,2
wound_hf_wseg_dataset_56065535,train,wseg:56065535,data/datasets/yolo_wound_boxes_v1/images/train/wound_hf_wseg_dataset_56065535.jpg,data/datasets/yolo_wound_boxes_v1/labels/train/wound_hf_wseg_dataset_56065535.txt,hf_wseg_dataset,data/datasets/external/hf_wseg_dataset/extracted/wseg_dataset/sample/56065535.jpg,PUBLIC_REAL_PHOTOS,9bf9c3cd438bc9193c1f9b1cc6f48ec8f037ccf34e61cc8e1792959d23f7584b,1,2
wound_hf_wseg_dataset_56250026,train,wseg:56250026,data/datasets/yolo_wound_boxes_v1/images/train/wound_hf_wseg_dataset_56250026.jpg,data/datasets/yolo_wound_boxes_v1/labels/train/wound_hf_wseg_dataset_56250026.txt,hf_wseg_dataset,data/datasets/external/hf_wseg_dataset/extracted/wseg_dataset/sample/56250026.jpg,PUBLIC_REAL_PHOTOS,0a7e9dff1f2151b135b88fb7e5851432011d36d67c3cab6696f40d5326ca8a72,1,2
wound_hf_wseg_dataset_56370966,train,wseg:56370966,data/datasets/yolo_wound_boxes_v1/images/train/wound_hf_wseg_dataset_56370966.jpg,data/datasets/yolo_wound_boxes_v1/labels/train/wound_hf_wseg_dataset_56370966.txt,hf_wseg_dataset,data/datasets/external/hf_wseg_dataset/extracted/wseg_dataset/sample/56370966.jpg,PUBLIC_REAL_PHOTOS,0716a73ec8cc5aaebb18dbfd3cd255c1a8650d2f3c09f6342e93f5ccf716d25c,1,2
wound_hf_wseg_dataset_56546907,train,wseg:56546907,data/datasets/yolo_wound_boxes_v1/images/train/wound_hf_wseg_dataset_56546907.jpg,data/datasets/yolo_wound_boxes_v1/labels/train/wound_hf_wseg_dataset_56546907.txt,hf_wseg_dataset,data/datasets/external/hf_wseg_dataset/extracted/wseg_dataset/sample/56546907.jpg,PUBLIC_REAL_PHOTOS,a595b7d0ce260d89328b60d92fd5d20e592f07dac13fb1d6e611c3b0533ffbcb,1,2
wound_hf_wseg_dataset_56644316,test,wseg:56644316,data/datasets/yolo_wound_boxes_v1/images/test/wound_hf_wseg_dataset_56644316.jpg,data/datasets/yolo_wound_boxes_v1/labels/test/wound_hf_wseg_dataset_56644316.txt,hf_wseg_dataset,data/datasets/external/hf_wseg_dataset/extracted/wseg_dataset/sample/56644316.jpg,PUBLIC_REAL_PHOTOS,4cba81860864bf9b259cf555b58e8596f0716854002fcc1931a4443a4d9ff3ce,1,2
wound_hf_wseg_dataset_56759078,train,wseg:56759078,data/datasets/yolo_wound_boxes_v1/images/train/wound_hf_wseg_dataset_56759078.jpg,data/datasets/yolo_wound_boxes_v1/labels/train/wound_hf_wseg_dataset_56759078.txt,hf_wseg_dataset,data/datasets/external/hf_wseg_dataset/extracted/wseg_dataset/sample/56759078.jpg,PUBLIC_REAL_PHOTOS,09dc992e740f03cd17efce539a2f86b13ab1a8a78ee633491aa06369d8db813e,1,2
wound_hf_wseg_dataset_56940766,test,wseg:56940766,data/datasets/yolo_wound_boxes_v1/images/test/wound_hf_wseg_dataset_56940766.jpg,data/datasets/yolo_wound_boxes_v1/labels/test/wound_hf_wseg_dataset_56940766.txt,hf_wseg_dataset,data/datasets/external/hf_wseg_dataset/extracted/wseg_dataset/sample/56940766.jpg,PUBLIC_REAL_PHOTOS,e7e32b11bb5b39445af1cc68efc55c26bdcdc8bc203d894e9853c4fa70284f51,1,2
wound_hf_wseg_dataset_57079284,train,wseg:57079284,data/datasets/yolo_wound_boxes_v1/images/train/wound_hf_wseg_dataset_57079284.jpg,data/datasets/yolo_wound_boxes_v1/labels/train/wound_hf_wseg_dataset_57079284.txt,hf_wseg_dataset,data/datasets/external/hf_wseg_dataset/extracted/wseg_dataset/sample/57079284.jpg,PUBLIC_REAL_PHOTOS,1b9505cccfb6674e2b8a18f65a3668a3acd20a68d0de0c734dc7c4b90c7b31ab,1,2
wound_hf_wseg_dataset_57205511,train,wseg:57205511,data/datasets/yolo_wound_boxes_v1/images/train/wound_hf_wseg_dataset_57205511.jpg,data/datasets/yolo_wound_boxes_v1/labels/train/wound_hf_wseg_dataset_57205511.txt,hf_wseg_dataset,data/datasets/external/hf_wseg_dataset/extracted/wseg_dataset/sample/57205511.jpg,PUBLIC_REAL_PHOTOS,7fe96e5f613cd8ec2ae85a71c37e8534dba1594bfd20d3ac05e8fc8674ca0974,1,2
wound_hf_wseg_dataset_57325327,train,wseg:57325327,data/datasets/yolo_wound_boxes_v1/images/train/wound_hf_wseg_dataset_57325327.jpg,data/datasets/yolo_wound_boxes_v1/labels/train/wound_hf_wseg_dataset_57325327.txt,hf_wseg_dataset,data/datasets/external/hf_wseg_dataset/extracted/wseg_dataset/sample/57325327.jpg,PUBLIC_REAL_PHOTOS,031bc58e3f160c9eff168acbf5ece00b6ae222624b029f8fca4ac761eaf91f86,1,2
wound_hf_wseg_dataset_57393108,test,wseg:57393108,data/datasets/yolo_wound_boxes_v1/images/test/wound_hf_wseg_dataset_57393108.jpg,data/datasets/yolo_wound_boxes_v1/labels/test/wound_hf_wseg_dataset_57393108.txt,hf_wseg_dataset,data/datasets/external/hf_wseg_dataset/extracted/wseg_dataset/sample/57393108.jpg,PUBLIC_REAL_PHOTOS,6a4ab0a9bed972b6d6b97fdca8555e1e0d3bf1f66a8c577b421e264b53f01b42,1,2
wound_hf_wseg_dataset_57511720,train,wseg:57511720,data/datasets/yolo_wound_boxes_v1/images/train/wound_hf_wseg_dataset_57511720.jpg,data/datasets/yolo_wound_boxes_v1/labels/train/wound_hf_wseg_dataset_57511720.txt,hf_wseg_dataset,data/datasets/external/hf_wseg_dataset/extracted/wseg_dataset/sample/57511720.jpg,PUBLIC_REAL_PHOTOS,ef9a80b631ef7871a11e87507dd850975012ae72631b5540baccfec4a8d6579e,1,2
wound_hf_wseg_dataset_57627708,train,wseg:57627708,data/datasets/yolo_wound_boxes_v1/images/train/wound_hf_wseg_dataset_57627708.jpg,data/datasets/yolo_wound_boxes_v1/labels/train/wound_hf_wseg_dataset_57627708.txt,hf_wseg_dataset,data/datasets/external/hf_wseg_dataset/extracted/wseg_dataset/sample/57627708.jpg,PUBLIC_REAL_PHOTOS,50e42dbc622307993f4e507e60c39a636b867d508aa47e4aead53ca65530497c,1,2
wound_hf_wseg_dataset_57731558,test,wseg:57731558,data/datasets/yolo_wound_boxes_v1/images/test/wound_hf_wseg_dataset_57731558.jpg,data/datasets/yolo_wound_boxes_v1/labels/test/wound_hf_wseg_dataset_57731558.txt,hf_wseg_dataset,data/datasets/external/hf_wseg_dataset/extracted/wseg_dataset/sample/57731558.jpg,PUBLIC_REAL_PHOTOS,488fe893aa090bc7828259f998a83bd916aea3dcd5ab0d9df04800fabcb0f8de,1,2
wound_hf_wseg_dataset_57770028,train,wseg:57770028,data/datasets/yolo_wound_boxes_v1/images/train/wound_hf_wseg_dataset_57770028.jpg,data/datasets/yolo_wound_boxes_v1/labels/train/wound_hf_wseg_dataset_57770028.txt,hf_wseg_dataset,data/datasets/external/hf_wseg_dataset/extracted/wseg_dataset/sample/57770028.jpg,PUBLIC_REAL_PHOTOS,1eae27186ca020d92e26307f8e9090323ace7dafe7104b43c61834b5f314a331,1,2
wound_hf_wseg_dataset_57808444,val,wseg:57808444,data/datasets/yolo_wound_boxes_v1/images/val/wound_hf_wseg_dataset_57808444.jpg,data/datasets/yolo_wound_boxes_v1/labels/val/wound_hf_wseg_dataset_57808444.txt,hf_wseg_dataset,data/datasets/external/hf_wseg_dataset/extracted/wseg_dataset/sample/57808444.jpg,PUBLIC_REAL_PHOTOS,3367850cbd50ccd5965483a5dec2583f435eebf2d258a8ee510aa3951a0516cf,1,2
wound_hf_wseg_dataset_57927632,train,wseg:57927632,data/datasets/yolo_wound_boxes_v1/images/train/wound_hf_wseg_dataset_57927632.jpg,data/datasets/yolo_wound_boxes_v1/labels/train/wound_hf_wseg_dataset_57927632.txt,hf_wseg_dataset,data/datasets/external/hf_wseg_dataset/extracted/wseg_dataset/sample/57927632.jpg,PUBLIC_REAL_PHOTOS,9b2605f3264d986d9e47a5a4c60f94b3062dcc23276f6d377b73e6c5f102fa7b,1,2
wound_hf_wseg_dataset_57953951,train,wseg:57953951,data/datasets/yolo_wound_boxes_v1/images/train/wound_hf_wseg_dataset_57953951.jpg,data/datasets/yolo_wound_boxes_v1/labels/train/wound_hf_wseg_dataset_57953951.txt,hf_wseg_dataset,data/datasets/external/hf_wseg_dataset/extracted/wseg_dataset/sample/57953951.jpg,PUBLIC_REAL_PHOTOS,f8fb868a58ac06a235231748fb1344b818a0fb51b4c1495ae760074a94c1d001,1,2
wound_hf_wseg_dataset_57997203,train,wseg:57997203,data/datasets/yolo_wound_boxes_v1/images/train/wound_hf_wseg_dataset_57997203.jpg,data/datasets/yolo_wound_boxes_v1/labels/train/wound_hf_wseg_dataset_57997203.txt,hf_wseg_dataset,data/datasets/external/hf_wseg_dataset/extracted/wseg_dataset/sample/57997203.jpg,PUBLIC_REAL_PHOTOS,d20a684915d5e41d925fe19486d781e3d6c87b9c2e99205a35079a20f77c2819,1,2
wound_hf_wseg_dataset_58041226,val,wseg:58041226,data/datasets/yolo_wound_boxes_v1/images/val/wound_hf_wseg_dataset_58041226.jpg,data/datasets/yolo_wound_boxes_v1/labels/val/wound_hf_wseg_dataset_58041226.txt,hf_wseg_dataset,data/datasets/external/hf_wseg_dataset/extracted/wseg_dataset/sample/58041226.jpg,PUBLIC_REAL_PHOTOS,c4ed5e5d3c746909e498ddf5c28013665c945c8100d3bcefc969bd901d9c8d80,1,2
wound_hf_wseg_dataset_58099234,train,wseg:58099234,data/datasets/yolo_wound_boxes_v1/images/train/wound_hf_wseg_dataset_58099234.jpg,data/datasets/yolo_wound_boxes_v1/labels/train/wound_hf_wseg_dataset_58099234.txt,hf_wseg_dataset,data/datasets/external/hf_wseg_dataset/extracted/wseg_dataset/sample/58099234.jpg,PUBLIC_REAL_PHOTOS,a60a8e1becac2c81612b797ba76f9b26370614f073f34c9b58ec121200fa26ee,1,2
wound_hf_wseg_dataset_58154024,test,wseg:58154024,data/datasets/yolo_wound_boxes_v1/images/test/wound_hf_wseg_dataset_58154024.jpg,data/datasets/yolo_wound_boxes_v1/labels/test/wound_hf_wseg_dataset_58154024.txt,hf_wseg_dataset,data/datasets/external/hf_wseg_dataset/extracted/wseg_dataset/sample/58154024.jpg,PUBLIC_REAL_PHOTOS,214bb81bb5f2c1665713f90c8c21557d5cece242929a379706dec08ed8074653,1,2
wound_hf_wseg_dataset_58267742,train,wseg:58267742,data/datasets/yolo_wound_boxes_v1/images/train/wound_hf_wseg_dataset_58267742.jpg,data/datasets/yolo_wound_boxes_v1/labels/train/wound_hf_wseg_dataset_58267742.txt,hf_wseg_dataset,data/datasets/external/hf_wseg_dataset/extracted/wseg_dataset/sample/58267742.jpg,PUBLIC_REAL_PHOTOS,9e06433abaf09d2e76c5dbc19fc733c7f97be7eef96a9c823bd77102a9831689,1,2
wound_hf_wseg_dataset_58361874,train,wseg:58361874,data/datasets/yolo_wound_boxes_v1/images/train/wound_hf_wseg_dataset_58361874.jpg,data/datasets/yolo_wound_boxes_v1/labels/train/wound_hf_wseg_dataset_58361874.txt,hf_wseg_dataset,data/datasets/external/hf_wseg_dataset/extracted/wseg_dataset/sample/58361874.jpg,PUBLIC_REAL_PHOTOS,6fa6567a9ed2ed0852f939bd0e34ef877a8350efda0364fb3574b0f473558445,1,2
wound_hf_wseg_dataset_58379428,test,wseg:58379428,data/datasets/yolo_wound_boxes_v1/images/test/wound_hf_wseg_dataset_58379428.jpg,data/datasets/yolo_wound_boxes_v1/labels/test/wound_hf_wseg_dataset_58379428.txt,hf_wseg_dataset,data/datasets/external/hf_wseg_dataset/extracted/wseg_dataset/sample/58379428.jpg,PUBLIC_REAL_PHOTOS,5bd6c47ebd6af388537eeb3a01615a3a1702f796795e0bc5b0999fae7646cb0d,1,2
wound_hf_wseg_dataset_58439133,test,wseg:58439133,data/datasets/yolo_wound_boxes_v1/images/test/wound_hf_wseg_dataset_58439133.jpg,data/datasets/yolo_wound_boxes_v1/labels/test/wound_hf_wseg_dataset_58439133.txt,hf_wseg_dataset,data/datasets/external/hf_wseg_dataset/extracted/wseg_dataset/sample/58439133.jpg,PUBLIC_REAL_PHOTOS,15ab4f93845ee71cf606de89002661ad926e3aebc959a01a49222d1105c5bcad,1,2
wound_hf_wseg_dataset_58528317,val,wseg:58528317,data/datasets/yolo_wound_boxes_v1/images/val/wound_hf_wseg_dataset_58528317.jpg,data/datasets/yolo_wound_boxes_v1/labels/val/wound_hf_wseg_dataset_58528317.txt,hf_wseg_dataset,data/datasets/external/hf_wseg_dataset/extracted/wseg_dataset/sample/58528317.jpg,PUBLIC_REAL_PHOTOS,2f4be832ffd1ac6021fcac9b7f32d1427a6676fe1134e6b48c41c56ccb71ab61,1,2
wound_hf_wseg_dataset_58566429,train,wseg:58566429,data/datasets/yolo_wound_boxes_v1/images/train/wound_hf_wseg_dataset_58566429.jpg,data/datasets/yolo_wound_boxes_v1/labels/train/wound_hf_wseg_dataset_58566429.txt,hf_wseg_dataset,data/datasets/external/hf_wseg_dataset/extracted/wseg_dataset/sample/58566429.jpg,PUBLIC_REAL_PHOTOS,1e471f0a43332e97afad9830d880e542a69449e0e330005f47bde446924a95a7,1,2
wound_hf_wseg_dataset_58602622,train,wseg:58602622,data/datasets/yolo_wound_boxes_v1/images/train/wound_hf_wseg_dataset_58602622.jpg,data/datasets/yolo_wound_boxes_v1/labels/train/wound_hf_wseg_dataset_58602622.txt,hf_wseg_dataset,data/datasets/external/hf_wseg_dataset/extracted/wseg_dataset/sample/58602622.jpg,PUBLIC_REAL_PHOTOS,130cd3753bc569ae0df7bffa6572e5662aebb007616a4f30f9577560b25e4076,1,2
wound_hf_wseg_dataset_58665962,train,wseg:58665962,data/datasets/yolo_wound_boxes_v1/images/train/wound_hf_wseg_dataset_58665962.jpg,data/datasets/yolo_wound_boxes_v1/labels/train/wound_hf_wseg_dataset_58665962.txt,hf_wseg_dataset,data/datasets/external/hf_wseg_dataset/extracted/wseg_dataset/sample/58665962.jpg,PUBLIC_REAL_PHOTOS,57d0f01e91804d488d12f790b9a89861f6ba651bb4616c8af66b63062c4a3963,1,2
wound_hf_wseg_dataset_58713983,val,wseg:58713983,data/datasets/yolo_wound_boxes_v1/images/val/wound_hf_wseg_dataset_58713983.jpg,data/datasets/yolo_wound_boxes_v1/labels/val/wound_hf_wseg_dataset_58713983.txt,hf_wseg_dataset,data/datasets/external/hf_wseg_dataset/extracted/wseg_dataset/sample/58713983.jpg,PUBLIC_REAL_PHOTOS,2ffb0717542c2783abed722ad74adf30d33cef843830cce023f6f0bbac71b287,1,2
wound_hf_wseg_dataset_58737510,test,wseg:58737510,data/datasets/yolo_wound_boxes_v1/images/test/wound_hf_wseg_dataset_58737510.jpg,data/datasets/yolo_wound_boxes_v1/labels/test/wound_hf_wseg_dataset_58737510.txt,hf_wseg_dataset,data/datasets/external/hf_wseg_dataset/extracted/wseg_dataset/sample/58737510.jpg,PUBLIC_REAL_PHOTOS,a941d2420339d7ef71d97cbd03502b6bf96c2aa9a61ee2dd90d84f5171fcf9ad,1,2
wound_hf_wseg_dataset_58799398,val,wseg:58799398,data/datasets/yolo_wound_boxes_v1/images/val/wound_hf_wseg_dataset_58799398.jpg,data/datasets/yolo_wound_boxes_v1/labels/val/wound_hf_wseg_dataset_58799398.txt,hf_wseg_dataset,data/datasets/external/hf_wseg_dataset/extracted/wseg_dataset/sample/58799398.jpg,PUBLIC_REAL_PHOTOS,db51a64c0f12d8cc21c0ec8154280e55c4e54fb417569b1935e0a142304508ab,1,2
wound_hf_wseg_dataset_58841386,train,wseg:58841386,data/datasets/yolo_wound_boxes_v1/images/train/wound_hf_wseg_dataset_58841386.jpg,data/datasets/yolo_wound_boxes_v1/labels/train/wound_hf_wseg_dataset_58841386.txt,hf_wseg_dataset,data/datasets/external/hf_wseg_dataset/extracted/wseg_dataset/sample/58841386.jpg,PUBLIC_REAL_PHOTOS,9204592ec285406070faba7054df164315dd91834a914c9ed0ec14c5266dba79,1,2
wound_hf_wseg_dataset_58876465,val,wseg:58876465,data/datasets/yolo_wound_boxes_v1/images/val/wound_hf_wseg_dataset_58876465.jpg,data/datasets/yolo_wound_boxes_v1/labels/val/wound_hf_wseg_dataset_58876465.txt,hf_wseg_dataset,data/datasets/external/hf_wseg_dataset/extracted/wseg_dataset/sample/58876465.jpg,PUBLIC_REAL_PHOTOS,160a812e4d2ddd34276615085a8e1300c906c82499176fd430acad81ea18b09f,1,2
wound_hf_wseg_dataset_58985307,train,wseg:58985307,data/datasets/yolo_wound_boxes_v1/images/train/wound_hf_wseg_dataset_58985307.jpg,data/datasets/yolo_wound_boxes_v1/labels/train/wound_hf_wseg_dataset_58985307.txt,hf_wseg_dataset,data/datasets/external/hf_wseg_dataset/extracted/wseg_dataset/sample/58985307.jpg,PUBLIC_REAL_PHOTOS,eee5ea15992228217e967d5e38e444a84356945eae66dafd9d3b031b0e5f64be,1,2
wound_hf_wseg_dataset_59004265,train,wseg:59004265,data/datasets/yolo_wound_boxes_v1/images/train/wound_hf_wseg_dataset_59004265.jpg,data/datasets/yolo_wound_boxes_v1/labels/train/wound_hf_wseg_dataset_59004265.txt,hf_wseg_dataset,data/datasets/external/hf_wseg_dataset/extracted/wseg_dataset/sample/59004265.jpg,PUBLIC_REAL_PHOTOS,8ac83652318ad58e0ad6e6020653edbe04df958f4d731907cee13741d1e156b7,1,2
wound_hf_wseg_dataset_59086531,train,wseg:59086531,data/datasets/yolo_wound_boxes_v1/images/train/wound_hf_wseg_dataset_59086531.jpg,data/datasets/yolo_wound_boxes_v1/labels/train/wound_hf_wseg_dataset_59086531.txt,hf_wseg_dataset,data/datasets/external/hf_wseg_dataset/extracted/wseg_dataset/sample/59086531.jpg,PUBLIC_REAL_PHOTOS,3b246af81a2ea6894392352f5c63e51a2310ea9c74884309ebe1ce3704d5a5a6,1,2
wound_hf_wseg_dataset_59149600,train,wseg:59149600,data/datasets/yolo_wound_boxes_v1/images/train/wound_hf_wseg_dataset_59149600.jpg,data/datasets/yolo_wound_boxes_v1/labels/train/wound_hf_wseg_dataset_59149600.txt,hf_wseg_dataset,data/datasets/external/hf_wseg_dataset/extracted/wseg_dataset/sample/59149600.jpg,PUBLIC_REAL_PHOTOS,8b57b2736837c882c617ca59707ac5db75bf18ad2cc5269296de59d7ad8fff91,1,2
wound_hf_wseg_dataset_59272038,train,wseg:59272038,data/datasets/yolo_wound_boxes_v1/images/train/wound_hf_wseg_dataset_59272038.jpg,data/datasets/yolo_wound_boxes_v1/labels/train/wound_hf_wseg_dataset_59272038.txt,hf_wseg_dataset,data/datasets/external/hf_wseg_dataset/extracted/wseg_dataset/sample/59272038.jpg,PUBLIC_REAL_PHOTOS,0802ca9901ffd9d3861b7a6a024ed50c45e610ede7fcb886020afbf99a47d678,1,2
wound_hf_wseg_dataset_59408543,train,wseg:59408543,data/datasets/yolo_wound_boxes_v1/images/train/wound_hf_wseg_dataset_59408543.jpg,data/datasets/yolo_wound_boxes_v1/labels/train/wound_hf_wseg_dataset_59408543.txt,hf_wseg_dataset,data/datasets/external/hf_wseg_dataset/extracted/wseg_dataset/sample/59408543.jpg,PUBLIC_REAL_PHOTOS,fad01d670e8308e6e17074c67fbfd66915cad8869793eee4ed06026b3347b2e7,1,2
wound_hf_wseg_dataset_59434090,test,wseg:59434090,data/datasets/yolo_wound_boxes_v1/images/test/wound_hf_wseg_dataset_59434090.jpg,data/datasets/yolo_wound_boxes_v1/labels/test/wound_hf_wseg_dataset_59434090.txt,hf_wseg_dataset,data/datasets/external/hf_wseg_dataset/extracted/wseg_dataset/sample/59434090.jpg,PUBLIC_REAL_PHOTOS,b93c3bde03e998530aca572e93800895279fe9e3b63787bed4a3cddf3d4db8c4,1,2
wound_hf_wseg_dataset_59555103,val,wseg:59555103,data/datasets/yolo_wound_boxes_v1/images/val/wound_hf_wseg_dataset_59555103.jpg,data/datasets/yolo_wound_boxes_v1/labels/val/wound_hf_wseg_dataset_59555103.txt,hf_wseg_dataset,data/datasets/external/hf_wseg_dataset/extracted/wseg_dataset/sample/59555103.jpg,PUBLIC_REAL_PHOTOS,8895daabc73ad4b59ea2aa7a3338e023880d1cc91ee21717184ccf0b3b96d636,1,2
wound_hf_wseg_dataset_59669555,val,wseg:59669555,data/datasets/yolo_wound_boxes_v1/images/val/wound_hf_wseg_dataset_59669555.jpg,data/datasets/yolo_wound_boxes_v1/labels/val/wound_hf_wseg_dataset_59669555.txt,hf_wseg_dataset,data/datasets/external/hf_wseg_dataset/extracted/wseg_dataset/sample/59669555.jpg,PUBLIC_REAL_PHOTOS,285090d4b0e74f7f77a0d7622c914e640c1eb1939b670a6093399fe684b2a3dc,1,2
wound_hf_wseg_dataset_59716305,train,wseg:59716305,data/datasets/yolo_wound_boxes_v1/images/train/wound_hf_wseg_dataset_59716305.jpg,data/datasets/yolo_wound_boxes_v1/labels/train/wound_hf_wseg_dataset_59716305.txt,hf_wseg_dataset,data/datasets/external/hf_wseg_dataset/extracted/wseg_dataset/sample/59716305.jpg,PUBLIC_REAL_PHOTOS,8b33f2961f41a4ea6c89e742dfac826aa263fc23502ad44c3aa99b262cb7ca06,1,2
wound_hf_wseg_dataset_59741379,train,wseg:59741379,data/datasets/yolo_wound_boxes_v1/images/train/wound_hf_wseg_dataset_59741379.jpg,data/datasets/yolo_wound_boxes_v1/labels/train/wound_hf_wseg_dataset_59741379.txt,hf_wseg_dataset,data/datasets/external/hf_wseg_dataset/extracted/wseg_dataset/sample/59741379.jpg,PUBLIC_REAL_PHOTOS,c2b00501ba587b56af342db929f1111fd3631dce33ee40a8ce7490af9b3273e4,1,2
wound_hf_wseg_dataset_59956886,train,wseg:59956886,data/datasets/yolo_wound_boxes_v1/images/train/wound_hf_wseg_dataset_59956886.jpg,data/datasets/yolo_wound_boxes_v1/labels/train/wound_hf_wseg_dataset_59956886.txt,hf_wseg_dataset,data/datasets/external/hf_wseg_dataset/extracted/wseg_dataset/sample/59956886.jpg,PUBLIC_REAL_PHOTOS,42f5a6458b317772d9b1a8c054874b1d09e74a42a567c33a147df257360159ce,1,2
wound_hf_wseg_dataset_60001755,train,wseg:60001755,data/datasets/yolo_wound_boxes_v1/images/train/wound_hf_wseg_dataset_60001755.jpg,data/datasets/yolo_wound_boxes_v1/labels/train/wound_hf_wseg_dataset_60001755.txt,hf_wseg_dataset,data/datasets/external/hf_wseg_dataset/extracted/wseg_dataset/sample/60001755.jpg,PUBLIC_REAL_PHOTOS,6d5a5a413e91a4be7f598ec4f9e2867f4862572977cce4c84addff76ef06b4d2,1,2
wound_hf_wseg_dataset_60023498,train,wseg:60023498,data/datasets/yolo_wound_boxes_v1/images/train/wound_hf_wseg_dataset_60023498.jpg,data/datasets/yolo_wound_boxes_v1/labels/train/wound_hf_wseg_dataset_60023498.txt,hf_wseg_dataset,data/datasets/external/hf_wseg_dataset/extracted/wseg_dataset/sample/60023498.jpg,PUBLIC_REAL_PHOTOS,10b9211626eac461d1a7306f21b73c9352ac1ec5b76aff06ef7eab4542ebc1bf,1,2
wound_hf_wseg_dataset_60104216,train,wseg:60104216,data/datasets/yolo_wound_boxes_v1/images/train/wound_hf_wseg_dataset_60104216.jpg,data/datasets/yolo_wound_boxes_v1/labels/train/wound_hf_wseg_dataset_60104216.txt,hf_wseg_dataset,data/datasets/external/hf_wseg_dataset/extracted/wseg_dataset/sample/60104216.jpg,PUBLIC_REAL_PHOTOS,b6db56a28097069d68f5d7f311f1b699ea17ccef1a09b2f66ad4cf174d62a0ce,1,2
wound_hf_wseg_dataset_60176438,train,wseg:60176438,data/datasets/yolo_wound_boxes_v1/images/train/wound_hf_wseg_dataset_60176438.jpg,data/datasets/yolo_wound_boxes_v1/labels/train/wound_hf_wseg_dataset_60176438.txt,hf_wseg_dataset,data/datasets/external/hf_wseg_dataset/extracted/wseg_dataset/sample/60176438.jpg,PUBLIC_REAL_PHOTOS,44101e7372e20da45be45044a17e4a639cc494fbfdb1f57e0956c8709ba7e37d,1,2
wound_hf_wseg_dataset_60250371,train,wseg:60250371,data/datasets/yolo_wound_boxes_v1/images/train/wound_hf_wseg_dataset_60250371.jpg,data/datasets/yolo_wound_boxes_v1/labels/train/wound_hf_wseg_dataset_60250371.txt,hf_wseg_dataset,data/datasets/external/hf_wseg_dataset/extracted/wseg_dataset/sample/60250371.jpg,PUBLIC_REAL_PHOTOS,baf129556bb8b83ede13a0981117e642e2fbd35915eaa301fde2640b2cf1a317,1,2
wound_hf_wseg_dataset_60289601,val,wseg:60289601,data/datasets/yolo_wound_boxes_v1/images/val/wound_hf_wseg_dataset_60289601.jpg,data/datasets/yolo_wound_boxes_v1/labels/val/wound_hf_wseg_dataset_60289601.txt,hf_wseg_dataset,data/datasets/external/hf_wseg_dataset/extracted/wseg_dataset/sample/60289601.jpg,PUBLIC_REAL_PHOTOS,a5a123d3d340ffb6679d73fa52823a4bbe3717c5a39ab6d3646ea614eb0640dd,1,2
wound_hf_wseg_dataset_60326003,train,wseg:60326003,data/datasets/yolo_wound_boxes_v1/images/train/wound_hf_wseg_dataset_60326003.jpg,data/datasets/yolo_wound_boxes_v1/labels/train/wound_hf_wseg_dataset_60326003.txt,hf_wseg_dataset,data/datasets/external/hf_wseg_dataset/extracted/wseg_dataset/sample/60326003.jpg,PUBLIC_REAL_PHOTOS,a5ef32d3b6033d1456135822226238b9916c7fa767a0606b00481d5491f90baa,1,2
wound_hf_wseg_dataset_60398265,test,wseg:60398265,data/datasets/yolo_wound_boxes_v1/images/test/wound_hf_wseg_dataset_60398265.jpg,data/datasets/yolo_wound_boxes_v1/labels/test/wound_hf_wseg_dataset_60398265.txt,hf_wseg_dataset,data/datasets/external/hf_wseg_dataset/extracted/wseg_dataset/sample/60398265.jpg,PUBLIC_REAL_PHOTOS,ae6543a897926fd7294cb56bdd5a9c0431355b310510640e50f24b8e9d2beb69,1,2
wound_hf_wseg_dataset_60426693,val,wseg:60426693,data/datasets/yolo_wound_boxes_v1/images/val/wound_hf_wseg_dataset_60426693.jpg,data/datasets/yolo_wound_boxes_v1/labels/val/wound_hf_wseg_dataset_60426693.txt,hf_wseg_dataset,data/datasets/external/hf_wseg_dataset/extracted/wseg_dataset/sample/60426693.jpg,PUBLIC_REAL_PHOTOS,7126bf9824350c917dc6a0615d0aae0ab689cd0aae18a1cc4c4c459448e3f3d8,1,2
wound_hf_wseg_dataset_60471168,train,wseg:60471168,data/datasets/yolo_wound_boxes_v1/images/train/wound_hf_wseg_dataset_60471168.jpg,data/datasets/yolo_wound_boxes_v1/labels/train/wound_hf_wseg_dataset_60471168.txt,hf_wseg_dataset,data/datasets/external/hf_wseg_dataset/extracted/wseg_dataset/sample/60471168.jpg,PUBLIC_REAL_PHOTOS,41724aba8c28f8eebc22bf301bbf4253f5028671aed71b1affe0aa6b6b53e038,1,2
wound_hf_wseg_dataset_60513144,val,wseg:60513144,data/datasets/yolo_wound_boxes_v1/images/val/wound_hf_wseg_dataset_60513144.jpg,data/datasets/yolo_wound_boxes_v1/labels/val/wound_hf_wseg_dataset_60513144.txt,hf_wseg_dataset,data/datasets/external/hf_wseg_dataset/extracted/wseg_dataset/sample/60513144.jpg,PUBLIC_REAL_PHOTOS,a4955be4f087ec7620a3700fa2eb72860270d5667e229c2f84a72233bf5ce309,1,2
wound_hf_wseg_dataset_60577483,train,wseg:60577483,data/datasets/yolo_wound_boxes_v1/images/train/wound_hf_wseg_dataset_60577483.jpg,data/datasets/yolo_wound_boxes_v1/labels/train/wound_hf_wseg_dataset_60577483.txt,hf_wseg_dataset,data/datasets/external/hf_wseg_dataset/extracted/wseg_dataset/sample/60577483.jpg,PUBLIC_REAL_PHOTOS,3b48971bd5a9092bca858a6fb5d9aa268e1229c0003556d207de549c72084bd1,1,2
wound_hf_wseg_dataset_60630139,train,wseg:60630139,data/datasets/yolo_wound_boxes_v1/images/train/wound_hf_wseg_dataset_60630139.jpg,data/datasets/yolo_wound_boxes_v1/labels/train/wound_hf_wseg_dataset_60630139.txt,hf_wseg_dataset,data/datasets/external/hf_wseg_dataset/extracted/wseg_dataset/sample/60630139.jpg,PUBLIC_REAL_PHOTOS,79ec01b453b0bb8e4ed03ab20d08f4f79727680ead88ce5fb605b08f1cbe3ef6,1,2
wound_hf_wseg_dataset_60672335,test,wseg:60672335,data/datasets/yolo_wound_boxes_v1/images/test/wound_hf_wseg_dataset_60672335.jpg,data/datasets/yolo_wound_boxes_v1/labels/test/wound_hf_wseg_dataset_60672335.txt,hf_wseg_dataset,data/datasets/external/hf_wseg_dataset/extracted/wseg_dataset/sample/60672335.jpg,PUBLIC_REAL_PHOTOS,976854da535af0c195cb91c88199495a11726c34e9e6b1ae32d2edf0671a913e,1,2
wound_hf_wseg_dataset_60703840,train,wseg:60703840,data/datasets/yolo_wound_boxes_v1/images/train/wound_hf_wseg_dataset_60703840.jpg,data/datasets/yolo_wound_boxes_v1/labels/train/wound_hf_wseg_dataset_60703840.txt,hf_wseg_dataset,data/datasets/external/hf_wseg_dataset/extracted/wseg_dataset/sample/60703840.jpg,PUBLIC_REAL_PHOTOS,105a2f509176dab6d2c29f488db787c187e4857b470147f550af9e3fc573bc0d,1,2
wound_hf_wseg_dataset_60724315,test,wseg:60724315,data/datasets/yolo_wound_boxes_v1/images/test/wound_hf_wseg_dataset_60724315.jpg,data/datasets/yolo_wound_boxes_v1/labels/test/wound_hf_wseg_dataset_60724315.txt,hf_wseg_dataset,data/datasets/external/hf_wseg_dataset/extracted/wseg_dataset/sample/60724315.jpg,PUBLIC_REAL_PHOTOS,155bf3fb822e0f2a28b8e549f2255cf1e1b686c71d5c15e00da69cb2630c25a1,1,2
wound_hf_wseg_dataset_60772868,train,wseg:60772868,data/datasets/yolo_wound_boxes_v1/images/train/wound_hf_wseg_dataset_60772868.jpg,data/datasets/yolo_wound_boxes_v1/labels/train/wound_hf_wseg_dataset_60772868.txt,hf_wseg_dataset,data/datasets/external/hf_wseg_dataset/extracted/wseg_dataset/sample/60772868.jpg,PUBLIC_REAL_PHOTOS,6d536e8cdb82a38ef284704838d1012cda157d80030a2fdcaae7200ab3654181,1,2
wound_hf_wseg_dataset_60822048,val,wseg:60822048,data/datasets/yolo_wound_boxes_v1/images/val/wound_hf_wseg_dataset_60822048.jpg,data/datasets/yolo_wound_boxes_v1/labels/val/wound_hf_wseg_dataset_60822048.txt,hf_wseg_dataset,data/datasets/external/hf_wseg_dataset/extracted/wseg_dataset/sample/60822048.jpg,PUBLIC_REAL_PHOTOS,d23e95220d5c85d5838632b20769ea0d860ed7f1e569fd3420e57bd42e73528e,1,2
wound_hf_wseg_dataset_60857683,train,wseg:60857683,data/datasets/yolo_wound_boxes_v1/images/train/wound_hf_wseg_dataset_60857683.jpg,data/datasets/yolo_wound_boxes_v1/labels/train/wound_hf_wseg_dataset_60857683.txt,hf_wseg_dataset,data/datasets/external/hf_wseg_dataset/extracted/wseg_dataset/sample/60857683.jpg,PUBLIC_REAL_PHOTOS,05264c177dc85baffa87f5652537061faada5bcbc8027b5b9a71254e7c2c208f,1,2
wound_hf_wseg_dataset_60876938,train,wseg:60876938,data/datasets/yolo_wound_boxes_v1/images/train/wound_hf_wseg_dataset_60876938.jpg,data/datasets/yolo_wound_boxes_v1/labels/train/wound_hf_wseg_dataset_60876938.txt,hf_wseg_dataset,data/datasets/external/hf_wseg_dataset/extracted/wseg_dataset/sample/60876938.jpg,PUBLIC_REAL_PHOTOS,d2268468daae3b3310dbe60a352a7a79e760ea87bb51ae780c208e4dfee61b80,1,2
wound_hf_wseg_dataset_60913824,val,wseg:60913824,data/datasets/yolo_wound_boxes_v1/images/val/wound_hf_wseg_dataset_60913824.jpg,data/datasets/yolo_wound_boxes_v1/labels/val/wound_hf_wseg_dataset_60913824.txt,hf_wseg_dataset,data/datasets/external/hf_wseg_dataset/extracted/wseg_dataset/sample/60913824.jpg,PUBLIC_REAL_PHOTOS,f96dfec0d0439ff96afba156d279e69ccf96cde1056dc9baf17fd84c5275ba73,1,2
wound_hf_wseg_dataset_60964898,val,wseg:60964898,data/datasets/yolo_wound_boxes_v1/images/val/wound_hf_wseg_dataset_60964898.jpg,data/datasets/yolo_wound_boxes_v1/labels/val/wound_hf_wseg_dataset_60964898.txt,hf_wseg_dataset,data/datasets/external/hf_wseg_dataset/extracted/wseg_dataset/sample/60964898.jpg,PUBLIC_REAL_PHOTOS,7c8b2e6b8ff3dab6cf8e06e68a230da369317ff0efd7f0c2d395e755f7485732,1,2
wound_hf_wseg_dataset_61007096,train,wseg:61007096,data/datasets/yolo_wound_boxes_v1/images/train/wound_hf_wseg_dataset_61007096.jpg,data/datasets/yolo_wound_boxes_v1/labels/train/wound_hf_wseg_dataset_61007096.txt,hf_wseg_dataset,data/datasets/external/hf_wseg_dataset/extracted/wseg_dataset/sample/61007096.jpg,PUBLIC_REAL_PHOTOS,005c92be853fbc91ef4c28746fb985cda8a076ea588c35de65930378f1fb26d8,1,2
wound_hf_wseg_dataset_61022433,train,wseg:61022433,data/datasets/yolo_wound_boxes_v1/images/train/wound_hf_wseg_dataset_61022433.jpg,data/datasets/yolo_wound_boxes_v1/labels/train/wound_hf_wseg_dataset_61022433.txt,hf_wseg_dataset,data/datasets/external/hf_wseg_dataset/extracted/wseg_dataset/sample/61022433.jpg,PUBLIC_REAL_PHOTOS,00cc08ffe541ae459b68033541c1da7de5f516ac302699e6200c9ecc1591727a,1,2
wound_hf_wseg_dataset_61146472,train,wseg:61146472,data/datasets/yolo_wound_boxes_v1/images/train/wound_hf_wseg_dataset_61146472.jpg,data/datasets/yolo_wound_boxes_v1/labels/train/wound_hf_wseg_dataset_61146472.txt,hf_wseg_dataset,data/datasets/external/hf_wseg_dataset/extracted/wseg_dataset/sample/61146472.jpg,PUBLIC_REAL_PHOTOS,e9d0969a116407f2f0b5b8d3a9ee80aa140560596db317311326d778b8f6fab0,1,2
wound_hf_wseg_dataset_61171936,train,wseg:61171936,data/datasets/yolo_wound_boxes_v1/images/train/wound_hf_wseg_dataset_61171936.jpg,data/datasets/yolo_wound_boxes_v1/labels/train/wound_hf_wseg_dataset_61171936.txt,hf_wseg_dataset,data/datasets/external/hf_wseg_dataset/extracted/wseg_dataset/sample/61171936.jpg,PUBLIC_REAL_PHOTOS,789a44f7fc1b27fb2b18b7b2fadeea4e31e63c39a43a89241bd0a3f40303d37a,1,2
wound_hf_wseg_dataset_61232085,train,wseg:61232085,data/datasets/yolo_wound_boxes_v1/images/train/wound_hf_wseg_dataset_61232085.jpg,data/datasets/yolo_wound_boxes_v1/labels/train/wound_hf_wseg_dataset_61232085.txt,hf_wseg_dataset,data/datasets/external/hf_wseg_dataset/extracted/wseg_dataset/sample/61232085.jpg,PUBLIC_REAL_PHOTOS,952c8161886e5576698860391248e663b17df5ed9b4dda244d44e2c043f33e76,1,2
wound_hf_wseg_dataset_61275830,train,wseg:61275830,data/datasets/yolo_wound_boxes_v1/images/train/wound_hf_wseg_dataset_61275830.jpg,data/datasets/yolo_wound_boxes_v1/labels/train/wound_hf_wseg_dataset_61275830.txt,hf_wseg_dataset,data/datasets/external/hf_wseg_dataset/extracted/wseg_dataset/sample/61275830.jpg,PUBLIC_REAL_PHOTOS,773712cf8367c5e65701b068d4de52ef5f8fc070e497ed7ffeaf8ab7a040b9d0,1,2
wound_hf_wseg_dataset_61380289,train,wseg:61380289,data/datasets/yolo_wound_boxes_v1/images/train/wound_hf_wseg_dataset_61380289.jpg,data/datasets/yolo_wound_boxes_v1/labels/train/wound_hf_wseg_dataset_61380289.txt,hf_wseg_dataset,data/datasets/external/hf_wseg_dataset/extracted/wseg_dataset/sample/61380289.jpg,PUBLIC_REAL_PHOTOS,10f4edf47be10eb9fabe1a0ece3f73d0f3adc279f1a772b79860fe9593edf264,1,2
wound_hf_wseg_dataset_61425650,train,wseg:61425650,data/datasets/yolo_wound_boxes_v1/images/train/wound_hf_wseg_dataset_61425650.jpg,data/datasets/yolo_wound_boxes_v1/labels/train/wound_hf_wseg_dataset_61425650.txt,hf_wseg_dataset,data/datasets/external/hf_wseg_dataset/extracted/wseg_dataset/sample/61425650.jpg,PUBLIC_REAL_PHOTOS,f8d7c58adde7ba723e86aabb2f80180c984545c881f3526f83b13a362f8d90d5,1,2
wound_hf_wseg_dataset_61481585,train,wseg:61481585,data/datasets/yolo_wound_boxes_v1/images/train/wound_hf_wseg_dataset_61481585.jpg,data/datasets/yolo_wound_boxes_v1/labels/train/wound_hf_wseg_dataset_61481585.txt,hf_wseg_dataset,data/datasets/external/hf_wseg_dataset/extracted/wseg_dataset/sample/61481585.jpg,PUBLIC_REAL_PHOTOS,999446bc2f6b6b6db11809561248d3edd5df39f5f6c2235853a3535ff8e7617f,1,2
wound_hf_wseg_dataset_61654364,train,wseg:61654364,data/datasets/yolo_wound_boxes_v1/images/train/wound_hf_wseg_dataset_61654364.jpg,data/datasets/yolo_wound_boxes_v1/labels/train/wound_hf_wseg_dataset_61654364.txt,hf_wseg_dataset,data/datasets/external/hf_wseg_dataset/extracted/wseg_dataset/sample/61654364.jpg,PUBLIC_REAL_PHOTOS,aed8ae8a85361865a81ca11d795bbba35d2c6f00c1b28031d77196f8dc61fbad,1,2
wound_hf_wseg_dataset_61668727,train,wseg:61668727,data/datasets/yolo_wound_boxes_v1/images/train/wound_hf_wseg_dataset_61668727.jpg,data/datasets/yolo_wound_boxes_v1/labels/train/wound_hf_wseg_dataset_61668727.txt,hf_wseg_dataset,data/datasets/external/hf_wseg_dataset/extracted/wseg_dataset/sample/61668727.jpg,PUBLIC_REAL_PHOTOS,254db6f6f0c44dd0075c09094989cfb1989059360633f25cf548aa83b3f6c871,1,2
wound_hf_wseg_dataset_61757633,train,wseg:61757633,data/datasets/yolo_wound_boxes_v1/images/train/wound_hf_wseg_dataset_61757633.jpg,data/datasets/yolo_wound_boxes_v1/labels/train/wound_hf_wseg_dataset_61757633.txt,hf_wseg_dataset,data/datasets/external/hf_wseg_dataset/extracted/wseg_dataset/sample/61757633.jpg,PUBLIC_REAL_PHOTOS,55b2238ad6b3b73d127225947ffcf2df4ba04dba6783aa39d19caad0287301ba,1,2
wound_hf_wseg_dataset_61899457,val,wseg:61899457,data/datasets/yolo_wound_boxes_v1/images/val/wound_hf_wseg_dataset_61899457.jpg,data/datasets/yolo_wound_boxes_v1/labels/val/wound_hf_wseg_dataset_61899457.txt,hf_wseg_dataset,data/datasets/external/hf_wseg_dataset/extracted/wseg_dataset/sample/61899457.jpg,PUBLIC_REAL_PHOTOS,0f3e45ebe6b6c6453047432acb4c032b59f0524d2e29bed587d8147311ed8ff7,1,2
wound_hf_wseg_dataset_75528269,train,wseg:75528269,data/datasets/yolo_wound_boxes_v1/images/train/wound_hf_wseg_dataset_75528269.jpg,data/datasets/yolo_wound_boxes_v1/labels/train/wound_hf_wseg_dataset_75528269.txt,hf_wseg_dataset,data/datasets/external/hf_wseg_dataset/extracted/wseg_dataset/sample/75528269.jpg,PUBLIC_REAL_PHOTOS,1a34a6d170bb2ac2d4fcbc7146d4b2330ce1a3ff602a5a8b90348f02cd909607,1,2
wound_hf_wseg_dataset_75528327,val,wseg:75528327,data/datasets/yolo_wound_boxes_v1/images/val/wound_hf_wseg_dataset_75528327.jpg,data/datasets/yolo_wound_boxes_v1/labels/val/wound_hf_wseg_dataset_75528327.txt,hf_wseg_dataset,data/datasets/external/hf_wseg_dataset/extracted/wseg_dataset/sample/75528327.jpg,PUBLIC_REAL_PHOTOS,7b0e344ee8cd7dd266d3d251eda8c655ec36f57ac365d719fd35d4d4310929ff,1,2
wound_hf_wseg_dataset_75528396,train,wseg:75528396,data/datasets/yolo_wound_boxes_v1/images/train/wound_hf_wseg_dataset_75528396.jpg,data/datasets/yolo_wound_boxes_v1/labels/train/wound_hf_wseg_dataset_75528396.txt,hf_wseg_dataset,data/datasets/external/hf_wseg_dataset/extracted/wseg_dataset/sample/75528396.jpg,PUBLIC_REAL_PHOTOS,a7e662c522facf7f1fe7224e2cd551c3da97c8382a4563556a79bd7ff6c70c43,1,2
wound_hf_wseg_dataset_75528490,val,wseg:75528490,data/datasets/yolo_wound_boxes_v1/images/val/wound_hf_wseg_dataset_75528490.jpg,data/datasets/yolo_wound_boxes_v1/labels/val/wound_hf_wseg_dataset_75528490.txt,hf_wseg_dataset,data/datasets/external/hf_wseg_dataset/extracted/wseg_dataset/sample/75528490.jpg,PUBLIC_REAL_PHOTOS,71c49622acbcc8494bc1cf6839a77582b217f02c6486128e148a65967ec8becb,1,2
wound_hf_wseg_dataset_75528598,train,wseg:75528598,data/datasets/yolo_wound_boxes_v1/images/train/wound_hf_wseg_dataset_75528598.jpg,data/datasets/yolo_wound_boxes_v1/labels/train/wound_hf_wseg_dataset_75528598.txt,hf_wseg_dataset,data/datasets/external/hf_wseg_dataset/extracted/wseg_dataset/sample/75528598.jpg,PUBLIC_REAL_PHOTOS,f291e074242e662c70ba4f4a5782593bf502dd5756538a4a7fa37e726fe49f9f,1,2
wound_hf_wseg_dataset_75528698,val,wseg:75528698,data/datasets/yolo_wound_boxes_v1/images/val/wound_hf_wseg_dataset_75528698.jpg,data/datasets/yolo_wound_boxes_v1/labels/val/wound_hf_wseg_dataset_75528698.txt,hf_wseg_dataset,data/datasets/external/hf_wseg_dataset/extracted/wseg_dataset/sample/75528698.jpg,PUBLIC_REAL_PHOTOS,3f89c4b79d87291e392d723a015b807f9e1fbe5a5e29e3035e4fe3702defc214,1,2
wound_hf_wseg_dataset_75528760,train,wseg:75528760,data/datasets/yolo_wound_boxes_v1/images/train/wound_hf_wseg_dataset_75528760.jpg,data/datasets/yolo_wound_boxes_v1/labels/train/wound_hf_wseg_dataset_75528760.txt,hf_wseg_dataset,data/datasets/external/hf_wseg_dataset/extracted/wseg_dataset/sample/75528760.jpg,PUBLIC_REAL_PHOTOS,2160838331aaaefb86742440346ce27e7f96dd8c5aac917c75899ddae26d684c,1,2
wound_hf_wseg_dataset_75528813,train,wseg:75528813,data/datasets/yolo_wound_boxes_v1/images/train/wound_hf_wseg_dataset_75528813.jpg,data/datasets/yolo_wound_boxes_v1/labels/train/wound_hf_wseg_dataset_75528813.txt,hf_wseg_dataset,data/datasets/external/hf_wseg_dataset/extracted/wseg_dataset/sample/75528813.jpg,PUBLIC_REAL_PHOTOS,500dd761d62d8a2de7f687af8b37e108cc577dc007f62a38afdc4d4656567e88,1,2
wound_hf_wseg_dataset_75528850,train,wseg:75528850,data/datasets/yolo_wound_boxes_v1/images/train/wound_hf_wseg_dataset_75528850.jpg,data/datasets/yolo_wound_boxes_v1/labels/train/wound_hf_wseg_dataset_75528850.txt,hf_wseg_dataset,data/datasets/external/hf_wseg_dataset/extracted/wseg_dataset/sample/75528850.jpg,PUBLIC_REAL_PHOTOS,326aab0dc4523611a1ba9a039414cf5cc0d4efa26bcd69638a61ea464c23180d,1,2
wound_hf_wseg_dataset_75528898,train,wseg:75528898,data/datasets/yolo_wound_boxes_v1/images/train/wound_hf_wseg_dataset_75528898.jpg,data/datasets/yolo_wound_boxes_v1/labels/train/wound_hf_wseg_dataset_75528898.txt,hf_wseg_dataset,data/datasets/external/hf_wseg_dataset/extracted/wseg_dataset/sample/75528898.jpg,PUBLIC_REAL_PHOTOS,b0c059e6a91137d07808b4c0c66a0d01fa330bedf5e480bf6f764548d2a898f7,1,2
wound_hf_wseg_dataset_75528945,val,wseg:75528945,data/datasets/yolo_wound_boxes_v1/images/val/wound_hf_wseg_dataset_75528945.jpg,data/datasets/yolo_wound_boxes_v1/labels/val/wound_hf_wseg_dataset_75528945.txt,hf_wseg_dataset,data/datasets/external/hf_wseg_dataset/extracted/wseg_dataset/sample/75528945.jpg,PUBLIC_REAL_PHOTOS,169315a7ad2ab8e12caa3c85b76e6ad5929c62a5fe0f02350ddbe7eb0a092d26,1,2
wound_hf_wseg_dataset_75528985,train,wseg:75528985,data/datasets/yolo_wound_boxes_v1/images/train/wound_hf_wseg_dataset_75528985.jpg,data/datasets/yolo_wound_boxes_v1/labels/train/wound_hf_wseg_dataset_75528985.txt,hf_wseg_dataset,data/datasets/external/hf_wseg_dataset/extracted/wseg_dataset/sample/75528985.jpg,PUBLIC_REAL_PHOTOS,218af192b9dffc78a812eb4c2b5f807a52ee6dba8a155555948a7d3b25236d00,1,2
wound_hf_wseg_dataset_75529008,test,wseg:75529008,data/datasets/yolo_wound_boxes_v1/images/test/wound_hf_wseg_dataset_75529008.jpg,data/datasets/yolo_wound_boxes_v1/labels/test/wound_hf_wseg_dataset_75529008.txt,hf_wseg_dataset,data/datasets/external/hf_wseg_dataset/extracted/wseg_dataset/sample/75529008.jpg,PUBLIC_REAL_PHOTOS,25c388655e7792604f74c57c487bae0533c1f70a5071f7fcea2a59dd7676e8b0,1,2
wound_hf_wseg_dataset_75529029,train,wseg:75529029,data/datasets/yolo_wound_boxes_v1/images/train/wound_hf_wseg_dataset_75529029.jpg,data/datasets/yolo_wound_boxes_v1/labels/train/wound_hf_wseg_dataset_75529029.txt,hf_wseg_dataset,data/datasets/external/hf_wseg_dataset/extracted/wseg_dataset/sample/75529029.jpg,PUBLIC_REAL_PHOTOS,61802dbca5f070b45df8532a81e0edd21a7f337f5ae71072fc0e4bd8cf4d0c77,1,2
wound_hf_wseg_dataset_75529057_2,test,wseg:75529057_2,data/datasets/yolo_wound_boxes_v1/images/test/wound_hf_wseg_dataset_75529057_2.jpg,data/datasets/yolo_wound_boxes_v1/labels/test/wound_hf_wseg_dataset_75529057_2.txt,hf_wseg_dataset,data/datasets/external/hf_wseg_dataset/extracted/wseg_dataset/sample/75529057_2.jpg,PUBLIC_REAL_PHOTOS,03fd785774fcf583bd73b621c8bff35561f17dc1f38d1ecd7e559131d56cb98d,1,2
wound_hf_wseg_dataset_75529071,train,wseg:75529071,data/datasets/yolo_wound_boxes_v1/images/train/wound_hf_wseg_dataset_75529071.jpg,data/datasets/yolo_wound_boxes_v1/labels/train/wound_hf_wseg_dataset_75529071.txt,hf_wseg_dataset,data/datasets/external/hf_wseg_dataset/extracted/wseg_dataset/sample/75529071.jpg,PUBLIC_REAL_PHOTOS,07f2dda17a76396acec9c0bd42711e7ad46d0a7627f19bf5f07c2dc6ca47a06d,1,2
wound_hf_wseg_dataset_75529112,train,wseg:75529112,data/datasets/yolo_wound_boxes_v1/images/train/wound_hf_wseg_dataset_75529112.jpg,data/datasets/yolo_wound_boxes_v1/labels/train/wound_hf_wseg_dataset_75529112.txt,hf_wseg_dataset,data/datasets/external/hf_wseg_dataset/extracted/wseg_dataset/sample/75529112.jpg,PUBLIC_REAL_PHOTOS,a411f2728d6b47d4a7c88ef6bbd83e80e3492250af147054559ae67e6e5830bd,1,2
wound_hf_wseg_dataset_75529164,train,wseg:75529164,data/datasets/yolo_wound_boxes_v1/images/train/wound_hf_wseg_dataset_75529164.jpg,data/datasets/yolo_wound_boxes_v1/labels/train/wound_hf_wseg_dataset_75529164.txt,hf_wseg_dataset,data/datasets/external/hf_wseg_dataset/extracted/wseg_dataset/sample/75529164.jpg,PUBLIC_REAL_PHOTOS,a48393ae55af807d29cc323df7e5cec57d0ca674fc7a8467f103b37ed114c8d9,1,2
wound_hf_wseg_dataset_75529183,val,wseg:75529183,data/datasets/yolo_wound_boxes_v1/images/val/wound_hf_wseg_dataset_75529183.jpg,data/datasets/yolo_wound_boxes_v1/labels/val/wound_hf_wseg_dataset_75529183.txt,hf_wseg_dataset,data/datasets/external/hf_wseg_dataset/extracted/wseg_dataset/sample/75529183.jpg,PUBLIC_REAL_PHOTOS,c3d6343956eeb4bef7bff40504d730014d8e0233b0f7f13135b27729522f3cdb,1,2
wound_hf_wseg_dataset_75529196,train,wseg:75529196,data/datasets/yolo_wound_boxes_v1/images/train/wound_hf_wseg_dataset_75529196.jpg,data/datasets/yolo_wound_boxes_v1/labels/train/wound_hf_wseg_dataset_75529196.txt,hf_wseg_dataset,data/datasets/external/hf_wseg_dataset/extracted/wseg_dataset/sample/75529196.jpg,PUBLIC_REAL_PHOTOS,10db35987e8223e663017a52a1c5b191b1f9cb5a5af5fe934ed682e4bed5033a,1,2
wound_hf_wseg_dataset_75529217,train,wseg:75529217,data/datasets/yolo_wound_boxes_v1/images/train/wound_hf_wseg_dataset_75529217.jpg,data/datasets/yolo_wound_boxes_v1/labels/train/wound_hf_wseg_dataset_75529217.txt,hf_wseg_dataset,data/datasets/external/hf_wseg_dataset/extracted/wseg_dataset/sample/75529217.jpg,PUBLIC_REAL_PHOTOS,973ab0607a6373945f6e943eb547cab533b51b9dfd0de7f0b991892902585bed,1,2
wound_hf_wseg_dataset_75530142,train,wseg:75530142,data/datasets/yolo_wound_boxes_v1/images/train/wound_hf_wseg_dataset_75530142.jpg,data/datasets/yolo_wound_boxes_v1/labels/train/wound_hf_wseg_dataset_75530142.txt,hf_wseg_dataset,data/datasets/external/hf_wseg_dataset/extracted/wseg_dataset/sample/75530142.jpg,PUBLIC_REAL_PHOTOS,4b281ecb041698a1167749b675b300f9fda76776b15305a623072ac5e03fc454,1,2
wound_hf_wseg_dataset_75533071,train,wseg:75533071,data/datasets/yolo_wound_boxes_v1/images/train/wound_hf_wseg_dataset_75533071.jpg,data/datasets/yolo_wound_boxes_v1/labels/train/wound_hf_wseg_dataset_75533071.txt,hf_wseg_dataset,data/datasets/external/hf_wseg_dataset/extracted/wseg_dataset/sample/75533071.jpg,PUBLIC_REAL_PHOTOS,3fbfc709b82153206bd59609b1626d176e4d0a9da590996d3b402d7a2e7722b6,1,2
wound_hf_wseg_dataset_75535068,val,wseg:75535068,data/datasets/yolo_wound_boxes_v1/images/val/wound_hf_wseg_dataset_75535068.jpg,data/datasets/yolo_wound_boxes_v1/labels/val/wound_hf_wseg_dataset_75535068.txt,hf_wseg_dataset,data/datasets/external/hf_wseg_dataset/extracted/wseg_dataset/sample/75535068.jpg,PUBLIC_REAL_PHOTOS,4f41ebcb0fbe15dc3adcfec517f4ce6b00f1cbf7150b7aad9b95c1a8a09e3d56,1,2
wound_hf_wseg_dataset_75539422,train,wseg:75539422,data/datasets/yolo_wound_boxes_v1/images/train/wound_hf_wseg_dataset_75539422.jpg,data/datasets/yolo_wound_boxes_v1/labels/train/wound_hf_wseg_dataset_75539422.txt,hf_wseg_dataset,data/datasets/external/hf_wseg_dataset/extracted/wseg_dataset/sample/75539422.jpg,PUBLIC_REAL_PHOTOS,042a37d054bedbe938a8a731b81f2889e2ec8ca1246ed08ed6724dffd3c33ee0,1,2
wound_hf_wseg_dataset_75541091,val,wseg:75541091,data/datasets/yolo_wound_boxes_v1/images/val/wound_hf_wseg_dataset_75541091.jpg,data/datasets/yolo_wound_boxes_v1/labels/val/wound_hf_wseg_dataset_75541091.txt,hf_wseg_dataset,data/datasets/external/hf_wseg_dataset/extracted/wseg_dataset/sample/75541091.jpg,PUBLIC_REAL_PHOTOS,0e0cf3db1cae51b1579b6db19270be1d480f9d00e7894eda246d7d02b3480cae,1,2
wound_hf_wseg_dataset_75542056,train,wseg:75542056,data/datasets/yolo_wound_boxes_v1/images/train/wound_hf_wseg_dataset_75542056.jpg,data/datasets/yolo_wound_boxes_v1/labels/train/wound_hf_wseg_dataset_75542056.txt,hf_wseg_dataset,data/datasets/external/hf_wseg_dataset/extracted/wseg_dataset/sample/75542056.jpg,PUBLIC_REAL_PHOTOS,2c69b9fd26120045557cfc25120134bd58fde1a78622a3ccb95fbcdc9a950942,1,2
wound_hf_wseg_dataset_75543012,train,wseg:75543012,data/datasets/yolo_wound_boxes_v1/images/train/wound_hf_wseg_dataset_75543012.jpg,data/datasets/yolo_wound_boxes_v1/labels/train/wound_hf_wseg_dataset_75543012.txt,hf_wseg_dataset,data/datasets/external/hf_wseg_dataset/extracted/wseg_dataset/sample/75543012.jpg,PUBLIC_REAL_PHOTOS,2bc4ddf6f1a5180bf9c8cc89c3083d74824435bd6826802604e5cb34f928cf3f,1,2
wound_hf_wseg_dataset_75544251,train,wseg:75544251,data/datasets/yolo_wound_boxes_v1/images/train/wound_hf_wseg_dataset_75544251.jpg,data/datasets/yolo_wound_boxes_v1/labels/train/wound_hf_wseg_dataset_75544251.txt,hf_wseg_dataset,data/datasets/external/hf_wseg_dataset/extracted/wseg_dataset/sample/75544251.jpg,PUBLIC_REAL_PHOTOS,499d34f09a4b3c709dfa130d8f2814d28e87eee5aca1fb7636be593069119e5b,1,2
wound_hf_wseg_dataset_75545567,train,wseg:75545567,data/datasets/yolo_wound_boxes_v1/images/train/wound_hf_wseg_dataset_75545567.jpg,data/datasets/yolo_wound_boxes_v1/labels/train/wound_hf_wseg_dataset_75545567.txt,hf_wseg_dataset,data/datasets/external/hf_wseg_dataset/extracted/wseg_dataset/sample/75545567.jpg,PUBLIC_REAL_PHOTOS,1137f475d598fab81f93ce8c3292c766f18c0414e538ca72843ce617c10f6b70,1,2
wound_hf_wseg_dataset_75546456,train,wseg:75546456,data/datasets/yolo_wound_boxes_v1/images/train/wound_hf_wseg_dataset_75546456.jpg,data/datasets/yolo_wound_boxes_v1/labels/train/wound_hf_wseg_dataset_75546456.txt,hf_wseg_dataset,data/datasets/external/hf_wseg_dataset/extracted/wseg_dataset/sample/75546456.jpg,PUBLIC_REAL_PHOTOS,7ddfc9b8f499780fe4224e655558bbbade15926ee4a27dc9da350f8d7ab5ade8,1,2
wound_hf_wseg_dataset_75546951_2,val,wseg:75546951_2,data/datasets/yolo_wound_boxes_v1/images/val/wound_hf_wseg_dataset_75546951_2.jpg,data/datasets/yolo_wound_boxes_v1/labels/val/wound_hf_wseg_dataset_75546951_2.txt,hf_wseg_dataset,data/datasets/external/hf_wseg_dataset/extracted/wseg_dataset/sample/75546951_2.jpg,PUBLIC_REAL_PHOTOS,15a25c7200444ca84ae00beb0e9523644c9a25849b411536e57da0d09397d1c1,1,2
wound_hf_wseg_dataset_75548033,train,wseg:75548033,data/datasets/yolo_wound_boxes_v1/images/train/wound_hf_wseg_dataset_75548033.jpg,data/datasets/yolo_wound_boxes_v1/labels/train/wound_hf_wseg_dataset_75548033.txt,hf_wseg_dataset,data/datasets/external/hf_wseg_dataset/extracted/wseg_dataset/sample/75548033.jpg,PUBLIC_REAL_PHOTOS,aff51367795318bb4f8ee41d7992f5e9ccff6c1dee581a493ca751c28ca693bd,1,2
wound_hf_wseg_dataset_75549075,train,wseg:75549075,data/datasets/yolo_wound_boxes_v1/images/train/wound_hf_wseg_dataset_75549075.jpg,data/datasets/yolo_wound_boxes_v1/labels/train/wound_hf_wseg_dataset_75549075.txt,hf_wseg_dataset,data/datasets/external/hf_wseg_dataset/extracted/wseg_dataset/sample/75549075.jpg,PUBLIC_REAL_PHOTOS,207ae36c5a69ffb5dceae5c5bdb9d5e64df3eec2e66b97e470a9d93f6c9c54ff,1,2
wound_hf_wseg_dataset_75550384,train,wseg:75550384,data/datasets/yolo_wound_boxes_v1/images/train/wound_hf_wseg_dataset_75550384.jpg,data/datasets/yolo_wound_boxes_v1/labels/train/wound_hf_wseg_dataset_75550384.txt,hf_wseg_dataset,data/datasets/external/hf_wseg_dataset/extracted/wseg_dataset/sample/75550384.jpg,PUBLIC_REAL_PHOTOS,af942ad660adbefc3b8ee8ca8bc775eda84657d474118c48bf26e1f755d618b6,1,2
wound_hf_wseg_dataset_75551480,test,wseg:75551480,data/datasets/yolo_wound_boxes_v1/images/test/wound_hf_wseg_dataset_75551480.jpg,data/datasets/yolo_wound_boxes_v1/labels/test/wound_hf_wseg_dataset_75551480.txt,hf_wseg_dataset,data/datasets/external/hf_wseg_dataset/extracted/wseg_dataset/sample/75551480.jpg,PUBLIC_REAL_PHOTOS,62f987fdf83ddeff020e4248f9114d18af5585c1e3b73b91757a28cdd1546e5c,1,2
wound_hf_wseg_dataset_75552957,train,wseg:75552957,data/datasets/yolo_wound_boxes_v1/images/train/wound_hf_wseg_dataset_75552957.jpg,data/datasets/yolo_wound_boxes_v1/labels/train/wound_hf_wseg_dataset_75552957.txt,hf_wseg_dataset,data/datasets/external/hf_wseg_dataset/extracted/wseg_dataset/sample/75552957.jpg,PUBLIC_REAL_PHOTOS,8e52c4fb2ac18e7c6edc744742542a3e66767e9b3471a63f648ce099b831c47c,1,2
wound_hf_wseg_dataset_75554331,test,wseg:75554331,data/datasets/yolo_wound_boxes_v1/images/test/wound_hf_wseg_dataset_75554331.jpg,data/datasets/yolo_wound_boxes_v1/labels/test/wound_hf_wseg_dataset_75554331.txt,hf_wseg_dataset,data/datasets/external/hf_wseg_dataset/extracted/wseg_dataset/sample/75554331.jpg,PUBLIC_REAL_PHOTOS,07cad513192d20422706d78a151fba8de97e6bb3fcb67d39fc921ff270b30fb5,1,2
wound_hf_wseg_dataset_75554727,train,wseg:75554727,data/datasets/yolo_wound_boxes_v1/images/train/wound_hf_wseg_dataset_75554727.jpg,data/datasets/yolo_wound_boxes_v1/labels/train/wound_hf_wseg_dataset_75554727.txt,hf_wseg_dataset,data/datasets/external/hf_wseg_dataset/extracted/wseg_dataset/sample/75554727.jpg,PUBLIC_REAL_PHOTOS,00f7b39a83f057b12f33288b65686a1b34842b19113e34ab96a53ff1ba32da33,1,2
wound_hf_wseg_dataset_75555003,train,wseg:75555003,data/datasets/yolo_wound_boxes_v1/images/train/wound_hf_wseg_dataset_75555003.jpg,data/datasets/yolo_wound_boxes_v1/labels/train/wound_hf_wseg_dataset_75555003.txt,hf_wseg_dataset,data/datasets/external/hf_wseg_dataset/extracted/wseg_dataset/sample/75555003.jpg,PUBLIC_REAL_PHOTOS,959f4079a134b14922edef1e1ce9058f13c661fb7253d853e7b5fa7bdfe51de5,1,2
wound_hf_wseg_dataset_75555296,train,wseg:75555296,data/datasets/yolo_wound_boxes_v1/images/train/wound_hf_wseg_dataset_75555296.jpg,data/datasets/yolo_wound_boxes_v1/labels/train/wound_hf_wseg_dataset_75555296.txt,hf_wseg_dataset,data/datasets/external/hf_wseg_dataset/extracted/wseg_dataset/sample/75555296.jpg,PUBLIC_REAL_PHOTOS,099844f89fc7d36353199036d5fcf2dd016301b61b15689465049f9a236d948b,1,2
wound_hf_wseg_dataset_75555725_2,train,wseg:75555725_2,data/datasets/yolo_wound_boxes_v1/images/train/wound_hf_wseg_dataset_75555725_2.jpg,data/datasets/yolo_wound_boxes_v1/labels/train/wound_hf_wseg_dataset_75555725_2.txt,hf_wseg_dataset,data/datasets/external/hf_wseg_dataset/extracted/wseg_dataset/sample/75555725_2.jpg,PUBLIC_REAL_PHOTOS,46d37775fe678b6a90e00eaa5207888b32e1680ae19dd21c2126093a460f3eb9,1,2
wound_hf_wseg_dataset_75556290,train,wseg:75556290,data/datasets/yolo_wound_boxes_v1/images/train/wound_hf_wseg_dataset_75556290.jpg,data/datasets/yolo_wound_boxes_v1/labels/train/wound_hf_wseg_dataset_75556290.txt,hf_wseg_dataset,data/datasets/external/hf_wseg_dataset/extracted/wseg_dataset/sample/75556290.jpg,PUBLIC_REAL_PHOTOS,2f316f393bf6c8dfc920cebb700eab6104a5326cd410394f7b5464b06e3dc659,1,2
wound_hf_wseg_dataset_75556883,train,wseg:75556883,data/datasets/yolo_wound_boxes_v1/images/train/wound_hf_wseg_dataset_75556883.jpg,data/datasets/yolo_wound_boxes_v1/labels/train/wound_hf_wseg_dataset_75556883.txt,hf_wseg_dataset,data/datasets/external/hf_wseg_dataset/extracted/wseg_dataset/sample/75556883.jpg,PUBLIC_REAL_PHOTOS,35268d0d2ef027b0e9d4338e00a404e5bb3f5ae264d5dacb5cccf45968df8731,1,2
wound_hf_wseg_dataset_75559492,val,wseg:75559492,data/datasets/yolo_wound_boxes_v1/images/val/wound_hf_wseg_dataset_75559492.jpg,data/datasets/yolo_wound_boxes_v1/labels/val/wound_hf_wseg_dataset_75559492.txt,hf_wseg_dataset,data/datasets/external/hf_wseg_dataset/extracted/wseg_dataset/sample/75559492.jpg,PUBLIC_REAL_PHOTOS,e637dd84d4579a43c6383e49e0dff82f4cea58b8c5d764a5eb5a62d102f251f1,1,2
wound_hf_wseg_dataset_75559905,train,wseg:75559905,data/datasets/yolo_wound_boxes_v1/images/train/wound_hf_wseg_dataset_75559905.jpg,data/datasets/yolo_wound_boxes_v1/labels/train/wound_hf_wseg_dataset_75559905.txt,hf_wseg_dataset,data/datasets/external/hf_wseg_dataset/extracted/wseg_dataset/sample/75559905.jpg,PUBLIC_REAL_PHOTOS,756d4cdb8c9c6a1860e5b0e500d160e10c0f60fde6e1a597754de447a6dc7292,1,2
wound_hf_wseg_dataset_75560113,train,wseg:75560113,data/datasets/yolo_wound_boxes_v1/images/train/wound_hf_wseg_dataset_75560113.jpg,data/datasets/yolo_wound_boxes_v1/labels/train/wound_hf_wseg_dataset_75560113.txt,hf_wseg_dataset,data/datasets/external/hf_wseg_dataset/extracted/wseg_dataset/sample/75560113.jpg,PUBLIC_REAL_PHOTOS,37a5808ca2a1fdfb7e9585e3d43800aa6248465341f0c3652d29723f2c2ed138,1,2
wound_hf_wseg_dataset_75560428,train,wseg:75560428,data/datasets/yolo_wound_boxes_v1/images/train/wound_hf_wseg_dataset_75560428.jpg,data/datasets/yolo_wound_boxes_v1/labels/train/wound_hf_wseg_dataset_75560428.txt,hf_wseg_dataset,data/datasets/external/hf_wseg_dataset/extracted/wseg_dataset/sample/75560428.jpg,PUBLIC_REAL_PHOTOS,8b2a91558132cacd4d8f8dbd3246365649d10ed1fd33aeb0930b05c9b16fb834,1,2
wound_hf_wseg_dataset_75560691,train,wseg:75560691,data/datasets/yolo_wound_boxes_v1/images/train/wound_hf_wseg_dataset_75560691.jpg,data/datasets/yolo_wound_boxes_v1/labels/train/wound_hf_wseg_dataset_75560691.txt,hf_wseg_dataset,data/datasets/external/hf_wseg_dataset/extracted/wseg_dataset/sample/75560691.jpg,PUBLIC_REAL_PHOTOS,eb8d13c27e902a5b0a4e8e58e8375d3c57d183b8b973680075b0d6f97ee3416e,1,2
wound_hf_wseg_dataset_75560856,train,wseg:75560856,data/datasets/yolo_wound_boxes_v1/images/train/wound_hf_wseg_dataset_75560856.jpg,data/datasets/yolo_wound_boxes_v1/labels/train/wound_hf_wseg_dataset_75560856.txt,hf_wseg_dataset,data/datasets/external/hf_wseg_dataset/extracted/wseg_dataset/sample/75560856.jpg,PUBLIC_REAL_PHOTOS,ccd25cd3f835398075bfba3b095b8fb9ee4f2aeba1c34d0119a4cccfc58b3c88,1,2
wound_hf_wseg_dataset_75560928,train,wseg:75560928,data/datasets/yolo_wound_boxes_v1/images/train/wound_hf_wseg_dataset_75560928.jpg,data/datasets/yolo_wound_boxes_v1/labels/train/wound_hf_wseg_dataset_75560928.txt,hf_wseg_dataset,data/datasets/external/hf_wseg_dataset/extracted/wseg_dataset/sample/75560928.jpg,PUBLIC_REAL_PHOTOS,949aa5e0e4fdc72cbe94511f84cbf33a9c8d8bac1a155c56fb63df5b95d36360,1,2
wound_hf_wseg_dataset_75561030,train,wseg:75561030,data/datasets/yolo_wound_boxes_v1/images/train/wound_hf_wseg_dataset_75561030.jpg,data/datasets/yolo_wound_boxes_v1/labels/train/wound_hf_wseg_dataset_75561030.txt,hf_wseg_dataset,data/datasets/external/hf_wseg_dataset/extracted/wseg_dataset/sample/75561030.jpg,PUBLIC_REAL_PHOTOS,734dc97ac47350c78718f5d115b6613b323c3b192453f8a299fa3dc31007e523,1,2
wound_hf_wseg_dataset_75561109,train,wseg:75561109,data/datasets/yolo_wound_boxes_v1/images/train/wound_hf_wseg_dataset_75561109.jpg,data/datasets/yolo_wound_boxes_v1/labels/train/wound_hf_wseg_dataset_75561109.txt,hf_wseg_dataset,data/datasets/external/hf_wseg_dataset/extracted/wseg_dataset/sample/75561109.jpg,PUBLIC_REAL_PHOTOS,cf54f70593d6203fbc38a56951dc4fac97a7d6112a229ef659e305932116276e,1,2
wound_hf_wseg_dataset_75561230,train,wseg:75561230,data/datasets/yolo_wound_boxes_v1/images/train/wound_hf_wseg_dataset_75561230.jpg,data/datasets/yolo_wound_boxes_v1/labels/train/wound_hf_wseg_dataset_75561230.txt,hf_wseg_dataset,data/datasets/external/hf_wseg_dataset/extracted/wseg_dataset/sample/75561230.jpg,PUBLIC_REAL_PHOTOS,6fdfe87f816d8be2b4c2cf9ea2d9fa108ead0ff5b6bf87fb1fe3cfe65bf2831a,1,2
wound_hf_wseg_dataset_75561263,test,wseg:75561263,data/datasets/yolo_wound_boxes_v1/images/test/wound_hf_wseg_dataset_75561263.jpg,data/datasets/yolo_wound_boxes_v1/labels/test/wound_hf_wseg_dataset_75561263.txt,hf_wseg_dataset,data/datasets/external/hf_wseg_dataset/extracted/wseg_dataset/sample/75561263.jpg,PUBLIC_REAL_PHOTOS,5d93571e08d11c7ac74ab2cca0cdbfda46422a35d67ffb6dbec958777c0e7524,1,2
wound_hf_wseg_dataset_75561310,train,wseg:75561310,data/datasets/yolo_wound_boxes_v1/images/train/wound_hf_wseg_dataset_75561310.jpg,data/datasets/yolo_wound_boxes_v1/labels/train/wound_hf_wseg_dataset_75561310.txt,hf_wseg_dataset,data/datasets/external/hf_wseg_dataset/extracted/wseg_dataset/sample/75561310.jpg,PUBLIC_REAL_PHOTOS,0b31298fdc6ded086d9a2298dbc644aebf8830f61692851fa940fafa9ab94278,1,2
wound_hf_wseg_dataset_75561370,train,wseg:75561370,data/datasets/yolo_wound_boxes_v1/images/train/wound_hf_wseg_dataset_75561370.jpg,data/datasets/yolo_wound_boxes_v1/labels/train/wound_hf_wseg_dataset_75561370.txt,hf_wseg_dataset,data/datasets/external/hf_wseg_dataset/extracted/wseg_dataset/sample/75561370.jpg,PUBLIC_REAL_PHOTOS,1f01a116630d00e3da71cd1d9140ff7664cb383c7b40c87342913b701f512dcb,1,2
wound_hf_wseg_dataset_75561407,val,wseg:75561407,data/datasets/yolo_wound_boxes_v1/images/val/wound_hf_wseg_dataset_75561407.jpg,data/datasets/yolo_wound_boxes_v1/labels/val/wound_hf_wseg_dataset_75561407.txt,hf_wseg_dataset,data/datasets/external/hf_wseg_dataset/extracted/wseg_dataset/sample/75561407.jpg,PUBLIC_REAL_PHOTOS,74e8ad433e6b77d7ca6e5c5ca19e9af908eabb21299ddd9de05819af6644374a,1,2
wound_hf_wseg_dataset_75561457,train,wseg:75561457,data/datasets/yolo_wound_boxes_v1/images/train/wound_hf_wseg_dataset_75561457.jpg,data/datasets/yolo_wound_boxes_v1/labels/train/wound_hf_wseg_dataset_75561457.txt,hf_wseg_dataset,data/datasets/external/hf_wseg_dataset/extracted/wseg_dataset/sample/75561457.jpg,PUBLIC_REAL_PHOTOS,0769c005a912d9a90edbeff2536df18cfa2c2fdfc0bdb9bb90def6d92232bef5,1,2
wound_hf_wseg_dataset_75561495,train,wseg:75561495,data/datasets/yolo_wound_boxes_v1/images/train/wound_hf_wseg_dataset_75561495.jpg,data/datasets/yolo_wound_boxes_v1/labels/train/wound_hf_wseg_dataset_75561495.txt,hf_wseg_dataset,data/datasets/external/hf_wseg_dataset/extracted/wseg_dataset/sample/75561495.jpg,PUBLIC_REAL_PHOTOS,af5683e3013c74914237f30340d679f4fbe2c5246b6764f68d480fdf2c1caddf,1,2
wound_hf_wseg_dataset_75561573,train,wseg:75561573,data/datasets/yolo_wound_boxes_v1/images/train/wound_hf_wseg_dataset_75561573.jpg,data/datasets/yolo_wound_boxes_v1/labels/train/wound_hf_wseg_dataset_75561573.txt,hf_wseg_dataset,data/datasets/external/hf_wseg_dataset/extracted/wseg_dataset/sample/75561573.jpg,PUBLIC_REAL_PHOTOS,da5402edc3a3c5f15a59916890951ba6e4a15bf3c678741a447e284eebf30475,1,2
wound_hf_wseg_dataset_75561605,test,wseg:75561605,data/datasets/yolo_wound_boxes_v1/images/test/wound_hf_wseg_dataset_75561605.jpg,data/datasets/yolo_wound_boxes_v1/labels/test/wound_hf_wseg_dataset_75561605.txt,hf_wseg_dataset,data/datasets/external/hf_wseg_dataset/extracted/wseg_dataset/sample/75561605.jpg,PUBLIC_REAL_PHOTOS,d705dfac8469ec965bdccd278310d1837a09955ecb124cc38ba4bd7e20475802,1,2
wound_hf_wseg_dataset_75561648,test,wseg:75561648,data/datasets/yolo_wound_boxes_v1/images/test/wound_hf_wseg_dataset_75561648.jpg,data/datasets/yolo_wound_boxes_v1/labels/test/wound_hf_wseg_dataset_75561648.txt,hf_wseg_dataset,data/datasets/external/hf_wseg_dataset/extracted/wseg_dataset/sample/75561648.jpg,PUBLIC_REAL_PHOTOS,b548bb1300b0356a8787e1ece3fc464db33cbcada4b18cb800f51ee3e30811c1,1,2
wound_hf_wseg_dataset_75561739,train,wseg:75561739,data/datasets/yolo_wound_boxes_v1/images/train/wound_hf_wseg_dataset_75561739.jpg,data/datasets/yolo_wound_boxes_v1/labels/train/wound_hf_wseg_dataset_75561739.txt,hf_wseg_dataset,data/datasets/external/hf_wseg_dataset/extracted/wseg_dataset/sample/75561739.jpg,PUBLIC_REAL_PHOTOS,d2965b87678e8753e9ea1d3cd773075a33a6f309c7d87c6355b72cfd0a5575f6,1,2
wound_hf_wseg_dataset_75561813,test,wseg:75561813,data/datasets/yolo_wound_boxes_v1/images/test/wound_hf_wseg_dataset_75561813.jpg,data/datasets/yolo_wound_boxes_v1/labels/test/wound_hf_wseg_dataset_75561813.txt,hf_wseg_dataset,data/datasets/external/hf_wseg_dataset/extracted/wseg_dataset/sample/75561813.jpg,PUBLIC_REAL_PHOTOS,3ca1dab81c295da50c3225e9028af2a64e3c1b31fb4cf8c5fb244d340f88999c,1,2
wound_hf_wseg_dataset_75561848,train,wseg:75561848,data/datasets/yolo_wound_boxes_v1/images/train/wound_hf_wseg_dataset_75561848.jpg,data/datasets/yolo_wound_boxes_v1/labels/train/wound_hf_wseg_dataset_75561848.txt,hf_wseg_dataset,data/datasets/external/hf_wseg_dataset/extracted/wseg_dataset/sample/75561848.jpg,PUBLIC_REAL_PHOTOS,09644220c90757d4ae7bc5a08e890464fc10ba24065ca0fcaa8ecbcb97b5e05b,1,2
wound_hf_wseg_dataset_75561946,test,wseg:75561946,data/datasets/yolo_wound_boxes_v1/images/test/wound_hf_wseg_dataset_75561946.jpg,data/datasets/yolo_wound_boxes_v1/labels/test/wound_hf_wseg_dataset_75561946.txt,hf_wseg_dataset,data/datasets/external/hf_wseg_dataset/extracted/wseg_dataset/sample/75561946.jpg,PUBLIC_REAL_PHOTOS,7af6f652dc9794ab45f7046545babe179363801dd60b140abf3dd1526340cb64,1,2
wound_hf_wseg_dataset_75562016,train,wseg:75562016,data/datasets/yolo_wound_boxes_v1/images/train/wound_hf_wseg_dataset_75562016.jpg,data/datasets/yolo_wound_boxes_v1/labels/train/wound_hf_wseg_dataset_75562016.txt,hf_wseg_dataset,data/datasets/external/hf_wseg_dataset/extracted/wseg_dataset/sample/75562016.jpg,PUBLIC_REAL_PHOTOS,5d959e482b7ba69c43b0839437b72cb274a50647fbce86555904c595561d8703,1,2
wound_hf_wseg_dataset_75562065,val,wseg:75562065,data/datasets/yolo_wound_boxes_v1/images/val/wound_hf_wseg_dataset_75562065.jpg,data/datasets/yolo_wound_boxes_v1/labels/val/wound_hf_wseg_dataset_75562065.txt,hf_wseg_dataset,data/datasets/external/hf_wseg_dataset/extracted/wseg_dataset/sample/75562065.jpg,PUBLIC_REAL_PHOTOS,6c2ff4c37bb748f43a621ae62508b90cb0e852f1b2ceffb50e90b0217c7904a5,1,2
